timestamp,river_id,river_name,osm_id,station_lat,station_lon,water_level_m,discharge_cumecs,rain_contribution_mm,upstream_rain_mm,warning_level_m,danger_level_m,flood_level_m,flood_status,source
2024-06-01T00:00:00,R001,Netravathi,2316598,12.8523,74.8301,3.704,119.38,1.68,1.68,10.06,14.06,18.06,NORMAL,Simulated (formula: level = rain*0.6 + upstream_rain*0.4)
2024-06-01T01:00:00,R001,Netravathi,2316598,12.8523,74.8301,3.679,107.15,1.47,1.68,10.06,14.06,18.06,NORMAL,Simulated (formula: level = rain*0.6 + upstream_rain*0.4)
2024-06-01T02:00:00,R001,Netravathi,2316598,12.8523,74.8301,4.201,115.15,2.83,1.68,10.06,14.06,18.06,NORMAL,Simulated (formula: level = rain*0.6 + upstream_rain*0.4)
2024-06-01T03:00:00,R001,Netravathi,2316598,12.8523,74.8301,4.014,113.73,1.95,1.68,10.06,14.06,18.06,NORMAL,Simulated (formula: level = rain*0.6 + upstream_rain*0.4)
2024-06-01T04:00:00,R001,Netravathi,2316598,12.8523,74.8301,3.992,132.91,1.92,1.68,10.06,14.06,18.06,NORMAL,Simulated (formula: level = rain*0.6 + upstream_rain*0.4)
2024-06-01T05:00:00,R001,Netravathi,2316598,12.8523,74.8301,4.535,152.01,3.33,1.68,10.06,14.06,18.06,NORMAL,Simulated (formula: level = rain*0.6 + upstream_rain*0.4)
2024-06-01T06:00:00,R001,Netravathi,2316598,12.8523,74.8301,4.759,147.61,3.38,1.68,10.06,14.06,18.06,NORMAL,Simulated (formula: level = rain*0.6 + upstream_rain*0.4)
2024-06-01T07:00:00,R001,Netravathi,2316598,12.8523,74.8301,3.579,101.49,0.47,1.68,10.06,14.06,18.06,NORMAL,Simulated (formula: level = rain*0.6 + upstream_rain*0.4)
2024-06-01T08:00:00,R001,Netravathi,2316598,12.8523,74.8301,4.096,132.43,2.47,1.68,10.06,14.06,18.06,NORMAL,Simulated (formula: level = rain*0.6 + upstream_rain*0.4)
2024-06-01T09:00:00,R001,Netravathi,2316598,12.8523,74.8301,4.035,141.08,2.25,1.68,10.06,14.06,18.06,NORMAL,Simulated (formula: level = rain*0.6 + upstream_rain*0.4)
2024-06-01T10:00:00,R001,Netravathi,2316598,12.8523,74.8301,3.519,117.41,1.04,1.68,10.06,14.06,18.06,NORMAL,Simulated (formula: level = rain*0.6 + upstream_rain*0.4)
2024-06-01T11:00:00,R001,Netravathi,2316598,12.8523,74.8301,3.2,112.96,0.84,1.47,10.06,14.06,18.06,NORMAL,Simulated (formula: level = rain*0.6 + upstream_rain*0.4)
2024-06-01T12:00:00,R001,Netravathi,2316598,12.8523,74.8301,3.769,135.15,1.3,2.83,10.06,14.06,18.06,NORMAL,Simulated (formula: level = rain*0.6 + upstream_rain*0.4)
2024-06-01T13:00:00,R001,Netravathi,2316598,12.8523,74.8301,3.884,108.22,1.85,1.95,10.06,14.06,18.06,NORMAL,Simulated (formula: level = rain*0.6 + upstream_rain*0.4)
2024-06-01T14:00:00,R001,Netravathi,2316598,12.8523,74.8301,3.875,118.93,1.63,1.92,10.06,14.06,18.06,NORMAL,Simulated (formula: level = rain*0.6 + upstream_rain*0.4)
2024-06-01T15:00:00,R001,Netravathi,2316598,12.8523,74.8301,4.366,153.6,1.94,3.33,10.06,14.06,18.06,NORMAL,Simulated (formula: level = rain*0.6 + upstream_rain*0.4)
2024-06-01T16:00:00,R001,Netravathi,2316598,12.8523,74.8301,4.226,134.23,1.24,3.38,10.06,14.06,18.06,NORMAL,Simulated (formula: level = rain*0.6 + upstream_rain*0.4)
2024-06-01T17:00:00,R001,Netravathi,2316598,12.8523,74.8301,3.458,99.95,1.21,0.47,10.06,14.06,18.06,NORMAL,Simulated (formula: level = rain*0.6 + upstream_rain*0.4)
2024-06-01T18:00:00,R001,Netravathi,2316598,12.8523,74.8301,3.795,120.21,1.42,2.47,10.06,14.06,18.06,NORMAL,Simulated (formula: level = rain*0.6 + upstream_rain*0.4)
2024-06-01T19:00:00,R001,Netravathi,2316598,12.8523,74.8301,4.319,140.04,2.64,2.25,10.06,14.06,18.06,NORMAL,Simulated (formula: level = rain*0.6 + upstream_rain*0.4)
2024-06-01T20:00:00,R001,Netravathi,2316598,12.8523,74.8301,3.921,134.98,2.24,1.04,10.06,14.06,18.06,NORMAL,Simulated (formula: level = rain*0.6 + upstream_rain*0.4)
2024-06-01T21:00:00,R001,Netravathi,2316598,12.8523,74.8301,3.933,138.31,2.43,0.84,10.06,14.06,18.06,NORMAL,Simulated (formula: level = rain*0.6 + upstream_rain*0.4)
2024-06-01T22:00:00,R001,Netravathi,2316598,12.8523,74.8301,4.367,142.98,3.17,1.3,10.06,14.06,18.06,NORMAL,Simulated (formula: level = rain*0.6 + upstream_rain*0.4)
2024-06-01T23:00:00,R001,Netravathi,2316598,12.8523,74.8301,5.39,171.21,5.18,1.85,10.06,14.06,18.06,NORMAL,Simulated (formula: level = rain*0.6 + upstream_rain*0.4)
2024-06-02T00:00:00,R001,Netravathi,2316598,12.8523,74.8301,4.784,137.06,3.04,1.63,10.06,14.06,18.06,NORMAL,Simulated (formula: level = rain*0.6 + upstream_rain*0.4)
2024-06-02T01:00:00,R001,Netravathi,2316598,12.8523,74.8301,5.578,163.43,5.11,1.94,10.06,14.06,18.06,NORMAL,Simulated (formula: level = rain*0.6 + upstream_rain*0.4)
2024-06-02T02:00:00,R001,Netravathi,2316598,12.8523,74.8301,5.566,193.43,5.2,1.24,10.06,14.06,18.06,NORMAL,Simulated (formula: level = rain*0.6 + upstream_rain*0.4)
2024-06-02T03:00:00,R001,Netravathi,2316598,12.8523,74.8301,4.237,122.12,1.9,1.21,10.06,14.06,18.06,NORMAL,Simulated (formula: level = rain*0.6 + upstream_rain*0.4)
2024-06-02T04:00:00,R001,Netravathi,2316598,12.8523,74.8301,10.153,325.23,16.6,1.42,10.06,14.06,18.06,WARNING,Simulated (formula: level = rain*0.6 + upstream_rain*0.4)
2024-06-02T05:00:00,R001,Netravathi,2316598,12.8523,74.8301,8.903,289.28,8.94,2.64,10.06,14.06,18.06,NORMAL,Simulated (formula: level = rain*0.6 + upstream_rain*0.4)
2024-06-02T06:00:00,R001,Netravathi,2316598,12.8523,74.8301,5.342,181.16,1.37,2.24,10.06,14.06,18.06,NORMAL,Simulated (formula: level = rain*0.6 + upstream_rain*0.4)
2024-06-02T07:00:00,R001,Netravathi,2316598,12.8523,74.8301,4.564,142.84,1.77,2.43,10.06,14.06,18.06,NORMAL,Simulated (formula: level = rain*0.6 + upstream_rain*0.4)
2024-06-02T08:00:00,R001,Netravathi,2316598,12.8523,74.8301,4.527,122.46,2.04,3.17,10.06,14.06,18.06,NORMAL,Simulated (formula: level = rain*0.6 + upstream_rain*0.4)
2024-06-02T09:00:00,R001,Netravathi,2316598,12.8523,74.8301,5.166,141.48,2.24,5.18,10.06,14.06,18.06,NORMAL,Simulated (formula: level = rain*0.6 + upstream_rain*0.4)
2024-06-02T10:00:00,R001,Netravathi,2316598,12.8523,74.8301,8.383,288.04,10.78,3.04,10.06,14.06,18.06,NORMAL,Simulated (formula: level = rain*0.6 + upstream_rain*0.4)
2024-06-02T11:00:00,R001,Netravathi,2316598,12.8523,74.8301,8.062,277.14,6.31,5.11,10.06,14.06,18.06,NORMAL,Simulated (formula: level = rain*0.6 + upstream_rain*0.4)
2024-06-02T12:00:00,R001,Netravathi,2316598,12.8523,74.8301,5.92,162.14,1.39,5.2,10.06,14.06,18.06,NORMAL,Simulated (formula: level = rain*0.6 + upstream_rain*0.4)
2024-06-02T13:00:00,R001,Netravathi,2316598,12.8523,74.8301,4.588,141.41,2.17,1.9,10.06,14.06,18.06,NORMAL,Simulated (formula: level = rain*0.6 + upstream_rain*0.4)
2024-06-02T14:00:00,R001,Netravathi,2316598,12.8523,74.8301,8.587,236.51,2.76,16.6,10.06,14.06,18.06,NORMAL,Simulated (formula: level = rain*0.6 + upstream_rain*0.4)
2024-06-02T15:00:00,R001,Netravathi,2316598,12.8523,74.8301,7.087,217.21,1.33,8.94,10.06,14.06,18.06,NORMAL,Simulated (formula: level = rain*0.6 + upstream_rain*0.4)
2024-06-02T16:00:00,R001,Netravathi,2316598,12.8523,74.8301,5.086,156.43,2.74,1.37,10.06,14.06,18.06,NORMAL,Simulated (formula: level = rain*0.6 + upstream_rain*0.4)
2024-06-02T17:00:00,R001,Netravathi,2316598,12.8523,74.8301,4.596,137.44,2.56,1.77,10.06,14.06,18.06,NORMAL,Simulated (formula: level = rain*0.6 + upstream_rain*0.4)
2024-06-02T18:00:00,R001,Netravathi,2316598,12.8523,74.8301,4.243,130.91,2.06,2.04,10.06,14.06,18.06,NORMAL,Simulated (formula: level = rain*0.6 + upstream_rain*0.4)
2024-06-02T19:00:00,R001,Netravathi,2316598,12.8523,74.8301,4.08,139.1,1.8,2.24,10.06,14.06,18.06,NORMAL,Simulated (formula: level = rain*0.6 + upstream_rain*0.4)
2024-06-02T20:00:00,R001,Netravathi,2316598,12.8523,74.8301,6.601,176.79,1.96,10.78,10.06,14.06,18.06,NORMAL,Simulated (formula: level = rain*0.6 + upstream_rain*0.4)
2024-06-02T21:00:00,R001,Netravathi,2316598,12.8523,74.8301,7.005,241.86,4.34,6.31,10.06,14.06,18.06,NORMAL,Simulated (formula: level = rain*0.6 + upstream_rain*0.4)
2024-06-02T22:00:00,R001,Netravathi,2316598,12.8523,74.8301,5.972,189.35,4.97,1.39,10.06,14.06,18.06,NORMAL,Simulated (formula: level = rain*0.6 + upstream_rain*0.4)
2024-06-02T23:00:00,R001,Netravathi,2316598,12.8523,74.8301,5.077,144.15,2.94,2.17,10.06,14.06,18.06,NORMAL,Simulated (formula: level = rain*0.6 + upstream_rain*0.4)
2024-06-03T00:00:00,R001,Netravathi,2316598,12.8523,74.8301,4.567,142.76,2.0,2.76,10.06,14.06,18.06,NORMAL,Simulated (formula: level = rain*0.6 + upstream_rain*0.4)
2024-06-03T01:00:00,R001,Netravathi,2316598,12.8523,74.8301,4.632,149.8,3.36,1.33,10.06,14.06,18.06,NORMAL,Simulated (formula: level = rain*0.6 + upstream_rain*0.4)
2024-06-03T02:00:00,R001,Netravathi,2316598,12.8523,74.8301,4.748,149.49,2.68,2.74,10.06,14.06,18.06,NORMAL,Simulated (formula: level = rain*0.6 + upstream_rain*0.4)
2024-06-03T03:00:00,R001,Netravathi,2316598,12.8523,74.8301,5.023,161.29,3.47,2.56,10.06,14.06,18.06,NORMAL,Simulated (formula: level = rain*0.6 + upstream_rain*0.4)
2024-06-03T04:00:00,R001,Netravathi,2316598,12.8523,74.8301,4.728,149.48,2.91,2.06,10.06,14.06,18.06,NORMAL,Simulated (formula: level = rain*0.6 + upstream_rain*0.4)
2024-06-03T05:00:00,R001,Netravathi,2316598,12.8523,74.8301,4.771,141.38,3.41,1.8,10.06,14.06,18.06,NORMAL,Simulated (formula: level = rain*0.6 + upstream_rain*0.4)
2024-06-03T06:00:00,R001,Netravathi,2316598,12.8523,74.8301,5.021,158.7,3.65,1.96,10.06,14.06,18.06,NORMAL,Simulated (formula: level = rain*0.6 + upstream_rain*0.4)
2024-06-03T07:00:00,R001,Netravathi,2316598,12.8523,74.8301,4.539,147.56,0.66,4.34,10.06,14.06,18.06,NORMAL,Simulated (formula: level = rain*0.6 + upstream_rain*0.4)
2024-06-03T08:00:00,R001,Netravathi,2316598,12.8523,74.8301,4.773,155.61,1.38,4.97,10.06,14.06,18.06,NORMAL,Simulated (formula: level = rain*0.6 + upstream_rain*0.4)
2024-06-03T09:00:00,R001,Netravathi,2316598,12.8523,74.8301,4.12,116.53,0.94,2.94,10.06,14.06,18.06,NORMAL,Simulated (formula: level = rain*0.6 + upstream_rain*0.4)
2024-06-03T10:00:00,R001,Netravathi,2316598,12.8523,74.8301,3.746,106.17,1.16,2.0,10.06,14.06,18.06,NORMAL,Simulated (formula: level = rain*0.6 + upstream_rain*0.4)
2024-06-03T11:00:00,R001,Netravathi,2316598,12.8523,74.8301,4.066,110.98,1.39,3.36,10.06,14.06,18.06,NORMAL,Simulated (formula: level = rain*0.6 + upstream_rain*0.4)
2024-06-03T12:00:00,R001,Netravathi,2316598,12.8523,74.8301,4.529,136.26,2.72,2.68,10.06,14.06,18.06,NORMAL,Simulated (formula: level = rain*0.6 + upstream_rain*0.4)
2024-06-03T13:00:00,R001,Netravathi,2316598,12.8523,74.8301,8.097,262.61,10.36,3.47,10.06,14.06,18.06,NORMAL,Simulated (formula: level = rain*0.6 + upstream_rain*0.4)
2024-06-03T14:00:00,R001,Netravathi,2316598,12.8523,74.8301,6.629,233.2,4.86,2.91,10.06,14.06,18.06,NORMAL,Simulated (formula: level = rain*0.6 + upstream_rain*0.4)
2024-06-03T15:00:00,R001,Netravathi,2316598,12.8523,74.8301,5.141,171.5,1.89,3.41,10.06,14.06,18.06,NORMAL,Simulated (formula: level = rain*0.6 + upstream_rain*0.4)
2024-06-03T16:00:00,R001,Netravathi,2316598,12.8523,74.8301,4.794,146.25,1.82,3.65,10.06,14.06,18.06,NORMAL,Simulated (formula: level = rain*0.6 + upstream_rain*0.4)
2024-06-03T17:00:00,R001,Netravathi,2316598,12.8523,74.8301,4.139,142.52,2.45,0.66,10.06,14.06,18.06,NORMAL,Simulated (formula: level = rain*0.6 + upstream_rain*0.4)
2024-06-03T18:00:00,R001,Netravathi,2316598,12.8523,74.8301,4.19,111.51,2.69,1.38,10.06,14.06,18.06,NORMAL,Simulated (formula: level = rain*0.6 + upstream_rain*0.4)
2024-06-03T19:00:00,R001,Netravathi,2316598,12.8523,74.8301,3.939,131.57,2.37,0.94,10.06,14.06,18.06,NORMAL,Simulated (formula: level = rain*0.6 + upstream_rain*0.4)
2024-06-03T20:00:00,R001,Netravathi,2316598,12.8523,74.8301,3.883,130.9,2.15,1.16,10.06,14.06,18.06,NORMAL,Simulated (formula: level = rain*0.6 + upstream_rain*0.4)
2024-06-03T21:00:00,R001,Netravathi,2316598,12.8523,74.8301,4.193,120.4,2.6,1.39,10.06,14.06,18.06,NORMAL,Simulated (formula: level = rain*0.6 + upstream_rain*0.4)
2024-06-03T22:00:00,R001,Netravathi,2316598,12.8523,74.8301,5.154,163.51,4.14,2.72,10.06,14.06,18.06,NORMAL,Simulated (formula: level = rain*0.6 + upstream_rain*0.4)
2024-06-03T23:00:00,R001,Netravathi,2316598,12.8523,74.8301,7.28,260.16,3.41,10.36,10.06,14.06,18.06,NORMAL,Simulated (formula: level = rain*0.6 + upstream_rain*0.4)
2024-06-04T00:00:00,R001,Netravathi,2316598,12.8523,74.8301,6.444,171.67,3.52,4.86,10.06,14.06,18.06,NORMAL,Simulated (formula: level = rain*0.6 + upstream_rain*0.4)
2024-06-04T01:00:00,R001,Netravathi,2316598,12.8523,74.8301,7.076,191.19,7.49,1.89,10.06,14.06,18.06,NORMAL,Simulated (formula: level = rain*0.6 + upstream_rain*0.4)
2024-06-04T02:00:00,R001,Netravathi,2316598,12.8523,74.8301,5.97,198.11,4.61,1.82,10.06,14.06,18.06,NORMAL,Simulated (formula: level = rain*0.6 + upstream_rain*0.4)
2024-06-04T03:00:00,R001,Netravathi,2316598,12.8523,74.8301,11.742,419.04,18.57,2.45,10.06,14.06,18.06,WARNING,Simulated (formula: level = rain*0.6 + upstream_rain*0.4)
2024-06-04T04:00:00,R001,Netravathi,2316598,12.8523,74.8301,9.928,343.88,10.11,2.69,10.06,14.06,18.06,NORMAL,Simulated (formula: level = rain*0.6 + upstream_rain*0.4)
2024-06-04T05:00:00,R001,Netravathi,2316598,12.8523,74.8301,6.696,200.2,3.77,2.37,10.06,14.06,18.06,NORMAL,Simulated (formula: level = rain*0.6 + upstream_rain*0.4)
2024-06-04T06:00:00,R001,Netravathi,2316598,12.8523,74.8301,4.213,136.72,0.42,2.15,10.06,14.06,18.06,NORMAL,Simulated (formula: level = rain*0.6 + upstream_rain*0.4)
2024-06-04T07:00:00,R001,Netravathi,2316598,12.8523,74.8301,4.507,140.04,2.6,2.6,10.06,14.06,18.06,NORMAL,Simulated (formula: level = rain*0.6 + upstream_rain*0.4)
2024-06-04T08:00:00,R001,Netravathi,2316598,12.8523,74.8301,4.617,157.46,1.48,4.14,10.06,14.06,18.06,NORMAL,Simulated (formula: level = rain*0.6 + upstream_rain*0.4)
2024-06-04T09:00:00,R001,Netravathi,2316598,12.8523,74.8301,4.438,136.46,1.71,3.41,10.06,14.06,18.06,NORMAL,Simulated (formula: level = rain*0.6 + upstream_rain*0.4)
2024-06-04T10:00:00,R001,Netravathi,2316598,12.8523,74.8301,4.718,153.67,2.37,3.52,10.06,14.06,18.06,NORMAL,Simulated (formula: level = rain*0.6 + upstream_rain*0.4)
2024-06-04T11:00:00,R001,Netravathi,2316598,12.8523,74.8301,5.924,202.1,2.22,7.49,10.06,14.06,18.06,NORMAL,Simulated (formula: level = rain*0.6 + upstream_rain*0.4)
2024-06-04T12:00:00,R001,Netravathi,2316598,12.8523,74.8301,6.084,210.15,3.65,4.61,10.06,14.06,18.06,NORMAL,Simulated (formula: level = rain*0.6 + upstream_rain*0.4)
2024-06-04T13:00:00,R001,Netravathi,2316598,12.8523,74.8301,9.401,292.73,2.2,18.57,10.06,14.06,18.06,NORMAL,Simulated (formula: level = rain*0.6 + upstream_rain*0.4)
2024-06-04T14:00:00,R001,Netravathi,2316598,12.8523,74.8301,8.605,236.23,3.86,10.11,10.06,14.06,18.06,NORMAL,Simulated (formula: level = rain*0.6 + upstream_rain*0.4)
2024-06-04T15:00:00,R001,Netravathi,2316598,12.8523,74.8301,5.941,191.54,1.97,3.77,10.06,14.06,18.06,NORMAL,Simulated (formula: level = rain*0.6 + upstream_rain*0.4)
2024-06-04T16:00:00,R001,Netravathi,2316598,12.8523,74.8301,5.345,189.11,4.73,0.42,10.06,14.06,18.06,NORMAL,Simulated (formula: level = rain*0.6 + upstream_rain*0.4)
2024-06-04T17:00:00,R001,Netravathi,2316598,12.8523,74.8301,4.815,157.86,2.52,2.6,10.06,14.06,18.06,NORMAL,Simulated (formula: level = rain*0.6 + upstream_rain*0.4)
2024-06-04T18:00:00,R001,Netravathi,2316598,12.8523,74.8301,3.791,101.74,1.4,1.48,10.06,14.06,18.06,NORMAL,Simulated (formula: level = rain*0.6 + upstream_rain*0.4)
2024-06-04T19:00:00,R001,Netravathi,2316598,12.8523,74.8301,3.685,123.71,1.4,1.71,10.06,14.06,18.06,NORMAL,Simulated (formula: level = rain*0.6 + upstream_rain*0.4)
2024-06-04T20:00:00,R001,Netravathi,2316598,12.8523,74.8301,4.04,141.19,1.76,2.37,10.06,14.06,18.06,NORMAL,Simulated (formula: level = rain*0.6 + upstream_rain*0.4)
2024-06-04T21:00:00,R001,Netravathi,2316598,12.8523,74.8301,11.954,338.7,20.6,2.22,10.06,14.06,18.06,WARNING,Simulated (formula: level = rain*0.6 + upstream_rain*0.4)
2024-06-04T22:00:00,R001,Netravathi,2316598,12.8523,74.8301,7.354,237.1,2.94,3.65,10.06,14.06,18.06,NORMAL,Simulated (formula: level = rain*0.6 + upstream_rain*0.4)
2024-06-04T23:00:00,R001,Netravathi,2316598,12.8523,74.8301,7.247,216.97,7.18,2.2,10.06,14.06,18.06,NORMAL,Simulated (formula: level = rain*0.6 + upstream_rain*0.4)
2024-06-05T00:00:00,R001,Netravathi,2316598,12.8523,74.8301,7.4,255.65,6.41,3.86,10.06,14.06,18.06,NORMAL,Simulated (formula: level = rain*0.6 + upstream_rain*0.4)
2024-06-05T01:00:00,R001,Netravathi,2316598,12.8523,74.8301,4.639,124.92,1.09,1.97,10.06,14.06,18.06,NORMAL,Simulated (formula: level = rain*0.6 + upstream_rain*0.4)
2024-06-05T02:00:00,R001,Netravathi,2316598,12.8523,74.8301,4.936,156.01,1.99,4.73,10.06,14.06,18.06,NORMAL,Simulated (formula: level = rain*0.6 + upstream_rain*0.4)
2024-06-05T03:00:00,R001,Netravathi,2316598,12.8523,74.8301,3.928,115.1,0.76,2.52,10.06,14.06,18.06,NORMAL,Simulated (formula: level = rain*0.6 + upstream_rain*0.4)
2024-06-05T04:00:00,R001,Netravathi,2316598,12.8523,74.8301,3.711,133.48,1.77,1.4,10.06,14.06,18.06,NORMAL,Simulated (formula: level = rain*0.6 + upstream_rain*0.4)
2024-06-05T05:00:00,R001,Netravathi,2316598,12.8523,74.8301,4.644,124.18,4.13,1.4,10.06,14.06,18.06,NORMAL,Simulated (formula: level = rain*0.6 + upstream_rain*0.4)
2024-06-05T06:00:00,R001,Netravathi,2316598,12.8523,74.8301,4.465,129.28,2.8,1.76,10.06,14.06,18.06,NORMAL,Simulated (formula: level = rain*0.6 + upstream_rain*0.4)
2024-06-05T07:00:00,R001,Netravathi,2316598,12.8523,74.8301,9.009,281.37,1.14,20.6,10.06,14.06,18.06,NORMAL,Simulated (formula: level = rain*0.6 + upstream_rain*0.4)
2024-06-05T08:00:00,R001,Netravathi,2316598,12.8523,74.8301,5.686,157.71,1.74,2.94,10.06,14.06,18.06,NORMAL,Simulated (formula: level = rain*0.6 + upstream_rain*0.4)
2024-06-05T09:00:00,R001,Netravathi,2316598,12.8523,74.8301,5.683,173.98,1.23,7.18,10.06,14.06,18.06,NORMAL,Simulated (formula: level = rain*0.6 + upstream_rain*0.4)
2024-06-05T10:00:00,R001,Netravathi,2316598,12.8523,74.8301,5.306,147.98,1.01,6.41,10.06,14.06,18.06,NORMAL,Simulated (formula: level = rain*0.6 + upstream_rain*0.4)
2024-06-05T11:00:00,R001,Netravathi,2316598,12.8523,74.8301,4.172,140.0,1.94,1.09,10.06,14.06,18.06,NORMAL,Simulated (formula: level = rain*0.6 + upstream_rain*0.4)
2024-06-05T12:00:00,R001,Netravathi,2316598,12.8523,74.8301,3.715,131.11,1.32,1.99,10.06,14.06,18.06,NORMAL,Simulated (formula: level = rain*0.6 + upstream_rain*0.4)
2024-06-05T13:00:00,R001,Netravathi,2316598,12.8523,74.8301,3.746,102.77,2.32,0.76,10.06,14.06,18.06,NORMAL,Simulated (formula: level = rain*0.6 + upstream_rain*0.4)
2024-06-05T14:00:00,R001,Netravathi,2316598,12.8523,74.8301,3.538,123.75,1.12,1.77,10.06,14.06,18.06,NORMAL,Simulated (formula: level = rain*0.6 + upstream_rain*0.4)
2024-06-05T15:00:00,R001,Netravathi,2316598,12.8523,74.8301,4.578,154.41,2.46,4.13,10.06,14.06,18.06,NORMAL,Simulated (formula: level = rain*0.6 + upstream_rain*0.4)
2024-06-05T16:00:00,R001,Netravathi,2316598,12.8523,74.8301,4.728,139.98,2.73,2.8,10.06,14.06,18.06,NORMAL,Simulated (formula: level = rain*0.6 + upstream_rain*0.4)
2024-06-05T17:00:00,R001,Netravathi,2316598,12.8523,74.8301,3.854,129.32,1.47,1.14,10.06,14.06,18.06,NORMAL,Simulated (formula: level = rain*0.6 + upstream_rain*0.4)
2024-06-05T18:00:00,R001,Netravathi,2316598,12.8523,74.8301,3.383,119.81,0.65,1.74,10.06,14.06,18.06,NORMAL,Simulated (formula: level = rain*0.6 + upstream_rain*0.4)
2024-06-05T19:00:00,R001,Netravathi,2316598,12.8523,74.8301,3.277,114.62,1.19,1.23,10.06,14.06,18.06,NORMAL,Simulated (formula: level = rain*0.6 + upstream_rain*0.4)
2024-06-05T20:00:00,R001,Netravathi,2316598,12.8523,74.8301,3.25,99.73,1.35,1.01,10.06,14.06,18.06,NORMAL,Simulated (formula: level = rain*0.6 + upstream_rain*0.4)
2024-06-05T21:00:00,R001,Netravathi,2316598,12.8523,74.8301,5.081,161.51,5.01,1.94,10.06,14.06,18.06,NORMAL,Simulated (formula: level = rain*0.6 + upstream_rain*0.4)
2024-06-05T22:00:00,R001,Netravathi,2316598,12.8523,74.8301,5.564,167.06,5.28,1.32,10.06,14.06,18.06,NORMAL,Simulated (formula: level = rain*0.6 + upstream_rain*0.4)
2024-06-05T23:00:00,R001,Netravathi,2316598,12.8523,74.8301,6.33,178.78,6.02,2.32,10.06,14.06,18.06,NORMAL,Simulated (formula: level = rain*0.6 + upstream_rain*0.4)
2024-06-06T00:00:00,R001,Netravathi,2316598,12.8523,74.8301,5.64,172.15,4.71,1.12,10.06,14.06,18.06,NORMAL,Simulated (formula: level = rain*0.6 + upstream_rain*0.4)
2024-06-06T01:00:00,R001,Netravathi,2316598,12.8523,74.8301,5.644,172.5,4.23,2.46,10.06,14.06,18.06,NORMAL,Simulated (formula: level = rain*0.6 + upstream_rain*0.4)
2024-06-06T02:00:00,R001,Netravathi,2316598,12.8523,74.8301,5.826,170.29,4.54,2.73,10.06,14.06,18.06,NORMAL,Simulated (formula: level = rain*0.6 + upstream_rain*0.4)
2024-06-06T03:00:00,R001,Netravathi,2316598,12.8523,74.8301,5.022,158.89,3.47,1.47,10.06,14.06,18.06,NORMAL,Simulated (formula: level = rain*0.6 + upstream_rain*0.4)
2024-06-06T04:00:00,R001,Netravathi,2316598,12.8523,74.8301,5.234,176.15,5.13,0.65,10.06,14.06,18.06,NORMAL,Simulated (formula: level = rain*0.6 + upstream_rain*0.4)
2024-06-06T05:00:00,R001,Netravathi,2316598,12.8523,74.8301,5.241,151.25,4.58,1.19,10.06,14.06,18.06,NORMAL,Simulated (formula: level = rain*0.6 + upstream_rain*0.4)
2024-06-06T06:00:00,R001,Netravathi,2316598,12.8523,74.8301,4.429,133.92,2.42,1.35,10.06,14.06,18.06,NORMAL,Simulated (formula: level = rain*0.6 + upstream_rain*0.4)
2024-06-06T07:00:00,R001,Netravathi,2316598,12.8523,74.8301,5.276,181.36,2.73,5.01,10.06,14.06,18.06,NORMAL,Simulated (formula: level = rain*0.6 + upstream_rain*0.4)
2024-06-06T08:00:00,R001,Netravathi,2316598,12.8523,74.8301,5.221,177.01,1.6,5.28,10.06,14.06,18.06,NORMAL,Simulated (formula: level = rain*0.6 + upstream_rain*0.4)
2024-06-06T09:00:00,R001,Netravathi,2316598,12.8523,74.8301,5.227,176.1,1.45,6.02,10.06,14.06,18.06,NORMAL,Simulated (formula: level = rain*0.6 + upstream_rain*0.4)
2024-06-06T10:00:00,R001,Netravathi,2316598,12.8523,74.8301,5.319,155.43,2.39,4.71,10.06,14.06,18.06,NORMAL,Simulated (formula: level = rain*0.6 + upstream_rain*0.4)
2024-06-06T11:00:00,R001,Netravathi,2316598,12.8523,74.8301,14.147,495.56,23.74,4.23,10.06,14.06,18.06,DANGER,Simulated (formula: level = rain*0.6 + upstream_rain*0.4)
2024-06-06T12:00:00,R001,Netravathi,2316598,12.8523,74.8301,12.464,367.36,13.07,4.54,10.06,14.06,18.06,WARNING,Simulated (formula: level = rain*0.6 + upstream_rain*0.4)
2024-06-06T13:00:00,R001,Netravathi,2316598,12.8523,74.8301,6.997,210.28,1.99,3.47,10.06,14.06,18.06,NORMAL,Simulated (formula: level = rain*0.6 + upstream_rain*0.4)
2024-06-06T14:00:00,R001,Netravathi,2316598,12.8523,74.8301,6.445,228.95,3.51,5.13,10.06,14.06,18.06,NORMAL,Simulated (formula: level = rain*0.6 + upstream_rain*0.4)
2024-06-06T15:00:00,R001,Netravathi,2316598,12.8523,74.8301,7.838,272.27,7.72,4.58,10.06,14.06,18.06,NORMAL,Simulated (formula: level = rain*0.6 + upstream_rain*0.4)
2024-06-06T16:00:00,R001,Netravathi,2316598,12.8523,74.8301,10.366,333.74,14.14,2.42,10.06,14.06,18.06,WARNING,Simulated (formula: level = rain*0.6 + upstream_rain*0.4)
2024-06-06T17:00:00,R001,Netravathi,2316598,12.8523,74.8301,5.8,196.17,1.23,2.73,10.06,14.06,18.06,NORMAL,Simulated (formula: level = rain*0.6 + upstream_rain*0.4)
2024-06-06T18:00:00,R001,Netravathi,2316598,12.8523,74.8301,7.755,211.32,9.7,1.6,10.06,14.06,18.06,NORMAL,Simulated (formula: level = rain*0.6 + upstream_rain*0.4)
2024-06-06T19:00:00,R001,Netravathi,2316598,12.8523,74.8301,11.859,424.87,18.37,1.45,10.06,14.06,18.06,WARNING,Simulated (formula: level = rain*0.6 + upstream_rain*0.4)
2024-06-06T20:00:00,R001,Netravathi,2316598,12.8523,74.8301,5.914,171.04,0.52,2.39,10.06,14.06,18.06,NORMAL,Simulated (formula: level = rain*0.6 + upstream_rain*0.4)
2024-06-06T21:00:00,R001,Netravathi,2316598,12.8523,74.8301,10.221,278.72,0.74,23.74,10.06,14.06,18.06,WARNING,Simulated (formula: level = rain*0.6 + upstream_rain*0.4)
2024-06-06T22:00:00,R001,Netravathi,2316598,12.8523,74.8301,9.499,321.07,3.27,13.07,10.06,14.06,18.06,NORMAL,Simulated (formula: level = rain*0.6 + upstream_rain*0.4)
2024-06-06T23:00:00,R001,Netravathi,2316598,12.8523,74.8301,5.945,198.68,2.67,1.99,10.06,14.06,18.06,NORMAL,Simulated (formula: level = rain*0.6 + upstream_rain*0.4)
2024-06-07T00:00:00,R001,Netravathi,2316598,12.8523,74.8301,5.328,148.28,2.93,3.51,10.06,14.06,18.06,NORMAL,Simulated (formula: level = rain*0.6 + upstream_rain*0.4)
2024-06-07T01:00:00,R001,Netravathi,2316598,12.8523,74.8301,5.714,177.26,1.27,7.72,10.06,14.06,18.06,NORMAL,Simulated (formula: level = rain*0.6 + upstream_rain*0.4)
2024-06-07T02:00:00,R001,Netravathi,2316598,12.8523,74.8301,8.387,246.49,2.94,14.14,10.06,14.06,18.06,NORMAL,Simulated (formula: level = rain*0.6 + upstream_rain*0.4)
2024-06-07T03:00:00,R001,Netravathi,2316598,12.8523,74.8301,5.898,204.39,3.91,1.23,10.06,14.06,18.06,NORMAL,Simulated (formula: level = rain*0.6 + upstream_rain*0.4)
2024-06-07T04:00:00,R001,Netravathi,2316598,12.8523,74.8301,6.835,221.43,2.12,9.7,10.06,14.06,18.06,NORMAL,Simulated (formula: level = rain*0.6 + upstream_rain*0.4)
2024-06-07T05:00:00,R001,Netravathi,2316598,12.8523,74.8301,9.328,279.91,1.55,18.37,10.06,14.06,18.06,NORMAL,Simulated (formula: level = rain*0.6 + upstream_rain*0.4)
2024-06-07T06:00:00,R001,Netravathi,2316598,12.8523,74.8301,5.357,169.38,2.27,0.52,10.06,14.06,18.06,NORMAL,Simulated (formula: level = rain*0.6 + upstream_rain*0.4)
2024-06-07T07:00:00,R001,Netravathi,2316598,12.8523,74.8301,3.817,126.68,1.39,0.74,10.06,14.06,18.06,NORMAL,Simulated (formula: level = rain*0.6 + upstream_rain*0.4)
2024-06-07T08:00:00,R001,Netravathi,2316598,12.8523,74.8301,4.643,123.74,2.69,3.27,10.06,14.06,18.06,NORMAL,Simulated (formula: level = rain*0.6 + upstream_rain*0.4)
2024-06-07T09:00:00,R001,Netravathi,2316598,12.8523,74.8301,4.056,141.55,1.21,2.67,10.06,14.06,18.06,NORMAL,Simulated (formula: level = rain*0.6 + upstream_rain*0.4)
2024-06-07T10:00:00,R001,Netravathi,2316598,12.8523,74.8301,4.569,160.44,2.65,2.93,10.06,14.06,18.06,NORMAL,Simulated (formula: level = rain*0.6 + upstream_rain*0.4)
2024-06-07T11:00:00,R001,Netravathi,2316598,12.8523,74.8301,3.467,122.96,0.43,1.27,10.06,14.06,18.06,NORMAL,Simulated (formula: level = rain*0.6 + upstream_rain*0.4)
2024-06-07T12:00:00,R001,Netravathi,2316598,12.8523,74.8301,9.594,258.71,15.03,2.94,10.06,14.06,18.06,NORMAL,Simulated (formula: level = rain*0.6 + upstream_rain*0.4)
2024-06-07T13:00:00,R001,Netravathi,2316598,12.8523,74.8301,6.384,188.33,2.39,3.91,10.06,14.06,18.06,NORMAL,Simulated (formula: level = rain*0.6 + upstream_rain*0.4)
2024-06-07T14:00:00,R001,Netravathi,2316598,12.8523,74.8301,4.522,124.33,1.34,2.12,10.06,14.06,18.06,NORMAL,Simulated (formula: level = rain*0.6 + upstream_rain*0.4)
2024-06-07T15:00:00,R001,Netravathi,2316598,12.8523,74.8301,3.714,126.64,1.11,1.55,10.06,14.06,18.06,NORMAL,Simulated (formula: level = rain*0.6 + upstream_rain*0.4)
2024-06-07T16:00:00,R001,Netravathi,2316598,12.8523,74.8301,3.924,109.25,1.66,2.27,10.06,14.06,18.06,NORMAL,Simulated (formula: level = rain*0.6 + upstream_rain*0.4)
2024-06-07T17:00:00,R001,Netravathi,2316598,12.8523,74.8301,3.377,97.02,0.97,1.39,10.06,14.06,18.06,NORMAL,Simulated (formula: level = rain*0.6 + upstream_rain*0.4)
2024-06-07T18:00:00,R001,Netravathi,2316598,12.8523,74.8301,3.716,133.33,1.33,2.69,10.06,14.06,18.06,NORMAL,Simulated (formula: level = rain*0.6 + upstream_rain*0.4)
2024-06-07T19:00:00,R001,Netravathi,2316598,12.8523,74.8301,3.453,113.07,1.45,1.21,10.06,14.06,18.06,NORMAL,Simulated (formula: level = rain*0.6 + upstream_rain*0.4)
2024-06-07T20:00:00,R001,Netravathi,2316598,12.8523,74.8301,3.811,104.39,1.32,2.65,10.06,14.06,18.06,NORMAL,Simulated (formula: level = rain*0.6 + upstream_rain*0.4)
2024-06-07T21:00:00,R001,Netravathi,2316598,12.8523,74.8301,3.571,124.26,1.93,0.43,10.06,14.06,18.06,NORMAL,Simulated (formula: level = rain*0.6 + upstream_rain*0.4)
2024-06-07T22:00:00,R001,Netravathi,2316598,12.8523,74.8301,8.55,247.84,4.44,15.03,10.06,14.06,18.06,NORMAL,Simulated (formula: level = rain*0.6 + upstream_rain*0.4)
2024-06-07T23:00:00,R001,Netravathi,2316598,12.8523,74.8301,7.858,228.04,7.64,2.39,10.06,14.06,18.06,NORMAL,Simulated (formula: level = rain*0.6 + upstream_rain*0.4)
2024-06-08T00:00:00,R001,Netravathi,2316598,12.8523,74.8301,5.546,166.53,3.27,1.34,10.06,14.06,18.06,NORMAL,Simulated (formula: level = rain*0.6 + upstream_rain*0.4)
2024-06-08T01:00:00,R001,Netravathi,2316598,12.8523,74.8301,5.805,157.96,5.8,1.11,10.06,14.06,18.06,NORMAL,Simulated (formula: level = rain*0.6 + upstream_rain*0.4)
2024-06-08T02:00:00,R001,Netravathi,2316598,12.8523,74.8301,5.571,199.04,4.64,1.66,10.06,14.06,18.06,NORMAL,Simulated (formula: level = rain*0.6 + upstream_rain*0.4)
2024-06-08T03:00:00,R001,Netravathi,2316598,12.8523,74.8301,4.724,150.53,3.08,0.97,10.06,14.06,18.06,NORMAL,Simulated (formula: level = rain*0.6 + upstream_rain*0.4)
2024-06-08T04:00:00,R001,Netravathi,2316598,12.8523,74.8301,4.795,157.0,3.87,1.33,10.06,14.06,18.06,NORMAL,Simulated (formula: level = rain*0.6 + upstream_rain*0.4)
2024-06-08T05:00:00,R001,Netravathi,2316598,12.8523,74.8301,3.938,111.82,1.51,1.45,10.06,14.06,18.06,NORMAL,Simulated (formula: level = rain*0.6 + upstream_rain*0.4)
2024-06-08T06:00:00,R001,Netravathi,2316598,12.8523,74.8301,3.794,101.16,1.77,1.32,10.06,14.06,18.06,NORMAL,Simulated (formula: level = rain*0.6 + upstream_rain*0.4)
2024-06-08T07:00:00,R001,Netravathi,2316598,12.8523,74.8301,4.105,116.19,2.47,1.93,10.06,14.06,18.06,NORMAL,Simulated (formula: level = rain*0.6 + upstream_rain*0.4)
2024-06-08T08:00:00,R001,Netravathi,2316598,12.8523,74.8301,4.741,139.03,1.83,4.44,10.06,14.06,18.06,NORMAL,Simulated (formula: level = rain*0.6 + upstream_rain*0.4)
2024-06-08T09:00:00,R001,Netravathi,2316598,12.8523,74.8301,5.175,152.14,0.41,7.64,10.06,14.06,18.06,NORMAL,Simulated (formula: level = rain*0.6 + upstream_rain*0.4)
2024-06-08T10:00:00,R001,Netravathi,2316598,12.8523,74.8301,4.717,138.41,1.99,3.27,10.06,14.06,18.06,NORMAL,Simulated (formula: level = rain*0.6 + upstream_rain*0.4)
2024-06-08T11:00:00,R001,Netravathi,2316598,12.8523,74.8301,5.381,170.57,2.04,5.8,10.06,14.06,18.06,NORMAL,Simulated (formula: level = rain*0.6 + upstream_rain*0.4)
2024-06-08T12:00:00,R001,Netravathi,2316598,12.8523,74.8301,4.72,128.1,0.86,4.64,10.06,14.06,18.06,NORMAL,Simulated (formula: level = rain*0.6 + upstream_rain*0.4)
2024-06-08T13:00:00,R001,Netravathi,2316598,12.8523,74.8301,4.015,135.61,0.73,3.08,10.06,14.06,18.06,NORMAL,Simulated (formula: level = rain*0.6 + upstream_rain*0.4)
2024-06-08T14:00:00,R001,Netravathi,2316598,12.8523,74.8301,5.03,149.23,3.17,3.87,10.06,14.06,18.06,NORMAL,Simulated (formula: level = rain*0.6 + upstream_rain*0.4)
2024-06-08T15:00:00,R001,Netravathi,2316598,12.8523,74.8301,3.949,122.96,1.47,1.51,10.06,14.06,18.06,NORMAL,Simulated (formula: level = rain*0.6 + upstream_rain*0.4)
2024-06-08T16:00:00,R001,Netravathi,2316598,12.8523,74.8301,3.628,123.64,1.27,1.77,10.06,14.06,18.06,NORMAL,Simulated (formula: level = rain*0.6 + upstream_rain*0.4)
2024-06-08T17:00:00,R001,Netravathi,2316598,12.8523,74.8301,4.26,121.26,2.5,2.47,10.06,14.06,18.06,NORMAL,Simulated (formula: level = rain*0.6 + upstream_rain*0.4)
2024-06-08T18:00:00,R001,Netravathi,2316598,12.8523,74.8301,4.069,117.4,1.9,1.83,10.06,14.06,18.06,NORMAL,Simulated (formula: level = rain*0.6 + upstream_rain*0.4)
2024-06-08T19:00:00,R001,Netravathi,2316598,12.8523,74.8301,3.057,100.41,0.7,0.41,10.06,14.06,18.06,NORMAL,Simulated (formula: level = rain*0.6 + upstream_rain*0.4)
2024-06-08T20:00:00,R001,Netravathi,2316598,12.8523,74.8301,3.294,97.89,0.87,1.99,10.06,14.06,18.06,NORMAL,Simulated (formula: level = rain*0.6 + upstream_rain*0.4)
2024-06-08T21:00:00,R001,Netravathi,2316598,12.8523,74.8301,4.428,118.67,3.44,2.04,10.06,14.06,18.06,NORMAL,Simulated (formula: level = rain*0.6 + upstream_rain*0.4)
2024-06-08T22:00:00,R001,Netravathi,2316598,12.8523,74.8301,5.569,182.92,6.03,0.86,10.06,14.06,18.06,NORMAL,Simulated (formula: level = rain*0.6 + upstream_rain*0.4)
2024-06-08T23:00:00,R001,Netravathi,2316598,12.8523,74.8301,5.428,163.48,5.03,0.73,10.06,14.06,18.06,NORMAL,Simulated (formula: level = rain*0.6 + upstream_rain*0.4)
2024-06-09T00:00:00,R001,Netravathi,2316598,12.8523,74.8301,5.202,143.96,2.81,3.17,10.06,14.06,18.06,NORMAL,Simulated (formula: level = rain*0.6 + upstream_rain*0.4)
2024-06-09T01:00:00,R001,Netravathi,2316598,12.8523,74.8301,12.289,343.13,21.1,1.47,10.06,14.06,18.06,WARNING,Simulated (formula: level = rain*0.6 + upstream_rain*0.4)
2024-06-09T02:00:00,R001,Netravathi,2316598,12.8523,74.8301,7.158,243.59,4.18,1.27,10.06,14.06,18.06,NORMAL,Simulated (formula: level = rain*0.6 + upstream_rain*0.4)
2024-06-09T03:00:00,R001,Netravathi,2316598,12.8523,74.8301,7.037,225.22,6.56,2.5,10.06,14.06,18.06,NORMAL,Simulated (formula: level = rain*0.6 + upstream_rain*0.4)
2024-06-09T04:00:00,R001,Netravathi,2316598,12.8523,74.8301,4.987,160.91,2.2,1.9,10.06,14.06,18.06,NORMAL,Simulated (formula: level = rain*0.6 + upstream_rain*0.4)
2024-06-09T05:00:00,R001,Netravathi,2316598,12.8523,74.8301,4.105,123.77,2.2,0.7,10.06,14.06,18.06,NORMAL,Simulated (formula: level = rain*0.6 + upstream_rain*0.4)
2024-06-09T06:00:00,R001,Netravathi,2316598,12.8523,74.8301,4.699,167.8,4.24,0.87,10.06,14.06,18.06,NORMAL,Simulated (formula: level = rain*0.6 + upstream_rain*0.4)
2024-06-09T07:00:00,R001,Netravathi,2316598,12.8523,74.8301,4.338,153.72,1.14,3.44,10.06,14.06,18.06,NORMAL,Simulated (formula: level = rain*0.6 + upstream_rain*0.4)
2024-06-09T08:00:00,R001,Netravathi,2316598,12.8523,74.8301,4.861,170.65,0.93,6.03,10.06,14.06,18.06,NORMAL,Simulated (formula: level = rain*0.6 + upstream_rain*0.4)
2024-06-09T09:00:00,R001,Netravathi,2316598,12.8523,74.8301,4.901,138.87,1.49,5.03,10.06,14.06,18.06,NORMAL,Simulated (formula: level = rain*0.6 + upstream_rain*0.4)
2024-06-09T10:00:00,R001,Netravathi,2316598,12.8523,74.8301,4.5,127.54,1.94,2.81,10.06,14.06,18.06,NORMAL,Simulated (formula: level = rain*0.6 + upstream_rain*0.4)
2024-06-09T11:00:00,R001,Netravathi,2316598,12.8523,74.8301,10.164,325.6,3.48,21.1,10.06,14.06,18.06,WARNING,Simulated (formula: level = rain*0.6 + upstream_rain*0.4)
2024-06-09T12:00:00,R001,Netravathi,2316598,12.8523,74.8301,6.653,226.56,2.49,4.18,10.06,14.06,18.06,NORMAL,Simulated (formula: level = rain*0.6 + upstream_rain*0.4)
2024-06-09T13:00:00,R001,Netravathi,2316598,12.8523,74.8301,6.964,218.36,3.62,6.56,10.06,14.06,18.06,NORMAL,Simulated (formula: level = rain*0.6 + upstream_rain*0.4)
2024-06-09T14:00:00,R001,Netravathi,2316598,12.8523,74.8301,5.069,144.92,2.13,2.2,10.06,14.06,18.06,NORMAL,Simulated (formula: level = rain*0.6 + upstream_rain*0.4)
2024-06-09T15:00:00,R001,Netravathi,2316598,12.8523,74.8301,4.192,136.39,1.61,2.2,10.06,14.06,18.06,NORMAL,Simulated (formula: level = rain*0.6 + upstream_rain*0.4)
2024-06-09T16:00:00,R001,Netravathi,2316598,12.8523,74.8301,4.041,130.47,0.53,4.24,10.06,14.06,18.06,NORMAL,Simulated (formula: level = rain*0.6 + upstream_rain*0.4)
2024-06-09T17:00:00,R001,Netravathi,2316598,12.8523,74.8301,3.218,96.1,0.57,1.14,10.06,14.06,18.06,NORMAL,Simulated (formula: level = rain*0.6 + upstream_rain*0.4)
2024-06-09T18:00:00,R001,Netravathi,2316598,12.8523,74.8301,3.398,94.27,1.78,0.93,10.06,14.06,18.06,NORMAL,Simulated (formula: level = rain*0.6 + upstream_rain*0.4)
2024-06-09T19:00:00,R001,Netravathi,2316598,12.8523,74.8301,3.191,95.27,0.93,1.49,10.06,14.06,18.06,NORMAL,Simulated (formula: level = rain*0.6 + upstream_rain*0.4)
2024-06-09T20:00:00,R001,Netravathi,2316598,12.8523,74.8301,10.989,310.01,19.36,1.94,10.06,14.06,18.06,WARNING,Simulated (formula: level = rain*0.6 + upstream_rain*0.4)
2024-06-09T21:00:00,R001,Netravathi,2316598,12.8523,74.8301,6.124,178.41,0.98,3.48,10.06,14.06,18.06,NORMAL,Simulated (formula: level = rain*0.6 + upstream_rain*0.4)
2024-06-09T22:00:00,R001,Netravathi,2316598,12.8523,74.8301,4.724,145.56,1.84,2.49,10.06,14.06,18.06,NORMAL,Simulated (formula: level = rain*0.6 + upstream_rain*0.4)
2024-06-09T23:00:00,R001,Netravathi,2316598,12.8523,74.8301,6.316,181.36,5.77,3.62,10.06,14.06,18.06,NORMAL,Simulated (formula: level = rain*0.6 + upstream_rain*0.4)
2024-06-10T00:00:00,R001,Netravathi,2316598,12.8523,74.8301,6.507,186.94,6.14,2.13,10.06,14.06,18.06,NORMAL,Simulated (formula: level = rain*0.6 + upstream_rain*0.4)
2024-06-10T01:00:00,R001,Netravathi,2316598,12.8523,74.8301,6.365,201.48,5.87,1.61,10.06,14.06,18.06,NORMAL,Simulated (formula: level = rain*0.6 + upstream_rain*0.4)
2024-06-10T02:00:00,R001,Netravathi,2316598,12.8523,74.8301,4.156,121.82,1.78,0.53,10.06,14.06,18.06,NORMAL,Simulated (formula: level = rain*0.6 + upstream_rain*0.4)
2024-06-10T03:00:00,R001,Netravathi,2316598,12.8523,74.8301,3.837,128.78,2.28,0.57,10.06,14.06,18.06,NORMAL,Simulated (formula: level = rain*0.6 + upstream_rain*0.4)
2024-06-10T04:00:00,R001,Netravathi,2316598,12.8523,74.8301,6.245,218.91,7.6,1.78,10.06,14.06,18.06,NORMAL,Simulated (formula: level = rain*0.6 + upstream_rain*0.4)
2024-06-10T05:00:00,R001,Netravathi,2316598,12.8523,74.8301,5.516,179.02,4.73,0.93,10.06,14.06,18.06,NORMAL,Simulated (formula: level = rain*0.6 + upstream_rain*0.4)
2024-06-10T06:00:00,R001,Netravathi,2316598,12.8523,74.8301,9.212,307.01,1.54,19.36,10.06,14.06,18.06,NORMAL,Simulated (formula: level = rain*0.6 + upstream_rain*0.4)
2024-06-10T07:00:00,R001,Netravathi,2316598,12.8523,74.8301,4.742,153.87,0.86,0.98,10.06,14.06,18.06,NORMAL,Simulated (formula: level = rain*0.6 + upstream_rain*0.4)
2024-06-10T08:00:00,R001,Netravathi,2316598,12.8523,74.8301,4.287,131.72,2.17,1.84,10.06,14.06,18.06,NORMAL,Simulated (formula: level = rain*0.6 + upstream_rain*0.4)
2024-06-10T09:00:00,R001,Netravathi,2316598,12.8523,74.8301,4.732,145.72,0.97,5.77,10.06,14.06,18.06,NORMAL,Simulated (formula: level = rain*0.6 + upstream_rain*0.4)
2024-06-10T10:00:00,R001,Netravathi,2316598,12.8523,74.8301,5.362,163.46,1.72,6.14,10.06,14.06,18.06,NORMAL,Simulated (formula: level = rain*0.6 + upstream_rain*0.4)
2024-06-10T11:00:00,R001,Netravathi,2316598,12.8523,74.8301,5.211,152.63,1.41,5.87,10.06,14.06,18.06,NORMAL,Simulated (formula: level = rain*0.6 + upstream_rain*0.4)
2024-06-10T12:00:00,R001,Netravathi,2316598,12.8523,74.8301,4.108,116.29,1.4,1.78,10.06,14.06,18.06,NORMAL,Simulated (formula: level = rain*0.6 + upstream_rain*0.4)
2024-06-10T13:00:00,R001,Netravathi,2316598,12.8523,74.8301,3.587,115.44,0.59,2.28,10.06,14.06,18.06,NORMAL,Simulated (formula: level = rain*0.6 + upstream_rain*0.4)
2024-06-10T14:00:00,R001,Netravathi,2316598,12.8523,74.8301,5.023,150.1,0.9,7.6,10.06,14.06,18.06,NORMAL,Simulated (formula: level = rain*0.6 + upstream_rain*0.4)
2024-06-10T15:00:00,R001,Netravathi,2316598,12.8523,74.8301,4.888,139.4,1.45,4.73,10.06,14.06,18.06,NORMAL,Simulated (formula: level = rain*0.6 + upstream_rain*0.4)
2024-06-10T16:00:00,R001,Netravathi,2316598,12.8523,74.8301,4.0,130.41,1.59,1.54,10.06,14.06,18.06,NORMAL,Simulated (formula: level = rain*0.6 + upstream_rain*0.4)
2024-06-10T17:00:00,R001,Netravathi,2316598,12.8523,74.8301,3.619,111.61,1.93,0.86,10.06,14.06,18.06,NORMAL,Simulated (formula: level = rain*0.6 + upstream_rain*0.4)
2024-06-10T18:00:00,R001,Netravathi,2316598,12.8523,74.8301,4.007,130.89,2.14,2.17,10.06,14.06,18.06,NORMAL,Simulated (formula: level = rain*0.6 + upstream_rain*0.4)
2024-06-10T19:00:00,R001,Netravathi,2316598,12.8523,74.8301,8.441,256.48,13.39,0.97,10.06,14.06,18.06,NORMAL,Simulated (formula: level = rain*0.6 + upstream_rain*0.4)
2024-06-10T20:00:00,R001,Netravathi,2316598,12.8523,74.8301,14.89,528.12,24.73,1.72,10.06,14.06,18.06,DANGER,Simulated (formula: level = rain*0.6 + upstream_rain*0.4)
2024-06-10T21:00:00,R001,Netravathi,2316598,12.8523,74.8301,6.741,238.03,0.93,1.41,10.06,14.06,18.06,NORMAL,Simulated (formula: level = rain*0.6 + upstream_rain*0.4)
2024-06-10T22:00:00,R001,Netravathi,2316598,12.8523,74.8301,6.402,175.63,6.23,1.4,10.06,14.06,18.06,NORMAL,Simulated (formula: level = rain*0.6 + upstream_rain*0.4)
2024-06-10T23:00:00,R001,Netravathi,2316598,12.8523,74.8301,6.141,172.2,6.08,0.59,10.06,14.06,18.06,NORMAL,Simulated (formula: level = rain*0.6 + upstream_rain*0.4)
2024-06-11T00:00:00,R001,Netravathi,2316598,12.8523,74.8301,5.477,170.71,4.64,0.9,10.06,14.06,18.06,NORMAL,Simulated (formula: level = rain*0.6 + upstream_rain*0.4)
2024-06-11T01:00:00,R001,Netravathi,2316598,12.8523,74.8301,4.122,134.5,1.68,1.45,10.06,14.06,18.06,NORMAL,Simulated (formula: level = rain*0.6 + upstream_rain*0.4)
2024-06-11T02:00:00,R001,Netravathi,2316598,12.8523,74.8301,8.578,244.1,13.07,1.59,10.06,14.06,18.06,NORMAL,Simulated (formula: level = rain*0.6 + upstream_rain*0.4)
2024-06-11T03:00:00,R001,Netravathi,2316598,12.8523,74.8301,7.105,196.67,6.0,1.93,10.06,14.06,18.06,NORMAL,Simulated (formula: level = rain*0.6 + upstream_rain*0.4)
2024-06-11T04:00:00,R001,Netravathi,2316598,12.8523,74.8301,6.31,181.77,5.1,2.14,10.06,14.06,18.06,NORMAL,Simulated (formula: level = rain*0.6 + upstream_rain*0.4)
2024-06-11T05:00:00,R001,Netravathi,2316598,12.8523,74.8301,16.229,463.86,21.9,13.39,10.06,14.06,18.06,DANGER,Simulated (formula: level = rain*0.6 + upstream_rain*0.4)
2024-06-11T06:00:00,R001,Netravathi,2316598,12.8523,74.8301,13.963,445.28,1.65,24.73,10.06,14.06,18.06,WARNING,Simulated (formula: level = rain*0.6 + upstream_rain*0.4)
2024-06-11T07:00:00,R001,Netravathi,2316598,12.8523,74.8301,6.441,183.74,1.34,0.93,10.06,14.06,18.06,NORMAL,Simulated (formula: level = rain*0.6 + upstream_rain*0.4)
2024-06-11T08:00:00,R001,Netravathi,2316598,12.8523,74.8301,5.712,156.88,1.47,6.23,10.06,14.06,18.06,NORMAL,Simulated (formula: level = rain*0.6 + upstream_rain*0.4)
2024-06-11T09:00:00,R001,Netravathi,2316598,12.8523,74.8301,5.412,189.17,1.47,6.08,10.06,14.06,18.06,NORMAL,Simulated (formula: level = rain*0.6 + upstream_rain*0.4)
2024-06-11T10:00:00,R001,Netravathi,2316598,12.8523,74.8301,4.886,141.36,1.18,4.64,10.06,14.06,18.06,NORMAL,Simulated (formula: level = rain*0.6 + upstream_rain*0.4)
2024-06-11T11:00:00,R001,Netravathi,2316598,12.8523,74.8301,4.834,162.14,3.36,1.68,10.06,14.06,18.06,NORMAL,Simulated (formula: level = rain*0.6 + upstream_rain*0.4)
2024-06-11T12:00:00,R001,Netravathi,2316598,12.8523,74.8301,6.92,200.95,1.0,13.07,10.06,14.06,18.06,NORMAL,Simulated (formula: level = rain*0.6 + upstream_rain*0.4)
2024-06-11T13:00:00,R001,Netravathi,2316598,12.8523,74.8301,5.615,192.64,1.03,6.0,10.06,14.06,18.06,NORMAL,Simulated (formula: level = rain*0.6 + upstream_rain*0.4)
2024-06-11T14:00:00,R001,Netravathi,2316598,12.8523,74.8301,4.981,156.7,1.05,5.1,10.06,14.06,18.06,NORMAL,Simulated (formula: level = rain*0.6 + upstream_rain*0.4)
2024-06-11T15:00:00,R001,Netravathi,2316598,12.8523,74.8301,9.39,256.01,0.75,21.9,10.06,14.06,18.06,NORMAL,Simulated (formula: level = rain*0.6 + upstream_rain*0.4)
2024-06-11T16:00:00,R001,Netravathi,2316598,12.8523,74.8301,5.395,180.97,1.73,1.65,10.06,14.06,18.06,NORMAL,Simulated (formula: level = rain*0.6 + upstream_rain*0.4)
2024-06-11T17:00:00,R001,Netravathi,2316598,12.8523,74.8301,4.265,130.98,1.74,1.34,10.06,14.06,18.06,NORMAL,Simulated (formula: level = rain*0.6 + upstream_rain*0.4)
2024-06-11T18:00:00,R001,Netravathi,2316598,12.8523,74.8301,3.707,102.39,1.33,1.47,10.06,14.06,18.06,NORMAL,Simulated (formula: level = rain*0.6 + upstream_rain*0.4)
2024-06-11T19:00:00,R001,Netravathi,2316598,12.8523,74.8301,3.256,115.37,0.59,1.47,10.06,14.06,18.06,NORMAL,Simulated (formula: level = rain*0.6 + upstream_rain*0.4)
2024-06-11T20:00:00,R001,Netravathi,2316598,12.8523,74.8301,3.372,110.16,1.52,1.18,10.06,14.06,18.06,NORMAL,Simulated (formula: level = rain*0.6 + upstream_rain*0.4)
2024-06-11T21:00:00,R001,Netravathi,2316598,12.8523,74.8301,4.35,142.22,2.02,3.36,10.06,14.06,18.06,NORMAL,Simulated (formula: level = rain*0.6 + upstream_rain*0.4)
2024-06-11T22:00:00,R001,Netravathi,2316598,12.8523,74.8301,3.824,111.17,1.84,1.0,10.06,14.06,18.06,NORMAL,Simulated (formula: level = rain*0.6 + upstream_rain*0.4)
2024-06-11T23:00:00,R001,Netravathi,2316598,12.8523,74.8301,5.871,190.95,7.34,1.03,10.06,14.06,18.06,NORMAL,Simulated (formula: level = rain*0.6 + upstream_rain*0.4)
2024-06-12T00:00:00,R001,Netravathi,2316598,12.8523,74.8301,4.719,125.57,2.79,1.05,10.06,14.06,18.06,NORMAL,Simulated (formula: level = rain*0.6 + upstream_rain*0.4)
2024-06-12T01:00:00,R001,Netravathi,2316598,12.8523,74.8301,4.313,137.42,2.97,0.75,10.06,14.06,18.06,NORMAL,Simulated (formula: level = rain*0.6 + upstream_rain*0.4)
2024-06-12T02:00:00,R001,Netravathi,2316598,12.8523,74.8301,4.641,140.14,3.51,1.73,10.06,14.06,18.06,NORMAL,Simulated (formula: level = rain*0.6 + upstream_rain*0.4)
2024-06-12T03:00:00,R001,Netravathi,2316598,12.8523,74.8301,4.769,129.59,3.45,1.74,10.06,14.06,18.06,NORMAL,Simulated (formula: level = rain*0.6 + upstream_rain*0.4)
2024-06-12T04:00:00,R001,Netravathi,2316598,12.8523,74.8301,5.11,155.65,4.55,1.33,10.06,14.06,18.06,NORMAL,Simulated (formula: level = rain*0.6 + upstream_rain*0.4)
2024-06-12T05:00:00,R001,Netravathi,2316598,12.8523,74.8301,4.759,156.77,3.77,0.59,10.06,14.06,18.06,NORMAL,Simulated (formula: level = rain*0.6 + upstream_rain*0.4)
2024-06-12T06:00:00,R001,Netravathi,2316598,12.8523,74.8301,3.999,120.9,1.6,1.52,10.06,14.06,18.06,NORMAL,Simulated (formula: level = rain*0.6 + upstream_rain*0.4)
2024-06-12T07:00:00,R001,Netravathi,2316598,12.8523,74.8301,4.168,132.95,2.45,2.02,10.06,14.06,18.06,NORMAL,Simulated (formula: level = rain*0.6 + upstream_rain*0.4)
2024-06-12T08:00:00,R001,Netravathi,2316598,12.8523,74.8301,4.242,121.51,2.38,1.84,10.06,14.06,18.06,NORMAL,Simulated (formula: level = rain*0.6 + upstream_rain*0.4)
2024-06-12T09:00:00,R001,Netravathi,2316598,12.8523,74.8301,5.524,154.44,1.67,7.34,10.06,14.06,18.06,NORMAL,Simulated (formula: level = rain*0.6 + upstream_rain*0.4)
2024-06-12T10:00:00,R001,Netravathi,2316598,12.8523,74.8301,4.459,147.79,1.67,2.79,10.06,14.06,18.06,NORMAL,Simulated (formula: level = rain*0.6 + upstream_rain*0.4)
2024-06-12T11:00:00,R001,Netravathi,2316598,12.8523,74.8301,4.506,150.14,1.97,2.97,10.06,14.06,18.06,NORMAL,Simulated (formula: level = rain*0.6 + upstream_rain*0.4)
2024-06-12T12:00:00,R001,Netravathi,2316598,12.8523,74.8301,5.234,144.43,3.39,3.51,10.06,14.06,18.06,NORMAL,Simulated (formula: level = rain*0.6 + upstream_rain*0.4)
2024-06-12T13:00:00,R001,Netravathi,2316598,12.8523,74.8301,4.701,131.32,1.62,3.45,10.06,14.06,18.06,NORMAL,Simulated (formula: level = rain*0.6 + upstream_rain*0.4)
2024-06-12T14:00:00,R001,Netravathi,2316598,12.8523,74.8301,5.723,203.81,3.63,4.55,10.06,14.06,18.06,NORMAL,Simulated (formula: level = rain*0.6 + upstream_rain*0.4)
2024-06-12T15:00:00,R001,Netravathi,2316598,12.8523,74.8301,5.096,164.85,2.1,3.77,10.06,14.06,18.06,NORMAL,Simulated (formula: level = rain*0.6 + upstream_rain*0.4)
2024-06-12T16:00:00,R001,Netravathi,2316598,12.8523,74.8301,3.658,100.23,0.67,1.6,10.06,14.06,18.06,NORMAL,Simulated (formula: level = rain*0.6 + upstream_rain*0.4)
2024-06-12T17:00:00,R001,Netravathi,2316598,12.8523,74.8301,3.607,99.43,0.86,2.45,10.06,14.06,18.06,NORMAL,Simulated (formula: level = rain*0.6 + upstream_rain*0.4)
2024-06-12T18:00:00,R001,Netravathi,2316598,12.8523,74.8301,3.487,105.48,0.72,2.38,10.06,14.06,18.06,NORMAL,Simulated (formula: level = rain*0.6 + upstream_rain*0.4)
2024-06-12T19:00:00,R001,Netravathi,2316598,12.8523,74.8301,3.688,112.52,1.69,1.67,10.06,14.06,18.06,NORMAL,Simulated (formula: level = rain*0.6 + upstream_rain*0.4)
2024-06-12T20:00:00,R001,Netravathi,2316598,12.8523,74.8301,4.107,130.33,2.87,1.67,10.06,14.06,18.06,NORMAL,Simulated (formula: level = rain*0.6 + upstream_rain*0.4)
2024-06-12T21:00:00,R001,Netravathi,2316598,12.8523,74.8301,4.284,134.77,2.57,1.97,10.06,14.06,18.06,NORMAL,Simulated (formula: level = rain*0.6 + upstream_rain*0.4)
2024-06-12T22:00:00,R001,Netravathi,2316598,12.8523,74.8301,6.643,198.92,6.75,3.39,10.06,14.06,18.06,NORMAL,Simulated (formula: level = rain*0.6 + upstream_rain*0.4)
2024-06-12T23:00:00,R001,Netravathi,2316598,12.8523,74.8301,5.517,189.7,3.83,1.62,10.06,14.06,18.06,NORMAL,Simulated (formula: level = rain*0.6 + upstream_rain*0.4)
2024-06-13T00:00:00,R001,Netravathi,2316598,12.8523,74.8301,7.47,220.37,7.87,3.63,10.06,14.06,18.06,NORMAL,Simulated (formula: level = rain*0.6 + upstream_rain*0.4)
2024-06-13T01:00:00,R001,Netravathi,2316598,12.8523,74.8301,10.106,321.3,13.85,2.1,10.06,14.06,18.06,WARNING,Simulated (formula: level = rain*0.6 + upstream_rain*0.4)
2024-06-13T02:00:00,R001,Netravathi,2316598,12.8523,74.8301,7.751,212.34,7.4,0.67,10.06,14.06,18.06,NORMAL,Simulated (formula: level = rain*0.6 + upstream_rain*0.4)
2024-06-13T03:00:00,R001,Netravathi,2316598,12.8523,74.8301,4.998,144.74,2.25,0.86,10.06,14.06,18.06,NORMAL,Simulated (formula: level = rain*0.6 + upstream_rain*0.4)
2024-06-13T04:00:00,R001,Netravathi,2316598,12.8523,74.8301,4.189,144.82,2.4,0.72,10.06,14.06,18.06,NORMAL,Simulated (formula: level = rain*0.6 + upstream_rain*0.4)
2024-06-13T05:00:00,R001,Netravathi,2316598,12.8523,74.8301,5.28,189.17,5.06,1.69,10.06,14.06,18.06,NORMAL,Simulated (formula: level = rain*0.6 + upstream_rain*0.4)
2024-06-13T06:00:00,R001,Netravathi,2316598,12.8523,74.8301,4.595,146.63,1.84,2.87,10.06,14.06,18.06,NORMAL,Simulated (formula: level = rain*0.6 + upstream_rain*0.4)
2024-06-13T07:00:00,R001,Netravathi,2316598,12.8523,74.8301,4.091,139.61,1.23,2.57,10.06,14.06,18.06,NORMAL,Simulated (formula: level = rain*0.6 + upstream_rain*0.4)
2024-06-13T08:00:00,R001,Netravathi,2316598,12.8523,74.8301,4.764,140.2,0.58,6.75,10.06,14.06,18.06,NORMAL,Simulated (formula: level = rain*0.6 + upstream_rain*0.4)
2024-06-13T09:00:00,R001,Netravathi,2316598,12.8523,74.8301,13.873,452.73,23.74,3.83,10.06,14.06,18.06,WARNING,Simulated (formula: level = rain*0.6 + upstream_rain*0.4)
2024-06-13T10:00:00,R001,Netravathi,2316598,12.8523,74.8301,13.161,362.19,12.61,7.87,10.06,14.06,18.06,WARNING,Simulated (formula: level = rain*0.6 + upstream_rain*0.4)
2024-06-13T11:00:00,R001,Netravathi,2316598,12.8523,74.8301,9.726,292.61,0.95,13.85,10.06,14.06,18.06,NORMAL,Simulated (formula: level = rain*0.6 + upstream_rain*0.4)
2024-06-13T12:00:00,R001,Netravathi,2316598,12.8523,74.8301,7.615,247.61,2.84,7.4,10.06,14.06,18.06,NORMAL,Simulated (formula: level = rain*0.6 + upstream_rain*0.4)
2024-06-13T13:00:00,R001,Netravathi,2316598,12.8523,74.8301,4.947,172.65,1.22,2.25,10.06,14.06,18.06,NORMAL,Simulated (formula: level = rain*0.6 + upstream_rain*0.4)
2024-06-13T14:00:00,R001,Netravathi,2316598,12.8523,74.8301,4.816,167.25,2.8,2.4,10.06,14.06,18.06,NORMAL,Simulated (formula: level = rain*0.6 + upstream_rain*0.4)
2024-06-13T15:00:00,R001,Netravathi,2316598,12.8523,74.8301,5.02,175.29,1.66,5.06,10.06,14.06,18.06,NORMAL,Simulated (formula: level = rain*0.6 + upstream_rain*0.4)
2024-06-13T16:00:00,R001,Netravathi,2316598,12.8523,74.8301,3.81,112.89,0.88,1.84,10.06,14.06,18.06,NORMAL,Simulated (formula: level = rain*0.6 + upstream_rain*0.4)
2024-06-13T17:00:00,R001,Netravathi,2316598,12.8523,74.8301,3.34,104.94,0.88,1.23,10.06,14.06,18.06,NORMAL,Simulated (formula: level = rain*0.6 + upstream_rain*0.4)
2024-06-13T18:00:00,R001,Netravathi,2316598,12.8523,74.8301,3.474,107.38,2.13,0.58,10.06,14.06,18.06,NORMAL,Simulated (formula: level = rain*0.6 + upstream_rain*0.4)
2024-06-13T19:00:00,R001,Netravathi,2316598,12.8523,74.8301,9.755,324.86,1.49,23.74,10.06,14.06,18.06,NORMAL,Simulated (formula: level = rain*0.6 + upstream_rain*0.4)
2024-06-13T20:00:00,R001,Netravathi,2316598,12.8523,74.8301,8.77,310.49,2.15,12.61,10.06,14.06,18.06,NORMAL,Simulated (formula: level = rain*0.6 + upstream_rain*0.4)
2024-06-13T21:00:00,R001,Netravathi,2316598,12.8523,74.8301,5.686,163.66,3.06,0.95,10.06,14.06,18.06,NORMAL,Simulated (formula: level = rain*0.6 + upstream_rain*0.4)
2024-06-13T22:00:00,R001,Netravathi,2316598,12.8523,74.8301,5.38,173.14,3.4,2.84,10.06,14.06,18.06,NORMAL,Simulated (formula: level = rain*0.6 + upstream_rain*0.4)
2024-06-13T23:00:00,R001,Netravathi,2316598,12.8523,74.8301,7.687,240.54,10.21,1.22,10.06,14.06,18.06,NORMAL,Simulated (formula: level = rain*0.6 + upstream_rain*0.4)
2024-06-14T00:00:00,R001,Netravathi,2316598,12.8523,74.8301,10.503,353.97,14.14,2.8,10.06,14.06,18.06,WARNING,Simulated (formula: level = rain*0.6 + upstream_rain*0.4)
2024-06-14T01:00:00,R001,Netravathi,2316598,12.8523,74.8301,6.543,175.4,3.24,1.66,10.06,14.06,18.06,NORMAL,Simulated (formula: level = rain*0.6 + upstream_rain*0.4)
2024-06-14T02:00:00,R001,Netravathi,2316598,12.8523,74.8301,16.659,526.76,30.84,0.88,10.06,14.06,18.06,DANGER,Simulated (formula: level = rain*0.6 + upstream_rain*0.4)
2024-06-14T03:00:00,R001,Netravathi,2316598,12.8523,74.8301,7.327,247.64,1.71,0.88,10.06,14.06,18.06,NORMAL,Simulated (formula: level = rain*0.6 + upstream_rain*0.4)
2024-06-14T04:00:00,R001,Netravathi,2316598,12.8523,74.8301,5.78,167.22,3.67,2.13,10.06,14.06,18.06,NORMAL,Simulated (formula: level = rain*0.6 + upstream_rain*0.4)
2024-06-14T05:00:00,R001,Netravathi,2316598,12.8523,74.8301,4.461,145.41,2.05,1.49,10.06,14.06,18.06,NORMAL,Simulated (formula: level = rain*0.6 + upstream_rain*0.4)
2024-06-14T06:00:00,R001,Netravathi,2316598,12.8523,74.8301,3.633,122.63,0.66,2.15,10.06,14.06,18.06,NORMAL,Simulated (formula: level = rain*0.6 + upstream_rain*0.4)
2024-06-14T07:00:00,R001,Netravathi,2316598,12.8523,74.8301,3.871,111.56,1.26,3.06,10.06,14.06,18.06,NORMAL,Simulated (formula: level = rain*0.6 + upstream_rain*0.4)
2024-06-14T08:00:00,R001,Netravathi,2316598,12.8523,74.8301,4.427,129.83,1.87,3.4,10.06,14.06,18.06,NORMAL,Simulated (formula: level = rain*0.6 + upstream_rain*0.4)
2024-06-14T09:00:00,R001,Netravathi,2316598,12.8523,74.8301,6.156,168.91,1.16,10.21,10.06,14.06,18.06,NORMAL,Simulated (formula: level = rain*0.6 + upstream_rain*0.4)
2024-06-14T10:00:00,R001,Netravathi,2316598,12.8523,74.8301,7.656,231.48,0.86,14.14,10.06,14.06,18.06,NORMAL,Simulated (formula: level = rain*0.6 + upstream_rain*0.4)
2024-06-14T11:00:00,R001,Netravathi,2316598,12.8523,74.8301,5.738,166.71,2.55,3.24,10.06,14.06,18.06,NORMAL,Simulated (formula: level = rain*0.6 + upstream_rain*0.4)
2024-06-14T12:00:00,R001,Netravathi,2316598,12.8523,74.8301,12.398,357.24,1.32,30.84,10.06,14.06,18.06,WARNING,Simulated (formula: level = rain*0.6 + upstream_rain*0.4)
2024-06-14T13:00:00,R001,Netravathi,2316598,12.8523,74.8301,6.091,171.97,1.01,1.71,10.06,14.06,18.06,NORMAL,Simulated (formula: level = rain*0.6 + upstream_rain*0.4)
2024-06-14T14:00:00,R001,Netravathi,2316598,12.8523,74.8301,5.247,163.33,2.24,3.67,10.06,14.06,18.06,NORMAL,Simulated (formula: level = rain*0.6 + upstream_rain*0.4)
2024-06-14T15:00:00,R001,Netravathi,2316598,12.8523,74.8301,4.629,154.52,2.49,2.05,10.06,14.06,18.06,NORMAL,Simulated (formula: level = rain*0.6 + upstream_rain*0.4)
2024-06-14T16:00:00,R001,Netravathi,2316598,12.8523,74.8301,3.429,94.3,1.1,0.66,10.06,14.06,18.06,NORMAL,Simulated (formula: level = rain*0.6 + upstream_rain*0.4)
2024-06-14T17:00:00,R001,Netravathi,2316598,12.8523,74.8301,3.195,112.74,0.97,1.26,10.06,14.06,18.06,NORMAL,Simulated (formula: level = rain*0.6 + upstream_rain*0.4)
2024-06-14T18:00:00,R001,Netravathi,2316598,12.8523,74.8301,3.194,110.71,0.65,1.87,10.06,14.06,18.06,NORMAL,Simulated (formula: level = rain*0.6 + upstream_rain*0.4)
2024-06-14T19:00:00,R001,Netravathi,2316598,12.8523,74.8301,3.161,99.68,1.14,1.16,10.06,14.06,18.06,NORMAL,Simulated (formula: level = rain*0.6 + upstream_rain*0.4)
2024-06-14T20:00:00,R001,Netravathi,2316598,12.8523,74.8301,3.174,86.98,1.25,0.86,10.06,14.06,18.06,NORMAL,Simulated (formula: level = rain*0.6 + upstream_rain*0.4)
2024-06-14T21:00:00,R001,Netravathi,2316598,12.8523,74.8301,4.317,155.15,2.98,2.55,10.06,14.06,18.06,NORMAL,Simulated (formula: level = rain*0.6 + upstream_rain*0.4)
2024-06-14T22:00:00,R001,Netravathi,2316598,12.8523,74.8301,4.383,153.41,2.94,1.32,10.06,14.06,18.06,NORMAL,Simulated (formula: level = rain*0.6 + upstream_rain*0.4)
2024-06-14T23:00:00,R001,Netravathi,2316598,12.8523,74.8301,5.579,165.49,6.21,1.01,10.06,14.06,18.06,NORMAL,Simulated (formula: level = rain*0.6 + upstream_rain*0.4)
2024-06-15T00:00:00,R001,Netravathi,2316598,12.8523,74.8301,6.192,191.53,5.79,2.24,10.06,14.06,18.06,NORMAL,Simulated (formula: level = rain*0.6 + upstream_rain*0.4)
2024-06-15T01:00:00,R001,Netravathi,2316598,12.8523,74.8301,4.636,136.3,1.37,2.49,10.06,14.06,18.06,NORMAL,Simulated (formula: level = rain*0.6 + upstream_rain*0.4)
2024-06-15T02:00:00,R001,Netravathi,2316598,12.8523,74.8301,4.439,125.29,2.99,1.1,10.06,14.06,18.06,NORMAL,Simulated (formula: level = rain*0.6 + upstream_rain*0.4)
2024-06-15T03:00:00,R001,Netravathi,2316598,12.8523,74.8301,4.756,159.53,4.14,0.97,10.06,14.06,18.06,NORMAL,Simulated (formula: level = rain*0.6 + upstream_rain*0.4)
2024-06-15T04:00:00,R001,Netravathi,2316598,12.8523,74.8301,4.633,133.66,3.61,0.65,10.06,14.06,18.06,NORMAL,Simulated (formula: level = rain*0.6 + upstream_rain*0.4)
2024-06-15T05:00:00,R001,Netravathi,2316598,12.8523,74.8301,4.407,153.37,2.98,1.14,10.06,14.06,18.06,NORMAL,Simulated (formula: level = rain*0.6 + upstream_rain*0.4)
2024-06-15T06:00:00,R001,Netravathi,2316598,12.8523,74.8301,3.865,131.61,1.74,1.25,10.06,14.06,18.06,NORMAL,Simulated (formula: level = rain*0.6 + upstream_rain*0.4)
2024-06-15T07:00:00,R001,Netravathi,2316598,12.8523,74.8301,4.517,148.36,2.58,2.98,10.06,14.06,18.06,NORMAL,Simulated (formula: level = rain*0.6 + upstream_rain*0.4)
2024-06-15T08:00:00,R001,Netravathi,2316598,12.8523,74.8301,4.261,119.4,1.73,2.94,10.06,14.06,18.06,NORMAL,Simulated (formula: level = rain*0.6 + upstream_rain*0.4)
2024-06-15T09:00:00,R001,Netravathi,2316598,12.8523,74.8301,5.374,164.6,2.11,6.21,10.06,14.06,18.06,NORMAL,Simulated (formula: level = rain*0.6 + upstream_rain*0.4)
2024-06-15T10:00:00,R001,Netravathi,2316598,12.8523,74.8301,5.756,181.59,2.52,5.79,10.06,14.06,18.06,NORMAL,Simulated (formula: level = rain*0.6 + upstream_rain*0.4)
2024-06-15T11:00:00,R001,Netravathi,2316598,12.8523,74.8301,4.201,116.2,1.46,1.37,10.06,14.06,18.06,NORMAL,Simulated (formula: level = rain*0.6 + upstream_rain*0.4)
2024-06-15T12:00:00,R001,Netravathi,2316598,12.8523,74.8301,4.518,130.52,2.45,2.99,10.06,14.06,18.06,NORMAL,Simulated (formula: level = rain*0.6 + upstream_rain*0.4)
2024-06-15T13:00:00,R001,Netravathi,2316598,12.8523,74.8301,5.245,163.64,2.97,4.14,10.06,14.06,18.06,NORMAL,Simulated (formula: level = rain*0.6 + upstream_rain*0.4)
2024-06-15T14:00:00,R001,Netravathi,2316598,12.8523,74.8301,4.81,169.15,1.94,3.61,10.06,14.06,18.06,NORMAL,Simulated (formula: level = rain*0.6 + upstream_rain*0.4)
2024-06-15T15:00:00,R001,Netravathi,2316598,12.8523,74.8301,4.253,151.12,1.41,2.98,10.06,14.06,18.06,NORMAL,Simulated (formula: level = rain*0.6 + upstream_rain*0.4)
2024-06-15T16:00:00,R001,Netravathi,2316598,12.8523,74.8301,3.461,114.99,0.73,1.74,10.06,14.06,18.06,NORMAL,Simulated (formula: level = rain*0.6 + upstream_rain*0.4)
2024-06-15T17:00:00,R001,Netravathi,2316598,12.8523,74.8301,4.212,138.39,2.38,2.58,10.06,14.06,18.06,NORMAL,Simulated (formula: level = rain*0.6 + upstream_rain*0.4)
2024-06-15T18:00:00,R001,Netravathi,2316598,12.8523,74.8301,3.958,141.95,1.88,1.73,10.06,14.06,18.06,NORMAL,Simulated (formula: level = rain*0.6 + upstream_rain*0.4)
2024-06-15T19:00:00,R001,Netravathi,2316598,12.8523,74.8301,3.996,124.88,1.66,2.11,10.06,14.06,18.06,NORMAL,Simulated (formula: level = rain*0.6 + upstream_rain*0.4)
2024-06-15T20:00:00,R001,Netravathi,2316598,12.8523,74.8301,4.043,112.37,1.56,2.52,10.06,14.06,18.06,NORMAL,Simulated (formula: level = rain*0.6 + upstream_rain*0.4)
2024-06-15T21:00:00,R001,Netravathi,2316598,12.8523,74.8301,4.54,147.01,3.38,1.46,10.06,14.06,18.06,NORMAL,Simulated (formula: level = rain*0.6 + upstream_rain*0.4)
2024-06-15T22:00:00,R001,Netravathi,2316598,12.8523,74.8301,6.322,226.48,6.76,2.45,10.06,14.06,18.06,NORMAL,Simulated (formula: level = rain*0.6 + upstream_rain*0.4)
2024-06-15T23:00:00,R001,Netravathi,2316598,12.8523,74.8301,5.264,162.05,2.73,2.97,10.06,14.06,18.06,NORMAL,Simulated (formula: level = rain*0.6 + upstream_rain*0.4)
2024-06-16T00:00:00,R001,Netravathi,2316598,12.8523,74.8301,5.222,147.9,4.14,1.94,10.06,14.06,18.06,NORMAL,Simulated (formula: level = rain*0.6 + upstream_rain*0.4)
2024-06-16T01:00:00,R001,Netravathi,2316598,12.8523,74.8301,4.952,152.99,3.72,1.41,10.06,14.06,18.06,NORMAL,Simulated (formula: level = rain*0.6 + upstream_rain*0.4)
2024-06-16T02:00:00,R001,Netravathi,2316598,12.8523,74.8301,5.637,170.76,5.81,0.73,10.06,14.06,18.06,NORMAL,Simulated (formula: level = rain*0.6 + upstream_rain*0.4)
2024-06-16T03:00:00,R001,Netravathi,2316598,12.8523,74.8301,5.589,162.92,4.11,2.38,10.06,14.06,18.06,NORMAL,Simulated (formula: level = rain*0.6 + upstream_rain*0.4)
2024-06-16T04:00:00,R001,Netravathi,2316598,12.8523,74.8301,4.55,159.61,2.35,1.88,10.06,14.06,18.06,NORMAL,Simulated (formula: level = rain*0.6 + upstream_rain*0.4)
2024-06-16T05:00:00,R001,Netravathi,2316598,12.8523,74.8301,10.977,388.72,18.31,1.66,10.06,14.06,18.06,WARNING,Simulated (formula: level = rain*0.6 + upstream_rain*0.4)
2024-06-16T06:00:00,R001,Netravathi,2316598,12.8523,74.8301,16.447,472.34,26.76,1.56,10.06,14.06,18.06,DANGER,Simulated (formula: level = rain*0.6 + upstream_rain*0.4)
2024-06-16T07:00:00,R001,Netravathi,2316598,12.8523,74.8301,8.038,232.66,1.82,3.38,10.06,14.06,18.06,NORMAL,Simulated (formula: level = rain*0.6 + upstream_rain*0.4)
2024-06-16T08:00:00,R001,Netravathi,2316598,12.8523,74.8301,6.006,186.52,0.61,6.76,10.06,14.06,18.06,NORMAL,Simulated (formula: level = rain*0.6 + upstream_rain*0.4)
2024-06-16T09:00:00,R001,Netravathi,2316598,12.8523,74.8301,5.112,153.29,2.71,2.73,10.06,14.06,18.06,NORMAL,Simulated (formula: level = rain*0.6 + upstream_rain*0.4)
2024-06-16T10:00:00,R001,Netravathi,2316598,12.8523,74.8301,4.917,131.41,1.85,4.14,10.06,14.06,18.06,NORMAL,Simulated (formula: level = rain*0.6 + upstream_rain*0.4)
2024-06-16T11:00:00,R001,Netravathi,2316598,12.8523,74.8301,4.766,158.53,1.9,3.72,10.06,14.06,18.06,NORMAL,Simulated (formula: level = rain*0.6 + upstream_rain*0.4)
2024-06-16T12:00:00,R001,Netravathi,2316598,12.8523,74.8301,4.996,148.77,1.22,5.81,10.06,14.06,18.06,NORMAL,Simulated (formula: level = rain*0.6 + upstream_rain*0.4)
2024-06-16T13:00:00,R001,Netravathi,2316598,12.8523,74.8301,4.85,132.71,1.82,4.11,10.06,14.06,18.06,NORMAL,Simulated (formula: level = rain*0.6 + upstream_rain*0.4)
2024-06-16T14:00:00,R001,Netravathi,2316598,12.8523,74.8301,4.524,145.03,2.39,2.35,10.06,14.06,18.06,NORMAL,Simulated (formula: level = rain*0.6 + upstream_rain*0.4)
2024-06-16T15:00:00,R001,Netravathi,2316598,12.8523,74.8301,8.276,237.79,0.82,18.31,10.06,14.06,18.06,NORMAL,Simulated (formula: level = rain*0.6 + upstream_rain*0.4)
2024-06-16T16:00:00,R001,Netravathi,2316598,12.8523,74.8301,12.366,426.95,2.64,26.76,10.06,14.06,18.06,WARNING,Simulated (formula: level = rain*0.6 + upstream_rain*0.4)
2024-06-16T17:00:00,R001,Netravathi,2316598,12.8523,74.8301,6.128,212.99,1.05,1.82,10.06,14.06,18.06,NORMAL,Simulated (formula: level = rain*0.6 + upstream_rain*0.4)
2024-06-16T18:00:00,R001,Netravathi,2316598,12.8523,74.8301,4.59,161.92,2.59,0.61,10.06,14.06,18.06,NORMAL,Simulated (formula: level = rain*0.6 + upstream_rain*0.4)
2024-06-16T19:00:00,R001,Netravathi,2316598,12.8523,74.8301,8.105,249.98,10.93,2.71,10.06,14.06,18.06,NORMAL,Simulated (formula: level = rain*0.6 + upstream_rain*0.4)
2024-06-16T20:00:00,R001,Netravathi,2316598,12.8523,74.8301,6.811,227.37,5.79,1.85,10.06,14.06,18.06,NORMAL,Simulated (formula: level = rain*0.6 + upstream_rain*0.4)
2024-06-16T21:00:00,R001,Netravathi,2316598,12.8523,74.8301,4.817,137.11,1.83,1.9,10.06,14.06,18.06,NORMAL,Simulated (formula: level = rain*0.6 + upstream_rain*0.4)
2024-06-16T22:00:00,R001,Netravathi,2316598,12.8523,74.8301,4.973,134.67,4.24,1.22,10.06,14.06,18.06,NORMAL,Simulated (formula: level = rain*0.6 + upstream_rain*0.4)
2024-06-16T23:00:00,R001,Netravathi,2316598,12.8523,74.8301,4.301,144.27,2.12,1.82,10.06,14.06,18.06,NORMAL,Simulated (formula: level = rain*0.6 + upstream_rain*0.4)
2024-06-17T00:00:00,R001,Netravathi,2316598,12.8523,74.8301,5.133,139.67,4.13,2.39,10.06,14.06,18.06,NORMAL,Simulated (formula: level = rain*0.6 + upstream_rain*0.4)
2024-06-17T01:00:00,R001,Netravathi,2316598,12.8523,74.8301,4.009,131.59,1.81,0.82,10.06,14.06,18.06,NORMAL,Simulated (formula: level = rain*0.6 + upstream_rain*0.4)
2024-06-17T02:00:00,R001,Netravathi,2316598,12.8523,74.8301,4.202,115.76,2.11,2.64,10.06,14.06,18.06,NORMAL,Simulated (formula: level = rain*0.6 + upstream_rain*0.4)
2024-06-17T03:00:00,R001,Netravathi,2316598,12.8523,74.8301,3.641,114.41,1.5,1.05,10.06,14.06,18.06,NORMAL,Simulated (formula: level = rain*0.6 + upstream_rain*0.4)
2024-06-17T04:00:00,R001,Netravathi,2316598,12.8523,74.8301,4.372,155.63,2.59,2.59,10.06,14.06,18.06,NORMAL,Simulated (formula: level = rain*0.6 + upstream_rain*0.4)
2024-06-17T05:00:00,R001,Netravathi,2316598,12.8523,74.8301,7.663,256.43,4.56,10.93,10.06,14.06,18.06,NORMAL,Simulated (formula: level = rain*0.6 + upstream_rain*0.4)
2024-06-17T06:00:00,R001,Netravathi,2316598,12.8523,74.8301,14.204,409.55,21.04,5.79,10.06,14.06,18.06,DANGER,Simulated (formula: level = rain*0.6 + upstream_rain*0.4)
2024-06-17T07:00:00,R001,Netravathi,2316598,12.8523,74.8301,6.63,181.43,0.81,1.83,10.06,14.06,18.06,NORMAL,Simulated (formula: level = rain*0.6 + upstream_rain*0.4)
2024-06-17T08:00:00,R001,Netravathi,2316598,12.8523,74.8301,5.297,178.09,1.62,4.24,10.06,14.06,18.06,NORMAL,Simulated (formula: level = rain*0.6 + upstream_rain*0.4)
2024-06-17T09:00:00,R001,Netravathi,2316598,12.8523,74.8301,4.367,155.91,1.78,2.12,10.06,14.06,18.06,NORMAL,Simulated (formula: level = rain*0.6 + upstream_rain*0.4)
2024-06-17T10:00:00,R001,Netravathi,2316598,12.8523,74.8301,4.767,162.87,1.87,4.13,10.06,14.06,18.06,NORMAL,Simulated (formula: level = rain*0.6 + upstream_rain*0.4)
2024-06-17T11:00:00,R001,Netravathi,2316598,12.8523,74.8301,3.949,109.27,1.43,1.81,10.06,14.06,18.06,NORMAL,Simulated (formula: level = rain*0.6 + upstream_rain*0.4)
2024-06-17T12:00:00,R001,Netravathi,2316598,12.8523,74.8301,3.835,109.61,1.49,2.11,10.06,14.06,18.06,NORMAL,Simulated (formula: level = rain*0.6 + upstream_rain*0.4)
2024-06-17T13:00:00,R001,Netravathi,2316598,12.8523,74.8301,3.563,116.17,1.15,1.5,10.06,14.06,18.06,NORMAL,Simulated (formula: level = rain*0.6 + upstream_rain*0.4)
2024-06-17T14:00:00,R001,Netravathi,2316598,12.8523,74.8301,4.757,171.03,3.41,2.59,10.06,14.06,18.06,NORMAL,Simulated (formula: level = rain*0.6 + upstream_rain*0.4)
2024-06-17T15:00:00,R001,Netravathi,2316598,12.8523,74.8301,4.53,156.52,1.04,4.56,10.06,14.06,18.06,NORMAL,Simulated (formula: level = rain*0.6 + upstream_rain*0.4)
2024-06-17T16:00:00,R001,Netravathi,2316598,12.8523,74.8301,9.015,271.99,0.79,21.04,10.06,14.06,18.06,NORMAL,Simulated (formula: level = rain*0.6 + upstream_rain*0.4)
2024-06-17T17:00:00,R001,Netravathi,2316598,12.8523,74.8301,4.723,148.45,0.77,0.81,10.06,14.06,18.06,NORMAL,Simulated (formula: level = rain*0.6 + upstream_rain*0.4)
2024-06-17T18:00:00,R001,Netravathi,2316598,12.8523,74.8301,5.073,163.93,4.04,1.62,10.06,14.06,18.06,NORMAL,Simulated (formula: level = rain*0.6 + upstream_rain*0.4)
2024-06-17T19:00:00,R001,Netravathi,2316598,12.8523,74.8301,4.239,130.06,1.79,1.78,10.06,14.06,18.06,NORMAL,Simulated (formula: level = rain*0.6 + upstream_rain*0.4)
2024-06-17T20:00:00,R001,Netravathi,2316598,12.8523,74.8301,3.685,131.03,1.14,1.87,10.06,14.06,18.06,NORMAL,Simulated (formula: level = rain*0.6 + upstream_rain*0.4)
2024-06-17T21:00:00,R001,Netravathi,2316598,12.8523,74.8301,3.599,129.03,1.46,1.43,10.06,14.06,18.06,NORMAL,Simulated (formula: level = rain*0.6 + upstream_rain*0.4)
2024-06-17T22:00:00,R001,Netravathi,2316598,12.8523,74.8301,4.631,141.68,4.3,1.49,10.06,14.06,18.06,NORMAL,Simulated (formula: level = rain*0.6 + upstream_rain*0.4)
2024-06-17T23:00:00,R001,Netravathi,2316598,12.8523,74.8301,5.885,208.6,6.49,1.15,10.06,14.06,18.06,NORMAL,Simulated (formula: level = rain*0.6 + upstream_rain*0.4)
2024-06-18T00:00:00,R001,Netravathi,2316598,12.8523,74.8301,5.344,165.53,2.72,3.41,10.06,14.06,18.06,NORMAL,Simulated (formula: level = rain*0.6 + upstream_rain*0.4)
2024-06-18T01:00:00,R001,Netravathi,2316598,12.8523,74.8301,4.694,150.19,3.1,1.04,10.06,14.06,18.06,NORMAL,Simulated (formula: level = rain*0.6 + upstream_rain*0.4)
2024-06-18T02:00:00,R001,Netravathi,2316598,12.8523,74.8301,4.401,118.16,3.11,0.79,10.06,14.06,18.06,NORMAL,Simulated (formula: level = rain*0.6 + upstream_rain*0.4)
2024-06-18T03:00:00,R001,Netravathi,2316598,12.8523,74.8301,4.289,141.99,3.29,0.77,10.06,14.06,18.06,NORMAL,Simulated (formula: level = rain*0.6 + upstream_rain*0.4)
2024-06-18T04:00:00,R001,Netravathi,2316598,12.8523,74.8301,5.276,149.01,3.26,4.04,10.06,14.06,18.06,NORMAL,Simulated (formula: level = rain*0.6 + upstream_rain*0.4)
2024-06-18T05:00:00,R001,Netravathi,2316598,12.8523,74.8301,6.633,202.49,7.46,1.79,10.06,14.06,18.06,NORMAL,Simulated (formula: level = rain*0.6 + upstream_rain*0.4)
2024-06-18T06:00:00,R001,Netravathi,2316598,12.8523,74.8301,4.812,133.43,2.58,1.14,10.06,14.06,18.06,NORMAL,Simulated (formula: level = rain*0.6 + upstream_rain*0.4)
2024-06-18T07:00:00,R001,Netravathi,2316598,12.8523,74.8301,3.982,129.57,1.5,1.46,10.06,14.06,18.06,NORMAL,Simulated (formula: level = rain*0.6 + upstream_rain*0.4)
2024-06-18T08:00:00,R001,Netravathi,2316598,12.8523,74.8301,4.22,129.86,1.14,4.3,10.06,14.06,18.06,NORMAL,Simulated (formula: level = rain*0.6 + upstream_rain*0.4)
2024-06-18T09:00:00,R001,Netravathi,2316598,12.8523,74.8301,5.269,161.13,1.51,6.49,10.06,14.06,18.06,NORMAL,Simulated (formula: level = rain*0.6 + upstream_rain*0.4)
2024-06-18T10:00:00,R001,Netravathi,2316598,12.8523,74.8301,8.18,272.48,10.36,2.72,10.06,14.06,18.06,NORMAL,Simulated (formula: level = rain*0.6 + upstream_rain*0.4)
2024-06-18T11:00:00,R001,Netravathi,2316598,12.8523,74.8301,13.48,379.95,20.65,3.1,10.06,14.06,18.06,WARNING,Simulated (formula: level = rain*0.6 + upstream_rain*0.4)
2024-06-18T12:00:00,R001,Netravathi,2316598,12.8523,74.8301,7.132,249.81,1.86,3.11,10.06,14.06,18.06,NORMAL,Simulated (formula: level = rain*0.6 + upstream_rain*0.4)
2024-06-18T13:00:00,R001,Netravathi,2316598,12.8523,74.8301,4.859,160.66,0.76,3.29,10.06,14.06,18.06,NORMAL,Simulated (formula: level = rain*0.6 + upstream_rain*0.4)
2024-06-18T14:00:00,R001,Netravathi,2316598,12.8523,74.8301,5.077,137.61,2.94,3.26,10.06,14.06,18.06,NORMAL,Simulated (formula: level = rain*0.6 + upstream_rain*0.4)
2024-06-18T15:00:00,R001,Netravathi,2316598,12.8523,74.8301,5.728,166.14,1.58,7.46,10.06,14.06,18.06,NORMAL,Simulated (formula: level = rain*0.6 + upstream_rain*0.4)
2024-06-18T16:00:00,R001,Netravathi,2316598,12.8523,74.8301,4.258,116.72,1.07,2.58,10.06,14.06,18.06,NORMAL,Simulated (formula: level = rain*0.6 + upstream_rain*0.4)
2024-06-18T17:00:00,R001,Netravathi,2316598,12.8523,74.8301,4.337,140.41,2.8,1.5,10.06,14.06,18.06,NORMAL,Simulated (formula: level = rain*0.6 + upstream_rain*0.4)
2024-06-18T18:00:00,R001,Netravathi,2316598,12.8523,74.8301,3.838,117.0,1.82,1.14,10.06,14.06,18.06,NORMAL,Simulated (formula: level = rain*0.6 + upstream_rain*0.4)
2024-06-18T19:00:00,R001,Netravathi,2316598,12.8523,74.8301,3.87,127.93,1.92,1.51,10.06,14.06,18.06,NORMAL,Simulated (formula: level = rain*0.6 + upstream_rain*0.4)
2024-06-18T20:00:00,R001,Netravathi,2316598,12.8523,74.8301,6.386,174.78,2.05,10.36,10.06,14.06,18.06,NORMAL,Simulated (formula: level = rain*0.6 + upstream_rain*0.4)
2024-06-18T21:00:00,R001,Netravathi,2316598,12.8523,74.8301,10.4,298.21,2.97,20.65,10.06,14.06,18.06,WARNING,Simulated (formula: level = rain*0.6 + upstream_rain*0.4)
2024-06-18T22:00:00,R001,Netravathi,2316598,12.8523,74.8301,11.8,336.9,15.97,1.86,10.06,14.06,18.06,WARNING,Simulated (formula: level = rain*0.6 + upstream_rain*0.4)
2024-06-18T23:00:00,R001,Netravathi,2316598,12.8523,74.8301,14.377,389.52,22.04,0.76,10.06,14.06,18.06,DANGER,Simulated (formula: level = rain*0.6 + upstream_rain*0.4)
2024-06-19T00:00:00,R001,Netravathi,2316598,12.8523,74.8301,9.733,269.11,7.73,2.94,10.06,14.06,18.06,NORMAL,Simulated (formula: level = rain*0.6 + upstream_rain*0.4)
2024-06-19T01:00:00,R001,Netravathi,2316598,12.8523,74.8301,7.466,245.03,6.35,1.58,10.06,14.06,18.06,NORMAL,Simulated (formula: level = rain*0.6 + upstream_rain*0.4)
2024-06-19T02:00:00,R001,Netravathi,2316598,12.8523,74.8301,8.405,241.97,10.62,1.07,10.06,14.06,18.06,NORMAL,Simulated (formula: level = rain*0.6 + upstream_rain*0.4)
2024-06-19T03:00:00,R001,Netravathi,2316598,12.8523,74.8301,11.501,321.03,16.03,2.8,10.06,14.06,18.06,WARNING,Simulated (formula: level = rain*0.6 + upstream_rain*0.4)
2024-06-19T04:00:00,R001,Netravathi,2316598,12.8523,74.8301,7.616,251.79,5.42,1.82,10.06,14.06,18.06,NORMAL,Simulated (formula: level = rain*0.6 + upstream_rain*0.4)
2024-06-19T05:00:00,R001,Netravathi,2316598,12.8523,74.8301,6.323,182.06,4.97,1.92,10.06,14.06,18.06,NORMAL,Simulated (formula: level = rain*0.6 + upstream_rain*0.4)
2024-06-19T06:00:00,R001,Netravathi,2316598,12.8523,74.8301,4.597,159.48,1.54,2.05,10.06,14.06,18.06,NORMAL,Simulated (formula: level = rain*0.6 + upstream_rain*0.4)
2024-06-19T07:00:00,R001,Netravathi,2316598,12.8523,74.8301,4.214,150.49,1.34,2.97,10.06,14.06,18.06,NORMAL,Simulated (formula: level = rain*0.6 + upstream_rain*0.4)
2024-06-19T08:00:00,R001,Netravathi,2316598,12.8523,74.8301,7.57,208.1,1.04,15.97,10.06,14.06,18.06,NORMAL,Simulated (formula: level = rain*0.6 + upstream_rain*0.4)
2024-06-19T09:00:00,R001,Netravathi,2316598,12.8523,74.8301,10.745,368.69,1.99,22.04,10.06,14.06,18.06,WARNING,Simulated (formula: level = rain*0.6 + upstream_rain*0.4)
2024-06-19T10:00:00,R001,Netravathi,2316598,12.8523,74.8301,7.442,260.96,1.42,7.73,10.06,14.06,18.06,NORMAL,Simulated (formula: level = rain*0.6 + upstream_rain*0.4)
2024-06-19T11:00:00,R001,Netravathi,2316598,12.8523,74.8301,9.241,282.52,9.14,6.35,10.06,14.06,18.06,NORMAL,Simulated (formula: level = rain*0.6 + upstream_rain*0.4)
2024-06-19T12:00:00,R001,Netravathi,2316598,12.8523,74.8301,15.678,510.78,20.29,10.62,10.06,14.06,18.06,DANGER,Simulated (formula: level = rain*0.6 + upstream_rain*0.4)
2024-06-19T13:00:00,R001,Netravathi,2316598,12.8523,74.8301,14.811,503.81,9.92,16.03,10.06,14.06,18.06,DANGER,Simulated (formula: level = rain*0.6 + upstream_rain*0.4)
2024-06-19T14:00:00,R001,Netravathi,2316598,12.8523,74.8301,22.652,810.16,36.33,5.42,10.06,14.06,18.06,FLOOD,Simulated (formula: level = rain*0.6 + upstream_rain*0.4)
2024-06-19T15:00:00,R001,Netravathi,2316598,12.8523,74.8301,15.062,534.18,12.97,4.97,10.06,14.06,18.06,DANGER,Simulated (formula: level = rain*0.6 + upstream_rain*0.4)
2024-06-19T16:00:00,R001,Netravathi,2316598,12.8523,74.8301,7.116,253.43,1.79,1.54,10.06,14.06,18.06,NORMAL,Simulated (formula: level = rain*0.6 + upstream_rain*0.4)
2024-06-19T17:00:00,R001,Netravathi,2316598,12.8523,74.8301,4.763,131.29,2.25,1.34,10.06,14.06,18.06,NORMAL,Simulated (formula: level = rain*0.6 + upstream_rain*0.4)
2024-06-19T18:00:00,R001,Netravathi,2316598,12.8523,74.8301,3.523,94.19,0.8,1.04,10.06,14.06,18.06,NORMAL,Simulated (formula: level = rain*0.6 + upstream_rain*0.4)
2024-06-19T19:00:00,R001,Netravathi,2316598,12.8523,74.8301,4.861,173.84,4.26,1.99,10.06,14.06,18.06,NORMAL,Simulated (formula: level = rain*0.6 + upstream_rain*0.4)
2024-06-19T20:00:00,R001,Netravathi,2316598,12.8523,74.8301,4.395,156.54,2.63,1.42,10.06,14.06,18.06,NORMAL,Simulated (formula: level = rain*0.6 + upstream_rain*0.4)
2024-06-19T21:00:00,R001,Netravathi,2316598,12.8523,74.8301,6.48,209.25,2.98,9.14,10.06,14.06,18.06,NORMAL,Simulated (formula: level = rain*0.6 + upstream_rain*0.4)
2024-06-19T22:00:00,R001,Netravathi,2316598,12.8523,74.8301,10.587,348.7,3.67,20.29,10.06,14.06,18.06,WARNING,Simulated (formula: level = rain*0.6 + upstream_rain*0.4)
2024-06-19T23:00:00,R001,Netravathi,2316598,12.8523,74.8301,16.016,441.76,20.53,9.92,10.06,14.06,18.06,DANGER,Simulated (formula: level = rain*0.6 + upstream_rain*0.4)
2024-06-20T00:00:00,R001,Netravathi,2316598,12.8523,74.8301,22.121,681.91,13.6,36.33,10.06,14.06,18.06,FLOOD,Simulated (formula: level = rain*0.6 + upstream_rain*0.4)
2024-06-20T01:00:00,R001,Netravathi,2316598,12.8523,74.8301,12.6,381.84,2.13,12.97,10.06,14.06,18.06,WARNING,Simulated (formula: level = rain*0.6 + upstream_rain*0.4)
2024-06-20T02:00:00,R001,Netravathi,2316598,12.8523,74.8301,6.387,187.8,1.85,1.79,10.06,14.06,18.06,NORMAL,Simulated (formula: level = rain*0.6 + upstream_rain*0.4)
2024-06-20T03:00:00,R001,Netravathi,2316598,12.8523,74.8301,5.604,179.13,3.78,2.25,10.06,14.06,18.06,NORMAL,Simulated (formula: level = rain*0.6 + upstream_rain*0.4)
2024-06-20T04:00:00,R001,Netravathi,2316598,12.8523,74.8301,7.535,266.74,9.9,0.8,10.06,14.06,18.06,NORMAL,Simulated (formula: level = rain*0.6 + upstream_rain*0.4)
2024-06-20T05:00:00,R001,Netravathi,2316598,12.8523,74.8301,6.512,210.32,3.77,4.26,10.06,14.06,18.06,NORMAL,Simulated (formula: level = rain*0.6 + upstream_rain*0.4)
2024-06-20T06:00:00,R001,Netravathi,2316598,12.8523,74.8301,5.791,158.6,3.8,2.63,10.06,14.06,18.06,NORMAL,Simulated (formula: level = rain*0.6 + upstream_rain*0.4)
2024-06-20T07:00:00,R001,Netravathi,2316598,12.8523,74.8301,5.188,142.88,2.78,2.98,10.06,14.06,18.06,NORMAL,Simulated (formula: level = rain*0.6 + upstream_rain*0.4)
2024-06-20T08:00:00,R001,Netravathi,2316598,12.8523,74.8301,7.274,201.48,7.58,3.67,10.06,14.06,18.06,NORMAL,Simulated (formula: level = rain*0.6 + upstream_rain*0.4)
2024-06-20T09:00:00,R001,Netravathi,2316598,12.8523,74.8301,15.526,478.85,14.8,20.53,10.06,14.06,18.06,DANGER,Simulated (formula: level = rain*0.6 + upstream_rain*0.4)
2024-06-20T10:00:00,R001,Netravathi,2316598,12.8523,74.8301,10.526,344.09,1.39,13.6,10.06,14.06,18.06,WARNING,Simulated (formula: level = rain*0.6 + upstream_rain*0.4)
2024-06-20T11:00:00,R001,Netravathi,2316598,12.8523,74.8301,5.83,185.81,1.54,2.13,10.06,14.06,18.06,NORMAL,Simulated (formula: level = rain*0.6 + upstream_rain*0.4)
2024-06-20T12:00:00,R001,Netravathi,2316598,12.8523,74.8301,5.211,149.27,3.41,1.85,10.06,14.06,18.06,NORMAL,Simulated (formula: level = rain*0.6 + upstream_rain*0.4)
2024-06-20T13:00:00,R001,Netravathi,2316598,12.8523,74.8301,4.977,136.11,2.24,3.78,10.06,14.06,18.06,NORMAL,Simulated (formula: level = rain*0.6 + upstream_rain*0.4)
2024-06-20T14:00:00,R001,Netravathi,2316598,12.8523,74.8301,6.224,186.96,1.3,9.9,10.06,14.06,18.06,NORMAL,Simulated (formula: level = rain*0.6 + upstream_rain*0.4)
2024-06-20T15:00:00,R001,Netravathi,2316598,12.8523,74.8301,4.588,148.08,0.61,3.77,10.06,14.06,18.06,NORMAL,Simulated (formula: level = rain*0.6 + upstream_rain*0.4)
2024-06-20T16:00:00,R001,Netravathi,2316598,12.8523,74.8301,5.077,154.94,2.79,3.8,10.06,14.06,18.06,NORMAL,Simulated (formula: level = rain*0.6 + upstream_rain*0.4)
2024-06-20T17:00:00,R001,Netravathi,2316598,12.8523,74.8301,4.468,148.06,1.83,2.78,10.06,14.06,18.06,NORMAL,Simulated (formula: level = rain*0.6 + upstream_rain*0.4)
2024-06-20T18:00:00,R001,Netravathi,2316598,12.8523,74.8301,6.007,186.98,2.53,7.58,10.06,14.06,18.06,NORMAL,Simulated (formula: level = rain*0.6 + upstream_rain*0.4)
2024-06-20T19:00:00,R001,Netravathi,2316598,12.8523,74.8301,7.756,263.99,0.79,14.8,10.06,14.06,18.06,NORMAL,Simulated (formula: level = rain*0.6 + upstream_rain*0.4)
2024-06-20T20:00:00,R001,Netravathi,2316598,12.8523,74.8301,4.649,157.06,1.17,1.39,10.06,14.06,18.06,NORMAL,Simulated (formula: level = rain*0.6 + upstream_rain*0.4)
2024-06-20T21:00:00,R001,Netravathi,2316598,12.8523,74.8301,4.396,141.96,2.68,1.54,10.06,14.06,18.06,NORMAL,Simulated (formula: level = rain*0.6 + upstream_rain*0.4)
2024-06-20T22:00:00,R001,Netravathi,2316598,12.8523,74.8301,4.293,142.02,1.45,3.41,10.06,14.06,18.06,NORMAL,Simulated (formula: level = rain*0.6 + upstream_rain*0.4)
2024-06-20T23:00:00,R001,Netravathi,2316598,12.8523,74.8301,5.122,152.84,3.98,2.24,10.06,14.06,18.06,NORMAL,Simulated (formula: level = rain*0.6 + upstream_rain*0.4)
2024-06-21T00:00:00,R001,Netravathi,2316598,12.8523,74.8301,17.43,618.44,33.45,1.3,10.06,14.06,18.06,DANGER,Simulated (formula: level = rain*0.6 + upstream_rain*0.4)
2024-06-21T01:00:00,R001,Netravathi,2316598,12.8523,74.8301,9.0,280.1,5.28,0.61,10.06,14.06,18.06,NORMAL,Simulated (formula: level = rain*0.6 + upstream_rain*0.4)
2024-06-21T02:00:00,R001,Netravathi,2316598,12.8523,74.8301,7.037,192.17,4.92,2.79,10.06,14.06,18.06,NORMAL,Simulated (formula: level = rain*0.6 + upstream_rain*0.4)
2024-06-21T03:00:00,R001,Netravathi,2316598,12.8523,74.8301,6.554,175.52,6.06,1.83,10.06,14.06,18.06,NORMAL,Simulated (formula: level = rain*0.6 + upstream_rain*0.4)
2024-06-21T04:00:00,R001,Netravathi,2316598,12.8523,74.8301,4.967,135.26,2.0,2.53,10.06,14.06,18.06,NORMAL,Simulated (formula: level = rain*0.6 + upstream_rain*0.4)
2024-06-21T05:00:00,R001,Netravathi,2316598,12.8523,74.8301,4.243,123.66,2.53,0.79,10.06,14.06,18.06,NORMAL,Simulated (formula: level = rain*0.6 + upstream_rain*0.4)
2024-06-21T06:00:00,R001,Netravathi,2316598,12.8523,74.8301,3.952,121.39,2.22,1.17,10.06,14.06,18.06,NORMAL,Simulated (formula: level = rain*0.6 + upstream_rain*0.4)
2024-06-21T07:00:00,R001,Netravathi,2316598,12.8523,74.8301,4.23,120.92,2.11,2.68,10.06,14.06,18.06,NORMAL,Simulated (formula: level = rain*0.6 + upstream_rain*0.4)
2024-06-21T08:00:00,R001,Netravathi,2316598,12.8523,74.8301,4.289,123.71,2.76,1.45,10.06,14.06,18.06,NORMAL,Simulated (formula: level = rain*0.6 + upstream_rain*0.4)
2024-06-21T09:00:00,R001,Netravathi,2316598,12.8523,74.8301,4.971,165.5,2.63,3.98,10.06,14.06,18.06,NORMAL,Simulated (formula: level = rain*0.6 + upstream_rain*0.4)
2024-06-21T10:00:00,R001,Netravathi,2316598,12.8523,74.8301,12.727,412.91,1.0,33.45,10.06,14.06,18.06,WARNING,Simulated (formula: level = rain*0.6 + upstream_rain*0.4)
2024-06-21T11:00:00,R001,Netravathi,2316598,12.8523,74.8301,7.437,251.23,1.63,5.28,10.06,14.06,18.06,NORMAL,Simulated (formula: level = rain*0.6 + upstream_rain*0.4)
2024-06-21T12:00:00,R001,Netravathi,2316598,12.8523,74.8301,6.283,195.56,3.11,4.92,10.06,14.06,18.06,NORMAL,Simulated (formula: level = rain*0.6 + upstream_rain*0.4)
2024-06-21T13:00:00,R001,Netravathi,2316598,12.8523,74.8301,6.151,175.99,2.7,6.06,10.06,14.06,18.06,NORMAL,Simulated (formula: level = rain*0.6 + upstream_rain*0.4)
2024-06-21T14:00:00,R001,Netravathi,2316598,12.8523,74.8301,4.687,168.34,2.13,2.0,10.06,14.06,18.06,NORMAL,Simulated (formula: level = rain*0.6 + upstream_rain*0.4)
2024-06-21T15:00:00,R001,Netravathi,2316598,12.8523,74.8301,4.575,129.57,2.43,2.53,10.06,14.06,18.06,NORMAL,Simulated (formula: level = rain*0.6 + upstream_rain*0.4)
2024-06-21T16:00:00,R001,Netravathi,2316598,12.8523,74.8301,3.774,110.47,0.94,2.22,10.06,14.06,18.06,NORMAL,Simulated (formula: level = rain*0.6 + upstream_rain*0.4)
2024-06-21T17:00:00,R001,Netravathi,2316598,12.8523,74.8301,3.383,119.43,0.63,2.11,10.06,14.06,18.06,NORMAL,Simulated (formula: level = rain*0.6 + upstream_rain*0.4)
2024-06-21T18:00:00,R001,Netravathi,2316598,12.8523,74.8301,3.773,131.03,1.42,2.76,10.06,14.06,18.06,NORMAL,Simulated (formula: level = rain*0.6 + upstream_rain*0.4)
2024-06-21T19:00:00,R001,Netravathi,2316598,12.8523,74.8301,3.738,121.65,1.09,2.63,10.06,14.06,18.06,NORMAL,Simulated (formula: level = rain*0.6 + upstream_rain*0.4)
2024-06-21T20:00:00,R001,Netravathi,2316598,12.8523,74.8301,3.227,110.55,0.96,1.0,10.06,14.06,18.06,NORMAL,Simulated (formula: level = rain*0.6 + upstream_rain*0.4)
2024-06-21T21:00:00,R001,Netravathi,2316598,12.8523,74.8301,5.733,161.69,6.86,1.63,10.06,14.06,18.06,NORMAL,Simulated (formula: level = rain*0.6 + upstream_rain*0.4)
2024-06-21T22:00:00,R001,Netravathi,2316598,12.8523,74.8301,6.104,170.07,4.88,3.11,10.06,14.06,18.06,NORMAL,Simulated (formula: level = rain*0.6 + upstream_rain*0.4)
2024-06-21T23:00:00,R001,Netravathi,2316598,12.8523,74.8301,4.755,144.82,1.86,2.7,10.06,14.06,18.06,NORMAL,Simulated (formula: level = rain*0.6 + upstream_rain*0.4)
2024-06-22T00:00:00,R001,Netravathi,2316598,12.8523,74.8301,6.04,168.76,5.96,2.13,10.06,14.06,18.06,NORMAL,Simulated (formula: level = rain*0.6 + upstream_rain*0.4)
2024-06-22T01:00:00,R001,Netravathi,2316598,12.8523,74.8301,10.145,342.1,14.85,2.43,10.06,14.06,18.06,WARNING,Simulated (formula: level = rain*0.6 + upstream_rain*0.4)
2024-06-22T02:00:00,R001,Netravathi,2316598,12.8523,74.8301,15.147,529.89,24.87,0.94,10.06,14.06,18.06,DANGER,Simulated (formula: level = rain*0.6 + upstream_rain*0.4)
2024-06-22T03:00:00,R001,Netravathi,2316598,12.8523,74.8301,7.97,236.92,4.29,0.63,10.06,14.06,18.06,NORMAL,Simulated (formula: level = rain*0.6 + upstream_rain*0.4)
2024-06-22T04:00:00,R001,Netravathi,2316598,12.8523,74.8301,5.699,180.2,3.57,1.42,10.06,14.06,18.06,NORMAL,Simulated (formula: level = rain*0.6 + upstream_rain*0.4)
2024-06-22T05:00:00,R001,Netravathi,2316598,12.8523,74.8301,15.078,450.53,27.75,1.09,10.06,14.06,18.06,DANGER,Simulated (formula: level = rain*0.6 + upstream_rain*0.4)
2024-06-22T06:00:00,R001,Netravathi,2316598,12.8523,74.8301,10.88,351.41,11.06,0.96,10.06,14.06,18.06,WARNING,Simulated (formula: level = rain*0.6 + upstream_rain*0.4)
2024-06-22T07:00:00,R001,Netravathi,2316598,12.8523,74.8301,12.925,462.02,15.17,6.86,10.06,14.06,18.06,WARNING,Simulated (formula: level = rain*0.6 + upstream_rain*0.4)
2024-06-22T08:00:00,R001,Netravathi,2316598,12.8523,74.8301,17.831,632.54,26.44,4.88,10.06,14.06,18.06,DANGER,Simulated (formula: level = rain*0.6 + upstream_rain*0.4)
2024-06-22T09:00:00,R001,Netravathi,2316598,12.8523,74.8301,7.705,216.85,1.12,1.86,10.06,14.06,18.06,NORMAL,Simulated (formula: level = rain*0.6 + upstream_rain*0.4)
2024-06-22T10:00:00,R001,Netravathi,2316598,12.8523,74.8301,5.698,189.36,0.76,5.96,10.06,14.06,18.06,NORMAL,Simulated (formula: level = rain*0.6 + upstream_rain*0.4)
2024-06-22T11:00:00,R001,Netravathi,2316598,12.8523,74.8301,7.846,276.1,1.17,14.85,10.06,14.06,18.06,NORMAL,Simulated (formula: level = rain*0.6 + upstream_rain*0.4)
2024-06-22T12:00:00,R001,Netravathi,2316598,12.8523,74.8301,11.704,339.99,2.14,24.87,10.06,14.06,18.06,WARNING,Simulated (formula: level = rain*0.6 + upstream_rain*0.4)
2024-06-22T13:00:00,R001,Netravathi,2316598,12.8523,74.8301,6.9,219.31,1.76,4.29,10.06,14.06,18.06,NORMAL,Simulated (formula: level = rain*0.6 + upstream_rain*0.4)
2024-06-22T14:00:00,R001,Netravathi,2316598,12.8523,74.8301,5.173,168.26,1.77,3.57,10.06,14.06,18.06,NORMAL,Simulated (formula: level = rain*0.6 + upstream_rain*0.4)
2024-06-22T15:00:00,R001,Netravathi,2316598,12.8523,74.8301,11.174,302.91,1.04,27.75,10.06,14.06,18.06,WARNING,Simulated (formula: level = rain*0.6 + upstream_rain*0.4)
2024-06-22T16:00:00,R001,Netravathi,2316598,12.8523,74.8301,8.246,266.28,0.94,11.06,10.06,14.06,18.06,NORMAL,Simulated (formula: level = rain*0.6 + upstream_rain*0.4)
2024-06-22T17:00:00,R001,Netravathi,2316598,12.8523,74.8301,8.347,223.45,0.54,15.17,10.06,14.06,18.06,NORMAL,Simulated (formula: level = rain*0.6 + upstream_rain*0.4)
2024-06-22T18:00:00,R001,Netravathi,2316598,12.8523,74.8301,11.617,311.92,0.7,26.44,10.06,14.06,18.06,WARNING,Simulated (formula: level = rain*0.6 + upstream_rain*0.4)
2024-06-22T19:00:00,R001,Netravathi,2316598,12.8523,74.8301,5.583,195.43,0.79,1.12,10.06,14.06,18.06,NORMAL,Simulated (formula: level = rain*0.6 + upstream_rain*0.4)
2024-06-22T20:00:00,R001,Netravathi,2316598,12.8523,74.8301,4.064,133.74,1.67,0.76,10.06,14.06,18.06,NORMAL,Simulated (formula: level = rain*0.6 + upstream_rain*0.4)
2024-06-22T21:00:00,R001,Netravathi,2316598,12.8523,74.8301,3.857,117.25,2.06,1.17,10.06,14.06,18.06,NORMAL,Simulated (formula: level = rain*0.6 + upstream_rain*0.4)
2024-06-22T22:00:00,R001,Netravathi,2316598,12.8523,74.8301,5.227,185.41,4.96,2.14,10.06,14.06,18.06,NORMAL,Simulated (formula: level = rain*0.6 + upstream_rain*0.4)
2024-06-22T23:00:00,R001,Netravathi,2316598,12.8523,74.8301,5.137,160.38,3.91,1.76,10.06,14.06,18.06,NORMAL,Simulated (formula: level = rain*0.6 + upstream_rain*0.4)
2024-06-23T00:00:00,R001,Netravathi,2316598,12.8523,74.8301,5.629,164.91,5.12,1.77,10.06,14.06,18.06,NORMAL,Simulated (formula: level = rain*0.6 + upstream_rain*0.4)
2024-06-23T01:00:00,R001,Netravathi,2316598,12.8523,74.8301,5.275,181.12,4.33,1.04,10.06,14.06,18.06,NORMAL,Simulated (formula: level = rain*0.6 + upstream_rain*0.4)
2024-06-23T02:00:00,R001,Netravathi,2316598,12.8523,74.8301,4.117,117.13,2.07,0.94,10.06,14.06,18.06,NORMAL,Simulated (formula: level = rain*0.6 + upstream_rain*0.4)
2024-06-23T03:00:00,R001,Netravathi,2316598,12.8523,74.8301,3.703,110.51,2.16,0.54,10.06,14.06,18.06,NORMAL,Simulated (formula: level = rain*0.6 + upstream_rain*0.4)
2024-06-23T04:00:00,R001,Netravathi,2316598,12.8523,74.8301,3.914,133.45,2.87,0.7,10.06,14.06,18.06,NORMAL,Simulated (formula: level = rain*0.6 + upstream_rain*0.4)
2024-06-23T05:00:00,R001,Netravathi,2316598,12.8523,74.8301,3.789,121.79,2.42,0.79,10.06,14.06,18.06,NORMAL,Simulated (formula: level = rain*0.6 + upstream_rain*0.4)
2024-06-23T06:00:00,R001,Netravathi,2316598,12.8523,74.8301,4.556,132.07,3.57,1.67,10.06,14.06,18.06,NORMAL,Simulated (formula: level = rain*0.6 + upstream_rain*0.4)
2024-06-23T07:00:00,R001,Netravathi,2316598,12.8523,74.8301,3.789,122.56,1.05,2.06,10.06,14.06,18.06,NORMAL,Simulated (formula: level = rain*0.6 + upstream_rain*0.4)
2024-06-23T08:00:00,R001,Netravathi,2316598,12.8523,74.8301,4.264,141.69,0.62,4.96,10.06,14.06,18.06,NORMAL,Simulated (formula: level = rain*0.6 + upstream_rain*0.4)
2024-06-23T09:00:00,R001,Netravathi,2316598,12.8523,74.8301,4.351,143.84,1.19,3.91,10.06,14.06,18.06,NORMAL,Simulated (formula: level = rain*0.6 + upstream_rain*0.4)
2024-06-23T10:00:00,R001,Netravathi,2316598,12.8523,74.8301,4.542,131.77,0.88,5.12,10.06,14.06,18.06,NORMAL,Simulated (formula: level = rain*0.6 + upstream_rain*0.4)
2024-06-23T11:00:00,R001,Netravathi,2316598,12.8523,74.8301,4.491,142.01,1.12,4.33,10.06,14.06,18.06,NORMAL,Simulated (formula: level = rain*0.6 + upstream_rain*0.4)
2024-06-23T12:00:00,R001,Netravathi,2316598,12.8523,74.8301,4.094,125.86,1.79,2.07,10.06,14.06,18.06,NORMAL,Simulated (formula: level = rain*0.6 + upstream_rain*0.4)
2024-06-23T13:00:00,R001,Netravathi,2316598,12.8523,74.8301,3.965,118.29,1.63,2.16,10.06,14.06,18.06,NORMAL,Simulated (formula: level = rain*0.6 + upstream_rain*0.4)
2024-06-23T14:00:00,R001,Netravathi,2316598,12.8523,74.8301,4.197,117.44,1.82,2.87,10.06,14.06,18.06,NORMAL,Simulated (formula: level = rain*0.6 + upstream_rain*0.4)
2024-06-23T15:00:00,R001,Netravathi,2316598,12.8523,74.8301,3.978,110.66,1.31,2.42,10.06,14.06,18.06,NORMAL,Simulated (formula: level = rain*0.6 + upstream_rain*0.4)
2024-06-23T16:00:00,R001,Netravathi,2316598,12.8523,74.8301,4.956,157.4,3.22,3.57,10.06,14.06,18.06,NORMAL,Simulated (formula: level = rain*0.6 + upstream_rain*0.4)
2024-06-23T17:00:00,R001,Netravathi,2316598,12.8523,74.8301,3.952,114.05,1.63,1.05,10.06,14.06,18.06,NORMAL,Simulated (formula: level = rain*0.6 + upstream_rain*0.4)
2024-06-23T18:00:00,R001,Netravathi,2316598,12.8523,74.8301,3.269,107.01,1.05,0.62,10.06,14.06,18.06,NORMAL,Simulated (formula: level = rain*0.6 + upstream_rain*0.4)
2024-06-23T19:00:00,R001,Netravathi,2316598,12.8523,74.8301,3.178,103.62,0.97,1.19,10.06,14.06,18.06,NORMAL,Simulated (formula: level = rain*0.6 + upstream_rain*0.4)
2024-06-23T20:00:00,R001,Netravathi,2316598,12.8523,74.8301,3.187,106.59,1.45,0.88,10.06,14.06,18.06,NORMAL,Simulated (formula: level = rain*0.6 + upstream_rain*0.4)
2024-06-23T21:00:00,R001,Netravathi,2316598,12.8523,74.8301,3.932,130.61,3.04,1.12,10.06,14.06,18.06,NORMAL,Simulated (formula: level = rain*0.6 + upstream_rain*0.4)
2024-06-23T22:00:00,R001,Netravathi,2316598,12.8523,74.8301,4.771,151.9,3.94,1.79,10.06,14.06,18.06,NORMAL,Simulated (formula: level = rain*0.6 + upstream_rain*0.4)
2024-06-23T23:00:00,R001,Netravathi,2316598,12.8523,74.8301,4.631,160.62,3.09,1.63,10.06,14.06,18.06,NORMAL,Simulated (formula: level = rain*0.6 + upstream_rain*0.4)
2024-06-24T00:00:00,R001,Netravathi,2316598,12.8523,74.8301,4.022,131.65,1.78,1.82,10.06,14.06,18.06,NORMAL,Simulated (formula: level = rain*0.6 + upstream_rain*0.4)
2024-06-24T01:00:00,R001,Netravathi,2316598,12.8523,74.8301,3.793,116.24,1.66,1.31,10.06,14.06,18.06,NORMAL,Simulated (formula: level = rain*0.6 + upstream_rain*0.4)
2024-06-24T02:00:00,R001,Netravathi,2316598,12.8523,74.8301,4.361,123.87,2.09,3.22,10.06,14.06,18.06,NORMAL,Simulated (formula: level = rain*0.6 + upstream_rain*0.4)
2024-06-24T03:00:00,R001,Netravathi,2316598,12.8523,74.8301,4.165,112.5,2.31,1.63,10.06,14.06,18.06,NORMAL,Simulated (formula: level = rain*0.6 + upstream_rain*0.4)
2024-06-24T04:00:00,R001,Netravathi,2316598,12.8523,74.8301,4.534,139.63,3.63,1.05,10.06,14.06,18.06,NORMAL,Simulated (formula: level = rain*0.6 + upstream_rain*0.4)
2024-06-24T05:00:00,R001,Netravathi,2316598,12.8523,74.8301,4.325,137.19,3.08,0.97,10.06,14.06,18.06,NORMAL,Simulated (formula: level = rain*0.6 + upstream_rain*0.4)
2024-06-24T06:00:00,R001,Netravathi,2316598,12.8523,74.8301,3.896,124.62,2.04,1.45,10.06,14.06,18.06,NORMAL,Simulated (formula: level = rain*0.6 + upstream_rain*0.4)
2024-06-24T07:00:00,R001,Netravathi,2316598,12.8523,74.8301,4.395,150.14,2.25,3.04,10.06,14.06,18.06,NORMAL,Simulated (formula: level = rain*0.6 + upstream_rain*0.4)
2024-06-24T08:00:00,R001,Netravathi,2316598,12.8523,74.8301,5.73,191.83,4.54,3.94,10.06,14.06,18.06,NORMAL,Simulated (formula: level = rain*0.6 + upstream_rain*0.4)
2024-06-24T09:00:00,R001,Netravathi,2316598,12.8523,74.8301,4.52,137.96,1.18,3.09,10.06,14.06,18.06,NORMAL,Simulated (formula: level = rain*0.6 + upstream_rain*0.4)
2024-06-24T10:00:00,R001,Netravathi,2316598,12.8523,74.8301,5.028,153.01,4.11,1.78,10.06,14.06,18.06,NORMAL,Simulated (formula: level = rain*0.6 + upstream_rain*0.4)
2024-06-24T11:00:00,R001,Netravathi,2316598,12.8523,74.8301,3.678,100.82,0.82,1.66,10.06,14.06,18.06,NORMAL,Simulated (formula: level = rain*0.6 + upstream_rain*0.4)
2024-06-24T12:00:00,R001,Netravathi,2316598,12.8523,74.8301,3.48,119.27,0.93,2.09,10.06,14.06,18.06,NORMAL,Simulated (formula: level = rain*0.6 + upstream_rain*0.4)
2024-06-24T13:00:00,R001,Netravathi,2316598,12.8523,74.8301,3.708,116.5,1.27,2.31,10.06,14.06,18.06,NORMAL,Simulated (formula: level = rain*0.6 + upstream_rain*0.4)
2024-06-24T14:00:00,R001,Netravathi,2316598,12.8523,74.8301,5.09,169.28,3.45,3.63,10.06,14.06,18.06,NORMAL,Simulated (formula: level = rain*0.6 + upstream_rain*0.4)
2024-06-24T15:00:00,R001,Netravathi,2316598,12.8523,74.8301,4.637,127.61,1.93,3.08,10.06,14.06,18.06,NORMAL,Simulated (formula: level = rain*0.6 + upstream_rain*0.4)
2024-06-24T16:00:00,R001,Netravathi,2316598,12.8523,74.8301,5.275,180.52,4.44,2.04,10.06,14.06,18.06,NORMAL,Simulated (formula: level = rain*0.6 + upstream_rain*0.4)
2024-06-24T17:00:00,R001,Netravathi,2316598,12.8523,74.8301,4.174,117.78,1.2,2.25,10.06,14.06,18.06,NORMAL,Simulated (formula: level = rain*0.6 + upstream_rain*0.4)
2024-06-24T18:00:00,R001,Netravathi,2316598,12.8523,74.8301,4.448,143.84,1.12,4.54,10.06,14.06,18.06,NORMAL,Simulated (formula: level = rain*0.6 + upstream_rain*0.4)
2024-06-24T19:00:00,R001,Netravathi,2316598,12.8523,74.8301,3.775,122.78,1.28,1.18,10.06,14.06,18.06,NORMAL,Simulated (formula: level = rain*0.6 + upstream_rain*0.4)
2024-06-24T20:00:00,R001,Netravathi,2316598,12.8523,74.8301,12.687,438.62,21.14,4.11,10.06,14.06,18.06,WARNING,Simulated (formula: level = rain*0.6 + upstream_rain*0.4)
2024-06-24T21:00:00,R001,Netravathi,2316598,12.8523,74.8301,11.858,409.04,15.26,0.82,10.06,14.06,18.06,WARNING,Simulated (formula: level = rain*0.6 + upstream_rain*0.4)
2024-06-24T22:00:00,R001,Netravathi,2316598,12.8523,74.8301,6.355,207.59,2.64,0.93,10.06,14.06,18.06,NORMAL,Simulated (formula: level = rain*0.6 + upstream_rain*0.4)
2024-06-24T23:00:00,R001,Netravathi,2316598,12.8523,74.8301,4.36,131.13,1.42,1.27,10.06,14.06,18.06,NORMAL,Simulated (formula: level = rain*0.6 + upstream_rain*0.4)
2024-06-25T00:00:00,R001,Netravathi,2316598,12.8523,74.8301,5.549,186.76,4.29,3.45,10.06,14.06,18.06,NORMAL,Simulated (formula: level = rain*0.6 + upstream_rain*0.4)
2024-06-25T01:00:00,R001,Netravathi,2316598,12.8523,74.8301,5.76,183.33,4.91,1.93,10.06,14.06,18.06,NORMAL,Simulated (formula: level = rain*0.6 + upstream_rain*0.4)
2024-06-25T02:00:00,R001,Netravathi,2316598,12.8523,74.8301,9.166,325.02,11.23,4.44,10.06,14.06,18.06,NORMAL,Simulated (formula: level = rain*0.6 + upstream_rain*0.4)
2024-06-25T03:00:00,R001,Netravathi,2316598,12.8523,74.8301,7.5,268.87,7.17,1.2,10.06,14.06,18.06,NORMAL,Simulated (formula: level = rain*0.6 + upstream_rain*0.4)
2024-06-25T04:00:00,R001,Netravathi,2316598,12.8523,74.8301,5.325,178.32,3.29,1.12,10.06,14.06,18.06,NORMAL,Simulated (formula: level = rain*0.6 + upstream_rain*0.4)
2024-06-25T05:00:00,R001,Netravathi,2316598,12.8523,74.8301,4.255,148.99,2.21,1.28,10.06,14.06,18.06,NORMAL,Simulated (formula: level = rain*0.6 + upstream_rain*0.4)
2024-06-25T06:00:00,R001,Netravathi,2316598,12.8523,74.8301,10.738,305.29,5.08,21.14,10.06,14.06,18.06,WARNING,Simulated (formula: level = rain*0.6 + upstream_rain*0.4)
2024-06-25T07:00:00,R001,Netravathi,2316598,12.8523,74.8301,9.245,290.92,0.68,15.26,10.06,14.06,18.06,NORMAL,Simulated (formula: level = rain*0.6 + upstream_rain*0.4)
2024-06-25T08:00:00,R001,Netravathi,2316598,12.8523,74.8301,5.366,178.53,1.04,2.64,10.06,14.06,18.06,NORMAL,Simulated (formula: level = rain*0.6 + upstream_rain*0.4)
2024-06-25T09:00:00,R001,Netravathi,2316598,12.8523,74.8301,4.083,136.15,1.26,1.42,10.06,14.06,18.06,NORMAL,Simulated (formula: level = rain*0.6 + upstream_rain*0.4)
2024-06-25T10:00:00,R001,Netravathi,2316598,12.8523,74.8301,4.33,149.39,1.28,4.29,10.06,14.06,18.06,NORMAL,Simulated (formula: level = rain*0.6 + upstream_rain*0.4)
2024-06-25T11:00:00,R001,Netravathi,2316598,12.8523,74.8301,4.249,122.97,0.34,4.91,10.06,14.06,18.06,NORMAL,Simulated (formula: level = rain*0.6 + upstream_rain*0.4)
2024-06-25T12:00:00,R001,Netravathi,2316598,12.8523,74.8301,6.347,176.48,1.03,11.23,10.06,14.06,18.06,NORMAL,Simulated (formula: level = rain*0.6 + upstream_rain*0.4)
2024-06-25T13:00:00,R001,Netravathi,2316598,12.8523,74.8301,6.301,214.09,2.03,7.17,10.06,14.06,18.06,NORMAL,Simulated (formula: level = rain*0.6 + upstream_rain*0.4)
2024-06-25T14:00:00,R001,Netravathi,2316598,12.8523,74.8301,5.01,143.74,1.91,3.29,10.06,14.06,18.06,NORMAL,Simulated (formula: level = rain*0.6 + upstream_rain*0.4)
2024-06-25T15:00:00,R001,Netravathi,2316598,12.8523,74.8301,4.024,120.33,1.06,2.21,10.06,14.06,18.06,NORMAL,Simulated (formula: level = rain*0.6 + upstream_rain*0.4)
2024-06-25T16:00:00,R001,Netravathi,2316598,12.8523,74.8301,4.816,161.3,1.69,5.08,10.06,14.06,18.06,NORMAL,Simulated (formula: level = rain*0.6 + upstream_rain*0.4)
2024-06-25T17:00:00,R001,Netravathi,2316598,12.8523,74.8301,3.586,106.93,1.44,0.68,10.06,14.06,18.06,NORMAL,Simulated (formula: level = rain*0.6 + upstream_rain*0.4)
2024-06-25T18:00:00,R001,Netravathi,2316598,12.8523,74.8301,3.032,97.4,0.43,1.04,10.06,14.06,18.06,NORMAL,Simulated (formula: level = rain*0.6 + upstream_rain*0.4)
2024-06-25T19:00:00,R001,Netravathi,2316598,12.8523,74.8301,3.658,127.32,2.25,1.26,10.06,14.06,18.06,NORMAL,Simulated (formula: level = rain*0.6 + upstream_rain*0.4)
2024-06-25T20:00:00,R001,Netravathi,2316598,12.8523,74.8301,3.463,111.04,1.39,1.28,10.06,14.06,18.06,NORMAL,Simulated (formula: level = rain*0.6 + upstream_rain*0.4)
2024-06-25T21:00:00,R001,Netravathi,2316598,12.8523,74.8301,4.011,137.57,3.3,0.34,10.06,14.06,18.06,NORMAL,Simulated (formula: level = rain*0.6 + upstream_rain*0.4)
2024-06-25T22:00:00,R001,Netravathi,2316598,12.8523,74.8301,3.616,103.88,1.62,1.03,10.06,14.06,18.06,NORMAL,Simulated (formula: level = rain*0.6 + upstream_rain*0.4)
2024-06-25T23:00:00,R001,Netravathi,2316598,12.8523,74.8301,4.508,122.14,3.45,2.03,10.06,14.06,18.06,NORMAL,Simulated (formula: level = rain*0.6 + upstream_rain*0.4)
2024-06-26T00:00:00,R001,Netravathi,2316598,12.8523,74.8301,4.973,174.5,3.75,1.91,10.06,14.06,18.06,NORMAL,Simulated (formula: level = rain*0.6 + upstream_rain*0.4)
2024-06-26T01:00:00,R001,Netravathi,2316598,12.8523,74.8301,4.262,126.54,2.53,1.06,10.06,14.06,18.06,NORMAL,Simulated (formula: level = rain*0.6 + upstream_rain*0.4)
2024-06-26T02:00:00,R001,Netravathi,2316598,12.8523,74.8301,4.968,134.64,4.07,1.69,10.06,14.06,18.06,NORMAL,Simulated (formula: level = rain*0.6 + upstream_rain*0.4)
2024-06-26T03:00:00,R001,Netravathi,2316598,12.8523,74.8301,4.373,127.68,2.75,1.44,10.06,14.06,18.06,NORMAL,Simulated (formula: level = rain*0.6 + upstream_rain*0.4)
2024-06-26T04:00:00,R001,Netravathi,2316598,12.8523,74.8301,3.826,108.94,2.15,0.43,10.06,14.06,18.06,NORMAL,Simulated (formula: level = rain*0.6 + upstream_rain*0.4)
2024-06-26T05:00:00,R001,Netravathi,2316598,12.8523,74.8301,4.456,147.56,2.98,2.25,10.06,14.06,18.06,NORMAL,Simulated (formula: level = rain*0.6 + upstream_rain*0.4)
2024-06-26T06:00:00,R001,Netravathi,2316598,12.8523,74.8301,3.743,103.03,1.33,1.39,10.06,14.06,18.06,NORMAL,Simulated (formula: level = rain*0.6 + upstream_rain*0.4)
2024-06-26T07:00:00,R001,Netravathi,2316598,12.8523,74.8301,4.318,115.25,1.95,3.3,10.06,14.06,18.06,NORMAL,Simulated (formula: level = rain*0.6 + upstream_rain*0.4)
2024-06-26T08:00:00,R001,Netravathi,2316598,12.8523,74.8301,8.562,275.7,12.67,1.62,10.06,14.06,18.06,NORMAL,Simulated (formula: level = rain*0.6 + upstream_rain*0.4)
2024-06-26T09:00:00,R001,Netravathi,2316598,12.8523,74.8301,13.964,470.26,21.49,3.45,10.06,14.06,18.06,WARNING,Simulated (formula: level = rain*0.6 + upstream_rain*0.4)
2024-06-26T10:00:00,R001,Netravathi,2316598,12.8523,74.8301,7.097,245.38,1.01,3.75,10.06,14.06,18.06,NORMAL,Simulated (formula: level = rain*0.6 + upstream_rain*0.4)
2024-06-26T11:00:00,R001,Netravathi,2316598,12.8523,74.8301,5.277,155.87,2.41,2.53,10.06,14.06,18.06,NORMAL,Simulated (formula: level = rain*0.6 + upstream_rain*0.4)
2024-06-26T12:00:00,R001,Netravathi,2316598,12.8523,74.8301,17.462,515.22,31.6,4.07,10.06,14.06,18.06,DANGER,Simulated (formula: level = rain*0.6 + upstream_rain*0.4)
2024-06-26T13:00:00,R001,Netravathi,2316598,12.8523,74.8301,8.496,253.89,2.49,2.75,10.06,14.06,18.06,NORMAL,Simulated (formula: level = rain*0.6 + upstream_rain*0.4)
2024-06-26T14:00:00,R001,Netravathi,2316598,12.8523,74.8301,5.443,191.78,1.99,2.15,10.06,14.06,18.06,NORMAL,Simulated (formula: level = rain*0.6 + upstream_rain*0.4)
2024-06-26T15:00:00,R001,Netravathi,2316598,12.8523,74.8301,4.09,119.73,0.38,2.98,10.06,14.06,18.06,NORMAL,Simulated (formula: level = rain*0.6 + upstream_rain*0.4)
2024-06-26T16:00:00,R001,Netravathi,2316598,12.8523,74.8301,3.413,119.53,1.08,1.33,10.06,14.06,18.06,NORMAL,Simulated (formula: level = rain*0.6 + upstream_rain*0.4)
2024-06-26T17:00:00,R001,Netravathi,2316598,12.8523,74.8301,4.081,140.96,2.57,1.95,10.06,14.06,18.06,NORMAL,Simulated (formula: level = rain*0.6 + upstream_rain*0.4)
2024-06-26T18:00:00,R001,Netravathi,2316598,12.8523,74.8301,6.846,193.89,1.49,12.67,10.06,14.06,18.06,NORMAL,Simulated (formula: level = rain*0.6 + upstream_rain*0.4)
2024-06-26T19:00:00,R001,Netravathi,2316598,12.8523,74.8301,10.077,300.15,1.31,21.49,10.06,14.06,18.06,WARNING,Simulated (formula: level = rain*0.6 + upstream_rain*0.4)
2024-06-26T20:00:00,R001,Netravathi,2316598,12.8523,74.8301,5.138,162.21,0.63,1.01,10.06,14.06,18.06,NORMAL,Simulated (formula: level = rain*0.6 + upstream_rain*0.4)
2024-06-26T21:00:00,R001,Netravathi,2316598,12.8523,74.8301,4.504,146.82,1.91,2.41,10.06,14.06,18.06,NORMAL,Simulated (formula: level = rain*0.6 + upstream_rain*0.4)
2024-06-26T22:00:00,R001,Netravathi,2316598,12.8523,74.8301,12.644,385.78,2.23,31.6,10.06,14.06,18.06,WARNING,Simulated (formula: level = rain*0.6 + upstream_rain*0.4)
2024-06-26T23:00:00,R001,Netravathi,2316598,12.8523,74.8301,7.653,210.76,4.15,2.49,10.06,14.06,18.06,NORMAL,Simulated (formula: level = rain*0.6 + upstream_rain*0.4)
2024-06-27T00:00:00,R001,Netravathi,2316598,12.8523,74.8301,5.379,169.61,2.48,1.99,10.06,14.06,18.06,NORMAL,Simulated (formula: level = rain*0.6 + upstream_rain*0.4)
2024-06-27T01:00:00,R001,Netravathi,2316598,12.8523,74.8301,4.111,143.13,2.04,0.38,10.06,14.06,18.06,NORMAL,Simulated (formula: level = rain*0.6 + upstream_rain*0.4)
2024-06-27T02:00:00,R001,Netravathi,2316598,12.8523,74.8301,3.605,115.03,1.54,1.08,10.06,14.06,18.06,NORMAL,Simulated (formula: level = rain*0.6 + upstream_rain*0.4)
2024-06-27T03:00:00,R001,Netravathi,2316598,12.8523,74.8301,4.206,130.44,2.36,2.57,10.06,14.06,18.06,NORMAL,Simulated (formula: level = rain*0.6 + upstream_rain*0.4)
2024-06-27T04:00:00,R001,Netravathi,2316598,12.8523,74.8301,3.936,119.73,2.11,1.49,10.06,14.06,18.06,NORMAL,Simulated (formula: level = rain*0.6 + upstream_rain*0.4)
2024-06-27T05:00:00,R001,Netravathi,2316598,12.8523,74.8301,3.633,117.77,1.68,1.31,10.06,14.06,18.06,NORMAL,Simulated (formula: level = rain*0.6 + upstream_rain*0.4)
2024-06-27T06:00:00,R001,Netravathi,2316598,12.8523,74.8301,3.591,100.72,1.9,0.63,10.06,14.06,18.06,NORMAL,Simulated (formula: level = rain*0.6 + upstream_rain*0.4)
2024-06-27T07:00:00,R001,Netravathi,2316598,12.8523,74.8301,3.572,98.46,1.4,1.91,10.06,14.06,18.06,NORMAL,Simulated (formula: level = rain*0.6 + upstream_rain*0.4)
2024-06-27T08:00:00,R001,Netravathi,2316598,12.8523,74.8301,3.905,130.14,1.83,2.23,10.06,14.06,18.06,NORMAL,Simulated (formula: level = rain*0.6 + upstream_rain*0.4)
2024-06-27T09:00:00,R001,Netravathi,2316598,12.8523,74.8301,5.165,173.78,3.21,4.15,10.06,14.06,18.06,NORMAL,Simulated (formula: level = rain*0.6 + upstream_rain*0.4)
2024-06-27T10:00:00,R001,Netravathi,2316598,12.8523,74.8301,4.485,158.82,1.88,2.48,10.06,14.06,18.06,NORMAL,Simulated (formula: level = rain*0.6 + upstream_rain*0.4)
2024-06-27T11:00:00,R001,Netravathi,2316598,12.8523,74.8301,4.397,117.87,2.44,2.04,10.06,14.06,18.06,NORMAL,Simulated (formula: level = rain*0.6 + upstream_rain*0.4)
2024-06-27T12:00:00,R001,Netravathi,2316598,12.8523,74.8301,3.748,114.01,1.33,1.54,10.06,14.06,18.06,NORMAL,Simulated (formula: level = rain*0.6 + upstream_rain*0.4)
2024-06-27T13:00:00,R001,Netravathi,2316598,12.8523,74.8301,3.873,105.24,1.41,2.36,10.06,14.06,18.06,NORMAL,Simulated (formula: level = rain*0.6 + upstream_rain*0.4)
2024-06-27T14:00:00,R001,Netravathi,2316598,12.8523,74.8301,3.514,120.77,0.92,2.11,10.06,14.06,18.06,NORMAL,Simulated (formula: level = rain*0.6 + upstream_rain*0.4)
2024-06-27T15:00:00,R001,Netravathi,2316598,12.8523,74.8301,3.175,91.46,0.53,1.68,10.06,14.06,18.06,NORMAL,Simulated (formula: level = rain*0.6 + upstream_rain*0.4)
2024-06-27T16:00:00,R001,Netravathi,2316598,12.8523,74.8301,3.507,110.76,1.39,1.9,10.06,14.06,18.06,NORMAL,Simulated (formula: level = rain*0.6 + upstream_rain*0.4)
2024-06-27T17:00:00,R001,Netravathi,2316598,12.8523,74.8301,4.327,142.74,3.65,1.4,10.06,14.06,18.06,NORMAL,Simulated (formula: level = rain*0.6 + upstream_rain*0.4)
2024-06-27T18:00:00,R001,Netravathi,2316598,12.8523,74.8301,4.178,139.79,2.28,1.83,10.06,14.06,18.06,NORMAL,Simulated (formula: level = rain*0.6 + upstream_rain*0.4)
2024-06-27T19:00:00,R001,Netravathi,2316598,12.8523,74.8301,4.089,127.05,1.19,3.21,10.06,14.06,18.06,NORMAL,Simulated (formula: level = rain*0.6 + upstream_rain*0.4)
2024-06-27T20:00:00,R001,Netravathi,2316598,12.8523,74.8301,4.35,118.22,2.57,1.88,10.06,14.06,18.06,NORMAL,Simulated (formula: level = rain*0.6 + upstream_rain*0.4)
2024-06-27T21:00:00,R001,Netravathi,2316598,12.8523,74.8301,4.101,131.56,1.67,2.44,10.06,14.06,18.06,NORMAL,Simulated (formula: level = rain*0.6 + upstream_rain*0.4)
2024-06-27T22:00:00,R001,Netravathi,2316598,12.8523,74.8301,5.438,157.57,5.56,1.33,10.06,14.06,18.06,NORMAL,Simulated (formula: level = rain*0.6 + upstream_rain*0.4)
2024-06-27T23:00:00,R001,Netravathi,2316598,12.8523,74.8301,6.799,187.59,8.01,1.41,10.06,14.06,18.06,NORMAL,Simulated (formula: level = rain*0.6 + upstream_rain*0.4)
2024-06-28T00:00:00,R001,Netravathi,2316598,12.8523,74.8301,6.969,234.44,7.49,0.92,10.06,14.06,18.06,NORMAL,Simulated (formula: level = rain*0.6 + upstream_rain*0.4)
2024-06-28T01:00:00,R001,Netravathi,2316598,12.8523,74.8301,5.503,181.74,4.38,0.53,10.06,14.06,18.06,NORMAL,Simulated (formula: level = rain*0.6 + upstream_rain*0.4)
2024-06-28T02:00:00,R001,Netravathi,2316598,12.8523,74.8301,4.363,143.38,1.97,1.39,10.06,14.06,18.06,NORMAL,Simulated (formula: level = rain*0.6 + upstream_rain*0.4)
2024-06-28T03:00:00,R001,Netravathi,2316598,12.8523,74.8301,15.747,520.09,28.16,3.65,10.06,14.06,18.06,DANGER,Simulated (formula: level = rain*0.6 + upstream_rain*0.4)
2024-06-28T04:00:00,R001,Netravathi,2316598,12.8523,74.8301,8.397,300.99,3.67,2.28,10.06,14.06,18.06,NORMAL,Simulated (formula: level = rain*0.6 + upstream_rain*0.4)
2024-06-28T05:00:00,R001,Netravathi,2316598,12.8523,74.8301,5.445,184.16,2.56,1.19,10.06,14.06,18.06,NORMAL,Simulated (formula: level = rain*0.6 + upstream_rain*0.4)
2024-06-28T06:00:00,R001,Netravathi,2316598,12.8523,74.8301,16.715,540.85,30.89,2.57,10.06,14.06,18.06,DANGER,Simulated (formula: level = rain*0.6 + upstream_rain*0.4)
2024-06-28T07:00:00,R001,Netravathi,2316598,12.8523,74.8301,8.055,234.92,2.62,1.67,10.06,14.06,18.06,NORMAL,Simulated (formula: level = rain*0.6 + upstream_rain*0.4)
2024-06-28T08:00:00,R001,Netravathi,2316598,12.8523,74.8301,5.786,188.58,0.79,5.56,10.06,14.06,18.06,NORMAL,Simulated (formula: level = rain*0.6 + upstream_rain*0.4)
2024-06-28T09:00:00,R001,Netravathi,2316598,12.8523,74.8301,6.03,169.41,1.47,8.01,10.06,14.06,18.06,NORMAL,Simulated (formula: level = rain*0.6 + upstream_rain*0.4)
2024-06-28T10:00:00,R001,Netravathi,2316598,12.8523,74.8301,5.732,158.45,0.88,7.49,10.06,14.06,18.06,NORMAL,Simulated (formula: level = rain*0.6 + upstream_rain*0.4)
2024-06-28T11:00:00,R001,Netravathi,2316598,12.8523,74.8301,4.843,162.46,1.21,4.38,10.06,14.06,18.06,NORMAL,Simulated (formula: level = rain*0.6 + upstream_rain*0.4)
2024-06-28T12:00:00,R001,Netravathi,2316598,12.8523,74.8301,4.012,106.95,1.4,1.97,10.06,14.06,18.06,NORMAL,Simulated (formula: level = rain*0.6 + upstream_rain*0.4)
2024-06-28T13:00:00,R001,Netravathi,2316598,12.8523,74.8301,10.893,320.89,1.01,28.16,10.06,14.06,18.06,WARNING,Simulated (formula: level = rain*0.6 + upstream_rain*0.4)
2024-06-28T14:00:00,R001,Netravathi,2316598,12.8523,74.8301,6.368,180.17,1.68,3.67,10.06,14.06,18.06,NORMAL,Simulated (formula: level = rain*0.6 + upstream_rain*0.4)
2024-06-28T15:00:00,R001,Netravathi,2316598,12.8523,74.8301,4.783,133.6,1.61,2.56,10.06,14.06,18.06,NORMAL,Simulated (formula: level = rain*0.6 + upstream_rain*0.4)
2024-06-28T16:00:00,R001,Netravathi,2316598,12.8523,74.8301,12.149,412.22,1.58,30.89,10.06,14.06,18.06,WARNING,Simulated (formula: level = rain*0.6 + upstream_rain*0.4)
2024-06-28T17:00:00,R001,Netravathi,2316598,12.8523,74.8301,6.375,220.63,1.28,2.62,10.06,14.06,18.06,NORMAL,Simulated (formula: level = rain*0.6 + upstream_rain*0.4)
2024-06-28T18:00:00,R001,Netravathi,2316598,12.8523,74.8301,4.922,155.93,2.98,0.79,10.06,14.06,18.06,NORMAL,Simulated (formula: level = rain*0.6 + upstream_rain*0.4)
2024-06-28T19:00:00,R001,Netravathi,2316598,12.8523,74.8301,4.048,133.48,1.58,1.47,10.06,14.06,18.06,NORMAL,Simulated (formula: level = rain*0.6 + upstream_rain*0.4)
2024-06-28T20:00:00,R001,Netravathi,2316598,12.8523,74.8301,3.985,134.07,2.65,0.88,10.06,14.06,18.06,NORMAL,Simulated (formula: level = rain*0.6 + upstream_rain*0.4)
2024-06-28T21:00:00,R001,Netravathi,2316598,12.8523,74.8301,17.828,610.28,35.39,1.21,10.06,14.06,18.06,DANGER,Simulated (formula: level = rain*0.6 + upstream_rain*0.4)
2024-06-28T22:00:00,R001,Netravathi,2316598,12.8523,74.8301,9.012,323.95,4.43,1.4,10.06,14.06,18.06,NORMAL,Simulated (formula: level = rain*0.6 + upstream_rain*0.4)
2024-06-28T23:00:00,R001,Netravathi,2316598,12.8523,74.8301,7.282,209.85,6.79,1.01,10.06,14.06,18.06,NORMAL,Simulated (formula: level = rain*0.6 + upstream_rain*0.4)
2024-06-29T00:00:00,R001,Netravathi,2316598,12.8523,74.8301,5.687,152.53,3.58,1.68,10.06,14.06,18.06,NORMAL,Simulated (formula: level = rain*0.6 + upstream_rain*0.4)
2024-06-29T01:00:00,R001,Netravathi,2316598,12.8523,74.8301,4.385,124.1,1.68,1.61,10.06,14.06,18.06,NORMAL,Simulated (formula: level = rain*0.6 + upstream_rain*0.4)
2024-06-29T02:00:00,R001,Netravathi,2316598,12.8523,74.8301,4.033,111.01,2.04,1.58,10.06,14.06,18.06,NORMAL,Simulated (formula: level = rain*0.6 + upstream_rain*0.4)
2024-06-29T03:00:00,R001,Netravathi,2316598,12.8523,74.8301,6.004,164.3,7.29,1.28,10.06,14.06,18.06,NORMAL,Simulated (formula: level = rain*0.6 + upstream_rain*0.4)
2024-06-29T04:00:00,R001,Netravathi,2316598,12.8523,74.8301,8.776,304.78,11.06,2.98,10.06,14.06,18.06,NORMAL,Simulated (formula: level = rain*0.6 + upstream_rain*0.4)
2024-06-29T05:00:00,R001,Netravathi,2316598,12.8523,74.8301,6.512,204.66,5.02,1.58,10.06,14.06,18.06,NORMAL,Simulated (formula: level = rain*0.6 + upstream_rain*0.4)
2024-06-29T06:00:00,R001,Netravathi,2316598,12.8523,74.8301,5.749,194.0,3.77,2.65,10.06,14.06,18.06,NORMAL,Simulated (formula: level = rain*0.6 + upstream_rain*0.4)
2024-06-29T07:00:00,R001,Netravathi,2316598,12.8523,74.8301,13.751,384.78,1.88,35.39,10.06,14.06,18.06,WARNING,Simulated (formula: level = rain*0.6 + upstream_rain*0.4)
2024-06-29T08:00:00,R001,Netravathi,2316598,12.8523,74.8301,7.513,229.67,1.63,4.43,10.06,14.06,18.06,NORMAL,Simulated (formula: level = rain*0.6 + upstream_rain*0.4)
2024-06-29T09:00:00,R001,Netravathi,2316598,12.8523,74.8301,13.169,354.81,18.0,6.79,10.06,14.06,18.06,WARNING,Simulated (formula: level = rain*0.6 + upstream_rain*0.4)
2024-06-29T10:00:00,R001,Netravathi,2316598,12.8523,74.8301,6.68,202.02,0.73,3.58,10.06,14.06,18.06,NORMAL,Simulated (formula: level = rain*0.6 + upstream_rain*0.4)
2024-06-29T11:00:00,R001,Netravathi,2316598,12.8523,74.8301,4.416,132.37,1.32,1.68,10.06,14.06,18.06,NORMAL,Simulated (formula: level = rain*0.6 + upstream_rain*0.4)
2024-06-29T12:00:00,R001,Netravathi,2316598,12.8523,74.8301,4.032,131.78,1.58,2.04,10.06,14.06,18.06,NORMAL,Simulated (formula: level = rain*0.6 + upstream_rain*0.4)
2024-06-29T13:00:00,R001,Netravathi,2316598,12.8523,74.8301,5.092,176.3,0.9,7.29,10.06,14.06,18.06,NORMAL,Simulated (formula: level = rain*0.6 + upstream_rain*0.4)
2024-06-29T14:00:00,R001,Netravathi,2316598,12.8523,74.8301,6.624,203.58,1.31,11.06,10.06,14.06,18.06,NORMAL,Simulated (formula: level = rain*0.6 + upstream_rain*0.4)
2024-06-29T15:00:00,R001,Netravathi,2316598,12.8523,74.8301,5.179,182.43,0.54,5.02,10.06,14.06,18.06,NORMAL,Simulated (formula: level = rain*0.6 + upstream_rain*0.4)
2024-06-29T16:00:00,R001,Netravathi,2316598,12.8523,74.8301,5.638,190.38,3.81,3.77,10.06,14.06,18.06,NORMAL,Simulated (formula: level = rain*0.6 + upstream_rain*0.4)
2024-06-29T17:00:00,R001,Netravathi,2316598,12.8523,74.8301,5.081,145.81,3.45,1.88,10.06,14.06,18.06,NORMAL,Simulated (formula: level = rain*0.6 + upstream_rain*0.4)
2024-06-29T18:00:00,R001,Netravathi,2316598,12.8523,74.8301,4.011,119.02,1.23,1.63,10.06,14.06,18.06,NORMAL,Simulated (formula: level = rain*0.6 + upstream_rain*0.4)
2024-06-29T19:00:00,R001,Netravathi,2316598,12.8523,74.8301,8.763,293.62,2.2,18.0,10.06,14.06,18.06,NORMAL,Simulated (formula: level = rain*0.6 + upstream_rain*0.4)
2024-06-29T20:00:00,R001,Netravathi,2316598,12.8523,74.8301,4.79,148.42,1.3,0.73,10.06,14.06,18.06,NORMAL,Simulated (formula: level = rain*0.6 + upstream_rain*0.4)
2024-06-29T21:00:00,R001,Netravathi,2316598,12.8523,74.8301,4.749,141.63,3.59,1.32,10.06,14.06,18.06,NORMAL,Simulated (formula: level = rain*0.6 + upstream_rain*0.4)
2024-06-29T22:00:00,R001,Netravathi,2316598,12.8523,74.8301,4.625,132.66,3.18,1.58,10.06,14.06,18.06,NORMAL,Simulated (formula: level = rain*0.6 + upstream_rain*0.4)
2024-06-29T23:00:00,R001,Netravathi,2316598,12.8523,74.8301,4.231,132.41,2.7,0.9,10.06,14.06,18.06,NORMAL,Simulated (formula: level = rain*0.6 + upstream_rain*0.4)
2024-06-30T00:00:00,R001,Netravathi,2316598,12.8523,74.8301,4.386,142.85,3.01,1.31,10.06,14.06,18.06,NORMAL,Simulated (formula: level = rain*0.6 + upstream_rain*0.4)
2024-06-30T01:00:00,R001,Netravathi,2316598,12.8523,74.8301,4.629,132.56,4.18,0.54,10.06,14.06,18.06,NORMAL,Simulated (formula: level = rain*0.6 + upstream_rain*0.4)
2024-06-30T02:00:00,R001,Netravathi,2316598,12.8523,74.8301,5.419,175.99,3.65,3.81,10.06,14.06,18.06,NORMAL,Simulated (formula: level = rain*0.6 + upstream_rain*0.4)
2024-06-30T03:00:00,R001,Netravathi,2316598,12.8523,74.8301,5.476,176.42,3.55,3.45,10.06,14.06,18.06,NORMAL,Simulated (formula: level = rain*0.6 + upstream_rain*0.4)
2024-06-30T04:00:00,R001,Netravathi,2316598,12.8523,74.8301,4.922,172.71,3.53,1.23,10.06,14.06,18.06,NORMAL,Simulated (formula: level = rain*0.6 + upstream_rain*0.4)
2024-06-30T05:00:00,R001,Netravathi,2316598,12.8523,74.8301,5.92,173.53,5.71,2.2,10.06,14.06,18.06,NORMAL,Simulated (formula: level = rain*0.6 + upstream_rain*0.4)
2024-06-30T06:00:00,R001,Netravathi,2316598,12.8523,74.8301,4.239,116.62,1.52,1.3,10.06,14.06,18.06,NORMAL,Simulated (formula: level = rain*0.6 + upstream_rain*0.4)
2024-06-30T07:00:00,R001,Netravathi,2316598,12.8523,74.8301,4.463,138.48,1.8,3.59,10.06,14.06,18.06,NORMAL,Simulated (formula: level = rain*0.6 + upstream_rain*0.4)
2024-06-30T08:00:00,R001,Netravathi,2316598,12.8523,74.8301,4.513,155.88,1.98,3.18,10.06,14.06,18.06,NORMAL,Simulated (formula: level = rain*0.6 + upstream_rain*0.4)
2024-06-30T09:00:00,R001,Netravathi,2316598,12.8523,74.8301,4.497,131.43,2.44,2.7,10.06,14.06,18.06,NORMAL,Simulated (formula: level = rain*0.6 + upstream_rain*0.4)
2024-06-30T10:00:00,R001,Netravathi,2316598,12.8523,74.8301,4.067,120.09,1.1,3.01,10.06,14.06,18.06,NORMAL,Simulated (formula: level = rain*0.6 + upstream_rain*0.4)
2024-06-30T11:00:00,R001,Netravathi,2316598,12.8523,74.8301,4.401,125.12,1.4,4.18,10.06,14.06,18.06,NORMAL,Simulated (formula: level = rain*0.6 + upstream_rain*0.4)
2024-06-30T12:00:00,R001,Netravathi,2316598,12.8523,74.8301,4.541,157.74,1.78,3.65,10.06,14.06,18.06,NORMAL,Simulated (formula: level = rain*0.6 + upstream_rain*0.4)
2024-06-30T13:00:00,R001,Netravathi,2316598,12.8523,74.8301,4.389,155.94,1.53,3.55,10.06,14.06,18.06,NORMAL,Simulated (formula: level = rain*0.6 + upstream_rain*0.4)
2024-06-30T14:00:00,R001,Netravathi,2316598,12.8523,74.8301,4.53,122.68,1.93,3.53,10.06,14.06,18.06,NORMAL,Simulated (formula: level = rain*0.6 + upstream_rain*0.4)
2024-06-30T15:00:00,R001,Netravathi,2316598,12.8523,74.8301,5.581,173.93,2.69,5.71,10.06,14.06,18.06,NORMAL,Simulated (formula: level = rain*0.6 + upstream_rain*0.4)
2024-06-30T16:00:00,R001,Netravathi,2316598,12.8523,74.8301,4.222,128.08,1.57,1.52,10.06,14.06,18.06,NORMAL,Simulated (formula: level = rain*0.6 + upstream_rain*0.4)
2024-06-30T17:00:00,R001,Netravathi,2316598,12.8523,74.8301,4.283,120.03,2.63,1.8,10.06,14.06,18.06,NORMAL,Simulated (formula: level = rain*0.6 + upstream_rain*0.4)
2024-06-30T18:00:00,R001,Netravathi,2316598,12.8523,74.8301,5.031,161.13,4.17,1.98,10.06,14.06,18.06,NORMAL,Simulated (formula: level = rain*0.6 + upstream_rain*0.4)
2024-06-30T19:00:00,R001,Netravathi,2316598,12.8523,74.8301,4.207,143.9,1.4,2.44,10.06,14.06,18.06,NORMAL,Simulated (formula: level = rain*0.6 + upstream_rain*0.4)
2024-06-30T20:00:00,R001,Netravathi,2316598,12.8523,74.8301,3.597,96.36,1.36,1.1,10.06,14.06,18.06,NORMAL,Simulated (formula: level = rain*0.6 + upstream_rain*0.4)
2024-06-30T21:00:00,R001,Netravathi,2316598,12.8523,74.8301,3.836,110.23,2.23,1.4,10.06,14.06,18.06,NORMAL,Simulated (formula: level = rain*0.6 + upstream_rain*0.4)
2024-06-30T22:00:00,R001,Netravathi,2316598,12.8523,74.8301,5.197,169.62,5.13,1.78,10.06,14.06,18.06,NORMAL,Simulated (formula: level = rain*0.6 + upstream_rain*0.4)
2024-06-30T23:00:00,R001,Netravathi,2316598,12.8523,74.8301,5.0,138.82,3.72,1.53,10.06,14.06,18.06,NORMAL,Simulated (formula: level = rain*0.6 + upstream_rain*0.4)
2024-06-01T00:00:00,R002,Gurpur (Phalguni),2316599,12.8601,74.8389,3.098,37.9,1.68,1.68,9.44,13.44,17.44,NORMAL,Simulated (formula: level = rain*0.6 + upstream_rain*0.4)
2024-06-01T01:00:00,R002,Gurpur (Phalguni),2316599,12.8601,74.8389,3.051,32.06,1.47,1.68,9.44,13.44,17.44,NORMAL,Simulated (formula: level = rain*0.6 + upstream_rain*0.4)
2024-06-01T02:00:00,R002,Gurpur (Phalguni),2316599,12.8601,74.8389,3.582,33.76,2.83,1.68,9.44,13.44,17.44,NORMAL,Simulated (formula: level = rain*0.6 + upstream_rain*0.4)
2024-06-01T03:00:00,R002,Gurpur (Phalguni),2316599,12.8601,74.8389,3.311,38.82,1.95,1.68,9.44,13.44,17.44,NORMAL,Simulated (formula: level = rain*0.6 + upstream_rain*0.4)
2024-06-01T04:00:00,R002,Gurpur (Phalguni),2316599,12.8601,74.8389,3.191,39.39,1.92,1.47,9.44,13.44,17.44,NORMAL,Simulated (formula: level = rain*0.6 + upstream_rain*0.4)
2024-06-01T05:00:00,R002,Gurpur (Phalguni),2316599,12.8601,74.8389,4.167,44.04,3.33,2.83,9.44,13.44,17.44,NORMAL,Simulated (formula: level = rain*0.6 + upstream_rain*0.4)
2024-06-01T06:00:00,R002,Gurpur (Phalguni),2316599,12.8601,74.8389,4.235,41.6,3.38,1.95,9.44,13.44,17.44,NORMAL,Simulated (formula: level = rain*0.6 + upstream_rain*0.4)
2024-06-01T07:00:00,R002,Gurpur (Phalguni),2316599,12.8601,74.8389,2.996,32.65,0.47,1.92,9.44,13.44,17.44,NORMAL,Simulated (formula: level = rain*0.6 + upstream_rain*0.4)
2024-06-01T08:00:00,R002,Gurpur (Phalguni),2316599,12.8601,74.8389,3.895,39.02,2.47,3.33,9.44,13.44,17.44,NORMAL,Simulated (formula: level = rain*0.6 + upstream_rain*0.4)
2024-06-01T09:00:00,R002,Gurpur (Phalguni),2316599,12.8601,74.8389,4.021,42.34,2.25,3.38,9.44,13.44,17.44,NORMAL,Simulated (formula: level = rain*0.6 + upstream_rain*0.4)
2024-06-01T10:00:00,R002,Gurpur (Phalguni),2316599,12.8601,74.8389,2.753,29.19,1.04,0.47,9.44,13.44,17.44,NORMAL,Simulated (formula: level = rain*0.6 + upstream_rain*0.4)
2024-06-01T11:00:00,R002,Gurpur (Phalguni),2316599,12.8601,74.8389,2.862,27.47,0.84,2.47,9.44,13.44,17.44,NORMAL,Simulated (formula: level = rain*0.6 + upstream_rain*0.4)
2024-06-01T12:00:00,R002,Gurpur (Phalguni),2316599,12.8601,74.8389,2.933,35.74,1.3,2.25,9.44,13.44,17.44,NORMAL,Simulated (formula: level = rain*0.6 + upstream_rain*0.4)
2024-06-01T13:00:00,R002,Gurpur (Phalguni),2316599,12.8601,74.8389,2.979,34.66,1.85,1.04,9.44,13.44,17.44,NORMAL,Simulated (formula: level = rain*0.6 + upstream_rain*0.4)
2024-06-01T14:00:00,R002,Gurpur (Phalguni),2316599,12.8601,74.8389,2.783,30.25,1.63,0.84,9.44,13.44,17.44,NORMAL,Simulated (formula: level = rain*0.6 + upstream_rain*0.4)
2024-06-01T15:00:00,R002,Gurpur (Phalguni),2316599,12.8601,74.8389,3.017,30.17,1.94,1.3,9.44,13.44,17.44,NORMAL,Simulated (formula: level = rain*0.6 + upstream_rain*0.4)
2024-06-01T16:00:00,R002,Gurpur (Phalguni),2316599,12.8601,74.8389,2.901,28.46,1.24,1.85,9.44,13.44,17.44,NORMAL,Simulated (formula: level = rain*0.6 + upstream_rain*0.4)
2024-06-01T17:00:00,R002,Gurpur (Phalguni),2316599,12.8601,74.8389,2.88,27.38,1.21,1.63,9.44,13.44,17.44,NORMAL,Simulated (formula: level = rain*0.6 + upstream_rain*0.4)
2024-06-01T18:00:00,R002,Gurpur (Phalguni),2316599,12.8601,74.8389,2.996,36.99,1.42,1.94,9.44,13.44,17.44,NORMAL,Simulated (formula: level = rain*0.6 + upstream_rain*0.4)
2024-06-01T19:00:00,R002,Gurpur (Phalguni),2316599,12.8601,74.8389,3.336,36.26,2.64,1.24,9.44,13.44,17.44,NORMAL,Simulated (formula: level = rain*0.6 + upstream_rain*0.4)
2024-06-01T20:00:00,R002,Gurpur (Phalguni),2316599,12.8601,74.8389,3.347,37.72,2.24,1.21,9.44,13.44,17.44,NORMAL,Simulated (formula: level = rain*0.6 + upstream_rain*0.4)
2024-06-01T21:00:00,R002,Gurpur (Phalguni),2316599,12.8601,74.8389,3.399,42.52,2.43,1.42,9.44,13.44,17.44,NORMAL,Simulated (formula: level = rain*0.6 + upstream_rain*0.4)
2024-06-01T22:00:00,R002,Gurpur (Phalguni),2316599,12.8601,74.8389,4.017,50.16,3.17,2.64,9.44,13.44,17.44,NORMAL,Simulated (formula: level = rain*0.6 + upstream_rain*0.4)
2024-06-01T23:00:00,R002,Gurpur (Phalguni),2316599,12.8601,74.8389,5.082,50.0,5.18,2.24,9.44,13.44,17.44,NORMAL,Simulated (formula: level = rain*0.6 + upstream_rain*0.4)
2024-06-02T00:00:00,R002,Gurpur (Phalguni),2316599,12.8601,74.8389,4.465,48.95,3.04,2.43,9.44,13.44,17.44,NORMAL,Simulated (formula: level = rain*0.6 + upstream_rain*0.4)
2024-06-02T01:00:00,R002,Gurpur (Phalguni),2316599,12.8601,74.8389,5.331,51.62,5.11,3.17,9.44,13.44,17.44,NORMAL,Simulated (formula: level = rain*0.6 + upstream_rain*0.4)
2024-06-02T02:00:00,R002,Gurpur (Phalguni),2316599,12.8601,74.8389,6.224,65.04,5.2,5.18,9.44,13.44,17.44,NORMAL,Simulated (formula: level = rain*0.6 + upstream_rain*0.4)
2024-06-02T03:00:00,R002,Gurpur (Phalguni),2316599,12.8601,74.8389,4.589,48.54,1.9,3.04,9.44,13.44,17.44,NORMAL,Simulated (formula: level = rain*0.6 + upstream_rain*0.4)
2024-06-02T04:00:00,R002,Gurpur (Phalguni),2316599,12.8601,74.8389,10.811,108.84,16.6,5.11,9.44,13.44,17.44,WARNING,Simulated (formula: level = rain*0.6 + upstream_rain*0.4)
2024-06-02T05:00:00,R002,Gurpur (Phalguni),2316599,12.8601,74.8389,9.421,113.43,8.94,5.2,9.44,13.44,17.44,NORMAL,Simulated (formula: level = rain*0.6 + upstream_rain*0.4)
2024-06-02T06:00:00,R002,Gurpur (Phalguni),2316599,12.8601,74.8389,4.949,58.57,1.37,1.9,9.44,13.44,17.44,NORMAL,Simulated (formula: level = rain*0.6 + upstream_rain*0.4)
2024-06-02T07:00:00,R002,Gurpur (Phalguni),2316599,12.8601,74.8389,8.01,81.93,1.77,16.6,9.44,13.44,17.44,NORMAL,Simulated (formula: level = rain*0.6 + upstream_rain*0.4)
2024-06-02T08:00:00,R002,Gurpur (Phalguni),2316599,12.8601,74.8389,6.818,76.82,2.04,8.94,9.44,13.44,17.44,NORMAL,Simulated (formula: level = rain*0.6 + upstream_rain*0.4)
2024-06-02T09:00:00,R002,Gurpur (Phalguni),2316599,12.8601,74.8389,4.439,49.02,2.24,1.37,9.44,13.44,17.44,NORMAL,Simulated (formula: level = rain*0.6 + upstream_rain*0.4)
2024-06-02T10:00:00,R002,Gurpur (Phalguni),2316599,12.8601,74.8389,7.345,83.13,10.78,1.77,9.44,13.44,17.44,NORMAL,Simulated (formula: level = rain*0.6 + upstream_rain*0.4)
2024-06-02T11:00:00,R002,Gurpur (Phalguni),2316599,12.8601,74.8389,6.426,74.15,6.31,2.04,9.44,13.44,17.44,NORMAL,Simulated (formula: level = rain*0.6 + upstream_rain*0.4)
2024-06-02T12:00:00,R002,Gurpur (Phalguni),2316599,12.8601,74.8389,4.251,40.4,1.39,2.24,9.44,13.44,17.44,NORMAL,Simulated (formula: level = rain*0.6 + upstream_rain*0.4)
2024-06-02T13:00:00,R002,Gurpur (Phalguni),2316599,12.8601,74.8389,6.2,67.27,2.17,10.78,9.44,13.44,17.44,NORMAL,Simulated (formula: level = rain*0.6 + upstream_rain*0.4)
2024-06-02T14:00:00,R002,Gurpur (Phalguni),2316599,12.8601,74.8389,5.817,70.19,2.76,6.31,9.44,13.44,17.44,NORMAL,Simulated (formula: level = rain*0.6 + upstream_rain*0.4)
2024-06-02T15:00:00,R002,Gurpur (Phalguni),2316599,12.8601,74.8389,3.747,47.21,1.33,1.39,9.44,13.44,17.44,NORMAL,Simulated (formula: level = rain*0.6 + upstream_rain*0.4)
2024-06-02T16:00:00,R002,Gurpur (Phalguni),2316599,12.8601,74.8389,3.931,43.31,2.74,2.17,9.44,13.44,17.44,NORMAL,Simulated (formula: level = rain*0.6 + upstream_rain*0.4)
2024-06-02T17:00:00,R002,Gurpur (Phalguni),2316599,12.8601,74.8389,4.029,46.17,2.56,2.76,9.44,13.44,17.44,NORMAL,Simulated (formula: level = rain*0.6 + upstream_rain*0.4)
2024-06-02T18:00:00,R002,Gurpur (Phalguni),2316599,12.8601,74.8389,3.506,32.99,2.06,1.33,9.44,13.44,17.44,NORMAL,Simulated (formula: level = rain*0.6 + upstream_rain*0.4)
2024-06-02T19:00:00,R002,Gurpur (Phalguni),2316599,12.8601,74.8389,3.565,33.74,1.8,2.74,9.44,13.44,17.44,NORMAL,Simulated (formula: level = rain*0.6 + upstream_rain*0.4)
2024-06-02T20:00:00,R002,Gurpur (Phalguni),2316599,12.8601,74.8389,3.565,39.34,1.96,2.56,9.44,13.44,17.44,NORMAL,Simulated (formula: level = rain*0.6 + upstream_rain*0.4)
2024-06-02T21:00:00,R002,Gurpur (Phalguni),2316599,12.8601,74.8389,4.501,46.94,4.34,2.06,9.44,13.44,17.44,NORMAL,Simulated (formula: level = rain*0.6 + upstream_rain*0.4)
2024-06-02T22:00:00,R002,Gurpur (Phalguni),2316599,12.8601,74.8389,4.958,61.92,4.97,1.8,9.44,13.44,17.44,NORMAL,Simulated (formula: level = rain*0.6 + upstream_rain*0.4)
2024-06-02T23:00:00,R002,Gurpur (Phalguni),2316599,12.8601,74.8389,4.255,49.24,2.94,1.96,9.44,13.44,17.44,NORMAL,Simulated (formula: level = rain*0.6 + upstream_rain*0.4)
2024-06-03T00:00:00,R002,Gurpur (Phalguni),2316599,12.8601,74.8389,4.34,48.6,2.0,4.34,9.44,13.44,17.44,NORMAL,Simulated (formula: level = rain*0.6 + upstream_rain*0.4)
2024-06-03T01:00:00,R002,Gurpur (Phalguni),2316599,12.8601,74.8389,5.053,55.1,3.36,4.97,9.44,13.44,17.44,NORMAL,Simulated (formula: level = rain*0.6 + upstream_rain*0.4)
2024-06-03T02:00:00,R002,Gurpur (Phalguni),2316599,12.8601,74.8389,4.496,55.54,2.68,2.94,9.44,13.44,17.44,NORMAL,Simulated (formula: level = rain*0.6 + upstream_rain*0.4)
2024-06-03T03:00:00,R002,Gurpur (Phalguni),2316599,12.8601,74.8389,4.432,51.43,3.47,2.0,9.44,13.44,17.44,NORMAL,Simulated (formula: level = rain*0.6 + upstream_rain*0.4)
2024-06-03T04:00:00,R002,Gurpur (Phalguni),2316599,12.8601,74.8389,4.409,53.94,2.91,3.36,9.44,13.44,17.44,NORMAL,Simulated (formula: level = rain*0.6 + upstream_rain*0.4)
2024-06-03T05:00:00,R002,Gurpur (Phalguni),2316599,12.8601,74.8389,4.469,54.64,3.41,2.68,9.44,13.44,17.44,NORMAL,Simulated (formula: level = rain*0.6 + upstream_rain*0.4)
2024-06-03T06:00:00,R002,Gurpur (Phalguni),2316599,12.8601,74.8389,4.823,56.19,3.65,3.47,9.44,13.44,17.44,NORMAL,Simulated (formula: level = rain*0.6 + upstream_rain*0.4)
2024-06-03T07:00:00,R002,Gurpur (Phalguni),2316599,12.8601,74.8389,3.486,42.39,0.66,2.91,9.44,13.44,17.44,NORMAL,Simulated (formula: level = rain*0.6 + upstream_rain*0.4)
2024-06-03T08:00:00,R002,Gurpur (Phalguni),2316599,12.8601,74.8389,3.602,41.06,1.38,3.41,9.44,13.44,17.44,NORMAL,Simulated (formula: level = rain*0.6 + upstream_rain*0.4)
2024-06-03T09:00:00,R002,Gurpur (Phalguni),2316599,12.8601,74.8389,3.578,43.38,0.94,3.65,9.44,13.44,17.44,NORMAL,Simulated (formula: level = rain*0.6 + upstream_rain*0.4)
2024-06-03T10:00:00,R002,Gurpur (Phalguni),2316599,12.8601,74.8389,2.761,30.08,1.16,0.66,9.44,13.44,17.44,NORMAL,Simulated (formula: level = rain*0.6 + upstream_rain*0.4)
2024-06-03T11:00:00,R002,Gurpur (Phalguni),2316599,12.8601,74.8389,2.878,33.84,1.39,1.38,9.44,13.44,17.44,NORMAL,Simulated (formula: level = rain*0.6 + upstream_rain*0.4)
2024-06-03T12:00:00,R002,Gurpur (Phalguni),2316599,12.8601,74.8389,3.285,33.56,2.72,0.94,9.44,13.44,17.44,NORMAL,Simulated (formula: level = rain*0.6 + upstream_rain*0.4)
2024-06-03T13:00:00,R002,Gurpur (Phalguni),2316599,12.8601,74.8389,6.692,67.24,10.36,1.16,9.44,13.44,17.44,NORMAL,Simulated (formula: level = rain*0.6 + upstream_rain*0.4)
2024-06-03T14:00:00,R002,Gurpur (Phalguni),2316599,12.8601,74.8389,5.425,64.23,4.86,1.39,9.44,13.44,17.44,NORMAL,Simulated (formula: level = rain*0.6 + upstream_rain*0.4)
2024-06-03T15:00:00,R002,Gurpur (Phalguni),2316599,12.8601,74.8389,4.21,49.63,1.89,2.72,9.44,13.44,17.44,NORMAL,Simulated (formula: level = rain*0.6 + upstream_rain*0.4)
2024-06-03T16:00:00,R002,Gurpur (Phalguni),2316599,12.8601,74.8389,5.892,59.31,1.82,10.36,9.44,13.44,17.44,NORMAL,Simulated (formula: level = rain*0.6 + upstream_rain*0.4)
2024-06-03T17:00:00,R002,Gurpur (Phalguni),2316599,12.8601,74.8389,5.233,53.28,2.45,4.86,9.44,13.44,17.44,NORMAL,Simulated (formula: level = rain*0.6 + upstream_rain*0.4)
2024-06-03T18:00:00,R002,Gurpur (Phalguni),2316599,12.8601,74.8389,4.186,52.68,2.69,1.89,9.44,13.44,17.44,NORMAL,Simulated (formula: level = rain*0.6 + upstream_rain*0.4)
2024-06-03T19:00:00,R002,Gurpur (Phalguni),2316599,12.8601,74.8389,3.725,39.3,2.37,1.82,9.44,13.44,17.44,NORMAL,Simulated (formula: level = rain*0.6 + upstream_rain*0.4)
2024-06-03T20:00:00,R002,Gurpur (Phalguni),2316599,12.8601,74.8389,3.727,44.62,2.15,2.45,9.44,13.44,17.44,NORMAL,Simulated (formula: level = rain*0.6 + upstream_rain*0.4)
2024-06-03T21:00:00,R002,Gurpur (Phalguni),2316599,12.8601,74.8389,3.934,49.52,2.6,2.69,9.44,13.44,17.44,NORMAL,Simulated (formula: level = rain*0.6 + upstream_rain*0.4)
2024-06-03T22:00:00,R002,Gurpur (Phalguni),2316599,12.8601,74.8389,4.621,57.61,4.14,2.37,9.44,13.44,17.44,NORMAL,Simulated (formula: level = rain*0.6 + upstream_rain*0.4)
2024-06-03T23:00:00,R002,Gurpur (Phalguni),2316599,12.8601,74.8389,4.455,42.13,3.41,2.15,9.44,13.44,17.44,NORMAL,Simulated (formula: level = rain*0.6 + upstream_rain*0.4)
2024-06-04T00:00:00,R002,Gurpur (Phalguni),2316599,12.8601,74.8389,4.562,54.15,3.52,2.6,9.44,13.44,17.44,NORMAL,Simulated (formula: level = rain*0.6 + upstream_rain*0.4)
2024-06-04T01:00:00,R002,Gurpur (Phalguni),2316599,12.8601,74.8389,6.594,72.15,7.49,4.14,9.44,13.44,17.44,NORMAL,Simulated (formula: level = rain*0.6 + upstream_rain*0.4)
2024-06-04T02:00:00,R002,Gurpur (Phalguni),2316599,12.8601,74.8389,5.873,65.63,4.61,3.41,9.44,13.44,17.44,NORMAL,Simulated (formula: level = rain*0.6 + upstream_rain*0.4)
2024-06-04T03:00:00,R002,Gurpur (Phalguni),2316599,12.8601,74.8389,11.564,109.55,18.57,3.52,9.44,13.44,17.44,WARNING,Simulated (formula: level = rain*0.6 + upstream_rain*0.4)
2024-06-04T04:00:00,R002,Gurpur (Phalguni),2316599,12.8601,74.8389,10.819,123.93,10.11,7.49,9.44,13.44,17.44,WARNING,Simulated (formula: level = rain*0.6 + upstream_rain*0.4)
2024-06-04T05:00:00,R002,Gurpur (Phalguni),2316599,12.8601,74.8389,7.123,68.08,3.77,4.61,9.44,13.44,17.44,NORMAL,Simulated (formula: level = rain*0.6 + upstream_rain*0.4)
2024-06-04T06:00:00,R002,Gurpur (Phalguni),2316599,12.8601,74.8389,8.486,92.2,0.42,18.57,9.44,13.44,17.44,NORMAL,Simulated (formula: level = rain*0.6 + upstream_rain*0.4)
2024-06-04T07:00:00,R002,Gurpur (Phalguni),2316599,12.8601,74.8389,7.456,94.06,2.6,10.11,9.44,13.44,17.44,NORMAL,Simulated (formula: level = rain*0.6 + upstream_rain*0.4)
2024-06-04T08:00:00,R002,Gurpur (Phalguni),2316599,12.8601,74.8389,4.945,48.49,1.48,3.77,9.44,13.44,17.44,NORMAL,Simulated (formula: level = rain*0.6 + upstream_rain*0.4)
2024-06-04T09:00:00,R002,Gurpur (Phalguni),2316599,12.8601,74.8389,3.346,37.25,1.71,0.42,9.44,13.44,17.44,NORMAL,Simulated (formula: level = rain*0.6 + upstream_rain*0.4)
2024-06-04T10:00:00,R002,Gurpur (Phalguni),2316599,12.8601,74.8389,3.709,39.59,2.37,2.6,9.44,13.44,17.44,NORMAL,Simulated (formula: level = rain*0.6 + upstream_rain*0.4)
2024-06-04T11:00:00,R002,Gurpur (Phalguni),2316599,12.8601,74.8389,3.498,43.24,2.22,1.48,9.44,13.44,17.44,NORMAL,Simulated (formula: level = rain*0.6 + upstream_rain*0.4)
2024-06-04T12:00:00,R002,Gurpur (Phalguni),2316599,12.8601,74.8389,4.124,39.53,3.65,1.71,9.44,13.44,17.44,NORMAL,Simulated (formula: level = rain*0.6 + upstream_rain*0.4)
2024-06-04T13:00:00,R002,Gurpur (Phalguni),2316599,12.8601,74.8389,3.893,40.26,2.2,2.37,9.44,13.44,17.44,NORMAL,Simulated (formula: level = rain*0.6 + upstream_rain*0.4)
2024-06-04T14:00:00,R002,Gurpur (Phalguni),2316599,12.8601,74.8389,4.415,52.0,3.86,2.22,9.44,13.44,17.44,NORMAL,Simulated (formula: level = rain*0.6 + upstream_rain*0.4)
2024-06-04T15:00:00,R002,Gurpur (Phalguni),2316599,12.8601,74.8389,4.296,50.07,1.97,3.65,9.44,13.44,17.44,NORMAL,Simulated (formula: level = rain*0.6 + upstream_rain*0.4)
2024-06-04T16:00:00,R002,Gurpur (Phalguni),2316599,12.8601,74.8389,4.824,60.99,4.73,2.2,9.44,13.44,17.44,NORMAL,Simulated (formula: level = rain*0.6 + upstream_rain*0.4)
2024-06-04T17:00:00,R002,Gurpur (Phalguni),2316599,12.8601,74.8389,4.623,53.74,2.52,3.86,9.44,13.44,17.44,NORMAL,Simulated (formula: level = rain*0.6 + upstream_rain*0.4)
2024-06-04T18:00:00,R002,Gurpur (Phalguni),2316599,12.8601,74.8389,3.541,35.53,1.4,1.97,9.44,13.44,17.44,NORMAL,Simulated (formula: level = rain*0.6 + upstream_rain*0.4)
2024-06-04T19:00:00,R002,Gurpur (Phalguni),2316599,12.8601,74.8389,3.978,47.79,1.4,4.73,9.44,13.44,17.44,NORMAL,Simulated (formula: level = rain*0.6 + upstream_rain*0.4)
2024-06-04T20:00:00,R002,Gurpur (Phalguni),2316599,12.8601,74.8389,3.644,37.4,1.76,2.52,9.44,13.44,17.44,NORMAL,Simulated (formula: level = rain*0.6 + upstream_rain*0.4)
2024-06-04T21:00:00,R002,Gurpur (Phalguni),2316599,12.8601,74.8389,11.115,134.91,20.6,1.4,9.44,13.44,17.44,WARNING,Simulated (formula: level = rain*0.6 + upstream_rain*0.4)
2024-06-04T22:00:00,R002,Gurpur (Phalguni),2316599,12.8601,74.8389,5.979,74.34,2.94,1.4,9.44,13.44,17.44,NORMAL,Simulated (formula: level = rain*0.6 + upstream_rain*0.4)
2024-06-04T23:00:00,R002,Gurpur (Phalguni),2316599,12.8601,74.8389,6.301,63.16,7.18,1.76,9.44,13.44,17.44,NORMAL,Simulated (formula: level = rain*0.6 + upstream_rain*0.4)
2024-06-05T00:00:00,R002,Gurpur (Phalguni),2316599,12.8601,74.8389,11.342,110.74,6.41,20.6,9.44,13.44,17.44,WARNING,Simulated (formula: level = rain*0.6 + upstream_rain*0.4)
2024-06-05T01:00:00,R002,Gurpur (Phalguni),2316599,12.8601,74.8389,5.681,61.64,1.09,2.94,9.44,13.44,17.44,NORMAL,Simulated (formula: level = rain*0.6 + upstream_rain*0.4)
2024-06-05T02:00:00,R002,Gurpur (Phalguni),2316599,12.8601,74.8389,5.537,54.63,1.99,7.18,9.44,13.44,17.44,NORMAL,Simulated (formula: level = rain*0.6 + upstream_rain*0.4)
2024-06-05T03:00:00,R002,Gurpur (Phalguni),2316599,12.8601,74.8389,4.818,59.69,0.76,6.41,9.44,13.44,17.44,NORMAL,Simulated (formula: level = rain*0.6 + upstream_rain*0.4)
2024-06-05T04:00:00,R002,Gurpur (Phalguni),2316599,12.8601,74.8389,3.569,42.85,1.77,1.09,9.44,13.44,17.44,NORMAL,Simulated (formula: level = rain*0.6 + upstream_rain*0.4)
2024-06-05T05:00:00,R002,Gurpur (Phalguni),2316599,12.8601,74.8389,4.366,46.51,4.13,1.99,9.44,13.44,17.44,NORMAL,Simulated (formula: level = rain*0.6 + upstream_rain*0.4)
2024-06-05T06:00:00,R002,Gurpur (Phalguni),2316599,12.8601,74.8389,3.723,35.25,2.8,0.76,9.44,13.44,17.44,NORMAL,Simulated (formula: level = rain*0.6 + upstream_rain*0.4)
2024-06-05T07:00:00,R002,Gurpur (Phalguni),2316599,12.8601,74.8389,3.183,35.14,1.14,1.77,9.44,13.44,17.44,NORMAL,Simulated (formula: level = rain*0.6 + upstream_rain*0.4)
2024-06-05T08:00:00,R002,Gurpur (Phalguni),2316599,12.8601,74.8389,3.806,41.78,1.74,4.13,9.44,13.44,17.44,NORMAL,Simulated (formula: level = rain*0.6 + upstream_rain*0.4)
2024-06-05T09:00:00,R002,Gurpur (Phalguni),2316599,12.8601,74.8389,3.483,42.24,1.23,2.8,9.44,13.44,17.44,NORMAL,Simulated (formula: level = rain*0.6 + upstream_rain*0.4)
2024-06-05T10:00:00,R002,Gurpur (Phalguni),2316599,12.8601,74.8389,2.779,28.14,1.01,1.14,9.44,13.44,17.44,NORMAL,Simulated (formula: level = rain*0.6 + upstream_rain*0.4)
2024-06-05T11:00:00,R002,Gurpur (Phalguni),2316599,12.8601,74.8389,3.168,36.03,1.94,1.74,9.44,13.44,17.44,NORMAL,Simulated (formula: level = rain*0.6 + upstream_rain*0.4)
2024-06-05T12:00:00,R002,Gurpur (Phalguni),2316599,12.8601,74.8389,2.896,31.02,1.32,1.23,9.44,13.44,17.44,NORMAL,Simulated (formula: level = rain*0.6 + upstream_rain*0.4)
2024-06-05T13:00:00,R002,Gurpur (Phalguni),2316599,12.8601,74.8389,3.21,34.48,2.32,1.01,9.44,13.44,17.44,NORMAL,Simulated (formula: level = rain*0.6 + upstream_rain*0.4)
2024-06-05T14:00:00,R002,Gurpur (Phalguni),2316599,12.8601,74.8389,2.957,30.52,1.12,1.94,9.44,13.44,17.44,NORMAL,Simulated (formula: level = rain*0.6 + upstream_rain*0.4)
2024-06-05T15:00:00,R002,Gurpur (Phalguni),2316599,12.8601,74.8389,3.344,37.06,2.46,1.32,9.44,13.44,17.44,NORMAL,Simulated (formula: level = rain*0.6 + upstream_rain*0.4)
2024-06-05T16:00:00,R002,Gurpur (Phalguni),2316599,12.8601,74.8389,3.798,45.49,2.73,2.32,9.44,13.44,17.44,NORMAL,Simulated (formula: level = rain*0.6 + upstream_rain*0.4)
2024-06-05T17:00:00,R002,Gurpur (Phalguni),2316599,12.8601,74.8389,3.14,35.89,1.47,1.12,9.44,13.44,17.44,NORMAL,Simulated (formula: level = rain*0.6 + upstream_rain*0.4)
2024-06-05T18:00:00,R002,Gurpur (Phalguni),2316599,12.8601,74.8389,2.859,27.07,0.65,2.46,9.44,13.44,17.44,NORMAL,Simulated (formula: level = rain*0.6 + upstream_rain*0.4)
2024-06-05T19:00:00,R002,Gurpur (Phalguni),2316599,12.8601,74.8389,3.188,30.81,1.19,2.73,9.44,13.44,17.44,NORMAL,Simulated (formula: level = rain*0.6 + upstream_rain*0.4)
2024-06-05T20:00:00,R002,Gurpur (Phalguni),2316599,12.8601,74.8389,3.033,29.31,1.35,1.47,9.44,13.44,17.44,NORMAL,Simulated (formula: level = rain*0.6 + upstream_rain*0.4)
2024-06-05T21:00:00,R002,Gurpur (Phalguni),2316599,12.8601,74.8389,4.31,51.35,5.01,0.65,9.44,13.44,17.44,NORMAL,Simulated (formula: level = rain*0.6 + upstream_rain*0.4)
2024-06-05T22:00:00,R002,Gurpur (Phalguni),2316599,12.8601,74.8389,4.915,49.27,5.28,1.19,9.44,13.44,17.44,NORMAL,Simulated (formula: level = rain*0.6 + upstream_rain*0.4)
2024-06-05T23:00:00,R002,Gurpur (Phalguni),2316599,12.8601,74.8389,5.395,64.21,6.02,1.35,9.44,13.44,17.44,NORMAL,Simulated (formula: level = rain*0.6 + upstream_rain*0.4)
2024-06-06T00:00:00,R002,Gurpur (Phalguni),2316599,12.8601,74.8389,5.979,67.05,4.71,5.01,9.44,13.44,17.44,NORMAL,Simulated (formula: level = rain*0.6 + upstream_rain*0.4)
2024-06-06T01:00:00,R002,Gurpur (Phalguni),2316599,12.8601,74.8389,6.104,72.99,4.23,5.28,9.44,13.44,17.44,NORMAL,Simulated (formula: level = rain*0.6 + upstream_rain*0.4)
2024-06-06T02:00:00,R002,Gurpur (Phalguni),2316599,12.8601,74.8389,6.46,62.5,4.54,6.02,9.44,13.44,17.44,NORMAL,Simulated (formula: level = rain*0.6 + upstream_rain*0.4)
2024-06-06T03:00:00,R002,Gurpur (Phalguni),2316599,12.8601,74.8389,5.645,56.08,3.47,4.71,9.44,13.44,17.44,NORMAL,Simulated (formula: level = rain*0.6 + upstream_rain*0.4)
2024-06-06T04:00:00,R002,Gurpur (Phalguni),2316599,12.8601,74.8389,5.98,63.61,5.13,4.23,9.44,13.44,17.44,NORMAL,Simulated (formula: level = rain*0.6 + upstream_rain*0.4)
2024-06-06T05:00:00,R002,Gurpur (Phalguni),2316599,12.8601,74.8389,6.026,74.71,4.58,4.54,9.44,13.44,17.44,NORMAL,Simulated (formula: level = rain*0.6 + upstream_rain*0.4)
2024-06-06T06:00:00,R002,Gurpur (Phalguni),2316599,12.8601,74.8389,4.801,55.02,2.42,3.47,9.44,13.44,17.44,NORMAL,Simulated (formula: level = rain*0.6 + upstream_rain*0.4)
2024-06-06T07:00:00,R002,Gurpur (Phalguni),2316599,12.8601,74.8389,4.955,57.47,2.73,5.13,9.44,13.44,17.44,NORMAL,Simulated (formula: level = rain*0.6 + upstream_rain*0.4)
2024-06-06T08:00:00,R002,Gurpur (Phalguni),2316599,12.8601,74.8389,4.398,54.25,1.6,4.58,9.44,13.44,17.44,NORMAL,Simulated (formula: level = rain*0.6 + upstream_rain*0.4)
2024-06-06T09:00:00,R002,Gurpur (Phalguni),2316599,12.8601,74.8389,3.585,38.97,1.45,2.42,9.44,13.44,17.44,NORMAL,Simulated (formula: level = rain*0.6 + upstream_rain*0.4)
2024-06-06T10:00:00,R002,Gurpur (Phalguni),2316599,12.8601,74.8389,3.889,40.27,2.39,2.73,9.44,13.44,17.44,NORMAL,Simulated (formula: level = rain*0.6 + upstream_rain*0.4)
2024-06-06T11:00:00,R002,Gurpur (Phalguni),2316599,12.8601,74.8389,12.635,157.68,23.74,1.6,9.44,13.44,17.44,WARNING,Simulated (formula: level = rain*0.6 + upstream_rain*0.4)
2024-06-06T12:00:00,R002,Gurpur (Phalguni),2316599,12.8601,74.8389,10.73,118.59,13.07,1.45,9.44,13.44,17.44,WARNING,Simulated (formula: level = rain*0.6 + upstream_rain*0.4)
2024-06-06T13:00:00,R002,Gurpur (Phalguni),2316599,12.8601,74.8389,5.737,55.67,1.99,2.39,9.44,13.44,17.44,NORMAL,Simulated (formula: level = rain*0.6 + upstream_rain*0.4)
2024-06-06T14:00:00,R002,Gurpur (Phalguni),2316599,12.8601,74.8389,10.859,124.46,3.51,23.74,9.44,13.44,17.44,WARNING,Simulated (formula: level = rain*0.6 + upstream_rain*0.4)
2024-06-06T15:00:00,R002,Gurpur (Phalguni),2316599,12.8601,74.8389,11.164,118.5,7.72,13.07,9.44,13.44,17.44,WARNING,Simulated (formula: level = rain*0.6 + upstream_rain*0.4)
2024-06-06T16:00:00,R002,Gurpur (Phalguni),2316599,12.8601,74.8389,10.947,126.25,14.14,1.99,9.44,13.44,17.44,WARNING,Simulated (formula: level = rain*0.6 + upstream_rain*0.4)
2024-06-06T17:00:00,R002,Gurpur (Phalguni),2316599,12.8601,74.8389,5.731,62.36,1.23,3.51,9.44,13.44,17.44,NORMAL,Simulated (formula: level = rain*0.6 + upstream_rain*0.4)
2024-06-06T18:00:00,R002,Gurpur (Phalguni),2316599,12.8601,74.8389,9.006,97.04,9.7,7.72,9.44,13.44,17.44,NORMAL,Simulated (formula: level = rain*0.6 + upstream_rain*0.4)
2024-06-06T19:00:00,R002,Gurpur (Phalguni),2316599,12.8601,74.8389,15.437,166.9,18.37,14.14,9.44,13.44,17.44,DANGER,Simulated (formula: level = rain*0.6 + upstream_rain*0.4)
2024-06-06T20:00:00,R002,Gurpur (Phalguni),2316599,12.8601,74.8389,6.225,70.55,0.52,1.23,9.44,13.44,17.44,NORMAL,Simulated (formula: level = rain*0.6 + upstream_rain*0.4)
2024-06-06T21:00:00,R002,Gurpur (Phalguni),2316599,12.8601,74.8389,5.796,61.4,0.74,9.7,9.44,13.44,17.44,NORMAL,Simulated (formula: level = rain*0.6 + upstream_rain*0.4)
2024-06-06T22:00:00,R002,Gurpur (Phalguni),2316599,12.8601,74.8389,9.264,107.49,3.27,18.37,9.44,13.44,17.44,NORMAL,Simulated (formula: level = rain*0.6 + upstream_rain*0.4)
2024-06-06T23:00:00,R002,Gurpur (Phalguni),2316599,12.8601,74.8389,5.056,52.46,2.67,0.52,9.44,13.44,17.44,NORMAL,Simulated (formula: level = rain*0.6 + upstream_rain*0.4)
2024-06-07T00:00:00,R002,Gurpur (Phalguni),2316599,12.8601,74.8389,3.923,37.97,2.93,0.74,9.44,13.44,17.44,NORMAL,Simulated (formula: level = rain*0.6 + upstream_rain*0.4)
2024-06-07T01:00:00,R002,Gurpur (Phalguni),2316599,12.8601,74.8389,3.604,45.08,1.27,3.27,9.44,13.44,17.44,NORMAL,Simulated (formula: level = rain*0.6 + upstream_rain*0.4)
2024-06-07T02:00:00,R002,Gurpur (Phalguni),2316599,12.8601,74.8389,4.056,40.41,2.94,2.67,9.44,13.44,17.44,NORMAL,Simulated (formula: level = rain*0.6 + upstream_rain*0.4)
2024-06-07T03:00:00,R002,Gurpur (Phalguni),2316599,12.8601,74.8389,4.714,59.1,3.91,2.93,9.44,13.44,17.44,NORMAL,Simulated (formula: level = rain*0.6 + upstream_rain*0.4)
2024-06-07T04:00:00,R002,Gurpur (Phalguni),2316599,12.8601,74.8389,3.634,45.49,2.12,1.27,9.44,13.44,17.44,NORMAL,Simulated (formula: level = rain*0.6 + upstream_rain*0.4)
2024-06-07T05:00:00,R002,Gurpur (Phalguni),2316599,12.8601,74.8389,3.595,43.08,1.55,2.94,9.44,13.44,17.44,NORMAL,Simulated (formula: level = rain*0.6 + upstream_rain*0.4)
2024-06-07T06:00:00,R002,Gurpur (Phalguni),2316599,12.8601,74.8389,4.08,38.36,2.27,3.91,9.44,13.44,17.44,NORMAL,Simulated (formula: level = rain*0.6 + upstream_rain*0.4)
2024-06-07T07:00:00,R002,Gurpur (Phalguni),2316599,12.8601,74.8389,3.506,41.02,1.39,2.12,9.44,13.44,17.44,NORMAL,Simulated (formula: level = rain*0.6 + upstream_rain*0.4)
2024-06-07T08:00:00,R002,Gurpur (Phalguni),2316599,12.8601,74.8389,3.549,42.17,2.69,1.55,9.44,13.44,17.44,NORMAL,Simulated (formula: level = rain*0.6 + upstream_rain*0.4)
2024-06-07T09:00:00,R002,Gurpur (Phalguni),2316599,12.8601,74.8389,3.208,30.71,1.21,2.27,9.44,13.44,17.44,NORMAL,Simulated (formula: level = rain*0.6 + upstream_rain*0.4)
2024-06-07T10:00:00,R002,Gurpur (Phalguni),2316599,12.8601,74.8389,3.414,32.73,2.65,1.39,9.44,13.44,17.44,NORMAL,Simulated (formula: level = rain*0.6 + upstream_rain*0.4)
2024-06-07T11:00:00,R002,Gurpur (Phalguni),2316599,12.8601,74.8389,2.911,31.28,0.43,2.69,9.44,13.44,17.44,NORMAL,Simulated (formula: level = rain*0.6 + upstream_rain*0.4)
2024-06-07T12:00:00,R002,Gurpur (Phalguni),2316599,12.8601,74.8389,8.55,107.06,15.03,1.21,9.44,13.44,17.44,NORMAL,Simulated (formula: level = rain*0.6 + upstream_rain*0.4)
2024-06-07T13:00:00,R002,Gurpur (Phalguni),2316599,12.8601,74.8389,5.38,60.31,2.39,2.65,9.44,13.44,17.44,NORMAL,Simulated (formula: level = rain*0.6 + upstream_rain*0.4)
2024-06-07T14:00:00,R002,Gurpur (Phalguni),2316599,12.8601,74.8389,3.267,34.98,1.34,0.43,9.44,13.44,17.44,NORMAL,Simulated (formula: level = rain*0.6 + upstream_rain*0.4)
2024-06-07T15:00:00,R002,Gurpur (Phalguni),2316599,12.8601,74.8389,6.681,62.77,1.11,15.03,9.44,13.44,17.44,NORMAL,Simulated (formula: level = rain*0.6 + upstream_rain*0.4)
2024-06-07T16:00:00,R002,Gurpur (Phalguni),2316599,12.8601,74.8389,4.35,50.56,1.66,2.39,9.44,13.44,17.44,NORMAL,Simulated (formula: level = rain*0.6 + upstream_rain*0.4)
2024-06-07T17:00:00,R002,Gurpur (Phalguni),2316599,12.8601,74.8389,3.134,35.99,0.97,1.34,9.44,13.44,17.44,NORMAL,Simulated (formula: level = rain*0.6 + upstream_rain*0.4)
2024-06-07T18:00:00,R002,Gurpur (Phalguni),2316599,12.8601,74.8389,2.688,32.21,1.33,1.11,9.44,13.44,17.44,NORMAL,Simulated (formula: level = rain*0.6 + upstream_rain*0.4)
2024-06-07T19:00:00,R002,Gurpur (Phalguni),2316599,12.8601,74.8389,2.911,30.66,1.45,1.66,9.44,13.44,17.44,NORMAL,Simulated (formula: level = rain*0.6 + upstream_rain*0.4)
2024-06-07T20:00:00,R002,Gurpur (Phalguni),2316599,12.8601,74.8389,2.687,32.98,1.32,0.97,9.44,13.44,17.44,NORMAL,Simulated (formula: level = rain*0.6 + upstream_rain*0.4)
2024-06-07T21:00:00,R002,Gurpur (Phalguni),2316599,12.8601,74.8389,2.986,35.27,1.93,1.33,9.44,13.44,17.44,NORMAL,Simulated (formula: level = rain*0.6 + upstream_rain*0.4)
2024-06-07T22:00:00,R002,Gurpur (Phalguni),2316599,12.8601,74.8389,4.152,46.35,4.44,1.45,9.44,13.44,17.44,NORMAL,Simulated (formula: level = rain*0.6 + upstream_rain*0.4)
2024-06-07T23:00:00,R002,Gurpur (Phalguni),2316599,12.8601,74.8389,5.746,68.93,7.64,1.32,9.44,13.44,17.44,NORMAL,Simulated (formula: level = rain*0.6 + upstream_rain*0.4)
2024-06-08T00:00:00,R002,Gurpur (Phalguni),2316599,12.8601,74.8389,4.685,55.19,3.27,1.93,9.44,13.44,17.44,NORMAL,Simulated (formula: level = rain*0.6 + upstream_rain*0.4)
2024-06-08T01:00:00,R002,Gurpur (Phalguni),2316599,12.8601,74.8389,6.11,69.8,5.8,4.44,9.44,13.44,17.44,NORMAL,Simulated (formula: level = rain*0.6 + upstream_rain*0.4)
2024-06-08T02:00:00,R002,Gurpur (Phalguni),2316599,12.8601,74.8389,6.882,73.79,4.64,7.64,9.44,13.44,17.44,NORMAL,Simulated (formula: level = rain*0.6 + upstream_rain*0.4)
2024-06-08T03:00:00,R002,Gurpur (Phalguni),2316599,12.8601,74.8389,5.255,54.08,3.08,3.27,9.44,13.44,17.44,NORMAL,Simulated (formula: level = rain*0.6 + upstream_rain*0.4)
2024-06-08T04:00:00,R002,Gurpur (Phalguni),2316599,12.8601,74.8389,5.811,62.3,3.87,5.8,9.44,13.44,17.44,NORMAL,Simulated (formula: level = rain*0.6 + upstream_rain*0.4)
2024-06-08T05:00:00,R002,Gurpur (Phalguni),2316599,12.8601,74.8389,4.585,49.73,1.51,4.64,9.44,13.44,17.44,NORMAL,Simulated (formula: level = rain*0.6 + upstream_rain*0.4)
2024-06-08T06:00:00,R002,Gurpur (Phalguni),2316599,12.8601,74.8389,3.984,42.34,1.77,3.08,9.44,13.44,17.44,NORMAL,Simulated (formula: level = rain*0.6 + upstream_rain*0.4)
2024-06-08T07:00:00,R002,Gurpur (Phalguni),2316599,12.8601,74.8389,4.35,40.93,2.47,3.87,9.44,13.44,17.44,NORMAL,Simulated (formula: level = rain*0.6 + upstream_rain*0.4)
2024-06-08T08:00:00,R002,Gurpur (Phalguni),2316599,12.8601,74.8389,3.505,42.56,1.83,1.51,9.44,13.44,17.44,NORMAL,Simulated (formula: level = rain*0.6 + upstream_rain*0.4)
2024-06-08T09:00:00,R002,Gurpur (Phalguni),2316599,12.8601,74.8389,2.719,29.74,0.41,1.77,9.44,13.44,17.44,NORMAL,Simulated (formula: level = rain*0.6 + upstream_rain*0.4)
2024-06-08T10:00:00,R002,Gurpur (Phalguni),2316599,12.8601,74.8389,3.265,39.94,1.99,2.47,9.44,13.44,17.44,NORMAL,Simulated (formula: level = rain*0.6 + upstream_rain*0.4)
2024-06-08T11:00:00,R002,Gurpur (Phalguni),2316599,12.8601,74.8389,3.32,31.2,2.04,1.83,9.44,13.44,17.44,NORMAL,Simulated (formula: level = rain*0.6 + upstream_rain*0.4)
2024-06-08T12:00:00,R002,Gurpur (Phalguni),2316599,12.8601,74.8389,2.397,29.96,0.86,0.41,9.44,13.44,17.44,NORMAL,Simulated (formula: level = rain*0.6 + upstream_rain*0.4)
2024-06-08T13:00:00,R002,Gurpur (Phalguni),2316599,12.8601,74.8389,2.555,25.97,0.73,1.99,9.44,13.44,17.44,NORMAL,Simulated (formula: level = rain*0.6 + upstream_rain*0.4)
2024-06-08T14:00:00,R002,Gurpur (Phalguni),2316599,12.8601,74.8389,3.683,37.3,3.17,2.04,9.44,13.44,17.44,NORMAL,Simulated (formula: level = rain*0.6 + upstream_rain*0.4)
2024-06-08T15:00:00,R002,Gurpur (Phalguni),2316599,12.8601,74.8389,3.113,38.06,1.47,0.86,9.44,13.44,17.44,NORMAL,Simulated (formula: level = rain*0.6 + upstream_rain*0.4)
2024-06-08T16:00:00,R002,Gurpur (Phalguni),2316599,12.8601,74.8389,2.669,30.77,1.27,0.73,9.44,13.44,17.44,NORMAL,Simulated (formula: level = rain*0.6 + upstream_rain*0.4)
2024-06-08T17:00:00,R002,Gurpur (Phalguni),2316599,12.8601,74.8389,3.742,43.27,2.5,3.17,9.44,13.44,17.44,NORMAL,Simulated (formula: level = rain*0.6 + upstream_rain*0.4)
2024-06-08T18:00:00,R002,Gurpur (Phalguni),2316599,12.8601,74.8389,3.313,37.2,1.9,1.47,9.44,13.44,17.44,NORMAL,Simulated (formula: level = rain*0.6 + upstream_rain*0.4)
2024-06-08T19:00:00,R002,Gurpur (Phalguni),2316599,12.8601,74.8389,2.631,29.52,0.7,1.27,9.44,13.44,17.44,NORMAL,Simulated (formula: level = rain*0.6 + upstream_rain*0.4)
2024-06-08T20:00:00,R002,Gurpur (Phalguni),2316599,12.8601,74.8389,2.91,28.84,0.87,2.5,9.44,13.44,17.44,NORMAL,Simulated (formula: level = rain*0.6 + upstream_rain*0.4)
2024-06-08T21:00:00,R002,Gurpur (Phalguni),2316599,12.8601,74.8389,3.828,46.56,3.44,1.9,9.44,13.44,17.44,NORMAL,Simulated (formula: level = rain*0.6 + upstream_rain*0.4)
2024-06-08T22:00:00,R002,Gurpur (Phalguni),2316599,12.8601,74.8389,4.883,60.19,6.03,0.7,9.44,13.44,17.44,NORMAL,Simulated (formula: level = rain*0.6 + upstream_rain*0.4)
2024-06-08T23:00:00,R002,Gurpur (Phalguni),2316599,12.8601,74.8389,4.859,53.39,5.03,0.87,9.44,13.44,17.44,NORMAL,Simulated (formula: level = rain*0.6 + upstream_rain*0.4)
2024-06-09T00:00:00,R002,Gurpur (Phalguni),2316599,12.8601,74.8389,4.563,50.04,2.81,3.44,9.44,13.44,17.44,NORMAL,Simulated (formula: level = rain*0.6 + upstream_rain*0.4)
2024-06-09T01:00:00,R002,Gurpur (Phalguni),2316599,12.8601,74.8389,13.04,137.65,21.1,6.03,9.44,13.44,17.44,WARNING,Simulated (formula: level = rain*0.6 + upstream_rain*0.4)
2024-06-09T02:00:00,R002,Gurpur (Phalguni),2316599,12.8601,74.8389,8.06,84.45,4.18,5.03,9.44,13.44,17.44,NORMAL,Simulated (formula: level = rain*0.6 + upstream_rain*0.4)
2024-06-09T03:00:00,R002,Gurpur (Phalguni),2316599,12.8601,74.8389,6.975,85.15,6.56,2.81,9.44,13.44,17.44,NORMAL,Simulated (formula: level = rain*0.6 + upstream_rain*0.4)
2024-06-09T04:00:00,R002,Gurpur (Phalguni),2316599,12.8601,74.8389,10.0,107.67,2.2,21.1,9.44,13.44,17.44,WARNING,Simulated (formula: level = rain*0.6 + upstream_rain*0.4)
2024-06-09T05:00:00,R002,Gurpur (Phalguni),2316599,12.8601,74.8389,6.08,57.85,2.2,4.18,9.44,13.44,17.44,NORMAL,Simulated (formula: level = rain*0.6 + upstream_rain*0.4)
2024-06-09T06:00:00,R002,Gurpur (Phalguni),2316599,12.8601,74.8389,6.303,63.8,4.24,6.56,9.44,13.44,17.44,NORMAL,Simulated (formula: level = rain*0.6 + upstream_rain*0.4)
2024-06-09T07:00:00,R002,Gurpur (Phalguni),2316599,12.8601,74.8389,4.003,42.71,1.14,2.2,9.44,13.44,17.44,NORMAL,Simulated (formula: level = rain*0.6 + upstream_rain*0.4)
2024-06-09T08:00:00,R002,Gurpur (Phalguni),2316599,12.8601,74.8389,3.253,39.94,0.93,2.2,9.44,13.44,17.44,NORMAL,Simulated (formula: level = rain*0.6 + upstream_rain*0.4)
2024-06-09T09:00:00,R002,Gurpur (Phalguni),2316599,12.8601,74.8389,3.798,38.09,1.49,4.24,9.44,13.44,17.44,NORMAL,Simulated (formula: level = rain*0.6 + upstream_rain*0.4)
2024-06-09T10:00:00,R002,Gurpur (Phalguni),2316599,12.8601,74.8389,3.33,41.32,1.94,1.14,9.44,13.44,17.44,NORMAL,Simulated (formula: level = rain*0.6 + upstream_rain*0.4)
2024-06-09T11:00:00,R002,Gurpur (Phalguni),2316599,12.8601,74.8389,3.736,46.18,3.48,0.93,9.44,13.44,17.44,NORMAL,Simulated (formula: level = rain*0.6 + upstream_rain*0.4)
2024-06-09T12:00:00,R002,Gurpur (Phalguni),2316599,12.8601,74.8389,3.68,36.38,2.49,1.49,9.44,13.44,17.44,NORMAL,Simulated (formula: level = rain*0.6 + upstream_rain*0.4)
2024-06-09T13:00:00,R002,Gurpur (Phalguni),2316599,12.8601,74.8389,4.264,54.12,3.62,1.94,9.44,13.44,17.44,NORMAL,Simulated (formula: level = rain*0.6 + upstream_rain*0.4)
2024-06-09T14:00:00,R002,Gurpur (Phalguni),2316599,12.8601,74.8389,4.17,52.57,2.13,3.48,9.44,13.44,17.44,NORMAL,Simulated (formula: level = rain*0.6 + upstream_rain*0.4)
2024-06-09T15:00:00,R002,Gurpur (Phalguni),2316599,12.8601,74.8389,3.699,35.26,1.61,2.49,9.44,13.44,17.44,NORMAL,Simulated (formula: level = rain*0.6 + upstream_rain*0.4)
2024-06-09T16:00:00,R002,Gurpur (Phalguni),2316599,12.8601,74.8389,3.338,41.8,0.53,3.62,9.44,13.44,17.44,NORMAL,Simulated (formula: level = rain*0.6 + upstream_rain*0.4)
2024-06-09T17:00:00,R002,Gurpur (Phalguni),2316599,12.8601,74.8389,2.877,35.98,0.57,2.13,9.44,13.44,17.44,NORMAL,Simulated (formula: level = rain*0.6 + upstream_rain*0.4)
2024-06-09T18:00:00,R002,Gurpur (Phalguni),2316599,12.8601,74.8389,3.124,35.66,1.78,1.61,9.44,13.44,17.44,NORMAL,Simulated (formula: level = rain*0.6 + upstream_rain*0.4)
2024-06-09T19:00:00,R002,Gurpur (Phalguni),2316599,12.8601,74.8389,2.436,27.62,0.93,0.53,9.44,13.44,17.44,NORMAL,Simulated (formula: level = rain*0.6 + upstream_rain*0.4)
2024-06-09T20:00:00,R002,Gurpur (Phalguni),2316599,12.8601,74.8389,10.048,96.88,19.36,0.57,9.44,13.44,17.44,WARNING,Simulated (formula: level = rain*0.6 + upstream_rain*0.4)
2024-06-09T21:00:00,R002,Gurpur (Phalguni),2316599,12.8601,74.8389,4.834,56.63,0.98,1.78,9.44,13.44,17.44,NORMAL,Simulated (formula: level = rain*0.6 + upstream_rain*0.4)
2024-06-09T22:00:00,R002,Gurpur (Phalguni),2316599,12.8601,74.8389,3.435,38.71,1.84,0.93,9.44,13.44,17.44,NORMAL,Simulated (formula: level = rain*0.6 + upstream_rain*0.4)
2024-06-09T23:00:00,R002,Gurpur (Phalguni),2316599,12.8601,74.8389,9.817,105.23,5.77,19.36,9.44,13.44,17.44,WARNING,Simulated (formula: level = rain*0.6 + upstream_rain*0.4)
2024-06-10T00:00:00,R002,Gurpur (Phalguni),2316599,12.8601,74.8389,6.847,83.4,6.14,0.98,9.44,13.44,17.44,NORMAL,Simulated (formula: level = rain*0.6 + upstream_rain*0.4)
2024-06-10T01:00:00,R002,Gurpur (Phalguni),2316599,12.8601,74.8389,5.995,74.42,5.87,1.84,9.44,13.44,17.44,NORMAL,Simulated (formula: level = rain*0.6 + upstream_rain*0.4)
2024-06-10T02:00:00,R002,Gurpur (Phalguni),2316599,12.8601,74.8389,5.248,66.0,1.78,5.77,9.44,13.44,17.44,NORMAL,Simulated (formula: level = rain*0.6 + upstream_rain*0.4)
2024-06-10T03:00:00,R002,Gurpur (Phalguni),2316599,12.8601,74.8389,5.215,58.24,2.28,6.14,9.44,13.44,17.44,NORMAL,Simulated (formula: level = rain*0.6 + upstream_rain*0.4)
2024-06-10T04:00:00,R002,Gurpur (Phalguni),2316599,12.8601,74.8389,7.379,86.28,7.6,5.87,9.44,13.44,17.44,NORMAL,Simulated (formula: level = rain*0.6 + upstream_rain*0.4)
2024-06-10T05:00:00,R002,Gurpur (Phalguni),2316599,12.8601,74.8389,5.642,69.14,4.73,1.78,9.44,13.44,17.44,NORMAL,Simulated (formula: level = rain*0.6 + upstream_rain*0.4)
2024-06-10T06:00:00,R002,Gurpur (Phalguni),2316599,12.8601,74.8389,3.99,39.0,1.54,2.28,9.44,13.44,17.44,NORMAL,Simulated (formula: level = rain*0.6 + upstream_rain*0.4)
2024-06-10T07:00:00,R002,Gurpur (Phalguni),2316599,12.8601,74.8389,4.669,45.73,0.86,7.6,9.44,13.44,17.44,NORMAL,Simulated (formula: level = rain*0.6 + upstream_rain*0.4)
2024-06-10T08:00:00,R002,Gurpur (Phalguni),2316599,12.8601,74.8389,4.639,58.1,2.17,4.73,9.44,13.44,17.44,NORMAL,Simulated (formula: level = rain*0.6 + upstream_rain*0.4)
2024-06-10T09:00:00,R002,Gurpur (Phalguni),2316599,12.8601,74.8389,3.258,33.6,0.97,1.54,9.44,13.44,17.44,NORMAL,Simulated (formula: level = rain*0.6 + upstream_rain*0.4)
2024-06-10T10:00:00,R002,Gurpur (Phalguni),2316599,12.8601,74.8389,2.944,30.57,1.72,0.86,9.44,13.44,17.44,NORMAL,Simulated (formula: level = rain*0.6 + upstream_rain*0.4)
2024-06-10T11:00:00,R002,Gurpur (Phalguni),2316599,12.8601,74.8389,3.054,34.91,1.41,2.17,9.44,13.44,17.44,NORMAL,Simulated (formula: level = rain*0.6 + upstream_rain*0.4)
2024-06-10T12:00:00,R002,Gurpur (Phalguni),2316599,12.8601,74.8389,2.722,33.44,1.4,0.97,9.44,13.44,17.44,NORMAL,Simulated (formula: level = rain*0.6 + upstream_rain*0.4)
2024-06-10T13:00:00,R002,Gurpur (Phalguni),2316599,12.8601,74.8389,2.56,30.67,0.59,1.72,9.44,13.44,17.44,NORMAL,Simulated (formula: level = rain*0.6 + upstream_rain*0.4)
2024-06-10T14:00:00,R002,Gurpur (Phalguni),2316599,12.8601,74.8389,2.636,28.86,0.9,1.41,9.44,13.44,17.44,NORMAL,Simulated (formula: level = rain*0.6 + upstream_rain*0.4)
2024-06-10T15:00:00,R002,Gurpur (Phalguni),2316599,12.8601,74.8389,2.862,32.89,1.45,1.4,9.44,13.44,17.44,NORMAL,Simulated (formula: level = rain*0.6 + upstream_rain*0.4)
2024-06-10T16:00:00,R002,Gurpur (Phalguni),2316599,12.8601,74.8389,2.71,30.25,1.59,0.59,9.44,13.44,17.44,NORMAL,Simulated (formula: level = rain*0.6 + upstream_rain*0.4)
2024-06-10T17:00:00,R002,Gurpur (Phalguni),2316599,12.8601,74.8389,2.854,27.24,1.93,0.9,9.44,13.44,17.44,NORMAL,Simulated (formula: level = rain*0.6 + upstream_rain*0.4)
2024-06-10T18:00:00,R002,Gurpur (Phalguni),2316599,12.8601,74.8389,3.215,31.11,2.14,1.45,9.44,13.44,17.44,NORMAL,Simulated (formula: level = rain*0.6 + upstream_rain*0.4)
2024-06-10T19:00:00,R002,Gurpur (Phalguni),2316599,12.8601,74.8389,8.055,99.11,13.39,1.59,9.44,13.44,17.44,NORMAL,Simulated (formula: level = rain*0.6 + upstream_rain*0.4)
2024-06-10T20:00:00,R002,Gurpur (Phalguni),2316599,12.8601,74.8389,14.325,145.57,24.73,1.93,9.44,13.44,17.44,DANGER,Simulated (formula: level = rain*0.6 + upstream_rain*0.4)
2024-06-10T21:00:00,R002,Gurpur (Phalguni),2316599,12.8601,74.8389,6.273,72.7,0.93,2.14,9.44,13.44,17.44,NORMAL,Simulated (formula: level = rain*0.6 + upstream_rain*0.4)
2024-06-10T22:00:00,R002,Gurpur (Phalguni),2316599,12.8601,74.8389,9.225,108.13,6.23,13.39,9.44,13.44,17.44,NORMAL,Simulated (formula: level = rain*0.6 + upstream_rain*0.4)
2024-06-10T23:00:00,R002,Gurpur (Phalguni),2316599,12.8601,74.8389,13.202,159.23,6.08,24.73,9.44,13.44,17.44,WARNING,Simulated (formula: level = rain*0.6 + upstream_rain*0.4)
2024-06-11T00:00:00,R002,Gurpur (Phalguni),2316599,12.8601,74.8389,7.172,77.09,4.64,0.93,9.44,13.44,17.44,NORMAL,Simulated (formula: level = rain*0.6 + upstream_rain*0.4)
2024-06-11T01:00:00,R002,Gurpur (Phalguni),2316599,12.8601,74.8389,5.585,60.06,1.68,6.23,9.44,13.44,17.44,NORMAL,Simulated (formula: level = rain*0.6 + upstream_rain*0.4)
2024-06-11T02:00:00,R002,Gurpur (Phalguni),2316599,12.8601,74.8389,9.882,109.79,13.07,6.08,9.44,13.44,17.44,WARNING,Simulated (formula: level = rain*0.6 + upstream_rain*0.4)
2024-06-11T03:00:00,R002,Gurpur (Phalguni),2316599,12.8601,74.8389,7.773,94.49,6.0,4.64,9.44,13.44,17.44,NORMAL,Simulated (formula: level = rain*0.6 + upstream_rain*0.4)
2024-06-11T04:00:00,R002,Gurpur (Phalguni),2316599,12.8601,74.8389,5.881,72.57,5.1,1.68,9.44,13.44,17.44,NORMAL,Simulated (formula: level = rain*0.6 + upstream_rain*0.4)
2024-06-11T05:00:00,R002,Gurpur (Phalguni),2316599,12.8601,74.8389,15.643,153.85,21.9,13.07,9.44,13.44,17.44,DANGER,Simulated (formula: level = rain*0.6 + upstream_rain*0.4)
2024-06-11T06:00:00,R002,Gurpur (Phalguni),2316599,12.8601,74.8389,8.167,89.34,1.65,6.0,9.44,13.44,17.44,NORMAL,Simulated (formula: level = rain*0.6 + upstream_rain*0.4)
2024-06-11T07:00:00,R002,Gurpur (Phalguni),2316599,12.8601,74.8389,5.387,63.6,1.34,5.1,9.44,13.44,17.44,NORMAL,Simulated (formula: level = rain*0.6 + upstream_rain*0.4)
2024-06-11T08:00:00,R002,Gurpur (Phalguni),2316599,12.8601,74.8389,9.395,102.43,1.47,21.9,9.44,13.44,17.44,NORMAL,Simulated (formula: level = rain*0.6 + upstream_rain*0.4)
2024-06-11T09:00:00,R002,Gurpur (Phalguni),2316599,12.8601,74.8389,4.868,50.48,1.47,1.65,9.44,13.44,17.44,NORMAL,Simulated (formula: level = rain*0.6 + upstream_rain*0.4)
2024-06-11T10:00:00,R002,Gurpur (Phalguni),2316599,12.8601,74.8389,3.353,39.8,1.18,1.34,9.44,13.44,17.44,NORMAL,Simulated (formula: level = rain*0.6 + upstream_rain*0.4)
2024-06-11T11:00:00,R002,Gurpur (Phalguni),2316599,12.8601,74.8389,3.973,39.95,3.36,1.47,9.44,13.44,17.44,NORMAL,Simulated (formula: level = rain*0.6 + upstream_rain*0.4)
2024-06-11T12:00:00,R002,Gurpur (Phalguni),2316599,12.8601,74.8389,3.092,31.93,1.0,1.47,9.44,13.44,17.44,NORMAL,Simulated (formula: level = rain*0.6 + upstream_rain*0.4)
2024-06-11T13:00:00,R002,Gurpur (Phalguni),2316599,12.8601,74.8389,2.672,29.23,1.03,1.18,9.44,13.44,17.44,NORMAL,Simulated (formula: level = rain*0.6 + upstream_rain*0.4)
2024-06-11T14:00:00,R002,Gurpur (Phalguni),2316599,12.8601,74.8389,3.156,34.53,1.05,3.36,9.44,13.44,17.44,NORMAL,Simulated (formula: level = rain*0.6 + upstream_rain*0.4)
2024-06-11T15:00:00,R002,Gurpur (Phalguni),2316599,12.8601,74.8389,2.525,25.82,0.75,1.0,9.44,13.44,17.44,NORMAL,Simulated (formula: level = rain*0.6 + upstream_rain*0.4)
2024-06-11T16:00:00,R002,Gurpur (Phalguni),2316599,12.8601,74.8389,2.811,31.22,1.73,1.03,9.44,13.44,17.44,NORMAL,Simulated (formula: level = rain*0.6 + upstream_rain*0.4)
2024-06-11T17:00:00,R002,Gurpur (Phalguni),2316599,12.8601,74.8389,2.858,33.98,1.74,1.05,9.44,13.44,17.44,NORMAL,Simulated (formula: level = rain*0.6 + upstream_rain*0.4)
2024-06-11T18:00:00,R002,Gurpur (Phalguni),2316599,12.8601,74.8389,2.582,27.6,1.33,0.75,9.44,13.44,17.44,NORMAL,Simulated (formula: level = rain*0.6 + upstream_rain*0.4)
2024-06-11T19:00:00,R002,Gurpur (Phalguni),2316599,12.8601,74.8389,2.53,28.38,0.59,1.73,9.44,13.44,17.44,NORMAL,Simulated (formula: level = rain*0.6 + upstream_rain*0.4)
2024-06-11T20:00:00,R002,Gurpur (Phalguni),2316599,12.8601,74.8389,2.786,33.21,1.52,1.74,9.44,13.44,17.44,NORMAL,Simulated (formula: level = rain*0.6 + upstream_rain*0.4)
2024-06-11T21:00:00,R002,Gurpur (Phalguni),2316599,12.8601,74.8389,3.033,37.6,2.02,1.33,9.44,13.44,17.44,NORMAL,Simulated (formula: level = rain*0.6 + upstream_rain*0.4)
2024-06-11T22:00:00,R002,Gurpur (Phalguni),2316599,12.8601,74.8389,2.927,31.46,1.84,0.59,9.44,13.44,17.44,NORMAL,Simulated (formula: level = rain*0.6 + upstream_rain*0.4)
2024-06-11T23:00:00,R002,Gurpur (Phalguni),2316599,12.8601,74.8389,5.376,67.1,7.34,1.52,9.44,13.44,17.44,NORMAL,Simulated (formula: level = rain*0.6 + upstream_rain*0.4)
2024-06-12T00:00:00,R002,Gurpur (Phalguni),2316599,12.8601,74.8389,4.353,42.23,2.79,2.02,9.44,13.44,17.44,NORMAL,Simulated (formula: level = rain*0.6 + upstream_rain*0.4)
2024-06-12T01:00:00,R002,Gurpur (Phalguni),2316599,12.8601,74.8389,4.028,48.7,2.97,1.84,9.44,13.44,17.44,NORMAL,Simulated (formula: level = rain*0.6 + upstream_rain*0.4)
2024-06-12T02:00:00,R002,Gurpur (Phalguni),2316599,12.8601,74.8389,5.698,62.53,3.51,7.34,9.44,13.44,17.44,NORMAL,Simulated (formula: level = rain*0.6 + upstream_rain*0.4)
2024-06-12T03:00:00,R002,Gurpur (Phalguni),2316599,12.8601,74.8389,4.884,52.44,3.45,2.79,9.44,13.44,17.44,NORMAL,Simulated (formula: level = rain*0.6 + upstream_rain*0.4)
2024-06-12T04:00:00,R002,Gurpur (Phalguni),2316599,12.8601,74.8389,5.165,63.89,4.55,2.97,9.44,13.44,17.44,NORMAL,Simulated (formula: level = rain*0.6 + upstream_rain*0.4)
2024-06-12T05:00:00,R002,Gurpur (Phalguni),2316599,12.8601,74.8389,5.051,53.58,3.77,3.51,9.44,13.44,17.44,NORMAL,Simulated (formula: level = rain*0.6 + upstream_rain*0.4)
2024-06-12T06:00:00,R002,Gurpur (Phalguni),2316599,12.8601,74.8389,4.016,50.6,1.6,3.45,9.44,13.44,17.44,NORMAL,Simulated (formula: level = rain*0.6 + upstream_rain*0.4)
2024-06-12T07:00:00,R002,Gurpur (Phalguni),2316599,12.8601,74.8389,4.507,49.99,2.45,4.55,9.44,13.44,17.44,NORMAL,Simulated (formula: level = rain*0.6 + upstream_rain*0.4)
2024-06-12T08:00:00,R002,Gurpur (Phalguni),2316599,12.8601,74.8389,4.365,52.4,2.38,3.77,9.44,13.44,17.44,NORMAL,Simulated (formula: level = rain*0.6 + upstream_rain*0.4)
2024-06-12T09:00:00,R002,Gurpur (Phalguni),2316599,12.8601,74.8389,3.515,35.22,1.67,1.6,9.44,13.44,17.44,NORMAL,Simulated (formula: level = rain*0.6 + upstream_rain*0.4)
2024-06-12T10:00:00,R002,Gurpur (Phalguni),2316599,12.8601,74.8389,3.482,42.85,1.67,2.45,9.44,13.44,17.44,NORMAL,Simulated (formula: level = rain*0.6 + upstream_rain*0.4)
2024-06-12T11:00:00,R002,Gurpur (Phalguni),2316599,12.8601,74.8389,3.581,43.08,1.97,2.38,9.44,13.44,17.44,NORMAL,Simulated (formula: level = rain*0.6 + upstream_rain*0.4)
2024-06-12T12:00:00,R002,Gurpur (Phalguni),2316599,12.8601,74.8389,4.034,39.33,3.39,1.67,9.44,13.44,17.44,NORMAL,Simulated (formula: level = rain*0.6 + upstream_rain*0.4)
2024-06-12T13:00:00,R002,Gurpur (Phalguni),2316599,12.8601,74.8389,3.432,43.19,1.62,1.67,9.44,13.44,17.44,NORMAL,Simulated (formula: level = rain*0.6 + upstream_rain*0.4)
2024-06-12T14:00:00,R002,Gurpur (Phalguni),2316599,12.8601,74.8389,4.096,40.71,3.63,1.97,9.44,13.44,17.44,NORMAL,Simulated (formula: level = rain*0.6 + upstream_rain*0.4)
2024-06-12T15:00:00,R002,Gurpur (Phalguni),2316599,12.8601,74.8389,4.137,52.13,2.1,3.39,9.44,13.44,17.44,NORMAL,Simulated (formula: level = rain*0.6 + upstream_rain*0.4)
2024-06-12T16:00:00,R002,Gurpur (Phalguni),2316599,12.8601,74.8389,3.085,36.39,0.67,1.62,9.44,13.44,17.44,NORMAL,Simulated (formula: level = rain*0.6 + upstream_rain*0.4)
2024-06-12T17:00:00,R002,Gurpur (Phalguni),2316599,12.8601,74.8389,3.346,32.16,0.86,3.63,9.44,13.44,17.44,NORMAL,Simulated (formula: level = rain*0.6 + upstream_rain*0.4)
2024-06-12T18:00:00,R002,Gurpur (Phalguni),2316599,12.8601,74.8389,2.843,33.83,0.72,2.1,9.44,13.44,17.44,NORMAL,Simulated (formula: level = rain*0.6 + upstream_rain*0.4)
2024-06-12T19:00:00,R002,Gurpur (Phalguni),2316599,12.8601,74.8389,2.748,33.91,1.69,0.67,9.44,13.44,17.44,NORMAL,Simulated (formula: level = rain*0.6 + upstream_rain*0.4)
2024-06-12T20:00:00,R002,Gurpur (Phalguni),2316599,12.8601,74.8389,3.286,36.24,2.87,0.86,9.44,13.44,17.44,NORMAL,Simulated (formula: level = rain*0.6 + upstream_rain*0.4)
2024-06-12T21:00:00,R002,Gurpur (Phalguni),2316599,12.8601,74.8389,3.242,35.37,2.57,0.72,9.44,13.44,17.44,NORMAL,Simulated (formula: level = rain*0.6 + upstream_rain*0.4)
2024-06-12T22:00:00,R002,Gurpur (Phalguni),2316599,12.8601,74.8389,5.245,66.19,6.75,1.69,9.44,13.44,17.44,NORMAL,Simulated (formula: level = rain*0.6 + upstream_rain*0.4)
2024-06-12T23:00:00,R002,Gurpur (Phalguni),2316599,12.8601,74.8389,5.07,60.68,3.83,2.87,9.44,13.44,17.44,NORMAL,Simulated (formula: level = rain*0.6 + upstream_rain*0.4)
2024-06-13T00:00:00,R002,Gurpur (Phalguni),2316599,12.8601,74.8389,6.544,77.38,7.87,2.57,9.44,13.44,17.44,NORMAL,Simulated (formula: level = rain*0.6 + upstream_rain*0.4)
2024-06-13T01:00:00,R002,Gurpur (Phalguni),2316599,12.8601,74.8389,10.666,127.79,13.85,6.75,9.44,13.44,17.44,WARNING,Simulated (formula: level = rain*0.6 + upstream_rain*0.4)
2024-06-13T02:00:00,R002,Gurpur (Phalguni),2316599,12.8601,74.8389,8.423,106.7,7.4,3.83,9.44,13.44,17.44,NORMAL,Simulated (formula: level = rain*0.6 + upstream_rain*0.4)
2024-06-13T03:00:00,R002,Gurpur (Phalguni),2316599,12.8601,74.8389,6.644,80.15,2.25,7.87,9.44,13.44,17.44,NORMAL,Simulated (formula: level = rain*0.6 + upstream_rain*0.4)
2024-06-13T04:00:00,R002,Gurpur (Phalguni),2316599,12.8601,74.8389,7.989,94.44,2.4,13.85,9.44,13.44,17.44,NORMAL,Simulated (formula: level = rain*0.6 + upstream_rain*0.4)
2024-06-13T05:00:00,R002,Gurpur (Phalguni),2316599,12.8601,74.8389,7.611,75.46,5.06,7.4,9.44,13.44,17.44,NORMAL,Simulated (formula: level = rain*0.6 + upstream_rain*0.4)
2024-06-13T06:00:00,R002,Gurpur (Phalguni),2316599,12.8601,74.8389,4.716,56.75,1.84,2.25,9.44,13.44,17.44,NORMAL,Simulated (formula: level = rain*0.6 + upstream_rain*0.4)
2024-06-13T07:00:00,R002,Gurpur (Phalguni),2316599,12.8601,74.8389,3.544,35.33,1.23,2.4,9.44,13.44,17.44,NORMAL,Simulated (formula: level = rain*0.6 + upstream_rain*0.4)
2024-06-13T08:00:00,R002,Gurpur (Phalguni),2316599,12.8601,74.8389,3.704,42.38,0.58,5.06,9.44,13.44,17.44,NORMAL,Simulated (formula: level = rain*0.6 + upstream_rain*0.4)
2024-06-13T09:00:00,R002,Gurpur (Phalguni),2316599,12.8601,74.8389,12.65,122.44,23.74,1.84,9.44,13.44,17.44,WARNING,Simulated (formula: level = rain*0.6 + upstream_rain*0.4)
2024-06-13T10:00:00,R002,Gurpur (Phalguni),2316599,12.8601,74.8389,10.45,114.93,12.61,1.23,9.44,13.44,17.44,WARNING,Simulated (formula: level = rain*0.6 + upstream_rain*0.4)
2024-06-13T11:00:00,R002,Gurpur (Phalguni),2316599,12.8601,74.8389,4.701,45.86,0.95,0.58,9.44,13.44,17.44,NORMAL,Simulated (formula: level = rain*0.6 + upstream_rain*0.4)
2024-06-13T12:00:00,R002,Gurpur (Phalguni),2316599,12.8601,74.8389,10.247,126.74,2.84,23.74,9.44,13.44,17.44,WARNING,Simulated (formula: level = rain*0.6 + upstream_rain*0.4)
2024-06-13T13:00:00,R002,Gurpur (Phalguni),2316599,12.8601,74.8389,8.146,97.56,1.22,12.61,9.44,13.44,17.44,NORMAL,Simulated (formula: level = rain*0.6 + upstream_rain*0.4)
2024-06-13T14:00:00,R002,Gurpur (Phalguni),2316599,12.8601,74.8389,4.803,56.76,2.8,0.95,9.44,13.44,17.44,NORMAL,Simulated (formula: level = rain*0.6 + upstream_rain*0.4)
2024-06-13T15:00:00,R002,Gurpur (Phalguni),2316599,12.8601,74.8389,4.023,45.1,1.66,2.84,9.44,13.44,17.44,NORMAL,Simulated (formula: level = rain*0.6 + upstream_rain*0.4)
2024-06-13T16:00:00,R002,Gurpur (Phalguni),2316599,12.8601,74.8389,2.979,36.54,0.88,1.22,9.44,13.44,17.44,NORMAL,Simulated (formula: level = rain*0.6 + upstream_rain*0.4)
2024-06-13T17:00:00,R002,Gurpur (Phalguni),2316599,12.8601,74.8389,3.108,31.81,0.88,2.8,9.44,13.44,17.44,NORMAL,Simulated (formula: level = rain*0.6 + upstream_rain*0.4)
2024-06-13T18:00:00,R002,Gurpur (Phalguni),2316599,12.8601,74.8389,3.212,39.61,2.13,1.66,9.44,13.44,17.44,NORMAL,Simulated (formula: level = rain*0.6 + upstream_rain*0.4)
2024-06-13T19:00:00,R002,Gurpur (Phalguni),2316599,12.8601,74.8389,2.864,30.06,1.49,0.88,9.44,13.44,17.44,NORMAL,Simulated (formula: level = rain*0.6 + upstream_rain*0.4)
2024-06-13T20:00:00,R002,Gurpur (Phalguni),2316599,12.8601,74.8389,3.1,30.7,2.15,0.88,9.44,13.44,17.44,NORMAL,Simulated (formula: level = rain*0.6 + upstream_rain*0.4)
2024-06-13T21:00:00,R002,Gurpur (Phalguni),2316599,12.8601,74.8389,3.808,44.7,3.06,2.13,9.44,13.44,17.44,NORMAL,Simulated (formula: level = rain*0.6 + upstream_rain*0.4)
2024-06-13T22:00:00,R002,Gurpur (Phalguni),2316599,12.8601,74.8389,3.956,46.19,3.4,1.49,9.44,13.44,17.44,NORMAL,Simulated (formula: level = rain*0.6 + upstream_rain*0.4)
2024-06-13T23:00:00,R002,Gurpur (Phalguni),2316599,12.8601,74.8389,7.002,86.39,10.21,2.15,9.44,13.44,17.44,NORMAL,Simulated (formula: level = rain*0.6 + upstream_rain*0.4)
2024-06-14T00:00:00,R002,Gurpur (Phalguni),2316599,12.8601,74.8389,9.872,124.02,14.14,3.06,9.44,13.44,17.44,WARNING,Simulated (formula: level = rain*0.6 + upstream_rain*0.4)
2024-06-14T01:00:00,R002,Gurpur (Phalguni),2316599,12.8601,74.8389,6.315,62.71,3.24,3.4,9.44,13.44,17.44,NORMAL,Simulated (formula: level = rain*0.6 + upstream_rain*0.4)
2024-06-14T02:00:00,R002,Gurpur (Phalguni),2316599,12.8601,74.8389,18.627,184.2,30.84,10.21,9.44,13.44,17.44,FLOOD,Simulated (formula: level = rain*0.6 + upstream_rain*0.4)
2024-06-14T03:00:00,R002,Gurpur (Phalguni),2316599,12.8601,74.8389,11.207,110.92,1.71,14.14,9.44,13.44,17.44,WARNING,Simulated (formula: level = rain*0.6 + upstream_rain*0.4)
2024-06-14T04:00:00,R002,Gurpur (Phalguni),2316599,12.8601,74.8389,6.86,76.32,3.67,3.24,9.44,13.44,17.44,NORMAL,Simulated (formula: level = rain*0.6 + upstream_rain*0.4)
2024-06-14T05:00:00,R002,Gurpur (Phalguni),2316599,12.8601,74.8389,12.505,151.83,2.05,30.84,9.44,13.44,17.44,WARNING,Simulated (formula: level = rain*0.6 + upstream_rain*0.4)
2024-06-14T06:00:00,R002,Gurpur (Phalguni),2316599,12.8601,74.8389,5.517,68.86,0.66,1.71,9.44,13.44,17.44,NORMAL,Simulated (formula: level = rain*0.6 + upstream_rain*0.4)
2024-06-14T07:00:00,R002,Gurpur (Phalguni),2316599,12.8601,74.8389,4.22,45.79,1.26,3.67,9.44,13.44,17.44,NORMAL,Simulated (formula: level = rain*0.6 + upstream_rain*0.4)
2024-06-14T08:00:00,R002,Gurpur (Phalguni),2316599,12.8601,74.8389,3.676,45.17,1.87,2.05,9.44,13.44,17.44,NORMAL,Simulated (formula: level = rain*0.6 + upstream_rain*0.4)
2024-06-14T09:00:00,R002,Gurpur (Phalguni),2316599,12.8601,74.8389,2.741,32.33,1.16,0.66,9.44,13.44,17.44,NORMAL,Simulated (formula: level = rain*0.6 + upstream_rain*0.4)
2024-06-14T10:00:00,R002,Gurpur (Phalguni),2316599,12.8601,74.8389,2.545,26.18,0.86,1.26,9.44,13.44,17.44,NORMAL,Simulated (formula: level = rain*0.6 + upstream_rain*0.4)
2024-06-14T11:00:00,R002,Gurpur (Phalguni),2316599,12.8601,74.8389,3.32,38.08,2.55,1.87,9.44,13.44,17.44,NORMAL,Simulated (formula: level = rain*0.6 + upstream_rain*0.4)
2024-06-14T12:00:00,R002,Gurpur (Phalguni),2316599,12.8601,74.8389,2.952,35.98,1.32,1.16,9.44,13.44,17.44,NORMAL,Simulated (formula: level = rain*0.6 + upstream_rain*0.4)
2024-06-14T13:00:00,R002,Gurpur (Phalguni),2316599,12.8601,74.8389,2.545,28.67,1.01,0.86,9.44,13.44,17.44,NORMAL,Simulated (formula: level = rain*0.6 + upstream_rain*0.4)
2024-06-14T14:00:00,R002,Gurpur (Phalguni),2316599,12.8601,74.8389,3.513,42.64,2.24,2.55,9.44,13.44,17.44,NORMAL,Simulated (formula: level = rain*0.6 + upstream_rain*0.4)
2024-06-14T15:00:00,R002,Gurpur (Phalguni),2316599,12.8601,74.8389,3.443,39.99,2.49,1.32,9.44,13.44,17.44,NORMAL,Simulated (formula: level = rain*0.6 + upstream_rain*0.4)
2024-06-14T16:00:00,R002,Gurpur (Phalguni),2316599,12.8601,74.8389,2.78,32.49,1.1,1.01,9.44,13.44,17.44,NORMAL,Simulated (formula: level = rain*0.6 + upstream_rain*0.4)
2024-06-14T17:00:00,R002,Gurpur (Phalguni),2316599,12.8601,74.8389,2.946,33.4,0.97,2.24,9.44,13.44,17.44,NORMAL,Simulated (formula: level = rain*0.6 + upstream_rain*0.4)
2024-06-14T18:00:00,R002,Gurpur (Phalguni),2316599,12.8601,74.8389,2.882,33.22,0.65,2.49,9.44,13.44,17.44,NORMAL,Simulated (formula: level = rain*0.6 + upstream_rain*0.4)
2024-06-14T19:00:00,R002,Gurpur (Phalguni),2316599,12.8601,74.8389,2.693,33.98,1.14,1.1,9.44,13.44,17.44,NORMAL,Simulated (formula: level = rain*0.6 + upstream_rain*0.4)
2024-06-14T20:00:00,R002,Gurpur (Phalguni),2316599,12.8601,74.8389,2.597,28.79,1.25,0.97,9.44,13.44,17.44,NORMAL,Simulated (formula: level = rain*0.6 + upstream_rain*0.4)
2024-06-14T21:00:00,R002,Gurpur (Phalguni),2316599,12.8601,74.8389,3.216,35.06,2.98,0.65,9.44,13.44,17.44,NORMAL,Simulated (formula: level = rain*0.6 + upstream_rain*0.4)
2024-06-14T22:00:00,R002,Gurpur (Phalguni),2316599,12.8601,74.8389,3.504,38.46,2.94,1.14,9.44,13.44,17.44,NORMAL,Simulated (formula: level = rain*0.6 + upstream_rain*0.4)
2024-06-14T23:00:00,R002,Gurpur (Phalguni),2316599,12.8601,74.8389,5.024,60.26,6.21,1.25,9.44,13.44,17.44,NORMAL,Simulated (formula: level = rain*0.6 + upstream_rain*0.4)
2024-06-15T00:00:00,R002,Gurpur (Phalguni),2316599,12.8601,74.8389,5.832,71.5,5.79,2.98,9.44,13.44,17.44,NORMAL,Simulated (formula: level = rain*0.6 + upstream_rain*0.4)
2024-06-15T01:00:00,R002,Gurpur (Phalguni),2316599,12.8601,74.8389,4.217,45.63,1.37,2.94,9.44,13.44,17.44,NORMAL,Simulated (formula: level = rain*0.6 + upstream_rain*0.4)
2024-06-15T02:00:00,R002,Gurpur (Phalguni),2316599,12.8601,74.8389,5.302,56.3,2.99,6.21,9.44,13.44,17.44,NORMAL,Simulated (formula: level = rain*0.6 + upstream_rain*0.4)
2024-06-15T03:00:00,R002,Gurpur (Phalguni),2316599,12.8601,74.8389,5.871,59.07,4.14,5.79,9.44,13.44,17.44,NORMAL,Simulated (formula: level = rain*0.6 + upstream_rain*0.4)
2024-06-15T04:00:00,R002,Gurpur (Phalguni),2316599,12.8601,74.8389,4.723,53.88,3.61,1.37,9.44,13.44,17.44,NORMAL,Simulated (formula: level = rain*0.6 + upstream_rain*0.4)
2024-06-15T05:00:00,R002,Gurpur (Phalguni),2316599,12.8601,74.8389,4.557,49.11,2.98,2.99,9.44,13.44,17.44,NORMAL,Simulated (formula: level = rain*0.6 + upstream_rain*0.4)
2024-06-15T06:00:00,R002,Gurpur (Phalguni),2316599,12.8601,74.8389,4.259,42.65,1.74,4.14,9.44,13.44,17.44,NORMAL,Simulated (formula: level = rain*0.6 + upstream_rain*0.4)
2024-06-15T07:00:00,R002,Gurpur (Phalguni),2316599,12.8601,74.8389,4.369,50.92,2.58,3.61,9.44,13.44,17.44,NORMAL,Simulated (formula: level = rain*0.6 + upstream_rain*0.4)
2024-06-15T08:00:00,R002,Gurpur (Phalguni),2316599,12.8601,74.8389,3.769,42.53,1.73,2.98,9.44,13.44,17.44,NORMAL,Simulated (formula: level = rain*0.6 + upstream_rain*0.4)
2024-06-15T09:00:00,R002,Gurpur (Phalguni),2316599,12.8601,74.8389,3.466,43.01,2.11,1.74,9.44,13.44,17.44,NORMAL,Simulated (formula: level = rain*0.6 + upstream_rain*0.4)
2024-06-15T10:00:00,R002,Gurpur (Phalguni),2316599,12.8601,74.8389,3.869,36.71,2.52,2.58,9.44,13.44,17.44,NORMAL,Simulated (formula: level = rain*0.6 + upstream_rain*0.4)
2024-06-15T11:00:00,R002,Gurpur (Phalguni),2316599,12.8601,74.8389,3.346,39.12,1.46,1.73,9.44,13.44,17.44,NORMAL,Simulated (formula: level = rain*0.6 + upstream_rain*0.4)
2024-06-15T12:00:00,R002,Gurpur (Phalguni),2316599,12.8601,74.8389,3.633,45.43,2.45,2.11,9.44,13.44,17.44,NORMAL,Simulated (formula: level = rain*0.6 + upstream_rain*0.4)
2024-06-15T13:00:00,R002,Gurpur (Phalguni),2316599,12.8601,74.8389,4.008,39.15,2.97,2.52,9.44,13.44,17.44,NORMAL,Simulated (formula: level = rain*0.6 + upstream_rain*0.4)
2024-06-15T14:00:00,R002,Gurpur (Phalguni),2316599,12.8601,74.8389,3.422,39.4,1.94,1.46,9.44,13.44,17.44,NORMAL,Simulated (formula: level = rain*0.6 + upstream_rain*0.4)
2024-06-15T15:00:00,R002,Gurpur (Phalguni),2316599,12.8601,74.8389,3.326,37.02,1.41,2.45,9.44,13.44,17.44,NORMAL,Simulated (formula: level = rain*0.6 + upstream_rain*0.4)
2024-06-15T16:00:00,R002,Gurpur (Phalguni),2316599,12.8601,74.8389,3.088,35.48,0.73,2.97,9.44,13.44,17.44,NORMAL,Simulated (formula: level = rain*0.6 + upstream_rain*0.4)
2024-06-15T17:00:00,R002,Gurpur (Phalguni),2316599,12.8601,74.8389,3.476,37.98,2.38,1.94,9.44,13.44,17.44,NORMAL,Simulated (formula: level = rain*0.6 + upstream_rain*0.4)
2024-06-15T18:00:00,R002,Gurpur (Phalguni),2316599,12.8601,74.8389,3.256,32.77,1.88,1.41,9.44,13.44,17.44,NORMAL,Simulated (formula: level = rain*0.6 + upstream_rain*0.4)
2024-06-15T19:00:00,R002,Gurpur (Phalguni),2316599,12.8601,74.8389,2.939,28.51,1.66,0.73,9.44,13.44,17.44,NORMAL,Simulated (formula: level = rain*0.6 + upstream_rain*0.4)
2024-06-15T20:00:00,R002,Gurpur (Phalguni),2316599,12.8601,74.8389,3.188,33.11,1.56,2.38,9.44,13.44,17.44,NORMAL,Simulated (formula: level = rain*0.6 + upstream_rain*0.4)
2024-06-15T21:00:00,R002,Gurpur (Phalguni),2316599,12.8601,74.8389,3.854,48.66,3.38,1.88,9.44,13.44,17.44,NORMAL,Simulated (formula: level = rain*0.6 + upstream_rain*0.4)
2024-06-15T22:00:00,R002,Gurpur (Phalguni),2316599,12.8601,74.8389,5.468,59.14,6.76,1.66,9.44,13.44,17.44,NORMAL,Simulated (formula: level = rain*0.6 + upstream_rain*0.4)
2024-06-15T23:00:00,R002,Gurpur (Phalguni),2316599,12.8601,74.8389,4.209,42.1,2.73,1.56,9.44,13.44,17.44,NORMAL,Simulated (formula: level = rain*0.6 + upstream_rain*0.4)
2024-06-16T00:00:00,R002,Gurpur (Phalguni),2316599,12.8601,74.8389,4.941,47.36,4.14,3.38,9.44,13.44,17.44,NORMAL,Simulated (formula: level = rain*0.6 + upstream_rain*0.4)
2024-06-16T01:00:00,R002,Gurpur (Phalguni),2316599,12.8601,74.8389,5.916,66.43,3.72,6.76,9.44,13.44,17.44,NORMAL,Simulated (formula: level = rain*0.6 + upstream_rain*0.4)
2024-06-16T02:00:00,R002,Gurpur (Phalguni),2316599,12.8601,74.8389,5.991,72.16,5.81,2.73,9.44,13.44,17.44,NORMAL,Simulated (formula: level = rain*0.6 + upstream_rain*0.4)
2024-06-16T03:00:00,R002,Gurpur (Phalguni),2316599,12.8601,74.8389,5.658,59.81,4.11,4.14,9.44,13.44,17.44,NORMAL,Simulated (formula: level = rain*0.6 + upstream_rain*0.4)
2024-06-16T04:00:00,R002,Gurpur (Phalguni),2316599,12.8601,74.8389,4.761,58.25,2.35,3.72,9.44,13.44,17.44,NORMAL,Simulated (formula: level = rain*0.6 + upstream_rain*0.4)
2024-06-16T05:00:00,R002,Gurpur (Phalguni),2316599,12.8601,74.8389,11.745,118.86,18.31,5.81,9.44,13.44,17.44,WARNING,Simulated (formula: level = rain*0.6 + upstream_rain*0.4)
2024-06-16T06:00:00,R002,Gurpur (Phalguni),2316599,12.8601,74.8389,16.887,212.77,26.76,4.11,9.44,13.44,17.44,DANGER,Simulated (formula: level = rain*0.6 + upstream_rain*0.4)
2024-06-16T07:00:00,R002,Gurpur (Phalguni),2316599,12.8601,74.8389,7.58,82.31,1.82,2.35,9.44,13.44,17.44,NORMAL,Simulated (formula: level = rain*0.6 + upstream_rain*0.4)
2024-06-16T08:00:00,R002,Gurpur (Phalguni),2316599,12.8601,74.8389,8.693,83.78,0.61,18.31,9.44,13.44,17.44,NORMAL,Simulated (formula: level = rain*0.6 + upstream_rain*0.4)
2024-06-16T09:00:00,R002,Gurpur (Phalguni),2316599,12.8601,74.8389,12.251,139.07,2.71,26.76,9.44,13.44,17.44,WARNING,Simulated (formula: level = rain*0.6 + upstream_rain*0.4)
2024-06-16T10:00:00,R002,Gurpur (Phalguni),2316599,12.8601,74.8389,5.941,72.84,1.85,1.82,9.44,13.44,17.44,NORMAL,Simulated (formula: level = rain*0.6 + upstream_rain*0.4)
2024-06-16T11:00:00,R002,Gurpur (Phalguni),2316599,12.8601,74.8389,3.66,44.89,1.9,0.61,9.44,13.44,17.44,NORMAL,Simulated (formula: level = rain*0.6 + upstream_rain*0.4)
2024-06-16T12:00:00,R002,Gurpur (Phalguni),2316599,12.8601,74.8389,3.404,41.87,1.22,2.71,9.44,13.44,17.44,NORMAL,Simulated (formula: level = rain*0.6 + upstream_rain*0.4)
2024-06-16T13:00:00,R002,Gurpur (Phalguni),2316599,12.8601,74.8389,3.344,38.72,1.82,1.85,9.44,13.44,17.44,NORMAL,Simulated (formula: level = rain*0.6 + upstream_rain*0.4)
2024-06-16T14:00:00,R002,Gurpur (Phalguni),2316599,12.8601,74.8389,3.51,41.65,2.39,1.9,9.44,13.44,17.44,NORMAL,Simulated (formula: level = rain*0.6 + upstream_rain*0.4)
2024-06-16T15:00:00,R002,Gurpur (Phalguni),2316599,12.8601,74.8389,2.761,30.95,0.82,1.22,9.44,13.44,17.44,NORMAL,Simulated (formula: level = rain*0.6 + upstream_rain*0.4)
2024-06-16T16:00:00,R002,Gurpur (Phalguni),2316599,12.8601,74.8389,3.421,36.17,2.64,1.82,9.44,13.44,17.44,NORMAL,Simulated (formula: level = rain*0.6 + upstream_rain*0.4)
2024-06-16T17:00:00,R002,Gurpur (Phalguni),2316599,12.8601,74.8389,3.151,35.99,1.05,2.39,9.44,13.44,17.44,NORMAL,Simulated (formula: level = rain*0.6 + upstream_rain*0.4)
2024-06-16T18:00:00,R002,Gurpur (Phalguni),2316599,12.8601,74.8389,3.281,35.72,2.59,0.82,9.44,13.44,17.44,NORMAL,Simulated (formula: level = rain*0.6 + upstream_rain*0.4)
2024-06-16T19:00:00,R002,Gurpur (Phalguni),2316599,12.8601,74.8389,7.288,79.91,10.93,2.64,9.44,13.44,17.44,NORMAL,Simulated (formula: level = rain*0.6 + upstream_rain*0.4)
2024-06-16T20:00:00,R002,Gurpur (Phalguni),2316599,12.8601,74.8389,5.894,55.81,5.79,1.05,9.44,13.44,17.44,NORMAL,Simulated (formula: level = rain*0.6 + upstream_rain*0.4)
2024-06-16T21:00:00,R002,Gurpur (Phalguni),2316599,12.8601,74.8389,4.3,51.09,1.83,2.59,9.44,13.44,17.44,NORMAL,Simulated (formula: level = rain*0.6 + upstream_rain*0.4)
2024-06-16T22:00:00,R002,Gurpur (Phalguni),2316599,12.8601,74.8389,7.104,79.2,4.24,10.93,9.44,13.44,17.44,NORMAL,Simulated (formula: level = rain*0.6 + upstream_rain*0.4)
2024-06-16T23:00:00,R002,Gurpur (Phalguni),2316599,12.8601,74.8389,5.572,55.35,2.12,5.79,9.44,13.44,17.44,NORMAL,Simulated (formula: level = rain*0.6 + upstream_rain*0.4)
2024-06-17T00:00:00,R002,Gurpur (Phalguni),2316599,12.8601,74.8389,4.836,59.18,4.13,1.83,9.44,13.44,17.44,NORMAL,Simulated (formula: level = rain*0.6 + upstream_rain*0.4)
2024-06-17T01:00:00,R002,Gurpur (Phalguni),2316599,12.8601,74.8389,4.396,42.62,1.81,4.24,9.44,13.44,17.44,NORMAL,Simulated (formula: level = rain*0.6 + upstream_rain*0.4)
2024-06-17T02:00:00,R002,Gurpur (Phalguni),2316599,12.8601,74.8389,3.894,37.35,2.11,2.12,9.44,13.44,17.44,NORMAL,Simulated (formula: level = rain*0.6 + upstream_rain*0.4)
2024-06-17T03:00:00,R002,Gurpur (Phalguni),2316599,12.8601,74.8389,3.973,37.9,1.5,4.13,9.44,13.44,17.44,NORMAL,Simulated (formula: level = rain*0.6 + upstream_rain*0.4)
2024-06-17T04:00:00,R002,Gurpur (Phalguni),2316599,12.8601,74.8389,3.823,47.74,2.59,1.81,9.44,13.44,17.44,NORMAL,Simulated (formula: level = rain*0.6 + upstream_rain*0.4)
2024-06-17T05:00:00,R002,Gurpur (Phalguni),2316599,12.8601,74.8389,4.71,57.49,4.56,2.11,9.44,13.44,17.44,NORMAL,Simulated (formula: level = rain*0.6 + upstream_rain*0.4)
2024-06-17T06:00:00,R002,Gurpur (Phalguni),2316599,12.8601,74.8389,11.682,124.31,21.04,1.5,9.44,13.44,17.44,WARNING,Simulated (formula: level = rain*0.6 + upstream_rain*0.4)
2024-06-17T07:00:00,R002,Gurpur (Phalguni),2316599,12.8601,74.8389,5.651,60.64,0.81,2.59,9.44,13.44,17.44,NORMAL,Simulated (formula: level = rain*0.6 + upstream_rain*0.4)
2024-06-17T08:00:00,R002,Gurpur (Phalguni),2316599,12.8601,74.8389,4.572,53.91,1.62,4.56,9.44,13.44,17.44,NORMAL,Simulated (formula: level = rain*0.6 + upstream_rain*0.4)
2024-06-17T09:00:00,R002,Gurpur (Phalguni),2316599,12.8601,74.8389,9.016,92.92,1.78,21.04,9.44,13.44,17.44,NORMAL,Simulated (formula: level = rain*0.6 + upstream_rain*0.4)
2024-06-17T10:00:00,R002,Gurpur (Phalguni),2316599,12.8601,74.8389,4.797,51.24,1.87,0.81,9.44,13.44,17.44,NORMAL,Simulated (formula: level = rain*0.6 + upstream_rain*0.4)
2024-06-17T11:00:00,R002,Gurpur (Phalguni),2316599,12.8601,74.8389,3.517,33.93,1.43,1.62,9.44,13.44,17.44,NORMAL,Simulated (formula: level = rain*0.6 + upstream_rain*0.4)
2024-06-17T12:00:00,R002,Gurpur (Phalguni),2316599,12.8601,74.8389,3.248,33.31,1.49,1.78,9.44,13.44,17.44,NORMAL,Simulated (formula: level = rain*0.6 + upstream_rain*0.4)
2024-06-17T13:00:00,R002,Gurpur (Phalguni),2316599,12.8601,74.8389,3.056,36.22,1.15,1.87,9.44,13.44,17.44,NORMAL,Simulated (formula: level = rain*0.6 + upstream_rain*0.4)
2024-06-17T14:00:00,R002,Gurpur (Phalguni),2316599,12.8601,74.8389,3.766,38.79,3.41,1.43,9.44,13.44,17.44,NORMAL,Simulated (formula: level = rain*0.6 + upstream_rain*0.4)
2024-06-17T15:00:00,R002,Gurpur (Phalguni),2316599,12.8601,74.8389,2.918,30.27,1.04,1.49,9.44,13.44,17.44,NORMAL,Simulated (formula: level = rain*0.6 + upstream_rain*0.4)
2024-06-17T16:00:00,R002,Gurpur (Phalguni),2316599,12.8601,74.8389,2.495,29.15,0.79,1.15,9.44,13.44,17.44,NORMAL,Simulated (formula: level = rain*0.6 + upstream_rain*0.4)
2024-06-17T17:00:00,R002,Gurpur (Phalguni),2316599,12.8601,74.8389,3.058,36.46,0.77,3.41,9.44,13.44,17.44,NORMAL,Simulated (formula: level = rain*0.6 + upstream_rain*0.4)
2024-06-17T18:00:00,R002,Gurpur (Phalguni),2316599,12.8601,74.8389,4.027,40.42,4.04,1.04,9.44,13.44,17.44,NORMAL,Simulated (formula: level = rain*0.6 + upstream_rain*0.4)
2024-06-17T19:00:00,R002,Gurpur (Phalguni),2316599,12.8601,74.8389,3.208,38.86,1.79,0.79,9.44,13.44,17.44,NORMAL,Simulated (formula: level = rain*0.6 + upstream_rain*0.4)
2024-06-17T20:00:00,R002,Gurpur (Phalguni),2316599,12.8601,74.8389,2.558,29.69,1.14,0.77,9.44,13.44,17.44,NORMAL,Simulated (formula: level = rain*0.6 + upstream_rain*0.4)
2024-06-17T21:00:00,R002,Gurpur (Phalguni),2316599,12.8601,74.8389,3.514,43.6,1.46,4.04,9.44,13.44,17.44,NORMAL,Simulated (formula: level = rain*0.6 + upstream_rain*0.4)
2024-06-17T22:00:00,R002,Gurpur (Phalguni),2316599,12.8601,74.8389,4.368,49.07,4.3,1.79,9.44,13.44,17.44,NORMAL,Simulated (formula: level = rain*0.6 + upstream_rain*0.4)
2024-06-17T23:00:00,R002,Gurpur (Phalguni),2316599,12.8601,74.8389,5.367,58.94,6.49,1.14,9.44,13.44,17.44,NORMAL,Simulated (formula: level = rain*0.6 + upstream_rain*0.4)
2024-06-18T00:00:00,R002,Gurpur (Phalguni),2316599,12.8601,74.8389,4.199,51.14,2.72,1.46,9.44,13.44,17.44,NORMAL,Simulated (formula: level = rain*0.6 + upstream_rain*0.4)
2024-06-18T01:00:00,R002,Gurpur (Phalguni),2316599,12.8601,74.8389,4.601,55.57,3.1,4.3,9.44,13.44,17.44,NORMAL,Simulated (formula: level = rain*0.6 + upstream_rain*0.4)
2024-06-18T02:00:00,R002,Gurpur (Phalguni),2316599,12.8601,74.8389,5.643,66.13,3.11,6.49,9.44,13.44,17.44,NORMAL,Simulated (formula: level = rain*0.6 + upstream_rain*0.4)
2024-06-18T03:00:00,R002,Gurpur (Phalguni),2316599,12.8601,74.8389,4.9,59.03,3.29,2.72,9.44,13.44,17.44,NORMAL,Simulated (formula: level = rain*0.6 + upstream_rain*0.4)
2024-06-18T04:00:00,R002,Gurpur (Phalguni),2316599,12.8601,74.8389,4.755,50.98,3.26,3.1,9.44,13.44,17.44,NORMAL,Simulated (formula: level = rain*0.6 + upstream_rain*0.4)
2024-06-18T05:00:00,R002,Gurpur (Phalguni),2316599,12.8601,74.8389,6.463,77.72,7.46,3.11,9.44,13.44,17.44,NORMAL,Simulated (formula: level = rain*0.6 + upstream_rain*0.4)
2024-06-18T06:00:00,R002,Gurpur (Phalguni),2316599,12.8601,74.8389,4.905,48.64,2.58,3.29,9.44,13.44,17.44,NORMAL,Simulated (formula: level = rain*0.6 + upstream_rain*0.4)
2024-06-18T07:00:00,R002,Gurpur (Phalguni),2316599,12.8601,74.8389,4.016,50.12,1.5,3.26,9.44,13.44,17.44,NORMAL,Simulated (formula: level = rain*0.6 + upstream_rain*0.4)
2024-06-18T08:00:00,R002,Gurpur (Phalguni),2316599,12.8601,74.8389,4.885,49.48,1.14,7.46,9.44,13.44,17.44,NORMAL,Simulated (formula: level = rain*0.6 + upstream_rain*0.4)
2024-06-18T09:00:00,R002,Gurpur (Phalguni),2316599,12.8601,74.8389,3.869,44.62,1.51,2.58,9.44,13.44,17.44,NORMAL,Simulated (formula: level = rain*0.6 + upstream_rain*0.4)
2024-06-18T10:00:00,R002,Gurpur (Phalguni),2316599,12.8601,74.8389,6.979,81.18,10.36,1.5,9.44,13.44,17.44,NORMAL,Simulated (formula: level = rain*0.6 + upstream_rain*0.4)
2024-06-18T11:00:00,R002,Gurpur (Phalguni),2316599,12.8601,74.8389,12.096,134.17,20.65,1.14,9.44,13.44,17.44,WARNING,Simulated (formula: level = rain*0.6 + upstream_rain*0.4)
2024-06-18T12:00:00,R002,Gurpur (Phalguni),2316599,12.8601,74.8389,5.834,66.82,1.86,1.51,9.44,13.44,17.44,NORMAL,Simulated (formula: level = rain*0.6 + upstream_rain*0.4)
2024-06-18T13:00:00,R002,Gurpur (Phalguni),2316599,12.8601,74.8389,5.993,67.22,0.76,10.36,9.44,13.44,17.44,NORMAL,Simulated (formula: level = rain*0.6 + upstream_rain*0.4)
2024-06-18T14:00:00,R002,Gurpur (Phalguni),2316599,12.8601,74.8389,9.885,98.0,2.94,20.65,9.44,13.44,17.44,WARNING,Simulated (formula: level = rain*0.6 + upstream_rain*0.4)
2024-06-18T15:00:00,R002,Gurpur (Phalguni),2316599,12.8601,74.8389,5.224,53.67,1.58,1.86,9.44,13.44,17.44,NORMAL,Simulated (formula: level = rain*0.6 + upstream_rain*0.4)
2024-06-18T16:00:00,R002,Gurpur (Phalguni),2316599,12.8601,74.8389,3.294,33.28,1.07,0.76,9.44,13.44,17.44,NORMAL,Simulated (formula: level = rain*0.6 + upstream_rain*0.4)
2024-06-18T17:00:00,R002,Gurpur (Phalguni),2316599,12.8601,74.8389,3.942,44.64,2.8,2.94,9.44,13.44,17.44,NORMAL,Simulated (formula: level = rain*0.6 + upstream_rain*0.4)
2024-06-18T18:00:00,R002,Gurpur (Phalguni),2316599,12.8601,74.8389,3.387,41.48,1.82,1.58,9.44,13.44,17.44,NORMAL,Simulated (formula: level = rain*0.6 + upstream_rain*0.4)
2024-06-18T19:00:00,R002,Gurpur (Phalguni),2316599,12.8601,74.8389,3.132,36.49,1.92,1.07,9.44,13.44,17.44,NORMAL,Simulated (formula: level = rain*0.6 + upstream_rain*0.4)
2024-06-18T20:00:00,R002,Gurpur (Phalguni),2316599,12.8601,74.8389,3.55,44.54,2.05,2.8,9.44,13.44,17.44,NORMAL,Simulated (formula: level = rain*0.6 + upstream_rain*0.4)
2024-06-18T21:00:00,R002,Gurpur (Phalguni),2316599,12.8601,74.8389,3.868,40.74,2.97,1.82,9.44,13.44,17.44,NORMAL,Simulated (formula: level = rain*0.6 + upstream_rain*0.4)
2024-06-18T22:00:00,R002,Gurpur (Phalguni),2316599,12.8601,74.8389,9.375,110.5,15.97,1.92,9.44,13.44,17.44,NORMAL,Simulated (formula: level = rain*0.6 + upstream_rain*0.4)
2024-06-18T23:00:00,R002,Gurpur (Phalguni),2316599,12.8601,74.8389,13.777,135.13,22.04,2.05,9.44,13.44,17.44,DANGER,Simulated (formula: level = rain*0.6 + upstream_rain*0.4)
2024-06-19T00:00:00,R002,Gurpur (Phalguni),2316599,12.8601,74.8389,9.243,115.2,7.73,2.97,9.44,13.44,17.44,NORMAL,Simulated (formula: level = rain*0.6 + upstream_rain*0.4)
2024-06-19T01:00:00,R002,Gurpur (Phalguni),2316599,12.8601,74.8389,10.927,126.28,6.35,15.97,9.44,13.44,17.44,WARNING,Simulated (formula: level = rain*0.6 + upstream_rain*0.4)
2024-06-19T02:00:00,R002,Gurpur (Phalguni),2316599,12.8601,74.8389,14.874,158.0,10.62,22.04,9.44,13.44,17.44,DANGER,Simulated (formula: level = rain*0.6 + upstream_rain*0.4)
2024-06-19T03:00:00,R002,Gurpur (Phalguni),2316599,12.8601,74.8389,14.358,154.06,16.03,7.73,9.44,13.44,17.44,DANGER,Simulated (formula: level = rain*0.6 + upstream_rain*0.4)
2024-06-19T04:00:00,R002,Gurpur (Phalguni),2316599,12.8601,74.8389,9.449,103.09,5.42,6.35,9.44,13.44,17.44,WARNING,Simulated (formula: level = rain*0.6 + upstream_rain*0.4)
2024-06-19T05:00:00,R002,Gurpur (Phalguni),2316599,12.8601,74.8389,8.821,88.92,4.97,10.62,9.44,13.44,17.44,NORMAL,Simulated (formula: level = rain*0.6 + upstream_rain*0.4)
2024-06-19T06:00:00,R002,Gurpur (Phalguni),2316599,12.8601,74.8389,8.767,108.07,1.54,16.03,9.44,13.44,17.44,NORMAL,Simulated (formula: level = rain*0.6 + upstream_rain*0.4)
2024-06-19T07:00:00,R002,Gurpur (Phalguni),2316599,12.8601,74.8389,5.777,62.93,1.34,5.42,9.44,13.44,17.44,NORMAL,Simulated (formula: level = rain*0.6 + upstream_rain*0.4)
2024-06-19T08:00:00,R002,Gurpur (Phalguni),2316599,12.8601,74.8389,4.428,55.65,1.04,4.97,9.44,13.44,17.44,NORMAL,Simulated (formula: level = rain*0.6 + upstream_rain*0.4)
2024-06-19T09:00:00,R002,Gurpur (Phalguni),2316599,12.8601,74.8389,3.602,35.48,1.99,1.54,9.44,13.44,17.44,NORMAL,Simulated (formula: level = rain*0.6 + upstream_rain*0.4)
2024-06-19T10:00:00,R002,Gurpur (Phalguni),2316599,12.8601,74.8389,3.01,37.36,1.42,1.34,9.44,13.44,17.44,NORMAL,Simulated (formula: level = rain*0.6 + upstream_rain*0.4)
2024-06-19T11:00:00,R002,Gurpur (Phalguni),2316599,12.8601,74.8389,6.087,74.45,9.14,1.04,9.44,13.44,17.44,NORMAL,Simulated (formula: level = rain*0.6 + upstream_rain*0.4)
2024-06-19T12:00:00,R002,Gurpur (Phalguni),2316599,12.8601,74.8389,11.859,114.12,20.29,1.99,9.44,13.44,17.44,WARNING,Simulated (formula: level = rain*0.6 + upstream_rain*0.4)
2024-06-19T13:00:00,R002,Gurpur (Phalguni),2316599,12.8601,74.8389,9.054,93.7,9.92,1.42,9.44,13.44,17.44,NORMAL,Simulated (formula: level = rain*0.6 + upstream_rain*0.4)
2024-06-19T14:00:00,R002,Gurpur (Phalguni),2316599,12.8601,74.8389,21.527,272.35,36.33,9.14,9.44,13.44,17.44,FLOOD,Simulated (formula: level = rain*0.6 + upstream_rain*0.4)
2024-06-19T15:00:00,R002,Gurpur (Phalguni),2316599,12.8601,74.8389,18.679,216.86,12.97,20.29,9.44,13.44,17.44,FLOOD,Simulated (formula: level = rain*0.6 + upstream_rain*0.4)
2024-06-19T16:00:00,R002,Gurpur (Phalguni),2316599,12.8601,74.8389,10.118,109.25,1.79,9.92,9.44,13.44,17.44,WARNING,Simulated (formula: level = rain*0.6 + upstream_rain*0.4)
2024-06-19T17:00:00,R002,Gurpur (Phalguni),2316599,12.8601,74.8389,15.169,173.72,2.25,36.33,9.44,13.44,17.44,DANGER,Simulated (formula: level = rain*0.6 + upstream_rain*0.4)
2024-06-19T18:00:00,R002,Gurpur (Phalguni),2316599,12.8601,74.8389,9.538,114.66,0.8,12.97,9.44,13.44,17.44,WARNING,Simulated (formula: level = rain*0.6 + upstream_rain*0.4)
2024-06-19T19:00:00,R002,Gurpur (Phalguni),2316599,12.8601,74.8389,6.118,60.11,4.26,1.79,9.44,13.44,17.44,NORMAL,Simulated (formula: level = rain*0.6 + upstream_rain*0.4)
2024-06-19T20:00:00,R002,Gurpur (Phalguni),2316599,12.8601,74.8389,4.563,55.08,2.63,2.25,9.44,13.44,17.44,NORMAL,Simulated (formula: level = rain*0.6 + upstream_rain*0.4)
2024-06-19T21:00:00,R002,Gurpur (Phalguni),2316599,12.8601,74.8389,3.844,45.23,2.98,0.8,9.44,13.44,17.44,NORMAL,Simulated (formula: level = rain*0.6 + upstream_rain*0.4)
2024-06-19T22:00:00,R002,Gurpur (Phalguni),2316599,12.8601,74.8389,4.922,52.11,3.67,4.26,9.44,13.44,17.44,NORMAL,Simulated (formula: level = rain*0.6 + upstream_rain*0.4)
2024-06-19T23:00:00,R002,Gurpur (Phalguni),2316599,12.8601,74.8389,11.841,148.44,20.53,2.63,9.44,13.44,17.44,WARNING,Simulated (formula: level = rain*0.6 + upstream_rain*0.4)
2024-06-20T00:00:00,R002,Gurpur (Phalguni),2316599,12.8601,74.8389,11.096,130.72,13.6,2.98,9.44,13.44,17.44,WARNING,Simulated (formula: level = rain*0.6 + upstream_rain*0.4)
2024-06-20T01:00:00,R002,Gurpur (Phalguni),2316599,12.8601,74.8389,6.174,66.19,2.13,3.67,9.44,13.44,17.44,NORMAL,Simulated (formula: level = rain*0.6 + upstream_rain*0.4)
2024-06-20T02:00:00,R002,Gurpur (Phalguni),2316599,12.8601,74.8389,9.485,90.84,1.85,20.53,9.44,13.44,17.44,WARNING,Simulated (formula: level = rain*0.6 + upstream_rain*0.4)
2024-06-20T03:00:00,R002,Gurpur (Phalguni),2316599,12.8601,74.8389,9.242,90.57,3.78,13.6,9.44,13.44,17.44,NORMAL,Simulated (formula: level = rain*0.6 + upstream_rain*0.4)
2024-06-20T04:00:00,R002,Gurpur (Phalguni),2316599,12.8601,74.8389,8.527,104.63,9.9,2.13,9.44,13.44,17.44,NORMAL,Simulated (formula: level = rain*0.6 + upstream_rain*0.4)
2024-06-20T05:00:00,R002,Gurpur (Phalguni),2316599,12.8601,74.8389,5.709,62.24,3.77,1.85,9.44,13.44,17.44,NORMAL,Simulated (formula: level = rain*0.6 + upstream_rain*0.4)
2024-06-20T06:00:00,R002,Gurpur (Phalguni),2316599,12.8601,74.8389,5.459,57.26,3.8,3.78,9.44,13.44,17.44,NORMAL,Simulated (formula: level = rain*0.6 + upstream_rain*0.4)
2024-06-20T07:00:00,R002,Gurpur (Phalguni),2316599,12.8601,74.8389,6.595,66.98,2.78,9.9,9.44,13.44,17.44,NORMAL,Simulated (formula: level = rain*0.6 + upstream_rain*0.4)
2024-06-20T08:00:00,R002,Gurpur (Phalguni),2316599,12.8601,74.8389,7.247,83.36,7.58,3.77,9.44,13.44,17.44,NORMAL,Simulated (formula: level = rain*0.6 + upstream_rain*0.4)
2024-06-20T09:00:00,R002,Gurpur (Phalguni),2316599,12.8601,74.8389,10.414,114.84,14.8,3.8,9.44,13.44,17.44,WARNING,Simulated (formula: level = rain*0.6 + upstream_rain*0.4)
2024-06-20T10:00:00,R002,Gurpur (Phalguni),2316599,12.8601,74.8389,5.504,63.23,1.39,2.78,9.44,13.44,17.44,NORMAL,Simulated (formula: level = rain*0.6 + upstream_rain*0.4)
2024-06-20T11:00:00,R002,Gurpur (Phalguni),2316599,12.8601,74.8389,5.45,63.41,1.54,7.58,9.44,13.44,17.44,NORMAL,Simulated (formula: level = rain*0.6 + upstream_rain*0.4)
2024-06-20T12:00:00,R002,Gurpur (Phalguni),2316599,12.8601,74.8389,8.191,92.85,3.41,14.8,9.44,13.44,17.44,NORMAL,Simulated (formula: level = rain*0.6 + upstream_rain*0.4)
2024-06-20T13:00:00,R002,Gurpur (Phalguni),2316599,12.8601,74.8389,4.829,51.06,2.24,1.39,9.44,13.44,17.44,NORMAL,Simulated (formula: level = rain*0.6 + upstream_rain*0.4)
2024-06-20T14:00:00,R002,Gurpur (Phalguni),2316599,12.8601,74.8389,3.374,32.43,1.3,1.54,9.44,13.44,17.44,NORMAL,Simulated (formula: level = rain*0.6 + upstream_rain*0.4)
2024-06-20T15:00:00,R002,Gurpur (Phalguni),2316599,12.8601,74.8389,3.316,40.29,0.61,3.41,9.44,13.44,17.44,NORMAL,Simulated (formula: level = rain*0.6 + upstream_rain*0.4)
2024-06-20T16:00:00,R002,Gurpur (Phalguni),2316599,12.8601,74.8389,3.733,47.07,2.79,2.24,9.44,13.44,17.44,NORMAL,Simulated (formula: level = rain*0.6 + upstream_rain*0.4)
2024-06-20T17:00:00,R002,Gurpur (Phalguni),2316599,12.8601,74.8389,3.309,37.37,1.83,1.3,9.44,13.44,17.44,NORMAL,Simulated (formula: level = rain*0.6 + upstream_rain*0.4)
2024-06-20T18:00:00,R002,Gurpur (Phalguni),2316599,12.8601,74.8389,3.191,32.72,2.53,0.61,9.44,13.44,17.44,NORMAL,Simulated (formula: level = rain*0.6 + upstream_rain*0.4)
2024-06-20T19:00:00,R002,Gurpur (Phalguni),2316599,12.8601,74.8389,3.11,36.65,0.79,2.79,9.44,13.44,17.44,NORMAL,Simulated (formula: level = rain*0.6 + upstream_rain*0.4)
2024-06-20T20:00:00,R002,Gurpur (Phalguni),2316599,12.8601,74.8389,3.015,28.57,1.17,1.83,9.44,13.44,17.44,NORMAL,Simulated (formula: level = rain*0.6 + upstream_rain*0.4)
2024-06-20T21:00:00,R002,Gurpur (Phalguni),2316599,12.8601,74.8389,3.663,41.7,2.68,2.53,9.44,13.44,17.44,NORMAL,Simulated (formula: level = rain*0.6 + upstream_rain*0.4)
2024-06-20T22:00:00,R002,Gurpur (Phalguni),2316599,12.8601,74.8389,2.935,31.71,1.45,0.79,9.44,13.44,17.44,NORMAL,Simulated (formula: level = rain*0.6 + upstream_rain*0.4)
2024-06-20T23:00:00,R002,Gurpur (Phalguni),2316599,12.8601,74.8389,3.89,38.22,3.98,1.17,9.44,13.44,17.44,NORMAL,Simulated (formula: level = rain*0.6 + upstream_rain*0.4)
2024-06-21T00:00:00,R002,Gurpur (Phalguni),2316599,12.8601,74.8389,16.911,168.9,33.45,2.68,9.44,13.44,17.44,DANGER,Simulated (formula: level = rain*0.6 + upstream_rain*0.4)
2024-06-21T01:00:00,R002,Gurpur (Phalguni),2316599,12.8601,74.8389,8.679,97.31,5.28,1.45,9.44,13.44,17.44,NORMAL,Simulated (formula: level = rain*0.6 + upstream_rain*0.4)
2024-06-21T02:00:00,R002,Gurpur (Phalguni),2316599,12.8601,74.8389,6.855,82.87,4.92,3.98,9.44,13.44,17.44,NORMAL,Simulated (formula: level = rain*0.6 + upstream_rain*0.4)
2024-06-21T03:00:00,R002,Gurpur (Phalguni),2316599,12.8601,74.8389,14.918,154.66,6.06,33.45,9.44,13.44,17.44,DANGER,Simulated (formula: level = rain*0.6 + upstream_rain*0.4)
2024-06-21T04:00:00,R002,Gurpur (Phalguni),2316599,12.8601,74.8389,7.78,78.79,2.0,5.28,9.44,13.44,17.44,NORMAL,Simulated (formula: level = rain*0.6 + upstream_rain*0.4)
2024-06-21T05:00:00,R002,Gurpur (Phalguni),2316599,12.8601,74.8389,5.706,72.08,2.53,4.92,9.44,13.44,17.44,NORMAL,Simulated (formula: level = rain*0.6 + upstream_rain*0.4)
2024-06-21T06:00:00,R002,Gurpur (Phalguni),2316599,12.8601,74.8389,5.29,65.7,2.22,6.06,9.44,13.44,17.44,NORMAL,Simulated (formula: level = rain*0.6 + upstream_rain*0.4)
2024-06-21T07:00:00,R002,Gurpur (Phalguni),2316599,12.8601,74.8389,4.06,42.56,2.11,2.0,9.44,13.44,17.44,NORMAL,Simulated (formula: level = rain*0.6 + upstream_rain*0.4)
2024-06-21T08:00:00,R002,Gurpur (Phalguni),2316599,12.8601,74.8389,4.147,47.86,2.76,2.53,9.44,13.44,17.44,NORMAL,Simulated (formula: level = rain*0.6 + upstream_rain*0.4)
2024-06-21T09:00:00,R002,Gurpur (Phalguni),2316599,12.8601,74.8389,3.907,48.71,2.63,2.22,9.44,13.44,17.44,NORMAL,Simulated (formula: level = rain*0.6 + upstream_rain*0.4)
2024-06-21T10:00:00,R002,Gurpur (Phalguni),2316599,12.8601,74.8389,3.223,39.05,1.0,2.11,9.44,13.44,17.44,NORMAL,Simulated (formula: level = rain*0.6 + upstream_rain*0.4)
2024-06-21T11:00:00,R002,Gurpur (Phalguni),2316599,12.8601,74.8389,3.456,42.15,1.63,2.76,9.44,13.44,17.44,NORMAL,Simulated (formula: level = rain*0.6 + upstream_rain*0.4)
2024-06-21T12:00:00,R002,Gurpur (Phalguni),2316599,12.8601,74.8389,3.987,49.47,3.11,2.63,9.44,13.44,17.44,NORMAL,Simulated (formula: level = rain*0.6 + upstream_rain*0.4)
2024-06-21T13:00:00,R002,Gurpur (Phalguni),2316599,12.8601,74.8389,3.637,39.81,2.7,1.0,9.44,13.44,17.44,NORMAL,Simulated (formula: level = rain*0.6 + upstream_rain*0.4)
2024-06-21T14:00:00,R002,Gurpur (Phalguni),2316599,12.8601,74.8389,3.384,33.31,2.13,1.63,9.44,13.44,17.44,NORMAL,Simulated (formula: level = rain*0.6 + upstream_rain*0.4)
2024-06-21T15:00:00,R002,Gurpur (Phalguni),2316599,12.8601,74.8389,3.845,43.2,2.43,3.11,9.44,13.44,17.44,NORMAL,Simulated (formula: level = rain*0.6 + upstream_rain*0.4)
2024-06-21T16:00:00,R002,Gurpur (Phalguni),2316599,12.8601,74.8389,3.248,33.56,0.94,2.7,9.44,13.44,17.44,NORMAL,Simulated (formula: level = rain*0.6 + upstream_rain*0.4)
2024-06-21T17:00:00,R002,Gurpur (Phalguni),2316599,12.8601,74.8389,2.789,30.19,0.63,2.13,9.44,13.44,17.44,NORMAL,Simulated (formula: level = rain*0.6 + upstream_rain*0.4)
2024-06-21T18:00:00,R002,Gurpur (Phalguni),2316599,12.8601,74.8389,3.11,30.15,1.42,2.43,9.44,13.44,17.44,NORMAL,Simulated (formula: level = rain*0.6 + upstream_rain*0.4)
2024-06-21T19:00:00,R002,Gurpur (Phalguni),2316599,12.8601,74.8389,2.685,28.9,1.09,0.94,9.44,13.44,17.44,NORMAL,Simulated (formula: level = rain*0.6 + upstream_rain*0.4)
2024-06-21T20:00:00,R002,Gurpur (Phalguni),2316599,12.8601,74.8389,2.443,25.03,0.96,0.63,9.44,13.44,17.44,NORMAL,Simulated (formula: level = rain*0.6 + upstream_rain*0.4)
2024-06-21T21:00:00,R002,Gurpur (Phalguni),2316599,12.8601,74.8389,4.944,55.48,6.86,1.42,9.44,13.44,17.44,NORMAL,Simulated (formula: level = rain*0.6 + upstream_rain*0.4)
2024-06-21T22:00:00,R002,Gurpur (Phalguni),2316599,12.8601,74.8389,4.931,48.72,4.88,1.09,9.44,13.44,17.44,NORMAL,Simulated (formula: level = rain*0.6 + upstream_rain*0.4)
2024-06-21T23:00:00,R002,Gurpur (Phalguni),2316599,12.8601,74.8389,3.489,33.46,1.86,0.96,9.44,13.44,17.44,NORMAL,Simulated (formula: level = rain*0.6 + upstream_rain*0.4)
2024-06-22T00:00:00,R002,Gurpur (Phalguni),2316599,12.8601,74.8389,6.382,67.67,5.96,6.86,9.44,13.44,17.44,NORMAL,Simulated (formula: level = rain*0.6 + upstream_rain*0.4)
2024-06-22T01:00:00,R002,Gurpur (Phalguni),2316599,12.8601,74.8389,10.554,127.9,14.85,4.88,9.44,13.44,17.44,WARNING,Simulated (formula: level = rain*0.6 + upstream_rain*0.4)
2024-06-22T02:00:00,R002,Gurpur (Phalguni),2316599,12.8601,74.8389,15.164,191.55,24.87,1.86,9.44,13.44,17.44,DANGER,Simulated (formula: level = rain*0.6 + upstream_rain*0.4)
2024-06-22T03:00:00,R002,Gurpur (Phalguni),2316599,12.8601,74.8389,9.083,86.51,4.29,5.96,9.44,13.44,17.44,NORMAL,Simulated (formula: level = rain*0.6 + upstream_rain*0.4)
2024-06-22T04:00:00,R002,Gurpur (Phalguni),2316599,12.8601,74.8389,9.434,106.37,3.57,14.85,9.44,13.44,17.44,NORMAL,Simulated (formula: level = rain*0.6 + upstream_rain*0.4)
2024-06-22T05:00:00,R002,Gurpur (Phalguni),2316599,12.8601,74.8389,22.514,241.94,27.75,24.87,9.44,13.44,17.44,FLOOD,Simulated (formula: level = rain*0.6 + upstream_rain*0.4)
2024-06-22T06:00:00,R002,Gurpur (Phalguni),2316599,12.8601,74.8389,13.565,131.75,11.06,4.29,9.44,13.44,17.44,DANGER,Simulated (formula: level = rain*0.6 + upstream_rain*0.4)
2024-06-22T07:00:00,R002,Gurpur (Phalguni),2316599,12.8601,74.8389,12.428,132.27,15.17,3.57,9.44,13.44,17.44,WARNING,Simulated (formula: level = rain*0.6 + upstream_rain*0.4)
2024-06-22T08:00:00,R002,Gurpur (Phalguni),2316599,12.8601,74.8389,23.58,249.6,26.44,27.75,9.44,13.44,17.44,FLOOD,Simulated (formula: level = rain*0.6 + upstream_rain*0.4)
2024-06-22T09:00:00,R002,Gurpur (Phalguni),2316599,12.8601,74.8389,11.665,128.61,1.12,11.06,9.44,13.44,17.44,WARNING,Simulated (formula: level = rain*0.6 + upstream_rain*0.4)
2024-06-22T10:00:00,R002,Gurpur (Phalguni),2316599,12.8601,74.8389,9.044,89.67,0.76,15.17,9.44,13.44,17.44,NORMAL,Simulated (formula: level = rain*0.6 + upstream_rain*0.4)
2024-06-22T11:00:00,R002,Gurpur (Phalguni),2316599,12.8601,74.8389,11.685,120.66,1.17,26.44,9.44,13.44,17.44,WARNING,Simulated (formula: level = rain*0.6 + upstream_rain*0.4)
2024-06-22T12:00:00,R002,Gurpur (Phalguni),2316599,12.8601,74.8389,5.751,68.41,2.14,1.12,9.44,13.44,17.44,NORMAL,Simulated (formula: level = rain*0.6 + upstream_rain*0.4)
2024-06-22T13:00:00,R002,Gurpur (Phalguni),2316599,12.8601,74.8389,3.716,39.54,1.76,0.76,9.44,13.44,17.44,NORMAL,Simulated (formula: level = rain*0.6 + upstream_rain*0.4)
2024-06-22T14:00:00,R002,Gurpur (Phalguni),2316599,12.8601,74.8389,3.17,35.57,1.77,1.17,9.44,13.44,17.44,NORMAL,Simulated (formula: level = rain*0.6 + upstream_rain*0.4)
2024-06-22T15:00:00,R002,Gurpur (Phalguni),2316599,12.8601,74.8389,2.971,33.13,1.04,2.14,9.44,13.44,17.44,NORMAL,Simulated (formula: level = rain*0.6 + upstream_rain*0.4)
2024-06-22T16:00:00,R002,Gurpur (Phalguni),2316599,12.8601,74.8389,2.767,33.49,0.94,1.76,9.44,13.44,17.44,NORMAL,Simulated (formula: level = rain*0.6 + upstream_rain*0.4)
2024-06-22T17:00:00,R002,Gurpur (Phalguni),2316599,12.8601,74.8389,2.558,31.74,0.54,1.77,9.44,13.44,17.44,NORMAL,Simulated (formula: level = rain*0.6 + upstream_rain*0.4)
2024-06-22T18:00:00,R002,Gurpur (Phalguni),2316599,12.8601,74.8389,2.245,23.14,0.7,1.04,9.44,13.44,17.44,NORMAL,Simulated (formula: level = rain*0.6 + upstream_rain*0.4)
2024-06-22T19:00:00,R002,Gurpur (Phalguni),2316599,12.8601,74.8389,2.223,21.48,0.79,0.94,9.44,13.44,17.44,NORMAL,Simulated (formula: level = rain*0.6 + upstream_rain*0.4)
2024-06-22T20:00:00,R002,Gurpur (Phalguni),2316599,12.8601,74.8389,2.558,29.13,1.67,0.54,9.44,13.44,17.44,NORMAL,Simulated (formula: level = rain*0.6 + upstream_rain*0.4)
2024-06-22T21:00:00,R002,Gurpur (Phalguni),2316599,12.8601,74.8389,2.844,27.27,2.06,0.7,9.44,13.44,17.44,NORMAL,Simulated (formula: level = rain*0.6 + upstream_rain*0.4)
2024-06-22T22:00:00,R002,Gurpur (Phalguni),2316599,12.8601,74.8389,4.193,41.72,4.96,0.79,9.44,13.44,17.44,NORMAL,Simulated (formula: level = rain*0.6 + upstream_rain*0.4)
2024-06-22T23:00:00,R002,Gurpur (Phalguni),2316599,12.8601,74.8389,4.367,51.68,3.91,1.67,9.44,13.44,17.44,NORMAL,Simulated (formula: level = rain*0.6 + upstream_rain*0.4)
2024-06-23T00:00:00,R002,Gurpur (Phalguni),2316599,12.8601,74.8389,5.009,55.24,5.12,2.06,9.44,13.44,17.44,NORMAL,Simulated (formula: level = rain*0.6 + upstream_rain*0.4)
2024-06-23T01:00:00,R002,Gurpur (Phalguni),2316599,12.8601,74.8389,5.72,66.09,4.33,4.96,9.44,13.44,17.44,NORMAL,Simulated (formula: level = rain*0.6 + upstream_rain*0.4)
2024-06-23T02:00:00,R002,Gurpur (Phalguni),2316599,12.8601,74.8389,4.66,46.87,2.07,3.91,9.44,13.44,17.44,NORMAL,Simulated (formula: level = rain*0.6 + upstream_rain*0.4)
2024-06-23T03:00:00,R002,Gurpur (Phalguni),2316599,12.8601,74.8389,4.776,53.97,2.16,5.12,9.44,13.44,17.44,NORMAL,Simulated (formula: level = rain*0.6 + upstream_rain*0.4)
2024-06-23T04:00:00,R002,Gurpur (Phalguni),2316599,12.8601,74.8389,4.857,58.47,2.87,4.33,9.44,13.44,17.44,NORMAL,Simulated (formula: level = rain*0.6 + upstream_rain*0.4)
2024-06-23T05:00:00,R002,Gurpur (Phalguni),2316599,12.8601,74.8389,4.07,50.81,2.42,2.07,9.44,13.44,17.44,NORMAL,Simulated (formula: level = rain*0.6 + upstream_rain*0.4)
2024-06-23T06:00:00,R002,Gurpur (Phalguni),2316599,12.8601,74.8389,4.359,52.77,3.57,2.16,9.44,13.44,17.44,NORMAL,Simulated (formula: level = rain*0.6 + upstream_rain*0.4)
2024-06-23T07:00:00,R002,Gurpur (Phalguni),2316599,12.8601,74.8389,3.522,42.58,1.05,2.87,9.44,13.44,17.44,NORMAL,Simulated (formula: level = rain*0.6 + upstream_rain*0.4)
2024-06-23T08:00:00,R002,Gurpur (Phalguni),2316599,12.8601,74.8389,2.962,34.93,0.62,2.42,9.44,13.44,17.44,NORMAL,Simulated (formula: level = rain*0.6 + upstream_rain*0.4)
2024-06-23T09:00:00,R002,Gurpur (Phalguni),2316599,12.8601,74.8389,3.368,35.88,1.19,3.57,9.44,13.44,17.44,NORMAL,Simulated (formula: level = rain*0.6 + upstream_rain*0.4)
2024-06-23T10:00:00,R002,Gurpur (Phalguni),2316599,12.8601,74.8389,2.669,27.0,0.88,1.05,9.44,13.44,17.44,NORMAL,Simulated (formula: level = rain*0.6 + upstream_rain*0.4)
2024-06-23T11:00:00,R002,Gurpur (Phalguni),2316599,12.8601,74.8389,2.518,27.64,1.12,0.62,9.44,13.44,17.44,NORMAL,Simulated (formula: level = rain*0.6 + upstream_rain*0.4)
2024-06-23T12:00:00,R002,Gurpur (Phalguni),2316599,12.8601,74.8389,2.829,31.44,1.79,1.19,9.44,13.44,17.44,NORMAL,Simulated (formula: level = rain*0.6 + upstream_rain*0.4)
2024-06-23T13:00:00,R002,Gurpur (Phalguni),2316599,12.8601,74.8389,2.767,27.73,1.63,0.88,9.44,13.44,17.44,NORMAL,Simulated (formula: level = rain*0.6 + upstream_rain*0.4)
2024-06-23T14:00:00,R002,Gurpur (Phalguni),2316599,12.8601,74.8389,2.959,32.22,1.82,1.12,9.44,13.44,17.44,NORMAL,Simulated (formula: level = rain*0.6 + upstream_rain*0.4)
2024-06-23T15:00:00,R002,Gurpur (Phalguni),2316599,12.8601,74.8389,3.013,38.14,1.31,1.79,9.44,13.44,17.44,NORMAL,Simulated (formula: level = rain*0.6 + upstream_rain*0.4)
2024-06-23T16:00:00,R002,Gurpur (Phalguni),2316599,12.8601,74.8389,3.74,43.64,3.22,1.63,9.44,13.44,17.44,NORMAL,Simulated (formula: level = rain*0.6 + upstream_rain*0.4)
2024-06-23T17:00:00,R002,Gurpur (Phalguni),2316599,12.8601,74.8389,3.374,39.83,1.63,1.82,9.44,13.44,17.44,NORMAL,Simulated (formula: level = rain*0.6 + upstream_rain*0.4)
2024-06-23T18:00:00,R002,Gurpur (Phalguni),2316599,12.8601,74.8389,2.828,30.18,1.05,1.31,9.44,13.44,17.44,NORMAL,Simulated (formula: level = rain*0.6 + upstream_rain*0.4)
2024-06-23T19:00:00,R002,Gurpur (Phalguni),2316599,12.8601,74.8389,3.173,37.18,0.97,3.22,9.44,13.44,17.44,NORMAL,Simulated (formula: level = rain*0.6 + upstream_rain*0.4)
2024-06-23T20:00:00,R002,Gurpur (Phalguni),2316599,12.8601,74.8389,3.026,34.85,1.45,1.63,9.44,13.44,17.44,NORMAL,Simulated (formula: level = rain*0.6 + upstream_rain*0.4)
2024-06-23T21:00:00,R002,Gurpur (Phalguni),2316599,12.8601,74.8389,3.528,38.59,3.04,1.05,9.44,13.44,17.44,NORMAL,Simulated (formula: level = rain*0.6 + upstream_rain*0.4)
2024-06-23T22:00:00,R002,Gurpur (Phalguni),2316599,12.8601,74.8389,3.998,38.69,3.94,0.97,9.44,13.44,17.44,NORMAL,Simulated (formula: level = rain*0.6 + upstream_rain*0.4)
2024-06-23T23:00:00,R002,Gurpur (Phalguni),2316599,12.8601,74.8389,3.914,44.4,3.09,1.45,9.44,13.44,17.44,NORMAL,Simulated (formula: level = rain*0.6 + upstream_rain*0.4)
2024-06-24T00:00:00,R002,Gurpur (Phalguni),2316599,12.8601,74.8389,3.734,45.15,1.78,3.04,9.44,13.44,17.44,NORMAL,Simulated (formula: level = rain*0.6 + upstream_rain*0.4)
2024-06-24T01:00:00,R002,Gurpur (Phalguni),2316599,12.8601,74.8389,3.881,42.57,1.66,3.94,9.44,13.44,17.44,NORMAL,Simulated (formula: level = rain*0.6 + upstream_rain*0.4)
2024-06-24T02:00:00,R002,Gurpur (Phalguni),2316599,12.8601,74.8389,3.912,46.49,2.09,3.09,9.44,13.44,17.44,NORMAL,Simulated (formula: level = rain*0.6 + upstream_rain*0.4)
2024-06-24T03:00:00,R002,Gurpur (Phalguni),2316599,12.8601,74.8389,3.636,36.63,2.31,1.78,9.44,13.44,17.44,NORMAL,Simulated (formula: level = rain*0.6 + upstream_rain*0.4)
2024-06-24T04:00:00,R002,Gurpur (Phalguni),2316599,12.8601,74.8389,4.139,45.44,3.63,1.66,9.44,13.44,17.44,NORMAL,Simulated (formula: level = rain*0.6 + upstream_rain*0.4)
2024-06-24T05:00:00,R002,Gurpur (Phalguni),2316599,12.8601,74.8389,4.108,41.78,3.08,2.09,9.44,13.44,17.44,NORMAL,Simulated (formula: level = rain*0.6 + upstream_rain*0.4)
2024-06-24T06:00:00,R002,Gurpur (Phalguni),2316599,12.8601,74.8389,3.773,39.76,2.04,2.31,9.44,13.44,17.44,NORMAL,Simulated (formula: level = rain*0.6 + upstream_rain*0.4)
2024-06-24T07:00:00,R002,Gurpur (Phalguni),2316599,12.8601,74.8389,4.093,40.0,2.25,3.63,9.44,13.44,17.44,NORMAL,Simulated (formula: level = rain*0.6 + upstream_rain*0.4)
2024-06-24T08:00:00,R002,Gurpur (Phalguni),2316599,12.8601,74.8389,4.948,59.27,4.54,3.08,9.44,13.44,17.44,NORMAL,Simulated (formula: level = rain*0.6 + upstream_rain*0.4)
2024-06-24T09:00:00,R002,Gurpur (Phalguni),2316599,12.8601,74.8389,3.499,33.08,1.18,2.04,9.44,13.44,17.44,NORMAL,Simulated (formula: level = rain*0.6 + upstream_rain*0.4)
2024-06-24T10:00:00,R002,Gurpur (Phalguni),2316599,12.8601,74.8389,4.392,49.15,4.11,2.25,9.44,13.44,17.44,NORMAL,Simulated (formula: level = rain*0.6 + upstream_rain*0.4)
2024-06-24T11:00:00,R002,Gurpur (Phalguni),2316599,12.8601,74.8389,3.945,37.67,0.82,4.54,9.44,13.44,17.44,NORMAL,Simulated (formula: level = rain*0.6 + upstream_rain*0.4)
2024-06-24T12:00:00,R002,Gurpur (Phalguni),2316599,12.8601,74.8389,2.851,31.42,0.93,1.18,9.44,13.44,17.44,NORMAL,Simulated (formula: level = rain*0.6 + upstream_rain*0.4)
2024-06-24T13:00:00,R002,Gurpur (Phalguni),2316599,12.8601,74.8389,3.597,35.58,1.27,4.11,9.44,13.44,17.44,NORMAL,Simulated (formula: level = rain*0.6 + upstream_rain*0.4)
2024-06-24T14:00:00,R002,Gurpur (Phalguni),2316599,12.8601,74.8389,3.797,46.35,3.45,0.82,9.44,13.44,17.44,NORMAL,Simulated (formula: level = rain*0.6 + upstream_rain*0.4)
2024-06-24T15:00:00,R002,Gurpur (Phalguni),2316599,12.8601,74.8389,3.262,32.78,1.93,0.93,9.44,13.44,17.44,NORMAL,Simulated (formula: level = rain*0.6 + upstream_rain*0.4)
2024-06-24T16:00:00,R002,Gurpur (Phalguni),2316599,12.8601,74.8389,4.213,47.62,4.44,1.27,9.44,13.44,17.44,NORMAL,Simulated (formula: level = rain*0.6 + upstream_rain*0.4)
2024-06-24T17:00:00,R002,Gurpur (Phalguni),2316599,12.8601,74.8389,3.776,42.18,1.2,3.45,9.44,13.44,17.44,NORMAL,Simulated (formula: level = rain*0.6 + upstream_rain*0.4)
2024-06-24T18:00:00,R002,Gurpur (Phalguni),2316599,12.8601,74.8389,3.177,33.83,1.12,1.93,9.44,13.44,17.44,NORMAL,Simulated (formula: level = rain*0.6 + upstream_rain*0.4)
2024-06-24T19:00:00,R002,Gurpur (Phalguni),2316599,12.8601,74.8389,3.652,35.65,1.28,4.44,9.44,13.44,17.44,NORMAL,Simulated (formula: level = rain*0.6 + upstream_rain*0.4)
2024-06-24T20:00:00,R002,Gurpur (Phalguni),2316599,12.8601,74.8389,11.284,123.04,21.14,1.2,9.44,13.44,17.44,WARNING,Simulated (formula: level = rain*0.6 + upstream_rain*0.4)
2024-06-24T21:00:00,R002,Gurpur (Phalguni),2316599,12.8601,74.8389,11.205,112.22,15.26,1.12,9.44,13.44,17.44,WARNING,Simulated (formula: level = rain*0.6 + upstream_rain*0.4)
2024-06-24T22:00:00,R002,Gurpur (Phalguni),2316599,12.8601,74.8389,5.799,57.53,2.64,1.28,9.44,13.44,17.44,NORMAL,Simulated (formula: level = rain*0.6 + upstream_rain*0.4)
2024-06-24T23:00:00,R002,Gurpur (Phalguni),2316599,12.8601,74.8389,9.289,99.52,1.42,21.14,9.44,13.44,17.44,NORMAL,Simulated (formula: level = rain*0.6 + upstream_rain*0.4)
2024-06-25T00:00:00,R002,Gurpur (Phalguni),2316599,12.8601,74.8389,9.905,120.76,4.29,15.26,9.44,13.44,17.44,WARNING,Simulated (formula: level = rain*0.6 + upstream_rain*0.4)
2024-06-25T01:00:00,R002,Gurpur (Phalguni),2316599,12.8601,74.8389,6.794,80.75,4.91,2.64,9.44,13.44,17.44,NORMAL,Simulated (formula: level = rain*0.6 + upstream_rain*0.4)
2024-06-25T02:00:00,R002,Gurpur (Phalguni),2316599,12.8601,74.8389,8.189,93.77,11.23,1.42,9.44,13.44,17.44,NORMAL,Simulated (formula: level = rain*0.6 + upstream_rain*0.4)
2024-06-25T03:00:00,R002,Gurpur (Phalguni),2316599,12.8601,74.8389,7.799,78.56,7.17,4.29,9.44,13.44,17.44,NORMAL,Simulated (formula: level = rain*0.6 + upstream_rain*0.4)
2024-06-25T04:00:00,R002,Gurpur (Phalguni),2316599,12.8601,74.8389,6.016,65.95,3.29,4.91,9.44,13.44,17.44,NORMAL,Simulated (formula: level = rain*0.6 + upstream_rain*0.4)
2024-06-25T05:00:00,R002,Gurpur (Phalguni),2316599,12.8601,74.8389,6.823,80.41,2.21,11.23,9.44,13.44,17.44,NORMAL,Simulated (formula: level = rain*0.6 + upstream_rain*0.4)
2024-06-25T06:00:00,R002,Gurpur (Phalguni),2316599,12.8601,74.8389,7.283,77.01,5.08,7.17,9.44,13.44,17.44,NORMAL,Simulated (formula: level = rain*0.6 + upstream_rain*0.4)
2024-06-25T07:00:00,R002,Gurpur (Phalguni),2316599,12.8601,74.8389,4.454,46.9,0.68,3.29,9.44,13.44,17.44,NORMAL,Simulated (formula: level = rain*0.6 + upstream_rain*0.4)
2024-06-25T08:00:00,R002,Gurpur (Phalguni),2316599,12.8601,74.8389,3.374,40.97,1.04,2.21,9.44,13.44,17.44,NORMAL,Simulated (formula: level = rain*0.6 + upstream_rain*0.4)
2024-06-25T09:00:00,R002,Gurpur (Phalguni),2316599,12.8601,74.8389,4.061,46.92,1.26,5.08,9.44,13.44,17.44,NORMAL,Simulated (formula: level = rain*0.6 + upstream_rain*0.4)
2024-06-25T10:00:00,R002,Gurpur (Phalguni),2316599,12.8601,74.8389,2.915,27.61,1.28,0.68,9.44,13.44,17.44,NORMAL,Simulated (formula: level = rain*0.6 + upstream_rain*0.4)
2024-06-25T11:00:00,R002,Gurpur (Phalguni),2316599,12.8601,74.8389,2.277,21.75,0.34,1.04,9.44,13.44,17.44,NORMAL,Simulated (formula: level = rain*0.6 + upstream_rain*0.4)
2024-06-25T12:00:00,R002,Gurpur (Phalguni),2316599,12.8601,74.8389,2.476,31.34,1.03,1.26,9.44,13.44,17.44,NORMAL,Simulated (formula: level = rain*0.6 + upstream_rain*0.4)
2024-06-25T13:00:00,R002,Gurpur (Phalguni),2316599,12.8601,74.8389,2.937,30.54,2.03,1.28,9.44,13.44,17.44,NORMAL,Simulated (formula: level = rain*0.6 + upstream_rain*0.4)
2024-06-25T14:00:00,R002,Gurpur (Phalguni),2316599,12.8601,74.8389,2.788,33.93,1.91,0.34,9.44,13.44,17.44,NORMAL,Simulated (formula: level = rain*0.6 + upstream_rain*0.4)
2024-06-25T15:00:00,R002,Gurpur (Phalguni),2316599,12.8601,74.8389,2.538,30.88,1.06,1.03,9.44,13.44,17.44,NORMAL,Simulated (formula: level = rain*0.6 + upstream_rain*0.4)
2024-06-25T16:00:00,R002,Gurpur (Phalguni),2316599,12.8601,74.8389,2.998,36.9,1.69,2.03,9.44,13.44,17.44,NORMAL,Simulated (formula: level = rain*0.6 + upstream_rain*0.4)
2024-06-25T17:00:00,R002,Gurpur (Phalguni),2316599,12.8601,74.8389,3.028,36.25,1.44,1.91,9.44,13.44,17.44,NORMAL,Simulated (formula: level = rain*0.6 + upstream_rain*0.4)
2024-06-25T18:00:00,R002,Gurpur (Phalguni),2316599,12.8601,74.8389,2.436,28.61,0.43,1.06,9.44,13.44,17.44,NORMAL,Simulated (formula: level = rain*0.6 + upstream_rain*0.4)
2024-06-25T19:00:00,R002,Gurpur (Phalguni),2316599,12.8601,74.8389,3.107,32.99,2.25,1.69,9.44,13.44,17.44,NORMAL,Simulated (formula: level = rain*0.6 + upstream_rain*0.4)
2024-06-25T20:00:00,R002,Gurpur (Phalguni),2316599,12.8601,74.8389,2.877,31.87,1.39,1.44,9.44,13.44,17.44,NORMAL,Simulated (formula: level = rain*0.6 + upstream_rain*0.4)
2024-06-25T21:00:00,R002,Gurpur (Phalguni),2316599,12.8601,74.8389,3.407,38.07,3.3,0.43,9.44,13.44,17.44,NORMAL,Simulated (formula: level = rain*0.6 + upstream_rain*0.4)
2024-06-25T22:00:00,R002,Gurpur (Phalguni),2316599,12.8601,74.8389,3.321,40.79,1.62,2.25,9.44,13.44,17.44,NORMAL,Simulated (formula: level = rain*0.6 + upstream_rain*0.4)
2024-06-25T23:00:00,R002,Gurpur (Phalguni),2316599,12.8601,74.8389,3.944,40.47,3.45,1.39,9.44,13.44,17.44,NORMAL,Simulated (formula: level = rain*0.6 + upstream_rain*0.4)
2024-06-26T00:00:00,R002,Gurpur (Phalguni),2316599,12.8601,74.8389,4.785,52.26,3.75,3.3,9.44,13.44,17.44,NORMAL,Simulated (formula: level = rain*0.6 + upstream_rain*0.4)
2024-06-26T01:00:00,R002,Gurpur (Phalguni),2316599,12.8601,74.8389,3.92,37.59,2.53,1.62,9.44,13.44,17.44,NORMAL,Simulated (formula: level = rain*0.6 + upstream_rain*0.4)
2024-06-26T02:00:00,R002,Gurpur (Phalguni),2316599,12.8601,74.8389,4.757,48.59,4.07,3.45,9.44,13.44,17.44,NORMAL,Simulated (formula: level = rain*0.6 + upstream_rain*0.4)
2024-06-26T03:00:00,R002,Gurpur (Phalguni),2316599,12.8601,74.8389,4.579,43.87,2.75,3.75,9.44,13.44,17.44,NORMAL,Simulated (formula: level = rain*0.6 + upstream_rain*0.4)
2024-06-26T04:00:00,R002,Gurpur (Phalguni),2316599,12.8601,74.8389,4.007,45.29,2.15,2.53,9.44,13.44,17.44,NORMAL,Simulated (formula: level = rain*0.6 + upstream_rain*0.4)
2024-06-26T05:00:00,R002,Gurpur (Phalguni),2316599,12.8601,74.8389,4.564,55.65,2.98,4.07,9.44,13.44,17.44,NORMAL,Simulated (formula: level = rain*0.6 + upstream_rain*0.4)
2024-06-26T06:00:00,R002,Gurpur (Phalguni),2316599,12.8601,74.8389,3.757,42.99,1.33,2.75,9.44,13.44,17.44,NORMAL,Simulated (formula: level = rain*0.6 + upstream_rain*0.4)
2024-06-26T07:00:00,R002,Gurpur (Phalguni),2316599,12.8601,74.8389,3.495,32.82,1.95,2.15,9.44,13.44,17.44,NORMAL,Simulated (formula: level = rain*0.6 + upstream_rain*0.4)
2024-06-26T08:00:00,R002,Gurpur (Phalguni),2316599,12.8601,74.8389,8.18,85.99,12.67,2.98,9.44,13.44,17.44,NORMAL,Simulated (formula: level = rain*0.6 + upstream_rain*0.4)
2024-06-26T09:00:00,R002,Gurpur (Phalguni),2316599,12.8601,74.8389,12.865,144.07,21.49,1.33,9.44,13.44,17.44,WARNING,Simulated (formula: level = rain*0.6 + upstream_rain*0.4)
2024-06-26T10:00:00,R002,Gurpur (Phalguni),2316599,12.8601,74.8389,5.909,68.14,1.01,1.95,9.44,13.44,17.44,NORMAL,Simulated (formula: level = rain*0.6 + upstream_rain*0.4)
2024-06-26T11:00:00,R002,Gurpur (Phalguni),2316599,12.8601,74.8389,7.287,75.59,2.41,12.67,9.44,13.44,17.44,NORMAL,Simulated (formula: level = rain*0.6 + upstream_rain*0.4)
2024-06-26T12:00:00,R002,Gurpur (Phalguni),2316599,12.8601,74.8389,22.504,243.48,31.6,21.49,9.44,13.44,17.44,FLOOD,Simulated (formula: level = rain*0.6 + upstream_rain*0.4)
2024-06-26T13:00:00,R002,Gurpur (Phalguni),2316599,12.8601,74.8389,9.085,100.4,2.49,1.01,9.44,13.44,17.44,NORMAL,Simulated (formula: level = rain*0.6 + upstream_rain*0.4)
2024-06-26T14:00:00,R002,Gurpur (Phalguni),2316599,12.8601,74.8389,5.251,58.04,1.99,2.41,9.44,13.44,17.44,NORMAL,Simulated (formula: level = rain*0.6 + upstream_rain*0.4)
2024-06-26T15:00:00,R002,Gurpur (Phalguni),2316599,12.8601,74.8389,11.567,137.42,0.38,31.6,9.44,13.44,17.44,WARNING,Simulated (formula: level = rain*0.6 + upstream_rain*0.4)
2024-06-26T16:00:00,R002,Gurpur (Phalguni),2316599,12.8601,74.8389,5.607,66.41,1.08,2.49,9.44,13.44,17.44,NORMAL,Simulated (formula: level = rain*0.6 + upstream_rain*0.4)
2024-06-26T17:00:00,R002,Gurpur (Phalguni),2316599,12.8601,74.8389,4.323,46.43,2.57,1.99,9.44,13.44,17.44,NORMAL,Simulated (formula: level = rain*0.6 + upstream_rain*0.4)
2024-06-26T18:00:00,R002,Gurpur (Phalguni),2316599,12.8601,74.8389,3.043,31.87,1.49,0.38,9.44,13.44,17.44,NORMAL,Simulated (formula: level = rain*0.6 + upstream_rain*0.4)
2024-06-26T19:00:00,R002,Gurpur (Phalguni),2316599,12.8601,74.8389,2.712,32.03,1.31,1.08,9.44,13.44,17.44,NORMAL,Simulated (formula: level = rain*0.6 + upstream_rain*0.4)
2024-06-26T20:00:00,R002,Gurpur (Phalguni),2316599,12.8601,74.8389,2.8,32.31,0.63,2.57,9.44,13.44,17.44,NORMAL,Simulated (formula: level = rain*0.6 + upstream_rain*0.4)
2024-06-26T21:00:00,R002,Gurpur (Phalguni),2316599,12.8601,74.8389,3.074,32.49,1.91,1.49,9.44,13.44,17.44,NORMAL,Simulated (formula: level = rain*0.6 + upstream_rain*0.4)
2024-06-26T22:00:00,R002,Gurpur (Phalguni),2316599,12.8601,74.8389,3.278,39.11,2.23,1.31,9.44,13.44,17.44,NORMAL,Simulated (formula: level = rain*0.6 + upstream_rain*0.4)
2024-06-26T23:00:00,R002,Gurpur (Phalguni),2316599,12.8601,74.8389,3.886,45.64,4.15,0.63,9.44,13.44,17.44,NORMAL,Simulated (formula: level = rain*0.6 + upstream_rain*0.4)
2024-06-27T00:00:00,R002,Gurpur (Phalguni),2316599,12.8601,74.8389,3.831,48.44,2.48,1.91,9.44,13.44,17.44,NORMAL,Simulated (formula: level = rain*0.6 + upstream_rain*0.4)
2024-06-27T01:00:00,R002,Gurpur (Phalguni),2316599,12.8601,74.8389,3.545,44.87,2.04,2.23,9.44,13.44,17.44,NORMAL,Simulated (formula: level = rain*0.6 + upstream_rain*0.4)
2024-06-27T02:00:00,R002,Gurpur (Phalguni),2316599,12.8601,74.8389,3.796,36.37,1.54,4.15,9.44,13.44,17.44,NORMAL,Simulated (formula: level = rain*0.6 + upstream_rain*0.4)
2024-06-27T03:00:00,R002,Gurpur (Phalguni),2316599,12.8601,74.8389,3.79,42.1,2.36,2.48,9.44,13.44,17.44,NORMAL,Simulated (formula: level = rain*0.6 + upstream_rain*0.4)
2024-06-27T04:00:00,R002,Gurpur (Phalguni),2316599,12.8601,74.8389,3.596,38.18,2.11,2.04,9.44,13.44,17.44,NORMAL,Simulated (formula: level = rain*0.6 + upstream_rain*0.4)
2024-06-27T05:00:00,R002,Gurpur (Phalguni),2316599,12.8601,74.8389,3.284,33.67,1.68,1.54,9.44,13.44,17.44,NORMAL,Simulated (formula: level = rain*0.6 + upstream_rain*0.4)
2024-06-27T06:00:00,R002,Gurpur (Phalguni),2316599,12.8601,74.8389,3.473,40.51,1.9,2.36,9.44,13.44,17.44,NORMAL,Simulated (formula: level = rain*0.6 + upstream_rain*0.4)
2024-06-27T07:00:00,R002,Gurpur (Phalguni),2316599,12.8601,74.8389,3.252,37.53,1.4,2.11,9.44,13.44,17.44,NORMAL,Simulated (formula: level = rain*0.6 + upstream_rain*0.4)
2024-06-27T08:00:00,R002,Gurpur (Phalguni),2316599,12.8601,74.8389,3.228,31.68,1.83,1.68,9.44,13.44,17.44,NORMAL,Simulated (formula: level = rain*0.6 + upstream_rain*0.4)
2024-06-27T09:00:00,R002,Gurpur (Phalguni),2316599,12.8601,74.8389,3.805,41.48,3.21,1.9,9.44,13.44,17.44,NORMAL,Simulated (formula: level = rain*0.6 + upstream_rain*0.4)
2024-06-27T10:00:00,R002,Gurpur (Phalguni),2316599,12.8601,74.8389,3.42,38.6,1.88,1.4,9.44,13.44,17.44,NORMAL,Simulated (formula: level = rain*0.6 + upstream_rain*0.4)
2024-06-27T11:00:00,R002,Gurpur (Phalguni),2316599,12.8601,74.8389,3.614,39.41,2.44,1.83,9.44,13.44,17.44,NORMAL,Simulated (formula: level = rain*0.6 + upstream_rain*0.4)
2024-06-27T12:00:00,R002,Gurpur (Phalguni),2316599,12.8601,74.8389,3.515,35.72,1.33,3.21,9.44,13.44,17.44,NORMAL,Simulated (formula: level = rain*0.6 + upstream_rain*0.4)
2024-06-27T13:00:00,R002,Gurpur (Phalguni),2316599,12.8601,74.8389,3.174,35.32,1.41,1.88,9.44,13.44,17.44,NORMAL,Simulated (formula: level = rain*0.6 + upstream_rain*0.4)
2024-06-27T14:00:00,R002,Gurpur (Phalguni),2316599,12.8601,74.8389,3.027,36.6,0.92,2.44,9.44,13.44,17.44,NORMAL,Simulated (formula: level = rain*0.6 + upstream_rain*0.4)
2024-06-27T15:00:00,R002,Gurpur (Phalguni),2316599,12.8601,74.8389,2.554,28.99,0.53,1.33,9.44,13.44,17.44,NORMAL,Simulated (formula: level = rain*0.6 + upstream_rain*0.4)
2024-06-27T16:00:00,R002,Gurpur (Phalguni),2316599,12.8601,74.8389,2.792,26.37,1.39,1.41,9.44,13.44,17.44,NORMAL,Simulated (formula: level = rain*0.6 + upstream_rain*0.4)
2024-06-27T17:00:00,R002,Gurpur (Phalguni),2316599,12.8601,74.8389,3.677,44.91,3.65,0.92,9.44,13.44,17.44,NORMAL,Simulated (formula: level = rain*0.6 + upstream_rain*0.4)
2024-06-27T18:00:00,R002,Gurpur (Phalguni),2316599,12.8601,74.8389,3.205,38.68,2.28,0.53,9.44,13.44,17.44,NORMAL,Simulated (formula: level = rain*0.6 + upstream_rain*0.4)
2024-06-27T19:00:00,R002,Gurpur (Phalguni),2316599,12.8601,74.8389,2.895,27.53,1.19,1.39,9.44,13.44,17.44,NORMAL,Simulated (formula: level = rain*0.6 + upstream_rain*0.4)
2024-06-27T20:00:00,R002,Gurpur (Phalguni),2316599,12.8601,74.8389,3.989,40.2,2.57,3.65,9.44,13.44,17.44,NORMAL,Simulated (formula: level = rain*0.6 + upstream_rain*0.4)
2024-06-27T21:00:00,R002,Gurpur (Phalguni),2316599,12.8601,74.8389,3.518,36.51,1.67,2.28,9.44,13.44,17.44,NORMAL,Simulated (formula: level = rain*0.6 + upstream_rain*0.4)
2024-06-27T22:00:00,R002,Gurpur (Phalguni),2316599,12.8601,74.8389,4.743,57.16,5.56,1.19,9.44,13.44,17.44,NORMAL,Simulated (formula: level = rain*0.6 + upstream_rain*0.4)
2024-06-27T23:00:00,R002,Gurpur (Phalguni),2316599,12.8601,74.8389,6.502,72.05,8.01,2.57,9.44,13.44,17.44,NORMAL,Simulated (formula: level = rain*0.6 + upstream_rain*0.4)
2024-06-28T00:00:00,R002,Gurpur (Phalguni),2316599,12.8601,74.8389,6.563,65.95,7.49,1.67,9.44,13.44,17.44,NORMAL,Simulated (formula: level = rain*0.6 + upstream_rain*0.4)
2024-06-28T01:00:00,R002,Gurpur (Phalguni),2316599,12.8601,74.8389,6.396,71.72,4.38,5.56,9.44,13.44,17.44,NORMAL,Simulated (formula: level = rain*0.6 + upstream_rain*0.4)
2024-06-28T02:00:00,R002,Gurpur (Phalguni),2316599,12.8601,74.8389,5.96,58.03,1.97,8.01,9.44,13.44,17.44,NORMAL,Simulated (formula: level = rain*0.6 + upstream_rain*0.4)
2024-06-28T03:00:00,R002,Gurpur (Phalguni),2316599,12.8601,74.8389,16.831,210.62,28.16,7.49,9.44,13.44,17.44,DANGER,Simulated (formula: level = rain*0.6 + upstream_rain*0.4)
2024-06-28T04:00:00,R002,Gurpur (Phalguni),2316599,12.8601,74.8389,8.858,84.42,3.67,4.38,9.44,13.44,17.44,NORMAL,Simulated (formula: level = rain*0.6 + upstream_rain*0.4)
2024-06-28T05:00:00,R002,Gurpur (Phalguni),2316599,12.8601,74.8389,5.311,60.94,2.56,1.97,9.44,13.44,17.44,NORMAL,Simulated (formula: level = rain*0.6 + upstream_rain*0.4)
2024-06-28T06:00:00,R002,Gurpur (Phalguni),2316599,12.8601,74.8389,23.51,298.02,30.89,28.16,9.44,13.44,17.44,FLOOD,Simulated (formula: level = rain*0.6 + upstream_rain*0.4)
2024-06-28T07:00:00,R002,Gurpur (Phalguni),2316599,12.8601,74.8389,10.185,112.39,2.62,3.67,9.44,13.44,17.44,WARNING,Simulated (formula: level = rain*0.6 + upstream_rain*0.4)
2024-06-28T08:00:00,R002,Gurpur (Phalguni),2316599,12.8601,74.8389,5.181,60.49,0.79,2.56,9.44,13.44,17.44,NORMAL,Simulated (formula: level = rain*0.6 + upstream_rain*0.4)
2024-06-28T09:00:00,R002,Gurpur (Phalguni),2316599,12.8601,74.8389,11.705,135.89,1.47,30.89,9.44,13.44,17.44,WARNING,Simulated (formula: level = rain*0.6 + upstream_rain*0.4)
2024-06-28T10:00:00,R002,Gurpur (Phalguni),2316599,12.8601,74.8389,5.634,62.31,0.88,2.62,9.44,13.44,17.44,NORMAL,Simulated (formula: level = rain*0.6 + upstream_rain*0.4)
2024-06-28T11:00:00,R002,Gurpur (Phalguni),2316599,12.8601,74.8389,3.399,38.38,1.21,0.79,9.44,13.44,17.44,NORMAL,Simulated (formula: level = rain*0.6 + upstream_rain*0.4)
2024-06-28T12:00:00,R002,Gurpur (Phalguni),2316599,12.8601,74.8389,2.948,36.07,1.4,1.47,9.44,13.44,17.44,NORMAL,Simulated (formula: level = rain*0.6 + upstream_rain*0.4)
2024-06-28T13:00:00,R002,Gurpur (Phalguni),2316599,12.8601,74.8389,2.622,31.33,1.01,0.88,9.44,13.44,17.44,NORMAL,Simulated (formula: level = rain*0.6 + upstream_rain*0.4)
2024-06-28T14:00:00,R002,Gurpur (Phalguni),2316599,12.8601,74.8389,2.896,34.68,1.68,1.21,9.44,13.44,17.44,NORMAL,Simulated (formula: level = rain*0.6 + upstream_rain*0.4)
2024-06-28T15:00:00,R002,Gurpur (Phalguni),2316599,12.8601,74.8389,2.927,27.54,1.61,1.4,9.44,13.44,17.44,NORMAL,Simulated (formula: level = rain*0.6 + upstream_rain*0.4)
2024-06-28T16:00:00,R002,Gurpur (Phalguni),2316599,12.8601,74.8389,2.902,33.34,1.58,1.01,9.44,13.44,17.44,NORMAL,Simulated (formula: level = rain*0.6 + upstream_rain*0.4)
2024-06-28T17:00:00,R002,Gurpur (Phalguni),2316599,12.8601,74.8389,2.991,33.01,1.28,1.68,9.44,13.44,17.44,NORMAL,Simulated (formula: level = rain*0.6 + upstream_rain*0.4)
2024-06-28T18:00:00,R002,Gurpur (Phalguni),2316599,12.8601,74.8389,3.584,37.97,2.98,1.61,9.44,13.44,17.44,NORMAL,Simulated (formula: level = rain*0.6 + upstream_rain*0.4)
2024-06-28T19:00:00,R002,Gurpur (Phalguni),2316599,12.8601,74.8389,3.216,37.67,1.58,1.58,9.44,13.44,17.44,NORMAL,Simulated (formula: level = rain*0.6 + upstream_rain*0.4)
2024-06-28T20:00:00,R002,Gurpur (Phalguni),2316599,12.8601,74.8389,3.464,37.35,2.65,1.28,9.44,13.44,17.44,NORMAL,Simulated (formula: level = rain*0.6 + upstream_rain*0.4)
2024-06-28T21:00:00,R002,Gurpur (Phalguni),2316599,12.8601,74.8389,17.695,219.83,35.39,2.98,9.44,13.44,17.44,FLOOD,Simulated (formula: level = rain*0.6 + upstream_rain*0.4)
2024-06-28T22:00:00,R002,Gurpur (Phalguni),2316599,12.8601,74.8389,8.572,96.69,4.43,1.58,9.44,13.44,17.44,NORMAL,Simulated (formula: level = rain*0.6 + upstream_rain*0.4)
2024-06-28T23:00:00,R002,Gurpur (Phalguni),2316599,12.8601,74.8389,7.206,85.59,6.79,2.65,9.44,13.44,17.44,NORMAL,Simulated (formula: level = rain*0.6 + upstream_rain*0.4)
2024-06-29T00:00:00,R002,Gurpur (Phalguni),2316599,12.8601,74.8389,14.486,165.94,3.58,35.39,9.44,13.44,17.44,DANGER,Simulated (formula: level = rain*0.6 + upstream_rain*0.4)
2024-06-29T01:00:00,R002,Gurpur (Phalguni),2316599,12.8601,74.8389,7.27,74.79,1.68,4.43,9.44,13.44,17.44,NORMAL,Simulated (formula: level = rain*0.6 + upstream_rain*0.4)
2024-06-29T02:00:00,R002,Gurpur (Phalguni),2316599,12.8601,74.8389,5.958,65.72,2.04,6.79,9.44,13.44,17.44,NORMAL,Simulated (formula: level = rain*0.6 + upstream_rain*0.4)
2024-06-29T03:00:00,R002,Gurpur (Phalguni),2316599,12.8601,74.8389,6.873,77.43,7.29,3.58,9.44,13.44,17.44,NORMAL,Simulated (formula: level = rain*0.6 + upstream_rain*0.4)
2024-06-29T04:00:00,R002,Gurpur (Phalguni),2316599,12.8601,74.8389,8.149,91.67,11.06,1.68,9.44,13.44,17.44,NORMAL,Simulated (formula: level = rain*0.6 + upstream_rain*0.4)
2024-06-29T05:00:00,R002,Gurpur (Phalguni),2316599,12.8601,74.8389,6.128,66.28,5.02,2.04,9.44,13.44,17.44,NORMAL,Simulated (formula: level = rain*0.6 + upstream_rain*0.4)
2024-06-29T06:00:00,R002,Gurpur (Phalguni),2316599,12.8601,74.8389,6.51,62.58,3.77,7.29,9.44,13.44,17.44,NORMAL,Simulated (formula: level = rain*0.6 + upstream_rain*0.4)
2024-06-29T07:00:00,R002,Gurpur (Phalguni),2316599,12.8601,74.8389,6.866,67.77,1.88,11.06,9.44,13.44,17.44,NORMAL,Simulated (formula: level = rain*0.6 + upstream_rain*0.4)
2024-06-29T08:00:00,R002,Gurpur (Phalguni),2316599,12.8601,74.8389,5.209,62.21,1.63,5.02,9.44,13.44,17.44,NORMAL,Simulated (formula: level = rain*0.6 + upstream_rain*0.4)
2024-06-29T09:00:00,R002,Gurpur (Phalguni),2316599,12.8601,74.8389,11.226,117.95,18.0,3.77,9.44,13.44,17.44,WARNING,Simulated (formula: level = rain*0.6 + upstream_rain*0.4)
2024-06-29T10:00:00,R002,Gurpur (Phalguni),2316599,12.8601,74.8389,5.235,50.56,0.73,1.88,9.44,13.44,17.44,NORMAL,Simulated (formula: level = rain*0.6 + upstream_rain*0.4)
2024-06-29T11:00:00,R002,Gurpur (Phalguni),2316599,12.8601,74.8389,3.541,39.0,1.32,1.63,9.44,13.44,17.44,NORMAL,Simulated (formula: level = rain*0.6 + upstream_rain*0.4)
2024-06-29T12:00:00,R002,Gurpur (Phalguni),2316599,12.8601,74.8389,7.762,76.59,1.58,18.0,9.44,13.44,17.44,NORMAL,Simulated (formula: level = rain*0.6 + upstream_rain*0.4)
2024-06-29T13:00:00,R002,Gurpur (Phalguni),2316599,12.8601,74.8389,3.905,42.23,0.9,0.73,9.44,13.44,17.44,NORMAL,Simulated (formula: level = rain*0.6 + upstream_rain*0.4)
2024-06-29T14:00:00,R002,Gurpur (Phalguni),2316599,12.8601,74.8389,3.135,38.94,1.31,1.32,9.44,13.44,17.44,NORMAL,Simulated (formula: level = rain*0.6 + upstream_rain*0.4)
2024-06-29T15:00:00,R002,Gurpur (Phalguni),2316599,12.8601,74.8389,2.588,26.77,0.54,1.58,9.44,13.44,17.44,NORMAL,Simulated (formula: level = rain*0.6 + upstream_rain*0.4)
2024-06-29T16:00:00,R002,Gurpur (Phalguni),2316599,12.8601,74.8389,3.571,41.65,3.81,0.9,9.44,13.44,17.44,NORMAL,Simulated (formula: level = rain*0.6 + upstream_rain*0.4)
2024-06-29T17:00:00,R002,Gurpur (Phalguni),2316599,12.8601,74.8389,3.875,40.7,3.45,1.31,9.44,13.44,17.44,NORMAL,Simulated (formula: level = rain*0.6 + upstream_rain*0.4)
2024-06-29T18:00:00,R002,Gurpur (Phalguni),2316599,12.8601,74.8389,2.756,29.66,1.23,0.54,9.44,13.44,17.44,NORMAL,Simulated (formula: level = rain*0.6 + upstream_rain*0.4)
2024-06-29T19:00:00,R002,Gurpur (Phalguni),2316599,12.8601,74.8389,3.806,43.52,2.2,3.81,9.44,13.44,17.44,NORMAL,Simulated (formula: level = rain*0.6 + upstream_rain*0.4)
2024-06-29T20:00:00,R002,Gurpur (Phalguni),2316599,12.8601,74.8389,3.752,41.24,1.3,3.45,9.44,13.44,17.44,NORMAL,Simulated (formula: level = rain*0.6 + upstream_rain*0.4)
2024-06-29T21:00:00,R002,Gurpur (Phalguni),2316599,12.8601,74.8389,3.901,47.72,3.59,1.23,9.44,13.44,17.44,NORMAL,Simulated (formula: level = rain*0.6 + upstream_rain*0.4)
2024-06-29T22:00:00,R002,Gurpur (Phalguni),2316599,12.8601,74.8389,4.207,45.94,3.18,2.2,9.44,13.44,17.44,NORMAL,Simulated (formula: level = rain*0.6 + upstream_rain*0.4)
2024-06-29T23:00:00,R002,Gurpur (Phalguni),2316599,12.8601,74.8389,3.697,36.65,2.7,1.3,9.44,13.44,17.44,NORMAL,Simulated (formula: level = rain*0.6 + upstream_rain*0.4)
2024-06-30T00:00:00,R002,Gurpur (Phalguni),2316599,12.8601,74.8389,4.349,42.29,3.01,3.59,9.44,13.44,17.44,NORMAL,Simulated (formula: level = rain*0.6 + upstream_rain*0.4)
2024-06-30T01:00:00,R002,Gurpur (Phalguni),2316599,12.8601,74.8389,4.955,56.14,4.18,3.18,9.44,13.44,17.44,NORMAL,Simulated (formula: level = rain*0.6 + upstream_rain*0.4)
2024-06-30T02:00:00,R002,Gurpur (Phalguni),2316599,12.8601,74.8389,4.773,49.08,3.65,2.7,9.44,13.44,17.44,NORMAL,Simulated (formula: level = rain*0.6 + upstream_rain*0.4)
2024-06-30T03:00:00,R002,Gurpur (Phalguni),2316599,12.8601,74.8389,4.765,45.9,3.55,3.01,9.44,13.44,17.44,NORMAL,Simulated (formula: level = rain*0.6 + upstream_rain*0.4)
2024-06-30T04:00:00,R002,Gurpur (Phalguni),2316599,12.8601,74.8389,5.115,55.35,3.53,4.18,9.44,13.44,17.44,NORMAL,Simulated (formula: level = rain*0.6 + upstream_rain*0.4)
2024-06-30T05:00:00,R002,Gurpur (Phalguni),2316599,12.8601,74.8389,6.018,73.57,5.71,3.65,9.44,13.44,17.44,NORMAL,Simulated (formula: level = rain*0.6 + upstream_rain*0.4)
2024-06-30T06:00:00,R002,Gurpur (Phalguni),2316599,12.8601,74.8389,4.526,56.04,1.52,3.55,9.44,13.44,17.44,NORMAL,Simulated (formula: level = rain*0.6 + upstream_rain*0.4)
2024-06-30T07:00:00,R002,Gurpur (Phalguni),2316599,12.8601,74.8389,4.081,39.05,1.8,3.53,9.44,13.44,17.44,NORMAL,Simulated (formula: level = rain*0.6 + upstream_rain*0.4)
2024-06-30T08:00:00,R002,Gurpur (Phalguni),2316599,12.8601,74.8389,4.603,56.88,1.98,5.71,9.44,13.44,17.44,NORMAL,Simulated (formula: level = rain*0.6 + upstream_rain*0.4)
2024-06-30T09:00:00,R002,Gurpur (Phalguni),2316599,12.8601,74.8389,3.742,43.97,2.44,1.52,9.44,13.44,17.44,NORMAL,Simulated (formula: level = rain*0.6 + upstream_rain*0.4)
2024-06-30T10:00:00,R002,Gurpur (Phalguni),2316599,12.8601,74.8389,3.082,31.19,1.1,1.8,9.44,13.44,17.44,NORMAL,Simulated (formula: level = rain*0.6 + upstream_rain*0.4)
2024-06-30T11:00:00,R002,Gurpur (Phalguni),2316599,12.8601,74.8389,3.025,36.47,1.4,1.98,9.44,13.44,17.44,NORMAL,Simulated (formula: level = rain*0.6 + upstream_rain*0.4)
2024-06-30T12:00:00,R002,Gurpur (Phalguni),2316599,12.8601,74.8389,3.33,36.99,1.78,2.44,9.44,13.44,17.44,NORMAL,Simulated (formula: level = rain*0.6 + upstream_rain*0.4)
2024-06-30T13:00:00,R002,Gurpur (Phalguni),2316599,12.8601,74.8389,2.847,28.39,1.53,1.1,9.44,13.44,17.44,NORMAL,Simulated (formula: level = rain*0.6 + upstream_rain*0.4)
2024-06-30T14:00:00,R002,Gurpur (Phalguni),2316599,12.8601,74.8389,3.112,36.57,1.93,1.4,9.44,13.44,17.44,NORMAL,Simulated (formula: level = rain*0.6 + upstream_rain*0.4)
2024-06-30T15:00:00,R002,Gurpur (Phalguni),2316599,12.8601,74.8389,3.623,35.42,2.69,1.78,9.44,13.44,17.44,NORMAL,Simulated (formula: level = rain*0.6 + upstream_rain*0.4)
2024-06-30T16:00:00,R002,Gurpur (Phalguni),2316599,12.8601,74.8389,3.199,34.94,1.57,1.53,9.44,13.44,17.44,NORMAL,Simulated (formula: level = rain*0.6 + upstream_rain*0.4)
2024-06-30T17:00:00,R002,Gurpur (Phalguni),2316599,12.8601,74.8389,3.641,36.4,2.63,1.93,9.44,13.44,17.44,NORMAL,Simulated (formula: level = rain*0.6 + upstream_rain*0.4)
2024-06-30T18:00:00,R002,Gurpur (Phalguni),2316599,12.8601,74.8389,4.53,55.98,4.17,2.69,9.44,13.44,17.44,NORMAL,Simulated (formula: level = rain*0.6 + upstream_rain*0.4)
2024-06-30T19:00:00,R002,Gurpur (Phalguni),2316599,12.8601,74.8389,3.409,36.28,1.4,1.57,9.44,13.44,17.44,NORMAL,Simulated (formula: level = rain*0.6 + upstream_rain*0.4)
2024-06-30T20:00:00,R002,Gurpur (Phalguni),2316599,12.8601,74.8389,3.348,39.51,1.36,2.63,9.44,13.44,17.44,NORMAL,Simulated (formula: level = rain*0.6 + upstream_rain*0.4)
2024-06-30T21:00:00,R002,Gurpur (Phalguni),2316599,12.8601,74.8389,4.071,50.77,2.23,4.17,9.44,13.44,17.44,NORMAL,Simulated (formula: level = rain*0.6 + upstream_rain*0.4)
2024-06-30T22:00:00,R002,Gurpur (Phalguni),2316599,12.8601,74.8389,4.834,51.51,5.13,1.4,9.44,13.44,17.44,NORMAL,Simulated (formula: level = rain*0.6 + upstream_rain*0.4)
2024-06-30T23:00:00,R002,Gurpur (Phalguni),2316599,12.8601,74.8389,4.358,53.54,3.72,1.36,9.44,13.44,17.44,NORMAL,Simulated (formula: level = rain*0.6 + upstream_rain*0.4)
2024-06-01T00:00:00,R003,Shambhavi,2316600,13.0521,74.7823,2.627,12.06,1.68,1.68,8.96,12.96,16.96,NORMAL,Simulated (formula: level = rain*0.6 + upstream_rain*0.4)
2024-06-01T01:00:00,R003,Shambhavi,2316600,13.0521,74.7823,2.554,11.54,1.47,1.68,8.96,12.96,16.96,NORMAL,Simulated (formula: level = rain*0.6 + upstream_rain*0.4)
2024-06-01T02:00:00,R003,Shambhavi,2316600,13.0521,74.7823,3.088,14.82,2.83,1.47,8.96,12.96,16.96,NORMAL,Simulated (formula: level = rain*0.6 + upstream_rain*0.4)
2024-06-01T03:00:00,R003,Shambhavi,2316600,13.0521,74.7823,3.259,16.12,1.95,2.83,8.96,12.96,16.96,NORMAL,Simulated (formula: level = rain*0.6 + upstream_rain*0.4)
2024-06-01T04:00:00,R003,Shambhavi,2316600,13.0521,74.7823,3.031,12.39,1.92,1.95,8.96,12.96,16.96,NORMAL,Simulated (formula: level = rain*0.6 + upstream_rain*0.4)
2024-06-01T05:00:00,R003,Shambhavi,2316600,13.0521,74.7823,3.514,16.79,3.33,1.92,8.96,12.96,16.96,NORMAL,Simulated (formula: level = rain*0.6 + upstream_rain*0.4)
2024-06-01T06:00:00,R003,Shambhavi,2316600,13.0521,74.7823,4.143,18.46,3.38,3.33,8.96,12.96,16.96,NORMAL,Simulated (formula: level = rain*0.6 + upstream_rain*0.4)
2024-06-01T07:00:00,R003,Shambhavi,2316600,13.0521,74.7823,2.994,15.81,0.47,3.38,8.96,12.96,16.96,NORMAL,Simulated (formula: level = rain*0.6 + upstream_rain*0.4)
2024-06-01T08:00:00,R003,Shambhavi,2316600,13.0521,74.7823,2.672,12.58,2.47,0.47,8.96,12.96,16.96,NORMAL,Simulated (formula: level = rain*0.6 + upstream_rain*0.4)
2024-06-01T09:00:00,R003,Shambhavi,2316600,13.0521,74.7823,3.1,13.16,2.25,2.47,8.96,12.96,16.96,NORMAL,Simulated (formula: level = rain*0.6 + upstream_rain*0.4)
2024-06-01T10:00:00,R003,Shambhavi,2316600,13.0521,74.7823,2.747,13.76,1.04,2.25,8.96,12.96,16.96,NORMAL,Simulated (formula: level = rain*0.6 + upstream_rain*0.4)
2024-06-01T11:00:00,R003,Shambhavi,2316600,13.0521,74.7823,2.226,11.5,0.84,1.04,8.96,12.96,16.96,NORMAL,Simulated (formula: level = rain*0.6 + upstream_rain*0.4)
2024-06-01T12:00:00,R003,Shambhavi,2316600,13.0521,74.7823,2.13,10.73,1.3,0.84,8.96,12.96,16.96,NORMAL,Simulated (formula: level = rain*0.6 + upstream_rain*0.4)
2024-06-01T13:00:00,R003,Shambhavi,2316600,13.0521,74.7823,2.355,10.69,1.85,1.3,8.96,12.96,16.96,NORMAL,Simulated (formula: level = rain*0.6 + upstream_rain*0.4)
2024-06-01T14:00:00,R003,Shambhavi,2316600,13.0521,74.7823,2.567,10.49,1.63,1.85,8.96,12.96,16.96,NORMAL,Simulated (formula: level = rain*0.6 + upstream_rain*0.4)
2024-06-01T15:00:00,R003,Shambhavi,2316600,13.0521,74.7823,2.74,13.69,1.94,1.63,8.96,12.96,16.96,NORMAL,Simulated (formula: level = rain*0.6 + upstream_rain*0.4)
2024-06-01T16:00:00,R003,Shambhavi,2316600,13.0521,74.7823,2.487,13.12,1.24,1.94,8.96,12.96,16.96,NORMAL,Simulated (formula: level = rain*0.6 + upstream_rain*0.4)
2024-06-01T17:00:00,R003,Shambhavi,2316600,13.0521,74.7823,2.232,11.25,1.21,1.24,8.96,12.96,16.96,NORMAL,Simulated (formula: level = rain*0.6 + upstream_rain*0.4)
2024-06-01T18:00:00,R003,Shambhavi,2316600,13.0521,74.7823,2.353,11.83,1.42,1.21,8.96,12.96,16.96,NORMAL,Simulated (formula: level = rain*0.6 + upstream_rain*0.4)
2024-06-01T19:00:00,R003,Shambhavi,2316600,13.0521,74.7823,2.858,12.67,2.64,1.42,8.96,12.96,16.96,NORMAL,Simulated (formula: level = rain*0.6 + upstream_rain*0.4)
2024-06-01T20:00:00,R003,Shambhavi,2316600,13.0521,74.7823,3.256,15.67,2.24,2.64,8.96,12.96,16.96,NORMAL,Simulated (formula: level = rain*0.6 + upstream_rain*0.4)
2024-06-01T21:00:00,R003,Shambhavi,2316600,13.0521,74.7823,3.242,14.55,2.43,2.24,8.96,12.96,16.96,NORMAL,Simulated (formula: level = rain*0.6 + upstream_rain*0.4)
2024-06-01T22:00:00,R003,Shambhavi,2316600,13.0521,74.7823,3.617,18.74,3.17,2.43,8.96,12.96,16.96,NORMAL,Simulated (formula: level = rain*0.6 + upstream_rain*0.4)
2024-06-01T23:00:00,R003,Shambhavi,2316600,13.0521,74.7823,4.806,21.09,5.18,3.17,8.96,12.96,16.96,NORMAL,Simulated (formula: level = rain*0.6 + upstream_rain*0.4)
2024-06-02T00:00:00,R003,Shambhavi,2316600,13.0521,74.7823,4.873,19.17,3.04,5.18,8.96,12.96,16.96,NORMAL,Simulated (formula: level = rain*0.6 + upstream_rain*0.4)
2024-06-02T01:00:00,R003,Shambhavi,2316600,13.0521,74.7823,5.124,25.7,5.11,3.04,8.96,12.96,16.96,NORMAL,Simulated (formula: level = rain*0.6 + upstream_rain*0.4)
2024-06-02T02:00:00,R003,Shambhavi,2316600,13.0521,74.7823,5.811,24.02,5.2,5.11,8.96,12.96,16.96,NORMAL,Simulated (formula: level = rain*0.6 + upstream_rain*0.4)
2024-06-02T03:00:00,R003,Shambhavi,2316600,13.0521,74.7823,4.632,22.46,1.9,5.2,8.96,12.96,16.96,NORMAL,Simulated (formula: level = rain*0.6 + upstream_rain*0.4)
2024-06-02T04:00:00,R003,Shambhavi,2316600,13.0521,74.7823,9.614,44.46,16.6,1.9,8.96,12.96,16.96,WARNING,Simulated (formula: level = rain*0.6 + upstream_rain*0.4)
2024-06-02T05:00:00,R003,Shambhavi,2316600,13.0521,74.7823,11.892,49.12,8.94,16.6,8.96,12.96,16.96,WARNING,Simulated (formula: level = rain*0.6 + upstream_rain*0.4)
2024-06-02T06:00:00,R003,Shambhavi,2316600,13.0521,74.7823,7.335,36.14,1.37,8.94,8.96,12.96,16.96,NORMAL,Simulated (formula: level = rain*0.6 + upstream_rain*0.4)
2024-06-02T07:00:00,R003,Shambhavi,2316600,13.0521,74.7823,3.931,18.6,1.77,1.37,8.96,12.96,16.96,NORMAL,Simulated (formula: level = rain*0.6 + upstream_rain*0.4)
2024-06-02T08:00:00,R003,Shambhavi,2316600,13.0521,74.7823,3.267,13.87,2.04,1.77,8.96,12.96,16.96,NORMAL,Simulated (formula: level = rain*0.6 + upstream_rain*0.4)
2024-06-02T09:00:00,R003,Shambhavi,2316600,13.0521,74.7823,3.094,16.0,2.24,2.04,8.96,12.96,16.96,NORMAL,Simulated (formula: level = rain*0.6 + upstream_rain*0.4)
2024-06-02T10:00:00,R003,Shambhavi,2316600,13.0521,74.7823,6.735,35.04,10.78,2.24,8.96,12.96,16.96,NORMAL,Simulated (formula: level = rain*0.6 + upstream_rain*0.4)
2024-06-02T11:00:00,R003,Shambhavi,2316600,13.0521,74.7823,8.295,42.67,6.31,10.78,8.96,12.96,16.96,NORMAL,Simulated (formula: level = rain*0.6 + upstream_rain*0.4)
2024-06-02T12:00:00,R003,Shambhavi,2316600,13.0521,74.7823,5.53,25.71,1.39,6.31,8.96,12.96,16.96,NORMAL,Simulated (formula: level = rain*0.6 + upstream_rain*0.4)
2024-06-02T13:00:00,R003,Shambhavi,2316600,13.0521,74.7823,3.716,18.25,2.17,1.39,8.96,12.96,16.96,NORMAL,Simulated (formula: level = rain*0.6 + upstream_rain*0.4)
2024-06-02T14:00:00,R003,Shambhavi,2316600,13.0521,74.7823,3.537,18.27,2.76,2.17,8.96,12.96,16.96,NORMAL,Simulated (formula: level = rain*0.6 + upstream_rain*0.4)
2024-06-02T15:00:00,R003,Shambhavi,2316600,13.0521,74.7823,3.134,15.05,1.33,2.76,8.96,12.96,16.96,NORMAL,Simulated (formula: level = rain*0.6 + upstream_rain*0.4)
2024-06-02T16:00:00,R003,Shambhavi,2316600,13.0521,74.7823,3.111,15.12,2.74,1.33,8.96,12.96,16.96,NORMAL,Simulated (formula: level = rain*0.6 + upstream_rain*0.4)
2024-06-02T17:00:00,R003,Shambhavi,2316600,13.0521,74.7823,3.585,17.85,2.56,2.74,8.96,12.96,16.96,NORMAL,Simulated (formula: level = rain*0.6 + upstream_rain*0.4)
2024-06-02T18:00:00,R003,Shambhavi,2316600,13.0521,74.7823,3.351,13.23,2.06,2.56,8.96,12.96,16.96,NORMAL,Simulated (formula: level = rain*0.6 + upstream_rain*0.4)
2024-06-02T19:00:00,R003,Shambhavi,2316600,13.0521,74.7823,3.021,12.41,1.8,2.06,8.96,12.96,16.96,NORMAL,Simulated (formula: level = rain*0.6 + upstream_rain*0.4)
2024-06-02T20:00:00,R003,Shambhavi,2316600,13.0521,74.7823,2.907,15.3,1.96,1.8,8.96,12.96,16.96,NORMAL,Simulated (formula: level = rain*0.6 + upstream_rain*0.4)
2024-06-02T21:00:00,R003,Shambhavi,2316600,13.0521,74.7823,3.938,17.67,4.34,1.96,8.96,12.96,16.96,NORMAL,Simulated (formula: level = rain*0.6 + upstream_rain*0.4)
2024-06-02T22:00:00,R003,Shambhavi,2316600,13.0521,74.7823,5.238,20.63,4.97,4.34,8.96,12.96,16.96,NORMAL,Simulated (formula: level = rain*0.6 + upstream_rain*0.4)
2024-06-02T23:00:00,R003,Shambhavi,2316600,13.0521,74.7823,4.916,22.68,2.94,4.97,8.96,12.96,16.96,NORMAL,Simulated (formula: level = rain*0.6 + upstream_rain*0.4)
2024-06-03T00:00:00,R003,Shambhavi,2316600,13.0521,74.7823,3.781,15.09,2.0,2.94,8.96,12.96,16.96,NORMAL,Simulated (formula: level = rain*0.6 + upstream_rain*0.4)
2024-06-03T01:00:00,R003,Shambhavi,2316600,13.0521,74.7823,3.722,17.95,3.36,2.0,8.96,12.96,16.96,NORMAL,Simulated (formula: level = rain*0.6 + upstream_rain*0.4)
2024-06-03T02:00:00,R003,Shambhavi,2316600,13.0521,74.7823,3.759,18.15,2.68,3.36,8.96,12.96,16.96,NORMAL,Simulated (formula: level = rain*0.6 + upstream_rain*0.4)
2024-06-03T03:00:00,R003,Shambhavi,2316600,13.0521,74.7823,4.043,18.12,3.47,2.68,8.96,12.96,16.96,NORMAL,Simulated (formula: level = rain*0.6 + upstream_rain*0.4)
2024-06-03T04:00:00,R003,Shambhavi,2316600,13.0521,74.7823,4.038,19.13,2.91,3.47,8.96,12.96,16.96,NORMAL,Simulated (formula: level = rain*0.6 + upstream_rain*0.4)
2024-06-03T05:00:00,R003,Shambhavi,2316600,13.0521,74.7823,4.03,21.2,3.41,2.91,8.96,12.96,16.96,NORMAL,Simulated (formula: level = rain*0.6 + upstream_rain*0.4)
2024-06-03T06:00:00,R003,Shambhavi,2316600,13.0521,74.7823,4.347,20.29,3.65,3.41,8.96,12.96,16.96,NORMAL,Simulated (formula: level = rain*0.6 + upstream_rain*0.4)
2024-06-03T07:00:00,R003,Shambhavi,2316600,13.0521,74.7823,3.344,17.33,0.66,3.65,8.96,12.96,16.96,NORMAL,Simulated (formula: level = rain*0.6 + upstream_rain*0.4)
2024-06-03T08:00:00,R003,Shambhavi,2316600,13.0521,74.7823,2.386,10.61,1.38,0.66,8.96,12.96,16.96,NORMAL,Simulated (formula: level = rain*0.6 + upstream_rain*0.4)
2024-06-03T09:00:00,R003,Shambhavi,2316600,13.0521,74.7823,2.157,8.89,0.94,1.38,8.96,12.96,16.96,NORMAL,Simulated (formula: level = rain*0.6 + upstream_rain*0.4)
2024-06-03T10:00:00,R003,Shambhavi,2316600,13.0521,74.7823,2.002,10.51,1.16,0.94,8.96,12.96,16.96,NORMAL,Simulated (formula: level = rain*0.6 + upstream_rain*0.4)
2024-06-03T11:00:00,R003,Shambhavi,2316600,13.0521,74.7823,2.232,9.59,1.39,1.16,8.96,12.96,16.96,NORMAL,Simulated (formula: level = rain*0.6 + upstream_rain*0.4)
2024-06-03T12:00:00,R003,Shambhavi,2316600,13.0521,74.7823,2.864,13.58,2.72,1.39,8.96,12.96,16.96,NORMAL,Simulated (formula: level = rain*0.6 + upstream_rain*0.4)
2024-06-03T13:00:00,R003,Shambhavi,2316600,13.0521,74.7823,6.666,32.85,10.36,2.72,8.96,12.96,16.96,NORMAL,Simulated (formula: level = rain*0.6 + upstream_rain*0.4)
2024-06-03T14:00:00,R003,Shambhavi,2316600,13.0521,74.7823,7.572,33.59,4.86,10.36,8.96,12.96,16.96,NORMAL,Simulated (formula: level = rain*0.6 + upstream_rain*0.4)
2024-06-03T15:00:00,R003,Shambhavi,2316600,13.0521,74.7823,5.064,20.49,1.89,4.86,8.96,12.96,16.96,NORMAL,Simulated (formula: level = rain*0.6 + upstream_rain*0.4)
2024-06-03T16:00:00,R003,Shambhavi,2316600,13.0521,74.7823,3.492,16.12,1.82,1.89,8.96,12.96,16.96,NORMAL,Simulated (formula: level = rain*0.6 + upstream_rain*0.4)
2024-06-03T17:00:00,R003,Shambhavi,2316600,13.0521,74.7823,3.172,13.12,2.45,1.82,8.96,12.96,16.96,NORMAL,Simulated (formula: level = rain*0.6 + upstream_rain*0.4)
2024-06-03T18:00:00,R003,Shambhavi,2316600,13.0521,74.7823,3.55,14.92,2.69,2.45,8.96,12.96,16.96,NORMAL,Simulated (formula: level = rain*0.6 + upstream_rain*0.4)
2024-06-03T19:00:00,R003,Shambhavi,2316600,13.0521,74.7823,3.577,16.27,2.37,2.69,8.96,12.96,16.96,NORMAL,Simulated (formula: level = rain*0.6 + upstream_rain*0.4)
2024-06-03T20:00:00,R003,Shambhavi,2316600,13.0521,74.7823,3.332,15.62,2.15,2.37,8.96,12.96,16.96,NORMAL,Simulated (formula: level = rain*0.6 + upstream_rain*0.4)
2024-06-03T21:00:00,R003,Shambhavi,2316600,13.0521,74.7823,3.342,13.5,2.6,2.15,8.96,12.96,16.96,NORMAL,Simulated (formula: level = rain*0.6 + upstream_rain*0.4)
2024-06-03T22:00:00,R003,Shambhavi,2316600,13.0521,74.7823,4.179,20.38,4.14,2.6,8.96,12.96,16.96,NORMAL,Simulated (formula: level = rain*0.6 + upstream_rain*0.4)
2024-06-03T23:00:00,R003,Shambhavi,2316600,13.0521,74.7823,4.568,20.98,3.41,4.14,8.96,12.96,16.96,NORMAL,Simulated (formula: level = rain*0.6 + upstream_rain*0.4)
2024-06-04T00:00:00,R003,Shambhavi,2316600,13.0521,74.7823,4.436,19.64,3.52,3.41,8.96,12.96,16.96,NORMAL,Simulated (formula: level = rain*0.6 + upstream_rain*0.4)
2024-06-04T01:00:00,R003,Shambhavi,2316600,13.0521,74.7823,6.094,23.95,7.49,3.52,8.96,12.96,16.96,NORMAL,Simulated (formula: level = rain*0.6 + upstream_rain*0.4)
2024-06-04T02:00:00,R003,Shambhavi,2316600,13.0521,74.7823,6.526,31.32,4.61,7.49,8.96,12.96,16.96,NORMAL,Simulated (formula: level = rain*0.6 + upstream_rain*0.4)
2024-06-04T03:00:00,R003,Shambhavi,2316600,13.0521,74.7823,11.715,49.47,18.57,4.61,8.96,12.96,16.96,WARNING,Simulated (formula: level = rain*0.6 + upstream_rain*0.4)
2024-06-04T04:00:00,R003,Shambhavi,2316600,13.0521,74.7823,13.593,57.04,10.11,18.57,8.96,12.96,16.96,DANGER,Simulated (formula: level = rain*0.6 + upstream_rain*0.4)
2024-06-04T05:00:00,R003,Shambhavi,2316600,13.0521,74.7823,9.179,43.48,3.77,10.11,8.96,12.96,16.96,WARNING,Simulated (formula: level = rain*0.6 + upstream_rain*0.4)
2024-06-04T06:00:00,R003,Shambhavi,2316600,13.0521,74.7823,4.703,19.61,0.42,3.77,8.96,12.96,16.96,NORMAL,Simulated (formula: level = rain*0.6 + upstream_rain*0.4)
2024-06-04T07:00:00,R003,Shambhavi,2316600,13.0521,74.7823,3.351,13.88,2.6,0.42,8.96,12.96,16.96,NORMAL,Simulated (formula: level = rain*0.6 + upstream_rain*0.4)
2024-06-04T08:00:00,R003,Shambhavi,2316600,13.0521,74.7823,3.054,14.89,1.48,2.6,8.96,12.96,16.96,NORMAL,Simulated (formula: level = rain*0.6 + upstream_rain*0.4)
2024-06-04T09:00:00,R003,Shambhavi,2316600,13.0521,74.7823,2.774,11.92,1.71,1.48,8.96,12.96,16.96,NORMAL,Simulated (formula: level = rain*0.6 + upstream_rain*0.4)
2024-06-04T10:00:00,R003,Shambhavi,2316600,13.0521,74.7823,2.949,15.54,2.37,1.71,8.96,12.96,16.96,NORMAL,Simulated (formula: level = rain*0.6 + upstream_rain*0.4)
2024-06-04T11:00:00,R003,Shambhavi,2316600,13.0521,74.7823,3.127,13.75,2.22,2.37,8.96,12.96,16.96,NORMAL,Simulated (formula: level = rain*0.6 + upstream_rain*0.4)
2024-06-04T12:00:00,R003,Shambhavi,2316600,13.0521,74.7823,3.77,16.73,3.65,2.22,8.96,12.96,16.96,NORMAL,Simulated (formula: level = rain*0.6 + upstream_rain*0.4)
2024-06-04T13:00:00,R003,Shambhavi,2316600,13.0521,74.7823,3.699,18.95,2.2,3.65,8.96,12.96,16.96,NORMAL,Simulated (formula: level = rain*0.6 + upstream_rain*0.4)
2024-06-04T14:00:00,R003,Shambhavi,2316600,13.0521,74.7823,3.925,17.12,3.86,2.2,8.96,12.96,16.96,NORMAL,Simulated (formula: level = rain*0.6 + upstream_rain*0.4)
2024-06-04T15:00:00,R003,Shambhavi,2316600,13.0521,74.7823,3.827,18.73,1.97,3.86,8.96,12.96,16.96,NORMAL,Simulated (formula: level = rain*0.6 + upstream_rain*0.4)
2024-06-04T16:00:00,R003,Shambhavi,2316600,13.0521,74.7823,4.302,20.89,4.73,1.97,8.96,12.96,16.96,NORMAL,Simulated (formula: level = rain*0.6 + upstream_rain*0.4)
2024-06-04T17:00:00,R003,Shambhavi,2316600,13.0521,74.7823,4.222,16.79,2.52,4.73,8.96,12.96,16.96,NORMAL,Simulated (formula: level = rain*0.6 + upstream_rain*0.4)
2024-06-04T18:00:00,R003,Shambhavi,2316600,13.0521,74.7823,3.213,16.86,1.4,2.52,8.96,12.96,16.96,NORMAL,Simulated (formula: level = rain*0.6 + upstream_rain*0.4)
2024-06-04T19:00:00,R003,Shambhavi,2316600,13.0521,74.7823,2.611,12.99,1.4,1.4,8.96,12.96,16.96,NORMAL,Simulated (formula: level = rain*0.6 + upstream_rain*0.4)
2024-06-04T20:00:00,R003,Shambhavi,2316600,13.0521,74.7823,2.567,11.06,1.76,1.4,8.96,12.96,16.96,NORMAL,Simulated (formula: level = rain*0.6 + upstream_rain*0.4)
2024-06-04T21:00:00,R003,Shambhavi,2316600,13.0521,74.7823,10.553,45.54,20.6,1.76,8.96,12.96,16.96,WARNING,Simulated (formula: level = rain*0.6 + upstream_rain*0.4)
2024-06-04T22:00:00,R003,Shambhavi,2316600,13.0521,74.7823,10.823,45.1,2.94,20.6,8.96,12.96,16.96,WARNING,Simulated (formula: level = rain*0.6 + upstream_rain*0.4)
2024-06-04T23:00:00,R003,Shambhavi,2316600,13.0521,74.7823,7.755,36.22,7.18,2.94,8.96,12.96,16.96,NORMAL,Simulated (formula: level = rain*0.6 + upstream_rain*0.4)
2024-06-05T00:00:00,R003,Shambhavi,2316600,13.0521,74.7823,7.725,32.84,6.41,7.18,8.96,12.96,16.96,NORMAL,Simulated (formula: level = rain*0.6 + upstream_rain*0.4)
2024-06-05T01:00:00,R003,Shambhavi,2316600,13.0521,74.7823,5.246,23.63,1.09,6.41,8.96,12.96,16.96,NORMAL,Simulated (formula: level = rain*0.6 + upstream_rain*0.4)
2024-06-05T02:00:00,R003,Shambhavi,2316600,13.0521,74.7823,3.371,16.54,1.99,1.09,8.96,12.96,16.96,NORMAL,Simulated (formula: level = rain*0.6 + upstream_rain*0.4)
2024-06-05T03:00:00,R003,Shambhavi,2316600,13.0521,74.7823,2.57,12.63,0.76,1.99,8.96,12.96,16.96,NORMAL,Simulated (formula: level = rain*0.6 + upstream_rain*0.4)
2024-06-05T04:00:00,R003,Shambhavi,2316600,13.0521,74.7823,2.377,10.03,1.77,0.76,8.96,12.96,16.96,NORMAL,Simulated (formula: level = rain*0.6 + upstream_rain*0.4)
2024-06-05T05:00:00,R003,Shambhavi,2316600,13.0521,74.7823,3.57,14.15,4.13,1.77,8.96,12.96,16.96,NORMAL,Simulated (formula: level = rain*0.6 + upstream_rain*0.4)
2024-06-05T06:00:00,R003,Shambhavi,2316600,13.0521,74.7823,4.093,16.34,2.8,4.13,8.96,12.96,16.96,NORMAL,Simulated (formula: level = rain*0.6 + upstream_rain*0.4)
2024-06-05T07:00:00,R003,Shambhavi,2316600,13.0521,74.7823,3.102,13.94,1.14,2.8,8.96,12.96,16.96,NORMAL,Simulated (formula: level = rain*0.6 + upstream_rain*0.4)
2024-06-05T08:00:00,R003,Shambhavi,2316600,13.0521,74.7823,2.639,10.57,1.74,1.14,8.96,12.96,16.96,NORMAL,Simulated (formula: level = rain*0.6 + upstream_rain*0.4)
2024-06-05T09:00:00,R003,Shambhavi,2316600,13.0521,74.7823,2.413,9.55,1.23,1.74,8.96,12.96,16.96,NORMAL,Simulated (formula: level = rain*0.6 + upstream_rain*0.4)
2024-06-05T10:00:00,R003,Shambhavi,2316600,13.0521,74.7823,2.149,10.38,1.01,1.23,8.96,12.96,16.96,NORMAL,Simulated (formula: level = rain*0.6 + upstream_rain*0.4)
2024-06-05T11:00:00,R003,Shambhavi,2316600,13.0521,74.7823,2.512,10.65,1.94,1.01,8.96,12.96,16.96,NORMAL,Simulated (formula: level = rain*0.6 + upstream_rain*0.4)
2024-06-05T12:00:00,R003,Shambhavi,2316600,13.0521,74.7823,2.5,11.36,1.32,1.94,8.96,12.96,16.96,NORMAL,Simulated (formula: level = rain*0.6 + upstream_rain*0.4)
2024-06-05T13:00:00,R003,Shambhavi,2316600,13.0521,74.7823,2.773,12.87,2.32,1.32,8.96,12.96,16.96,NORMAL,Simulated (formula: level = rain*0.6 + upstream_rain*0.4)
2024-06-05T14:00:00,R003,Shambhavi,2316600,13.0521,74.7823,2.673,10.54,1.12,2.32,8.96,12.96,16.96,NORMAL,Simulated (formula: level = rain*0.6 + upstream_rain*0.4)
2024-06-05T15:00:00,R003,Shambhavi,2316600,13.0521,74.7823,2.795,11.47,2.46,1.12,8.96,12.96,16.96,NORMAL,Simulated (formula: level = rain*0.6 + upstream_rain*0.4)
2024-06-05T16:00:00,R003,Shambhavi,2316600,13.0521,74.7823,3.399,15.84,2.73,2.46,8.96,12.96,16.96,NORMAL,Simulated (formula: level = rain*0.6 + upstream_rain*0.4)
2024-06-05T17:00:00,R003,Shambhavi,2316600,13.0521,74.7823,3.055,12.94,1.47,2.73,8.96,12.96,16.96,NORMAL,Simulated (formula: level = rain*0.6 + upstream_rain*0.4)
2024-06-05T18:00:00,R003,Shambhavi,2316600,13.0521,74.7823,2.28,10.2,0.65,1.47,8.96,12.96,16.96,NORMAL,Simulated (formula: level = rain*0.6 + upstream_rain*0.4)
2024-06-05T19:00:00,R003,Shambhavi,2316600,13.0521,74.7823,1.931,9.26,1.19,0.65,8.96,12.96,16.96,NORMAL,Simulated (formula: level = rain*0.6 + upstream_rain*0.4)
2024-06-05T20:00:00,R003,Shambhavi,2316600,13.0521,74.7823,2.166,10.46,1.35,1.19,8.96,12.96,16.96,NORMAL,Simulated (formula: level = rain*0.6 + upstream_rain*0.4)
2024-06-05T21:00:00,R003,Shambhavi,2316600,13.0521,74.7823,3.805,18.12,5.01,1.35,8.96,12.96,16.96,NORMAL,Simulated (formula: level = rain*0.6 + upstream_rain*0.4)
2024-06-05T22:00:00,R003,Shambhavi,2316600,13.0521,74.7823,5.474,25.28,5.28,5.01,8.96,12.96,16.96,NORMAL,Simulated (formula: level = rain*0.6 + upstream_rain*0.4)
2024-06-05T23:00:00,R003,Shambhavi,2316600,13.0521,74.7823,6.275,30.15,6.02,5.28,8.96,12.96,16.96,NORMAL,Simulated (formula: level = rain*0.6 + upstream_rain*0.4)
2024-06-06T00:00:00,R003,Shambhavi,2316600,13.0521,74.7823,6.164,27.41,4.71,6.02,8.96,12.96,16.96,NORMAL,Simulated (formula: level = rain*0.6 + upstream_rain*0.4)
2024-06-06T01:00:00,R003,Shambhavi,2316600,13.0521,74.7823,5.639,27.19,4.23,4.71,8.96,12.96,16.96,NORMAL,Simulated (formula: level = rain*0.6 + upstream_rain*0.4)
2024-06-06T02:00:00,R003,Shambhavi,2316600,13.0521,74.7823,5.541,22.74,4.54,4.23,8.96,12.96,16.96,NORMAL,Simulated (formula: level = rain*0.6 + upstream_rain*0.4)
2024-06-06T03:00:00,R003,Shambhavi,2316600,13.0521,74.7823,5.014,24.34,3.47,4.54,8.96,12.96,16.96,NORMAL,Simulated (formula: level = rain*0.6 + upstream_rain*0.4)
2024-06-06T04:00:00,R003,Shambhavi,2316600,13.0521,74.7823,5.276,27.29,5.13,3.47,8.96,12.96,16.96,NORMAL,Simulated (formula: level = rain*0.6 + upstream_rain*0.4)
2024-06-06T05:00:00,R003,Shambhavi,2316600,13.0521,74.7823,5.694,24.4,4.58,5.13,8.96,12.96,16.96,NORMAL,Simulated (formula: level = rain*0.6 + upstream_rain*0.4)
2024-06-06T06:00:00,R003,Shambhavi,2316600,13.0521,74.7823,4.666,23.43,2.42,4.58,8.96,12.96,16.96,NORMAL,Simulated (formula: level = rain*0.6 + upstream_rain*0.4)
2024-06-06T07:00:00,R003,Shambhavi,2316600,13.0521,74.7823,3.893,16.93,2.73,2.42,8.96,12.96,16.96,NORMAL,Simulated (formula: level = rain*0.6 + upstream_rain*0.4)
2024-06-06T08:00:00,R003,Shambhavi,2316600,13.0521,74.7823,3.315,17.26,1.6,2.73,8.96,12.96,16.96,NORMAL,Simulated (formula: level = rain*0.6 + upstream_rain*0.4)
2024-06-06T09:00:00,R003,Shambhavi,2316600,13.0521,74.7823,2.741,13.25,1.45,1.6,8.96,12.96,16.96,NORMAL,Simulated (formula: level = rain*0.6 + upstream_rain*0.4)
2024-06-06T10:00:00,R003,Shambhavi,2316600,13.0521,74.7823,2.923,15.46,2.39,1.45,8.96,12.96,16.96,NORMAL,Simulated (formula: level = rain*0.6 + upstream_rain*0.4)
2024-06-06T11:00:00,R003,Shambhavi,2316600,13.0521,74.7823,12.112,55.58,23.74,2.39,8.96,12.96,16.96,WARNING,Simulated (formula: level = rain*0.6 + upstream_rain*0.4)
2024-06-06T12:00:00,R003,Shambhavi,2316600,13.0521,74.7823,16.459,76.49,13.07,23.74,8.96,12.96,16.96,DANGER,Simulated (formula: level = rain*0.6 + upstream_rain*0.4)
2024-06-06T13:00:00,R003,Shambhavi,2316600,13.0521,74.7823,10.113,50.49,1.99,13.07,8.96,12.96,16.96,WARNING,Simulated (formula: level = rain*0.6 + upstream_rain*0.4)
2024-06-06T14:00:00,R003,Shambhavi,2316600,13.0521,74.7823,5.682,28.3,3.51,1.99,8.96,12.96,16.96,NORMAL,Simulated (formula: level = rain*0.6 + upstream_rain*0.4)
2024-06-06T15:00:00,R003,Shambhavi,2316600,13.0521,74.7823,6.469,28.59,7.72,3.51,8.96,12.96,16.96,NORMAL,Simulated (formula: level = rain*0.6 + upstream_rain*0.4)
2024-06-06T16:00:00,R003,Shambhavi,2316600,13.0521,74.7823,10.814,42.86,14.14,7.72,8.96,12.96,16.96,WARNING,Simulated (formula: level = rain*0.6 + upstream_rain*0.4)
2024-06-06T17:00:00,R003,Shambhavi,2316600,13.0521,74.7823,8.436,42.53,1.23,14.14,8.96,12.96,16.96,NORMAL,Simulated (formula: level = rain*0.6 + upstream_rain*0.4)
2024-06-06T18:00:00,R003,Shambhavi,2316600,13.0521,74.7823,7.536,36.0,9.7,1.23,8.96,12.96,16.96,NORMAL,Simulated (formula: level = rain*0.6 + upstream_rain*0.4)
2024-06-06T19:00:00,R003,Shambhavi,2316600,13.0521,74.7823,13.35,54.51,18.37,9.7,8.96,12.96,16.96,DANGER,Simulated (formula: level = rain*0.6 + upstream_rain*0.4)
2024-06-06T20:00:00,R003,Shambhavi,2316600,13.0521,74.7823,10.04,49.56,0.52,18.37,8.96,12.96,16.96,WARNING,Simulated (formula: level = rain*0.6 + upstream_rain*0.4)
2024-06-06T21:00:00,R003,Shambhavi,2316600,13.0521,74.7823,4.099,20.78,0.74,0.52,8.96,12.96,16.96,NORMAL,Simulated (formula: level = rain*0.6 + upstream_rain*0.4)
2024-06-06T22:00:00,R003,Shambhavi,2316600,13.0521,74.7823,3.456,14.91,3.27,0.74,8.96,12.96,16.96,NORMAL,Simulated (formula: level = rain*0.6 + upstream_rain*0.4)
2024-06-06T23:00:00,R003,Shambhavi,2316600,13.0521,74.7823,3.8,19.73,2.67,3.27,8.96,12.96,16.96,NORMAL,Simulated (formula: level = rain*0.6 + upstream_rain*0.4)
2024-06-07T00:00:00,R003,Shambhavi,2316600,13.0521,74.7823,3.786,15.72,2.93,2.67,8.96,12.96,16.96,NORMAL,Simulated (formula: level = rain*0.6 + upstream_rain*0.4)
2024-06-07T01:00:00,R003,Shambhavi,2316600,13.0521,74.7823,3.105,15.8,1.27,2.93,8.96,12.96,16.96,NORMAL,Simulated (formula: level = rain*0.6 + upstream_rain*0.4)
2024-06-07T02:00:00,R003,Shambhavi,2316600,13.0521,74.7823,3.136,16.39,2.94,1.27,8.96,12.96,16.96,NORMAL,Simulated (formula: level = rain*0.6 + upstream_rain*0.4)
2024-06-07T03:00:00,R003,Shambhavi,2316600,13.0521,74.7823,4.07,21.34,3.91,2.94,8.96,12.96,16.96,NORMAL,Simulated (formula: level = rain*0.6 + upstream_rain*0.4)
2024-06-07T04:00:00,R003,Shambhavi,2316600,13.0521,74.7823,3.925,20.04,2.12,3.91,8.96,12.96,16.96,NORMAL,Simulated (formula: level = rain*0.6 + upstream_rain*0.4)
2024-06-07T05:00:00,R003,Shambhavi,2316600,13.0521,74.7823,3.111,13.95,1.55,2.12,8.96,12.96,16.96,NORMAL,Simulated (formula: level = rain*0.6 + upstream_rain*0.4)
2024-06-07T06:00:00,R003,Shambhavi,2316600,13.0521,74.7823,3.005,14.7,2.27,1.55,8.96,12.96,16.96,NORMAL,Simulated (formula: level = rain*0.6 + upstream_rain*0.4)
2024-06-07T07:00:00,R003,Shambhavi,2316600,13.0521,74.7823,2.748,12.15,1.39,2.27,8.96,12.96,16.96,NORMAL,Simulated (formula: level = rain*0.6 + upstream_rain*0.4)
2024-06-07T08:00:00,R003,Shambhavi,2316600,13.0521,74.7823,3.002,15.48,2.69,1.39,8.96,12.96,16.96,NORMAL,Simulated (formula: level = rain*0.6 + upstream_rain*0.4)
2024-06-07T09:00:00,R003,Shambhavi,2316600,13.0521,74.7823,2.884,12.02,1.21,2.69,8.96,12.96,16.96,NORMAL,Simulated (formula: level = rain*0.6 + upstream_rain*0.4)
2024-06-07T10:00:00,R003,Shambhavi,2316600,13.0521,74.7823,3.002,14.82,2.65,1.21,8.96,12.96,16.96,NORMAL,Simulated (formula: level = rain*0.6 + upstream_rain*0.4)
2024-06-07T11:00:00,R003,Shambhavi,2316600,13.0521,74.7823,2.559,11.88,0.43,2.65,8.96,12.96,16.96,NORMAL,Simulated (formula: level = rain*0.6 + upstream_rain*0.4)
2024-06-07T12:00:00,R003,Shambhavi,2316600,13.0521,74.7823,7.913,35.54,15.03,0.43,8.96,12.96,16.96,NORMAL,Simulated (formula: level = rain*0.6 + upstream_rain*0.4)
2024-06-07T13:00:00,R003,Shambhavi,2316600,13.0521,74.7823,8.261,36.91,2.39,15.03,8.96,12.96,16.96,NORMAL,Simulated (formula: level = rain*0.6 + upstream_rain*0.4)
2024-06-07T14:00:00,R003,Shambhavi,2316600,13.0521,74.7823,4.39,23.07,1.34,2.39,8.96,12.96,16.96,NORMAL,Simulated (formula: level = rain*0.6 + upstream_rain*0.4)
2024-06-07T15:00:00,R003,Shambhavi,2316600,13.0521,74.7823,2.944,13.23,1.11,1.34,8.96,12.96,16.96,NORMAL,Simulated (formula: level = rain*0.6 + upstream_rain*0.4)
2024-06-07T16:00:00,R003,Shambhavi,2316600,13.0521,74.7823,2.521,12.96,1.66,1.11,8.96,12.96,16.96,NORMAL,Simulated (formula: level = rain*0.6 + upstream_rain*0.4)
2024-06-07T17:00:00,R003,Shambhavi,2316600,13.0521,74.7823,2.382,12.26,0.97,1.66,8.96,12.96,16.96,NORMAL,Simulated (formula: level = rain*0.6 + upstream_rain*0.4)
2024-06-07T18:00:00,R003,Shambhavi,2316600,13.0521,74.7823,2.213,9.41,1.33,0.97,8.96,12.96,16.96,NORMAL,Simulated (formula: level = rain*0.6 + upstream_rain*0.4)
2024-06-07T19:00:00,R003,Shambhavi,2316600,13.0521,74.7823,2.333,9.75,1.45,1.33,8.96,12.96,16.96,NORMAL,Simulated (formula: level = rain*0.6 + upstream_rain*0.4)
2024-06-07T20:00:00,R003,Shambhavi,2316600,13.0521,74.7823,2.342,9.32,1.32,1.45,8.96,12.96,16.96,NORMAL,Simulated (formula: level = rain*0.6 + upstream_rain*0.4)
2024-06-07T21:00:00,R003,Shambhavi,2316600,13.0521,74.7823,2.597,13.01,1.93,1.32,8.96,12.96,16.96,NORMAL,Simulated (formula: level = rain*0.6 + upstream_rain*0.4)
2024-06-07T22:00:00,R003,Shambhavi,2316600,13.0521,74.7823,3.864,19.31,4.44,1.93,8.96,12.96,16.96,NORMAL,Simulated (formula: level = rain*0.6 + upstream_rain*0.4)
2024-06-07T23:00:00,R003,Shambhavi,2316600,13.0521,74.7823,6.399,28.09,7.64,4.44,8.96,12.96,16.96,NORMAL,Simulated (formula: level = rain*0.6 + upstream_rain*0.4)
2024-06-08T00:00:00,R003,Shambhavi,2316600,13.0521,74.7823,6.107,25.9,3.27,7.64,8.96,12.96,16.96,NORMAL,Simulated (formula: level = rain*0.6 + upstream_rain*0.4)
2024-06-08T01:00:00,R003,Shambhavi,2316600,13.0521,74.7823,5.856,23.45,5.8,3.27,8.96,12.96,16.96,NORMAL,Simulated (formula: level = rain*0.6 + upstream_rain*0.4)
2024-06-08T02:00:00,R003,Shambhavi,2316600,13.0521,74.7823,5.999,23.87,4.64,5.8,8.96,12.96,16.96,NORMAL,Simulated (formula: level = rain*0.6 + upstream_rain*0.4)
2024-06-08T03:00:00,R003,Shambhavi,2316600,13.0521,74.7823,5.042,26.31,3.08,4.64,8.96,12.96,16.96,NORMAL,Simulated (formula: level = rain*0.6 + upstream_rain*0.4)
2024-06-08T04:00:00,R003,Shambhavi,2316600,13.0521,74.7823,4.673,18.67,3.87,3.08,8.96,12.96,16.96,NORMAL,Simulated (formula: level = rain*0.6 + upstream_rain*0.4)
2024-06-08T05:00:00,R003,Shambhavi,2316600,13.0521,74.7823,3.83,15.04,1.51,3.87,8.96,12.96,16.96,NORMAL,Simulated (formula: level = rain*0.6 + upstream_rain*0.4)
2024-06-08T06:00:00,R003,Shambhavi,2316600,13.0521,74.7823,3.015,15.24,1.77,1.51,8.96,12.96,16.96,NORMAL,Simulated (formula: level = rain*0.6 + upstream_rain*0.4)
2024-06-08T07:00:00,R003,Shambhavi,2316600,13.0521,74.7823,3.038,11.96,2.47,1.77,8.96,12.96,16.96,NORMAL,Simulated (formula: level = rain*0.6 + upstream_rain*0.4)
2024-06-08T08:00:00,R003,Shambhavi,2316600,13.0521,74.7823,3.059,13.81,1.83,2.47,8.96,12.96,16.96,NORMAL,Simulated (formula: level = rain*0.6 + upstream_rain*0.4)
2024-06-08T09:00:00,R003,Shambhavi,2316600,13.0521,74.7823,2.321,10.64,0.41,1.83,8.96,12.96,16.96,NORMAL,Simulated (formula: level = rain*0.6 + upstream_rain*0.4)
2024-06-08T10:00:00,R003,Shambhavi,2316600,13.0521,74.7823,2.265,9.96,1.99,0.41,8.96,12.96,16.96,NORMAL,Simulated (formula: level = rain*0.6 + upstream_rain*0.4)
2024-06-08T11:00:00,R003,Shambhavi,2316600,13.0521,74.7823,2.76,11.09,2.04,1.99,8.96,12.96,16.96,NORMAL,Simulated (formula: level = rain*0.6 + upstream_rain*0.4)
2024-06-08T12:00:00,R003,Shambhavi,2316600,13.0521,74.7823,2.411,11.38,0.86,2.04,8.96,12.96,16.96,NORMAL,Simulated (formula: level = rain*0.6 + upstream_rain*0.4)
2024-06-08T13:00:00,R003,Shambhavi,2316600,13.0521,74.7823,1.863,9.79,0.73,0.86,8.96,12.96,16.96,NORMAL,Simulated (formula: level = rain*0.6 + upstream_rain*0.4)
2024-06-08T14:00:00,R003,Shambhavi,2316600,13.0521,74.7823,2.686,10.7,3.17,0.73,8.96,12.96,16.96,NORMAL,Simulated (formula: level = rain*0.6 + upstream_rain*0.4)
2024-06-08T15:00:00,R003,Shambhavi,2316600,13.0521,74.7823,3.052,13.81,1.47,3.17,8.96,12.96,16.96,NORMAL,Simulated (formula: level = rain*0.6 + upstream_rain*0.4)
2024-06-08T16:00:00,R003,Shambhavi,2316600,13.0521,74.7823,2.578,10.13,1.27,1.47,8.96,12.96,16.96,NORMAL,Simulated (formula: level = rain*0.6 + upstream_rain*0.4)
2024-06-08T17:00:00,R003,Shambhavi,2316600,13.0521,74.7823,2.928,12.87,2.5,1.27,8.96,12.96,16.96,NORMAL,Simulated (formula: level = rain*0.6 + upstream_rain*0.4)
2024-06-08T18:00:00,R003,Shambhavi,2316600,13.0521,74.7823,2.991,12.18,1.9,2.5,8.96,12.96,16.96,NORMAL,Simulated (formula: level = rain*0.6 + upstream_rain*0.4)
2024-06-08T19:00:00,R003,Shambhavi,2316600,13.0521,74.7823,2.402,11.99,0.7,1.9,8.96,12.96,16.96,NORMAL,Simulated (formula: level = rain*0.6 + upstream_rain*0.4)
2024-06-08T20:00:00,R003,Shambhavi,2316600,13.0521,74.7823,1.95,8.8,0.87,0.7,8.96,12.96,16.96,NORMAL,Simulated (formula: level = rain*0.6 + upstream_rain*0.4)
2024-06-08T21:00:00,R003,Shambhavi,2316600,13.0521,74.7823,2.901,12.05,3.44,0.87,8.96,12.96,16.96,NORMAL,Simulated (formula: level = rain*0.6 + upstream_rain*0.4)
2024-06-08T22:00:00,R003,Shambhavi,2316600,13.0521,74.7823,4.996,26.17,6.03,3.44,8.96,12.96,16.96,NORMAL,Simulated (formula: level = rain*0.6 + upstream_rain*0.4)
2024-06-08T23:00:00,R003,Shambhavi,2316600,13.0521,74.7823,6.041,25.71,5.03,6.03,8.96,12.96,16.96,NORMAL,Simulated (formula: level = rain*0.6 + upstream_rain*0.4)
2024-06-09T00:00:00,R003,Shambhavi,2316600,13.0521,74.7823,5.02,24.49,2.81,5.03,8.96,12.96,16.96,NORMAL,Simulated (formula: level = rain*0.6 + upstream_rain*0.4)
2024-06-09T01:00:00,R003,Shambhavi,2316600,13.0521,74.7823,11.809,54.24,21.1,2.81,8.96,12.96,16.96,WARNING,Simulated (formula: level = rain*0.6 + upstream_rain*0.4)
2024-06-09T02:00:00,R003,Shambhavi,2316600,13.0521,74.7823,11.863,57.34,4.18,21.1,8.96,12.96,16.96,WARNING,Simulated (formula: level = rain*0.6 + upstream_rain*0.4)
2024-06-09T03:00:00,R003,Shambhavi,2316600,13.0521,74.7823,8.126,41.51,6.56,4.18,8.96,12.96,16.96,NORMAL,Simulated (formula: level = rain*0.6 + upstream_rain*0.4)
2024-06-09T04:00:00,R003,Shambhavi,2316600,13.0521,74.7823,5.926,29.36,2.2,6.56,8.96,12.96,16.96,NORMAL,Simulated (formula: level = rain*0.6 + upstream_rain*0.4)
2024-06-09T05:00:00,R003,Shambhavi,2316600,13.0521,74.7823,3.996,15.83,2.2,2.2,8.96,12.96,16.96,NORMAL,Simulated (formula: level = rain*0.6 + upstream_rain*0.4)
2024-06-09T06:00:00,R003,Shambhavi,2316600,13.0521,74.7823,4.152,21.38,4.24,2.2,8.96,12.96,16.96,NORMAL,Simulated (formula: level = rain*0.6 + upstream_rain*0.4)
2024-06-09T07:00:00,R003,Shambhavi,2316600,13.0521,74.7823,3.646,16.07,1.14,4.24,8.96,12.96,16.96,NORMAL,Simulated (formula: level = rain*0.6 + upstream_rain*0.4)
2024-06-09T08:00:00,R003,Shambhavi,2316600,13.0521,74.7823,2.457,10.22,0.93,1.14,8.96,12.96,16.96,NORMAL,Simulated (formula: level = rain*0.6 + upstream_rain*0.4)
2024-06-09T09:00:00,R003,Shambhavi,2316600,13.0521,74.7823,2.206,10.85,1.49,0.93,8.96,12.96,16.96,NORMAL,Simulated (formula: level = rain*0.6 + upstream_rain*0.4)
2024-06-09T10:00:00,R003,Shambhavi,2316600,13.0521,74.7823,2.517,10.44,1.94,1.49,8.96,12.96,16.96,NORMAL,Simulated (formula: level = rain*0.6 + upstream_rain*0.4)
2024-06-09T11:00:00,R003,Shambhavi,2316600,13.0521,74.7823,3.583,14.17,3.48,1.94,8.96,12.96,16.96,NORMAL,Simulated (formula: level = rain*0.6 + upstream_rain*0.4)
2024-06-09T12:00:00,R003,Shambhavi,2316600,13.0521,74.7823,3.76,19.32,2.49,3.48,8.96,12.96,16.96,NORMAL,Simulated (formula: level = rain*0.6 + upstream_rain*0.4)
2024-06-09T13:00:00,R003,Shambhavi,2316600,13.0521,74.7823,3.925,17.43,3.62,2.49,8.96,12.96,16.96,NORMAL,Simulated (formula: level = rain*0.6 + upstream_rain*0.4)
2024-06-09T14:00:00,R003,Shambhavi,2316600,13.0521,74.7823,3.936,17.35,2.13,3.62,8.96,12.96,16.96,NORMAL,Simulated (formula: level = rain*0.6 + upstream_rain*0.4)
2024-06-09T15:00:00,R003,Shambhavi,2316600,13.0521,74.7823,3.091,13.72,1.61,2.13,8.96,12.96,16.96,NORMAL,Simulated (formula: level = rain*0.6 + upstream_rain*0.4)
2024-06-09T16:00:00,R003,Shambhavi,2316600,13.0521,74.7823,2.202,10.47,0.53,1.61,8.96,12.96,16.96,NORMAL,Simulated (formula: level = rain*0.6 + upstream_rain*0.4)
2024-06-09T17:00:00,R003,Shambhavi,2316600,13.0521,74.7823,1.663,7.41,0.57,0.53,8.96,12.96,16.96,NORMAL,Simulated (formula: level = rain*0.6 + upstream_rain*0.4)
2024-06-09T18:00:00,R003,Shambhavi,2316600,13.0521,74.7823,2.067,9.21,1.78,0.57,8.96,12.96,16.96,NORMAL,Simulated (formula: level = rain*0.6 + upstream_rain*0.4)
2024-06-09T19:00:00,R003,Shambhavi,2316600,13.0521,74.7823,2.238,9.07,0.93,1.78,8.96,12.96,16.96,NORMAL,Simulated (formula: level = rain*0.6 + upstream_rain*0.4)
2024-06-09T20:00:00,R003,Shambhavi,2316600,13.0521,74.7823,9.75,49.92,19.36,0.93,8.96,12.96,16.96,WARNING,Simulated (formula: level = rain*0.6 + upstream_rain*0.4)
2024-06-09T21:00:00,R003,Shambhavi,2316600,13.0521,74.7823,9.376,42.18,0.98,19.36,8.96,12.96,16.96,WARNING,Simulated (formula: level = rain*0.6 + upstream_rain*0.4)
2024-06-09T22:00:00,R003,Shambhavi,2316600,13.0521,74.7823,4.449,22.84,1.84,0.98,8.96,12.96,16.96,NORMAL,Simulated (formula: level = rain*0.6 + upstream_rain*0.4)
2024-06-09T23:00:00,R003,Shambhavi,2316600,13.0521,74.7823,4.84,20.35,5.77,1.84,8.96,12.96,16.96,NORMAL,Simulated (formula: level = rain*0.6 + upstream_rain*0.4)
2024-06-10T00:00:00,R003,Shambhavi,2316600,13.0521,74.7823,6.302,29.47,6.14,5.77,8.96,12.96,16.96,NORMAL,Simulated (formula: level = rain*0.6 + upstream_rain*0.4)
2024-06-10T01:00:00,R003,Shambhavi,2316600,13.0521,74.7823,6.808,33.55,5.87,6.14,8.96,12.96,16.96,NORMAL,Simulated (formula: level = rain*0.6 + upstream_rain*0.4)
2024-06-10T02:00:00,R003,Shambhavi,2316600,13.0521,74.7823,5.126,21.94,1.78,5.87,8.96,12.96,16.96,NORMAL,Simulated (formula: level = rain*0.6 + upstream_rain*0.4)
2024-06-10T03:00:00,R003,Shambhavi,2316600,13.0521,74.7823,3.728,19.61,2.28,1.78,8.96,12.96,16.96,NORMAL,Simulated (formula: level = rain*0.6 + upstream_rain*0.4)
2024-06-10T04:00:00,R003,Shambhavi,2316600,13.0521,74.7823,5.618,26.35,7.6,2.28,8.96,12.96,16.96,NORMAL,Simulated (formula: level = rain*0.6 + upstream_rain*0.4)
2024-06-10T05:00:00,R003,Shambhavi,2316600,13.0521,74.7823,6.393,30.63,4.73,7.6,8.96,12.96,16.96,NORMAL,Simulated (formula: level = rain*0.6 + upstream_rain*0.4)
2024-06-10T06:00:00,R003,Shambhavi,2316600,13.0521,74.7823,4.53,19.34,1.54,4.73,8.96,12.96,16.96,NORMAL,Simulated (formula: level = rain*0.6 + upstream_rain*0.4)
2024-06-10T07:00:00,R003,Shambhavi,2316600,13.0521,74.7823,2.808,11.74,0.86,1.54,8.96,12.96,16.96,NORMAL,Simulated (formula: level = rain*0.6 + upstream_rain*0.4)
2024-06-10T08:00:00,R003,Shambhavi,2316600,13.0521,74.7823,2.628,11.09,2.17,0.86,8.96,12.96,16.96,NORMAL,Simulated (formula: level = rain*0.6 + upstream_rain*0.4)
2024-06-10T09:00:00,R003,Shambhavi,2316600,13.0521,74.7823,2.487,11.65,0.97,2.17,8.96,12.96,16.96,NORMAL,Simulated (formula: level = rain*0.6 + upstream_rain*0.4)
2024-06-10T10:00:00,R003,Shambhavi,2316600,13.0521,74.7823,2.414,11.61,1.72,0.97,8.96,12.96,16.96,NORMAL,Simulated (formula: level = rain*0.6 + upstream_rain*0.4)
2024-06-10T11:00:00,R003,Shambhavi,2316600,13.0521,74.7823,2.464,10.62,1.41,1.72,8.96,12.96,16.96,NORMAL,Simulated (formula: level = rain*0.6 + upstream_rain*0.4)
2024-06-10T12:00:00,R003,Shambhavi,2316600,13.0521,74.7823,2.344,10.47,1.4,1.41,8.96,12.96,16.96,NORMAL,Simulated (formula: level = rain*0.6 + upstream_rain*0.4)
2024-06-10T13:00:00,R003,Shambhavi,2316600,13.0521,74.7823,2.015,7.97,0.59,1.4,8.96,12.96,16.96,NORMAL,Simulated (formula: level = rain*0.6 + upstream_rain*0.4)
2024-06-10T14:00:00,R003,Shambhavi,2316600,13.0521,74.7823,1.903,9.18,0.9,0.59,8.96,12.96,16.96,NORMAL,Simulated (formula: level = rain*0.6 + upstream_rain*0.4)
2024-06-10T15:00:00,R003,Shambhavi,2316600,13.0521,74.7823,2.09,10.8,1.45,0.9,8.96,12.96,16.96,NORMAL,Simulated (formula: level = rain*0.6 + upstream_rain*0.4)
2024-06-10T16:00:00,R003,Shambhavi,2316600,13.0521,74.7823,2.344,11.29,1.59,1.45,8.96,12.96,16.96,NORMAL,Simulated (formula: level = rain*0.6 + upstream_rain*0.4)
2024-06-10T17:00:00,R003,Shambhavi,2316600,13.0521,74.7823,2.688,12.58,1.93,1.59,8.96,12.96,16.96,NORMAL,Simulated (formula: level = rain*0.6 + upstream_rain*0.4)
2024-06-10T18:00:00,R003,Shambhavi,2316600,13.0521,74.7823,2.867,13.75,2.14,1.93,8.96,12.96,16.96,NORMAL,Simulated (formula: level = rain*0.6 + upstream_rain*0.4)
2024-06-10T19:00:00,R003,Shambhavi,2316600,13.0521,74.7823,7.762,35.45,13.39,2.14,8.96,12.96,16.96,NORMAL,Simulated (formula: level = rain*0.6 + upstream_rain*0.4)
2024-06-10T20:00:00,R003,Shambhavi,2316600,13.0521,74.7823,17.116,82.09,24.73,13.39,8.96,12.96,16.96,FLOOD,Simulated (formula: level = rain*0.6 + upstream_rain*0.4)
2024-06-10T21:00:00,R003,Shambhavi,2316600,13.0521,74.7823,13.142,69.26,0.93,24.73,8.96,12.96,16.96,DANGER,Simulated (formula: level = rain*0.6 + upstream_rain*0.4)
2024-06-10T22:00:00,R003,Shambhavi,2316600,13.0521,74.7823,7.473,38.76,6.23,0.93,8.96,12.96,16.96,NORMAL,Simulated (formula: level = rain*0.6 + upstream_rain*0.4)
2024-06-10T23:00:00,R003,Shambhavi,2316600,13.0521,74.7823,7.181,32.16,6.08,6.23,8.96,12.96,16.96,NORMAL,Simulated (formula: level = rain*0.6 + upstream_rain*0.4)
2024-06-11T00:00:00,R003,Shambhavi,2316600,13.0521,74.7823,6.47,31.38,4.64,6.08,8.96,12.96,16.96,NORMAL,Simulated (formula: level = rain*0.6 + upstream_rain*0.4)
2024-06-11T01:00:00,R003,Shambhavi,2316600,13.0521,74.7823,4.533,20.15,1.68,4.64,8.96,12.96,16.96,NORMAL,Simulated (formula: level = rain*0.6 + upstream_rain*0.4)
2024-06-11T02:00:00,R003,Shambhavi,2316600,13.0521,74.7823,8.052,35.24,13.07,1.68,8.96,12.96,16.96,NORMAL,Simulated (formula: level = rain*0.6 + upstream_rain*0.4)
2024-06-11T03:00:00,R003,Shambhavi,2316600,13.0521,74.7823,9.258,44.55,6.0,13.07,8.96,12.96,16.96,WARNING,Simulated (formula: level = rain*0.6 + upstream_rain*0.4)
2024-06-11T04:00:00,R003,Shambhavi,2316600,13.0521,74.7823,7.339,35.19,5.1,6.0,8.96,12.96,16.96,NORMAL,Simulated (formula: level = rain*0.6 + upstream_rain*0.4)
2024-06-11T05:00:00,R003,Shambhavi,2316600,13.0521,74.7823,13.478,54.56,21.9,5.1,8.96,12.96,16.96,DANGER,Simulated (formula: level = rain*0.6 + upstream_rain*0.4)
2024-06-11T06:00:00,R003,Shambhavi,2316600,13.0521,74.7823,11.528,58.91,1.65,21.9,8.96,12.96,16.96,WARNING,Simulated (formula: level = rain*0.6 + upstream_rain*0.4)
2024-06-11T07:00:00,R003,Shambhavi,2316600,13.0521,74.7823,5.205,24.08,1.34,1.65,8.96,12.96,16.96,NORMAL,Simulated (formula: level = rain*0.6 + upstream_rain*0.4)
2024-06-11T08:00:00,R003,Shambhavi,2316600,13.0521,74.7823,3.266,15.6,1.47,1.34,8.96,12.96,16.96,NORMAL,Simulated (formula: level = rain*0.6 + upstream_rain*0.4)
2024-06-11T09:00:00,R003,Shambhavi,2316600,13.0521,74.7823,2.707,12.56,1.47,1.47,8.96,12.96,16.96,NORMAL,Simulated (formula: level = rain*0.6 + upstream_rain*0.4)
2024-06-11T10:00:00,R003,Shambhavi,2316600,13.0521,74.7823,2.487,9.95,1.18,1.47,8.96,12.96,16.96,NORMAL,Simulated (formula: level = rain*0.6 + upstream_rain*0.4)
2024-06-11T11:00:00,R003,Shambhavi,2316600,13.0521,74.7823,3.158,13.86,3.36,1.18,8.96,12.96,16.96,NORMAL,Simulated (formula: level = rain*0.6 + upstream_rain*0.4)
2024-06-11T12:00:00,R003,Shambhavi,2316600,13.0521,74.7823,3.012,15.83,1.0,3.36,8.96,12.96,16.96,NORMAL,Simulated (formula: level = rain*0.6 + upstream_rain*0.4)
2024-06-11T13:00:00,R003,Shambhavi,2316600,13.0521,74.7823,2.283,9.92,1.03,1.0,8.96,12.96,16.96,NORMAL,Simulated (formula: level = rain*0.6 + upstream_rain*0.4)
2024-06-11T14:00:00,R003,Shambhavi,2316600,13.0521,74.7823,2.036,8.47,1.05,1.03,8.96,12.96,16.96,NORMAL,Simulated (formula: level = rain*0.6 + upstream_rain*0.4)
2024-06-11T15:00:00,R003,Shambhavi,2316600,13.0521,74.7823,1.942,8.73,0.75,1.05,8.96,12.96,16.96,NORMAL,Simulated (formula: level = rain*0.6 + upstream_rain*0.4)
2024-06-11T16:00:00,R003,Shambhavi,2316600,13.0521,74.7823,2.183,10.33,1.73,0.75,8.96,12.96,16.96,NORMAL,Simulated (formula: level = rain*0.6 + upstream_rain*0.4)
2024-06-11T17:00:00,R003,Shambhavi,2316600,13.0521,74.7823,2.579,11.1,1.74,1.73,8.96,12.96,16.96,NORMAL,Simulated (formula: level = rain*0.6 + upstream_rain*0.4)
2024-06-11T18:00:00,R003,Shambhavi,2316600,13.0521,74.7823,2.494,10.43,1.33,1.74,8.96,12.96,16.96,NORMAL,Simulated (formula: level = rain*0.6 + upstream_rain*0.4)
2024-06-11T19:00:00,R003,Shambhavi,2316600,13.0521,74.7823,2.069,9.71,0.59,1.33,8.96,12.96,16.96,NORMAL,Simulated (formula: level = rain*0.6 + upstream_rain*0.4)
2024-06-11T20:00:00,R003,Shambhavi,2316600,13.0521,74.7823,2.099,9.97,1.52,0.59,8.96,12.96,16.96,NORMAL,Simulated (formula: level = rain*0.6 + upstream_rain*0.4)
2024-06-11T21:00:00,R003,Shambhavi,2316600,13.0521,74.7823,2.597,12.02,2.02,1.52,8.96,12.96,16.96,NORMAL,Simulated (formula: level = rain*0.6 + upstream_rain*0.4)
2024-06-11T22:00:00,R003,Shambhavi,2316600,13.0521,74.7823,2.794,14.6,1.84,2.02,8.96,12.96,16.96,NORMAL,Simulated (formula: level = rain*0.6 + upstream_rain*0.4)
2024-06-11T23:00:00,R003,Shambhavi,2316600,13.0521,74.7823,5.112,26.96,7.34,1.84,8.96,12.96,16.96,NORMAL,Simulated (formula: level = rain*0.6 + upstream_rain*0.4)
2024-06-12T00:00:00,R003,Shambhavi,2316600,13.0521,74.7823,5.472,22.39,2.79,7.34,8.96,12.96,16.96,NORMAL,Simulated (formula: level = rain*0.6 + upstream_rain*0.4)
2024-06-12T01:00:00,R003,Shambhavi,2316600,13.0521,74.7823,4.326,22.78,2.97,2.79,8.96,12.96,16.96,NORMAL,Simulated (formula: level = rain*0.6 + upstream_rain*0.4)
2024-06-12T02:00:00,R003,Shambhavi,2316600,13.0521,74.7823,4.295,19.49,3.51,2.97,8.96,12.96,16.96,NORMAL,Simulated (formula: level = rain*0.6 + upstream_rain*0.4)
2024-06-12T03:00:00,R003,Shambhavi,2316600,13.0521,74.7823,4.36,21.41,3.45,3.51,8.96,12.96,16.96,NORMAL,Simulated (formula: level = rain*0.6 + upstream_rain*0.4)
2024-06-12T04:00:00,R003,Shambhavi,2316600,13.0521,74.7823,4.843,22.52,4.55,3.45,8.96,12.96,16.96,NORMAL,Simulated (formula: level = rain*0.6 + upstream_rain*0.4)
2024-06-12T05:00:00,R003,Shambhavi,2316600,13.0521,74.7823,4.904,25.84,3.77,4.55,8.96,12.96,16.96,NORMAL,Simulated (formula: level = rain*0.6 + upstream_rain*0.4)
2024-06-12T06:00:00,R003,Shambhavi,2316600,13.0521,74.7823,3.84,15.74,1.6,3.77,8.96,12.96,16.96,NORMAL,Simulated (formula: level = rain*0.6 + upstream_rain*0.4)
2024-06-12T07:00:00,R003,Shambhavi,2316600,13.0521,74.7823,3.263,15.22,2.45,1.6,8.96,12.96,16.96,NORMAL,Simulated (formula: level = rain*0.6 + upstream_rain*0.4)
2024-06-12T08:00:00,R003,Shambhavi,2316600,13.0521,74.7823,3.338,16.4,2.38,2.45,8.96,12.96,16.96,NORMAL,Simulated (formula: level = rain*0.6 + upstream_rain*0.4)
2024-06-12T09:00:00,R003,Shambhavi,2316600,13.0521,74.7823,3.098,14.11,1.67,2.38,8.96,12.96,16.96,NORMAL,Simulated (formula: level = rain*0.6 + upstream_rain*0.4)
2024-06-12T10:00:00,R003,Shambhavi,2316600,13.0521,74.7823,2.827,12.42,1.67,1.67,8.96,12.96,16.96,NORMAL,Simulated (formula: level = rain*0.6 + upstream_rain*0.4)
2024-06-12T11:00:00,R003,Shambhavi,2316600,13.0521,74.7823,2.852,13.77,1.97,1.67,8.96,12.96,16.96,NORMAL,Simulated (formula: level = rain*0.6 + upstream_rain*0.4)
2024-06-12T12:00:00,R003,Shambhavi,2316600,13.0521,74.7823,3.525,16.32,3.39,1.97,8.96,12.96,16.96,NORMAL,Simulated (formula: level = rain*0.6 + upstream_rain*0.4)
2024-06-12T13:00:00,R003,Shambhavi,2316600,13.0521,74.7823,3.472,17.68,1.62,3.39,8.96,12.96,16.96,NORMAL,Simulated (formula: level = rain*0.6 + upstream_rain*0.4)
2024-06-12T14:00:00,R003,Shambhavi,2316600,13.0521,74.7823,3.695,19.45,3.63,1.62,8.96,12.96,16.96,NORMAL,Simulated (formula: level = rain*0.6 + upstream_rain*0.4)
2024-06-12T15:00:00,R003,Shambhavi,2316600,13.0521,74.7823,3.661,14.57,2.1,3.63,8.96,12.96,16.96,NORMAL,Simulated (formula: level = rain*0.6 + upstream_rain*0.4)
2024-06-12T16:00:00,R003,Shambhavi,2316600,13.0521,74.7823,2.663,13.26,0.67,2.1,8.96,12.96,16.96,NORMAL,Simulated (formula: level = rain*0.6 + upstream_rain*0.4)
2024-06-12T17:00:00,R003,Shambhavi,2316600,13.0521,74.7823,2.0,10.47,0.86,0.67,8.96,12.96,16.96,NORMAL,Simulated (formula: level = rain*0.6 + upstream_rain*0.4)
2024-06-12T18:00:00,R003,Shambhavi,2316600,13.0521,74.7823,1.857,8.45,0.72,0.86,8.96,12.96,16.96,NORMAL,Simulated (formula: level = rain*0.6 + upstream_rain*0.4)
2024-06-12T19:00:00,R003,Shambhavi,2316600,13.0521,74.7823,2.1,11.13,1.69,0.72,8.96,12.96,16.96,NORMAL,Simulated (formula: level = rain*0.6 + upstream_rain*0.4)
2024-06-12T20:00:00,R003,Shambhavi,2316600,13.0521,74.7823,2.902,13.51,2.87,1.69,8.96,12.96,16.96,NORMAL,Simulated (formula: level = rain*0.6 + upstream_rain*0.4)
2024-06-12T21:00:00,R003,Shambhavi,2316600,13.0521,74.7823,3.479,15.18,2.57,2.87,8.96,12.96,16.96,NORMAL,Simulated (formula: level = rain*0.6 + upstream_rain*0.4)
2024-06-12T22:00:00,R003,Shambhavi,2316600,13.0521,74.7823,5.203,25.97,6.75,2.57,8.96,12.96,16.96,NORMAL,Simulated (formula: level = rain*0.6 + upstream_rain*0.4)
2024-06-12T23:00:00,R003,Shambhavi,2316600,13.0521,74.7823,5.67,28.7,3.83,6.75,8.96,12.96,16.96,NORMAL,Simulated (formula: level = rain*0.6 + upstream_rain*0.4)
2024-06-13T00:00:00,R003,Shambhavi,2316600,13.0521,74.7823,6.804,32.22,7.87,3.83,8.96,12.96,16.96,NORMAL,Simulated (formula: level = rain*0.6 + upstream_rain*0.4)
2024-06-13T01:00:00,R003,Shambhavi,2316600,13.0521,74.7823,10.733,47.49,13.85,7.87,8.96,12.96,16.96,WARNING,Simulated (formula: level = rain*0.6 + upstream_rain*0.4)
2024-06-13T02:00:00,R003,Shambhavi,2316600,13.0521,74.7823,10.973,50.89,7.4,13.85,8.96,12.96,16.96,WARNING,Simulated (formula: level = rain*0.6 + upstream_rain*0.4)
2024-06-13T03:00:00,R003,Shambhavi,2316600,13.0521,74.7823,6.992,28.35,2.25,7.4,8.96,12.96,16.96,NORMAL,Simulated (formula: level = rain*0.6 + upstream_rain*0.4)
2024-06-13T04:00:00,R003,Shambhavi,2316600,13.0521,74.7823,4.391,17.81,2.4,2.25,8.96,12.96,16.96,NORMAL,Simulated (formula: level = rain*0.6 + upstream_rain*0.4)
2024-06-13T05:00:00,R003,Shambhavi,2316600,13.0521,74.7823,4.76,19.98,5.06,2.4,8.96,12.96,16.96,NORMAL,Simulated (formula: level = rain*0.6 + upstream_rain*0.4)
2024-06-13T06:00:00,R003,Shambhavi,2316600,13.0521,74.7823,4.257,18.36,1.84,5.06,8.96,12.96,16.96,NORMAL,Simulated (formula: level = rain*0.6 + upstream_rain*0.4)
2024-06-13T07:00:00,R003,Shambhavi,2316600,13.0521,74.7823,3.063,12.9,1.23,1.84,8.96,12.96,16.96,NORMAL,Simulated (formula: level = rain*0.6 + upstream_rain*0.4)
2024-06-13T08:00:00,R003,Shambhavi,2316600,13.0521,74.7823,2.193,10.76,0.58,1.23,8.96,12.96,16.96,NORMAL,Simulated (formula: level = rain*0.6 + upstream_rain*0.4)
2024-06-13T09:00:00,R003,Shambhavi,2316600,13.0521,74.7823,11.466,47.75,23.74,0.58,8.96,12.96,16.96,WARNING,Simulated (formula: level = rain*0.6 + upstream_rain*0.4)
2024-06-13T10:00:00,R003,Shambhavi,2316600,13.0521,74.7823,16.067,67.08,12.61,23.74,8.96,12.96,16.96,DANGER,Simulated (formula: level = rain*0.6 + upstream_rain*0.4)
2024-06-13T11:00:00,R003,Shambhavi,2316600,13.0521,74.7823,9.377,44.85,0.95,12.61,8.96,12.96,16.96,WARNING,Simulated (formula: level = rain*0.6 + upstream_rain*0.4)
2024-06-13T12:00:00,R003,Shambhavi,2316600,13.0521,74.7823,4.932,24.25,2.84,0.95,8.96,12.96,16.96,NORMAL,Simulated (formula: level = rain*0.6 + upstream_rain*0.4)
2024-06-13T13:00:00,R003,Shambhavi,2316600,13.0521,74.7823,3.509,14.69,1.22,2.84,8.96,12.96,16.96,NORMAL,Simulated (formula: level = rain*0.6 + upstream_rain*0.4)
2024-06-13T14:00:00,R003,Shambhavi,2316600,13.0521,74.7823,3.308,14.73,2.8,1.22,8.96,12.96,16.96,NORMAL,Simulated (formula: level = rain*0.6 + upstream_rain*0.4)
2024-06-13T15:00:00,R003,Shambhavi,2316600,13.0521,74.7823,3.168,13.57,1.66,2.8,8.96,12.96,16.96,NORMAL,Simulated (formula: level = rain*0.6 + upstream_rain*0.4)
2024-06-13T16:00:00,R003,Shambhavi,2316600,13.0521,74.7823,2.502,13.24,0.88,1.66,8.96,12.96,16.96,NORMAL,Simulated (formula: level = rain*0.6 + upstream_rain*0.4)
2024-06-13T17:00:00,R003,Shambhavi,2316600,13.0521,74.7823,2.12,9.95,0.88,0.88,8.96,12.96,16.96,NORMAL,Simulated (formula: level = rain*0.6 + upstream_rain*0.4)
2024-06-13T18:00:00,R003,Shambhavi,2316600,13.0521,74.7823,2.423,11.49,2.13,0.88,8.96,12.96,16.96,NORMAL,Simulated (formula: level = rain*0.6 + upstream_rain*0.4)
2024-06-13T19:00:00,R003,Shambhavi,2316600,13.0521,74.7823,2.584,10.37,1.49,2.13,8.96,12.96,16.96,NORMAL,Simulated (formula: level = rain*0.6 + upstream_rain*0.4)
2024-06-13T20:00:00,R003,Shambhavi,2316600,13.0521,74.7823,2.733,13.91,2.15,1.49,8.96,12.96,16.96,NORMAL,Simulated (formula: level = rain*0.6 + upstream_rain*0.4)
2024-06-13T21:00:00,R003,Shambhavi,2316600,13.0521,74.7823,3.351,15.45,3.06,2.15,8.96,12.96,16.96,NORMAL,Simulated (formula: level = rain*0.6 + upstream_rain*0.4)
2024-06-13T22:00:00,R003,Shambhavi,2316600,13.0521,74.7823,4.079,19.24,3.4,3.06,8.96,12.96,16.96,NORMAL,Simulated (formula: level = rain*0.6 + upstream_rain*0.4)
2024-06-13T23:00:00,R003,Shambhavi,2316600,13.0521,74.7823,7.139,36.65,10.21,3.4,8.96,12.96,16.96,NORMAL,Simulated (formula: level = rain*0.6 + upstream_rain*0.4)
2024-06-14T00:00:00,R003,Shambhavi,2316600,13.0521,74.7823,11.561,50.55,14.14,10.21,8.96,12.96,16.96,WARNING,Simulated (formula: level = rain*0.6 + upstream_rain*0.4)
2024-06-14T01:00:00,R003,Shambhavi,2316600,13.0521,74.7823,9.439,38.06,3.24,14.14,8.96,12.96,16.96,WARNING,Simulated (formula: level = rain*0.6 + upstream_rain*0.4)
2024-06-14T02:00:00,R003,Shambhavi,2316600,13.0521,74.7823,17.455,72.39,30.84,3.24,8.96,12.96,16.96,FLOOD,Simulated (formula: level = rain*0.6 + upstream_rain*0.4)
2024-06-14T03:00:00,R003,Shambhavi,2316600,13.0521,74.7823,15.226,63.96,1.71,30.84,8.96,12.96,16.96,DANGER,Simulated (formula: level = rain*0.6 + upstream_rain*0.4)
2024-06-14T04:00:00,R003,Shambhavi,2316600,13.0521,74.7823,7.271,31.11,3.67,1.71,8.96,12.96,16.96,NORMAL,Simulated (formula: level = rain*0.6 + upstream_rain*0.4)
2024-06-14T05:00:00,R003,Shambhavi,2316600,13.0521,74.7823,4.74,24.85,2.05,3.67,8.96,12.96,16.96,NORMAL,Simulated (formula: level = rain*0.6 + upstream_rain*0.4)
2024-06-14T06:00:00,R003,Shambhavi,2316600,13.0521,74.7823,2.925,13.81,0.66,2.05,8.96,12.96,16.96,NORMAL,Simulated (formula: level = rain*0.6 + upstream_rain*0.4)
2024-06-14T07:00:00,R003,Shambhavi,2316600,13.0521,74.7823,2.298,11.58,1.26,0.66,8.96,12.96,16.96,NORMAL,Simulated (formula: level = rain*0.6 + upstream_rain*0.4)
2024-06-14T08:00:00,R003,Shambhavi,2316600,13.0521,74.7823,2.541,12.68,1.87,1.26,8.96,12.96,16.96,NORMAL,Simulated (formula: level = rain*0.6 + upstream_rain*0.4)
2024-06-14T09:00:00,R003,Shambhavi,2316600,13.0521,74.7823,2.471,11.76,1.16,1.87,8.96,12.96,16.96,NORMAL,Simulated (formula: level = rain*0.6 + upstream_rain*0.4)
2024-06-14T10:00:00,R003,Shambhavi,2316600,13.0521,74.7823,2.108,8.66,0.86,1.16,8.96,12.96,16.96,NORMAL,Simulated (formula: level = rain*0.6 + upstream_rain*0.4)
2024-06-14T11:00:00,R003,Shambhavi,2316600,13.0521,74.7823,2.556,13.01,2.55,0.86,8.96,12.96,16.96,NORMAL,Simulated (formula: level = rain*0.6 + upstream_rain*0.4)
2024-06-14T12:00:00,R003,Shambhavi,2316600,13.0521,74.7823,2.68,12.88,1.32,2.55,8.96,12.96,16.96,NORMAL,Simulated (formula: level = rain*0.6 + upstream_rain*0.4)
2024-06-14T13:00:00,R003,Shambhavi,2316600,13.0521,74.7823,2.279,9.11,1.01,1.32,8.96,12.96,16.96,NORMAL,Simulated (formula: level = rain*0.6 + upstream_rain*0.4)
2024-06-14T14:00:00,R003,Shambhavi,2316600,13.0521,74.7823,2.551,13.21,2.24,1.01,8.96,12.96,16.96,NORMAL,Simulated (formula: level = rain*0.6 + upstream_rain*0.4)
2024-06-14T15:00:00,R003,Shambhavi,2316600,13.0521,74.7823,3.086,12.85,2.49,2.24,8.96,12.96,16.96,NORMAL,Simulated (formula: level = rain*0.6 + upstream_rain*0.4)
2024-06-14T16:00:00,R003,Shambhavi,2316600,13.0521,74.7823,2.74,13.62,1.1,2.49,8.96,12.96,16.96,NORMAL,Simulated (formula: level = rain*0.6 + upstream_rain*0.4)
2024-06-14T17:00:00,R003,Shambhavi,2316600,13.0521,74.7823,2.159,9.34,0.97,1.1,8.96,12.96,16.96,NORMAL,Simulated (formula: level = rain*0.6 + upstream_rain*0.4)
2024-06-14T18:00:00,R003,Shambhavi,2316600,13.0521,74.7823,1.887,9.08,0.65,0.97,8.96,12.96,16.96,NORMAL,Simulated (formula: level = rain*0.6 + upstream_rain*0.4)
2024-06-14T19:00:00,R003,Shambhavi,2316600,13.0521,74.7823,1.977,8.13,1.14,0.65,8.96,12.96,16.96,NORMAL,Simulated (formula: level = rain*0.6 + upstream_rain*0.4)
2024-06-14T20:00:00,R003,Shambhavi,2316600,13.0521,74.7823,2.18,9.21,1.25,1.14,8.96,12.96,16.96,NORMAL,Simulated (formula: level = rain*0.6 + upstream_rain*0.4)
2024-06-14T21:00:00,R003,Shambhavi,2316600,13.0521,74.7823,2.947,12.42,2.98,1.25,8.96,12.96,16.96,NORMAL,Simulated (formula: level = rain*0.6 + upstream_rain*0.4)
2024-06-14T22:00:00,R003,Shambhavi,2316600,13.0521,74.7823,3.655,18.77,2.94,2.98,8.96,12.96,16.96,NORMAL,Simulated (formula: level = rain*0.6 + upstream_rain*0.4)
2024-06-14T23:00:00,R003,Shambhavi,2316600,13.0521,74.7823,5.177,24.72,6.21,2.94,8.96,12.96,16.96,NORMAL,Simulated (formula: level = rain*0.6 + upstream_rain*0.4)
2024-06-15T00:00:00,R003,Shambhavi,2316600,13.0521,74.7823,6.288,29.05,5.79,6.21,8.96,12.96,16.96,NORMAL,Simulated (formula: level = rain*0.6 + upstream_rain*0.4)
2024-06-15T01:00:00,R003,Shambhavi,2316600,13.0521,74.7823,4.776,24.3,1.37,5.79,8.96,12.96,16.96,NORMAL,Simulated (formula: level = rain*0.6 + upstream_rain*0.4)
2024-06-15T02:00:00,R003,Shambhavi,2316600,13.0521,74.7823,3.776,16.42,2.99,1.37,8.96,12.96,16.96,NORMAL,Simulated (formula: level = rain*0.6 + upstream_rain*0.4)
2024-06-15T03:00:00,R003,Shambhavi,2316600,13.0521,74.7823,4.456,21.18,4.14,2.99,8.96,12.96,16.96,NORMAL,Simulated (formula: level = rain*0.6 + upstream_rain*0.4)
2024-06-15T04:00:00,R003,Shambhavi,2316600,13.0521,74.7823,4.671,18.57,3.61,4.14,8.96,12.96,16.96,NORMAL,Simulated (formula: level = rain*0.6 + upstream_rain*0.4)
2024-06-15T05:00:00,R003,Shambhavi,2316600,13.0521,74.7823,4.349,17.81,2.98,3.61,8.96,12.96,16.96,NORMAL,Simulated (formula: level = rain*0.6 + upstream_rain*0.4)
2024-06-15T06:00:00,R003,Shambhavi,2316600,13.0521,74.7823,3.566,16.45,1.74,2.98,8.96,12.96,16.96,NORMAL,Simulated (formula: level = rain*0.6 + upstream_rain*0.4)
2024-06-15T07:00:00,R003,Shambhavi,2316600,13.0521,74.7823,3.308,17.31,2.58,1.74,8.96,12.96,16.96,NORMAL,Simulated (formula: level = rain*0.6 + upstream_rain*0.4)
2024-06-15T08:00:00,R003,Shambhavi,2316600,13.0521,74.7823,3.084,16.12,1.73,2.58,8.96,12.96,16.96,NORMAL,Simulated (formula: level = rain*0.6 + upstream_rain*0.4)
2024-06-15T09:00:00,R003,Shambhavi,2316600,13.0521,74.7823,2.995,13.06,2.11,1.73,8.96,12.96,16.96,NORMAL,Simulated (formula: level = rain*0.6 + upstream_rain*0.4)
2024-06-15T10:00:00,R003,Shambhavi,2316600,13.0521,74.7823,3.159,14.58,2.52,2.11,8.96,12.96,16.96,NORMAL,Simulated (formula: level = rain*0.6 + upstream_rain*0.4)
2024-06-15T11:00:00,R003,Shambhavi,2316600,13.0521,74.7823,2.915,12.15,1.46,2.52,8.96,12.96,16.96,NORMAL,Simulated (formula: level = rain*0.6 + upstream_rain*0.4)
2024-06-15T12:00:00,R003,Shambhavi,2316600,13.0521,74.7823,2.962,13.6,2.45,1.46,8.96,12.96,16.96,NORMAL,Simulated (formula: level = rain*0.6 + upstream_rain*0.4)
2024-06-15T13:00:00,R003,Shambhavi,2316600,13.0521,74.7823,3.446,15.06,2.97,2.45,8.96,12.96,16.96,NORMAL,Simulated (formula: level = rain*0.6 + upstream_rain*0.4)
2024-06-15T14:00:00,R003,Shambhavi,2316600,13.0521,74.7823,3.271,15.45,1.94,2.97,8.96,12.96,16.96,NORMAL,Simulated (formula: level = rain*0.6 + upstream_rain*0.4)
2024-06-15T15:00:00,R003,Shambhavi,2316600,13.0521,74.7823,2.737,11.6,1.41,1.94,8.96,12.96,16.96,NORMAL,Simulated (formula: level = rain*0.6 + upstream_rain*0.4)
2024-06-15T16:00:00,R003,Shambhavi,2316600,13.0521,74.7823,2.123,9.12,0.73,1.41,8.96,12.96,16.96,NORMAL,Simulated (formula: level = rain*0.6 + upstream_rain*0.4)
2024-06-15T17:00:00,R003,Shambhavi,2316600,13.0521,74.7823,2.541,11.7,2.38,0.73,8.96,12.96,16.96,NORMAL,Simulated (formula: level = rain*0.6 + upstream_rain*0.4)
2024-06-15T18:00:00,R003,Shambhavi,2316600,13.0521,74.7823,2.93,12.63,1.88,2.38,8.96,12.96,16.96,NORMAL,Simulated (formula: level = rain*0.6 + upstream_rain*0.4)
2024-06-15T19:00:00,R003,Shambhavi,2316600,13.0521,74.7823,2.795,11.5,1.66,1.88,8.96,12.96,16.96,NORMAL,Simulated (formula: level = rain*0.6 + upstream_rain*0.4)
2024-06-15T20:00:00,R003,Shambhavi,2316600,13.0521,74.7823,2.634,13.45,1.56,1.66,8.96,12.96,16.96,NORMAL,Simulated (formula: level = rain*0.6 + upstream_rain*0.4)
2024-06-15T21:00:00,R003,Shambhavi,2316600,13.0521,74.7823,3.239,13.4,3.38,1.56,8.96,12.96,16.96,NORMAL,Simulated (formula: level = rain*0.6 + upstream_rain*0.4)
2024-06-15T22:00:00,R003,Shambhavi,2316600,13.0521,74.7823,5.353,27.33,6.76,3.38,8.96,12.96,16.96,NORMAL,Simulated (formula: level = rain*0.6 + upstream_rain*0.4)
2024-06-15T23:00:00,R003,Shambhavi,2316600,13.0521,74.7823,5.315,22.39,2.73,6.76,8.96,12.96,16.96,NORMAL,Simulated (formula: level = rain*0.6 + upstream_rain*0.4)
2024-06-16T00:00:00,R003,Shambhavi,2316600,13.0521,74.7823,4.741,23.48,4.14,2.73,8.96,12.96,16.96,NORMAL,Simulated (formula: level = rain*0.6 + upstream_rain*0.4)
2024-06-16T01:00:00,R003,Shambhavi,2316600,13.0521,74.7823,4.691,24.08,3.72,4.14,8.96,12.96,16.96,NORMAL,Simulated (formula: level = rain*0.6 + upstream_rain*0.4)
2024-06-16T02:00:00,R003,Shambhavi,2316600,13.0521,74.7823,5.577,22.4,5.81,3.72,8.96,12.96,16.96,NORMAL,Simulated (formula: level = rain*0.6 + upstream_rain*0.4)
2024-06-16T03:00:00,R003,Shambhavi,2316600,13.0521,74.7823,5.615,28.38,4.11,5.81,8.96,12.96,16.96,NORMAL,Simulated (formula: level = rain*0.6 + upstream_rain*0.4)
2024-06-16T04:00:00,R003,Shambhavi,2316600,13.0521,74.7823,4.411,18.65,2.35,4.11,8.96,12.96,16.96,NORMAL,Simulated (formula: level = rain*0.6 + upstream_rain*0.4)
2024-06-16T05:00:00,R003,Shambhavi,2316600,13.0521,74.7823,10.233,52.68,18.31,2.35,8.96,12.96,16.96,WARNING,Simulated (formula: level = rain*0.6 + upstream_rain*0.4)
2024-06-16T06:00:00,R003,Shambhavi,2316600,13.0521,74.7823,20.247,86.73,26.76,18.31,8.96,12.96,16.96,FLOOD,Simulated (formula: level = rain*0.6 + upstream_rain*0.4)
2024-06-16T07:00:00,R003,Shambhavi,2316600,13.0521,74.7823,14.955,63.31,1.82,26.76,8.96,12.96,16.96,DANGER,Simulated (formula: level = rain*0.6 + upstream_rain*0.4)
2024-06-16T08:00:00,R003,Shambhavi,2316600,13.0521,74.7823,5.957,26.27,0.61,1.82,8.96,12.96,16.96,NORMAL,Simulated (formula: level = rain*0.6 + upstream_rain*0.4)
2024-06-16T09:00:00,R003,Shambhavi,2316600,13.0521,74.7823,3.697,16.31,2.71,0.61,8.96,12.96,16.96,NORMAL,Simulated (formula: level = rain*0.6 + upstream_rain*0.4)
2024-06-16T10:00:00,R003,Shambhavi,2316600,13.0521,74.7823,3.438,16.5,1.85,2.71,8.96,12.96,16.96,NORMAL,Simulated (formula: level = rain*0.6 + upstream_rain*0.4)
2024-06-16T11:00:00,R003,Shambhavi,2316600,13.0521,74.7823,3.044,14.8,1.9,1.85,8.96,12.96,16.96,NORMAL,Simulated (formula: level = rain*0.6 + upstream_rain*0.4)
2024-06-16T12:00:00,R003,Shambhavi,2316600,13.0521,74.7823,2.673,14.08,1.22,1.9,8.96,12.96,16.96,NORMAL,Simulated (formula: level = rain*0.6 + upstream_rain*0.4)
2024-06-16T13:00:00,R003,Shambhavi,2316600,13.0521,74.7823,2.608,13.69,1.82,1.22,8.96,12.96,16.96,NORMAL,Simulated (formula: level = rain*0.6 + upstream_rain*0.4)
2024-06-16T14:00:00,R003,Shambhavi,2316600,13.0521,74.7823,2.968,14.8,2.39,1.82,8.96,12.96,16.96,NORMAL,Simulated (formula: level = rain*0.6 + upstream_rain*0.4)
2024-06-16T15:00:00,R003,Shambhavi,2316600,13.0521,74.7823,2.547,10.42,0.82,2.39,8.96,12.96,16.96,NORMAL,Simulated (formula: level = rain*0.6 + upstream_rain*0.4)
2024-06-16T16:00:00,R003,Shambhavi,2316600,13.0521,74.7823,2.596,12.89,2.64,0.82,8.96,12.96,16.96,NORMAL,Simulated (formula: level = rain*0.6 + upstream_rain*0.4)
2024-06-16T17:00:00,R003,Shambhavi,2316600,13.0521,74.7823,2.649,11.28,1.05,2.64,8.96,12.96,16.96,NORMAL,Simulated (formula: level = rain*0.6 + upstream_rain*0.4)
2024-06-16T18:00:00,R003,Shambhavi,2316600,13.0521,74.7823,2.936,12.66,2.59,1.05,8.96,12.96,16.96,NORMAL,Simulated (formula: level = rain*0.6 + upstream_rain*0.4)
2024-06-16T19:00:00,R003,Shambhavi,2316600,13.0521,74.7823,6.845,31.37,10.93,2.59,8.96,12.96,16.96,NORMAL,Simulated (formula: level = rain*0.6 + upstream_rain*0.4)
2024-06-16T20:00:00,R003,Shambhavi,2316600,13.0521,74.7823,8.142,32.19,5.79,10.93,8.96,12.96,16.96,NORMAL,Simulated (formula: level = rain*0.6 + upstream_rain*0.4)
2024-06-16T21:00:00,R003,Shambhavi,2316600,13.0521,74.7823,5.465,28.14,1.83,5.79,8.96,12.96,16.96,NORMAL,Simulated (formula: level = rain*0.6 + upstream_rain*0.4)
2024-06-16T22:00:00,R003,Shambhavi,2316600,13.0521,74.7823,4.601,22.16,4.24,1.83,8.96,12.96,16.96,NORMAL,Simulated (formula: level = rain*0.6 + upstream_rain*0.4)
2024-06-16T23:00:00,R003,Shambhavi,2316600,13.0521,74.7823,4.117,16.78,2.12,4.24,8.96,12.96,16.96,NORMAL,Simulated (formula: level = rain*0.6 + upstream_rain*0.4)
2024-06-17T00:00:00,R003,Shambhavi,2316600,13.0521,74.7823,4.182,17.26,4.13,2.12,8.96,12.96,16.96,NORMAL,Simulated (formula: level = rain*0.6 + upstream_rain*0.4)
2024-06-17T01:00:00,R003,Shambhavi,2316600,13.0521,74.7823,3.834,15.51,1.81,4.13,8.96,12.96,16.96,NORMAL,Simulated (formula: level = rain*0.6 + upstream_rain*0.4)
2024-06-17T02:00:00,R003,Shambhavi,2316600,13.0521,74.7823,3.252,15.0,2.11,1.81,8.96,12.96,16.96,NORMAL,Simulated (formula: level = rain*0.6 + upstream_rain*0.4)
2024-06-17T03:00:00,R003,Shambhavi,2316600,13.0521,74.7823,2.782,11.73,1.5,2.11,8.96,12.96,16.96,NORMAL,Simulated (formula: level = rain*0.6 + upstream_rain*0.4)
2024-06-17T04:00:00,R003,Shambhavi,2316600,13.0521,74.7823,3.004,14.95,2.59,1.5,8.96,12.96,16.96,NORMAL,Simulated (formula: level = rain*0.6 + upstream_rain*0.4)
2024-06-17T05:00:00,R003,Shambhavi,2316600,13.0521,74.7823,4.16,21.65,4.56,2.59,8.96,12.96,16.96,NORMAL,Simulated (formula: level = rain*0.6 + upstream_rain*0.4)
2024-06-17T06:00:00,R003,Shambhavi,2316600,13.0521,74.7823,12.011,50.42,21.04,4.56,8.96,12.96,16.96,WARNING,Simulated (formula: level = rain*0.6 + upstream_rain*0.4)
2024-06-17T07:00:00,R003,Shambhavi,2316600,13.0521,74.7823,10.534,48.86,0.81,21.04,8.96,12.96,16.96,WARNING,Simulated (formula: level = rain*0.6 + upstream_rain*0.4)
2024-06-17T08:00:00,R003,Shambhavi,2316600,13.0521,74.7823,4.79,19.2,1.62,0.81,8.96,12.96,16.96,NORMAL,Simulated (formula: level = rain*0.6 + upstream_rain*0.4)
2024-06-17T09:00:00,R003,Shambhavi,2316600,13.0521,74.7823,3.222,14.31,1.78,1.62,8.96,12.96,16.96,NORMAL,Simulated (formula: level = rain*0.6 + upstream_rain*0.4)
2024-06-17T10:00:00,R003,Shambhavi,2316600,13.0521,74.7823,2.937,12.1,1.87,1.78,8.96,12.96,16.96,NORMAL,Simulated (formula: level = rain*0.6 + upstream_rain*0.4)
2024-06-17T11:00:00,R003,Shambhavi,2316600,13.0521,74.7823,2.644,10.49,1.43,1.87,8.96,12.96,16.96,NORMAL,Simulated (formula: level = rain*0.6 + upstream_rain*0.4)
2024-06-17T12:00:00,R003,Shambhavi,2316600,13.0521,74.7823,2.495,13.14,1.49,1.43,8.96,12.96,16.96,NORMAL,Simulated (formula: level = rain*0.6 + upstream_rain*0.4)
2024-06-17T13:00:00,R003,Shambhavi,2316600,13.0521,74.7823,2.395,9.85,1.15,1.49,8.96,12.96,16.96,NORMAL,Simulated (formula: level = rain*0.6 + upstream_rain*0.4)
2024-06-17T14:00:00,R003,Shambhavi,2316600,13.0521,74.7823,3.044,15.23,3.41,1.15,8.96,12.96,16.96,NORMAL,Simulated (formula: level = rain*0.6 + upstream_rain*0.4)
2024-06-17T15:00:00,R003,Shambhavi,2316600,13.0521,74.7823,2.86,14.96,1.04,3.41,8.96,12.96,16.96,NORMAL,Simulated (formula: level = rain*0.6 + upstream_rain*0.4)
2024-06-17T16:00:00,R003,Shambhavi,2316600,13.0521,74.7823,2.177,11.53,0.79,1.04,8.96,12.96,16.96,NORMAL,Simulated (formula: level = rain*0.6 + upstream_rain*0.4)
2024-06-17T17:00:00,R003,Shambhavi,2316600,13.0521,74.7823,1.838,8.04,0.77,0.79,8.96,12.96,16.96,NORMAL,Simulated (formula: level = rain*0.6 + upstream_rain*0.4)
2024-06-17T18:00:00,R003,Shambhavi,2316600,13.0521,74.7823,3.119,14.93,4.04,0.77,8.96,12.96,16.96,NORMAL,Simulated (formula: level = rain*0.6 + upstream_rain*0.4)
2024-06-17T19:00:00,R003,Shambhavi,2316600,13.0521,74.7823,3.514,16.63,1.79,4.04,8.96,12.96,16.96,NORMAL,Simulated (formula: level = rain*0.6 + upstream_rain*0.4)
2024-06-17T20:00:00,R003,Shambhavi,2316600,13.0521,74.7823,2.686,11.42,1.14,1.79,8.96,12.96,16.96,NORMAL,Simulated (formula: level = rain*0.6 + upstream_rain*0.4)
2024-06-17T21:00:00,R003,Shambhavi,2316600,13.0521,74.7823,2.367,12.08,1.46,1.14,8.96,12.96,16.96,NORMAL,Simulated (formula: level = rain*0.6 + upstream_rain*0.4)
2024-06-17T22:00:00,R003,Shambhavi,2316600,13.0521,74.7823,3.709,18.91,4.3,1.46,8.96,12.96,16.96,NORMAL,Simulated (formula: level = rain*0.6 + upstream_rain*0.4)
2024-06-17T23:00:00,R003,Shambhavi,2316600,13.0521,74.7823,5.674,28.58,6.49,4.3,8.96,12.96,16.96,NORMAL,Simulated (formula: level = rain*0.6 + upstream_rain*0.4)
2024-06-18T00:00:00,R003,Shambhavi,2316600,13.0521,74.7823,5.298,27.44,2.72,6.49,8.96,12.96,16.96,NORMAL,Simulated (formula: level = rain*0.6 + upstream_rain*0.4)
2024-06-18T01:00:00,R003,Shambhavi,2316600,13.0521,74.7823,4.321,18.87,3.1,2.72,8.96,12.96,16.96,NORMAL,Simulated (formula: level = rain*0.6 + upstream_rain*0.4)
2024-06-18T02:00:00,R003,Shambhavi,2316600,13.0521,74.7823,4.128,19.45,3.11,3.1,8.96,12.96,16.96,NORMAL,Simulated (formula: level = rain*0.6 + upstream_rain*0.4)
2024-06-18T03:00:00,R003,Shambhavi,2316600,13.0521,74.7823,4.117,20.03,3.29,3.11,8.96,12.96,16.96,NORMAL,Simulated (formula: level = rain*0.6 + upstream_rain*0.4)
2024-06-18T04:00:00,R003,Shambhavi,2316600,13.0521,74.7823,4.254,20.46,3.26,3.29,8.96,12.96,16.96,NORMAL,Simulated (formula: level = rain*0.6 + upstream_rain*0.4)
2024-06-18T05:00:00,R003,Shambhavi,2316600,13.0521,74.7823,6.032,29.84,7.46,3.26,8.96,12.96,16.96,NORMAL,Simulated (formula: level = rain*0.6 + upstream_rain*0.4)
2024-06-18T06:00:00,R003,Shambhavi,2316600,13.0521,74.7823,5.67,27.16,2.58,7.46,8.96,12.96,16.96,NORMAL,Simulated (formula: level = rain*0.6 + upstream_rain*0.4)
2024-06-18T07:00:00,R003,Shambhavi,2316600,13.0521,74.7823,3.67,16.89,1.5,2.58,8.96,12.96,16.96,NORMAL,Simulated (formula: level = rain*0.6 + upstream_rain*0.4)
2024-06-18T08:00:00,R003,Shambhavi,2316600,13.0521,74.7823,2.663,13.02,1.14,1.5,8.96,12.96,16.96,NORMAL,Simulated (formula: level = rain*0.6 + upstream_rain*0.4)
2024-06-18T09:00:00,R003,Shambhavi,2316600,13.0521,74.7823,2.393,10.12,1.51,1.14,8.96,12.96,16.96,NORMAL,Simulated (formula: level = rain*0.6 + upstream_rain*0.4)
2024-06-18T10:00:00,R003,Shambhavi,2316600,13.0521,74.7823,6.078,24.5,10.36,1.51,8.96,12.96,16.96,NORMAL,Simulated (formula: level = rain*0.6 + upstream_rain*0.4)
2024-06-18T11:00:00,R003,Shambhavi,2316600,13.0521,74.7823,14.04,63.68,20.65,10.36,8.96,12.96,16.96,DANGER,Simulated (formula: level = rain*0.6 + upstream_rain*0.4)
2024-06-18T12:00:00,R003,Shambhavi,2316600,13.0521,74.7823,11.499,51.07,1.86,20.65,8.96,12.96,16.96,WARNING,Simulated (formula: level = rain*0.6 + upstream_rain*0.4)
2024-06-18T13:00:00,R003,Shambhavi,2316600,13.0521,74.7823,4.97,22.35,0.76,1.86,8.96,12.96,16.96,NORMAL,Simulated (formula: level = rain*0.6 + upstream_rain*0.4)
2024-06-18T14:00:00,R003,Shambhavi,2316600,13.0521,74.7823,3.539,17.14,2.94,0.76,8.96,12.96,16.96,NORMAL,Simulated (formula: level = rain*0.6 + upstream_rain*0.4)
2024-06-18T15:00:00,R003,Shambhavi,2316600,13.0521,74.7823,3.145,16.49,1.58,2.94,8.96,12.96,16.96,NORMAL,Simulated (formula: level = rain*0.6 + upstream_rain*0.4)
2024-06-18T16:00:00,R003,Shambhavi,2316600,13.0521,74.7823,2.544,12.43,1.07,1.58,8.96,12.96,16.96,NORMAL,Simulated (formula: level = rain*0.6 + upstream_rain*0.4)
2024-06-18T17:00:00,R003,Shambhavi,2316600,13.0521,74.7823,2.856,12.51,2.8,1.07,8.96,12.96,16.96,NORMAL,Simulated (formula: level = rain*0.6 + upstream_rain*0.4)
2024-06-18T18:00:00,R003,Shambhavi,2316600,13.0521,74.7823,3.075,15.55,1.82,2.8,8.96,12.96,16.96,NORMAL,Simulated (formula: level = rain*0.6 + upstream_rain*0.4)
2024-06-18T19:00:00,R003,Shambhavi,2316600,13.0521,74.7823,2.886,11.85,1.92,1.82,8.96,12.96,16.96,NORMAL,Simulated (formula: level = rain*0.6 + upstream_rain*0.4)
2024-06-18T20:00:00,R003,Shambhavi,2316600,13.0521,74.7823,2.987,12.59,2.05,1.92,8.96,12.96,16.96,NORMAL,Simulated (formula: level = rain*0.6 + upstream_rain*0.4)
2024-06-18T21:00:00,R003,Shambhavi,2316600,13.0521,74.7823,3.435,17.68,2.97,2.05,8.96,12.96,16.96,NORMAL,Simulated (formula: level = rain*0.6 + upstream_rain*0.4)
2024-06-18T22:00:00,R003,Shambhavi,2316600,13.0521,74.7823,9.255,46.77,15.97,2.97,8.96,12.96,16.96,WARNING,Simulated (formula: level = rain*0.6 + upstream_rain*0.4)
2024-06-18T23:00:00,R003,Shambhavi,2316600,13.0521,74.7823,17.197,72.91,22.04,15.97,8.96,12.96,16.96,FLOOD,Simulated (formula: level = rain*0.6 + upstream_rain*0.4)
2024-06-19T00:00:00,R003,Shambhavi,2316600,13.0521,74.7823,15.23,78.72,7.73,22.04,8.96,12.96,16.96,DANGER,Simulated (formula: level = rain*0.6 + upstream_rain*0.4)
2024-06-19T01:00:00,R003,Shambhavi,2316600,13.0521,74.7823,10.076,40.87,6.35,7.73,8.96,12.96,16.96,WARNING,Simulated (formula: level = rain*0.6 + upstream_rain*0.4)
2024-06-19T02:00:00,R003,Shambhavi,2316600,13.0521,74.7823,9.953,46.08,10.62,6.35,8.96,12.96,16.96,WARNING,Simulated (formula: level = rain*0.6 + upstream_rain*0.4)
2024-06-19T03:00:00,R003,Shambhavi,2316600,13.0521,74.7823,13.365,65.15,16.03,10.62,8.96,12.96,16.96,DANGER,Simulated (formula: level = rain*0.6 + upstream_rain*0.4)
2024-06-19T04:00:00,R003,Shambhavi,2316600,13.0521,74.7823,11.494,53.23,5.42,16.03,8.96,12.96,16.96,WARNING,Simulated (formula: level = rain*0.6 + upstream_rain*0.4)
2024-06-19T05:00:00,R003,Shambhavi,2316600,13.0521,74.7823,7.754,40.2,4.97,5.42,8.96,12.96,16.96,NORMAL,Simulated (formula: level = rain*0.6 + upstream_rain*0.4)
2024-06-19T06:00:00,R003,Shambhavi,2316600,13.0521,74.7823,5.036,24.89,1.54,4.97,8.96,12.96,16.96,NORMAL,Simulated (formula: level = rain*0.6 + upstream_rain*0.4)
2024-06-19T07:00:00,R003,Shambhavi,2316600,13.0521,74.7823,3.184,13.82,1.34,1.54,8.96,12.96,16.96,NORMAL,Simulated (formula: level = rain*0.6 + upstream_rain*0.4)
2024-06-19T08:00:00,R003,Shambhavi,2316600,13.0521,74.7823,2.487,13.08,1.04,1.34,8.96,12.96,16.96,NORMAL,Simulated (formula: level = rain*0.6 + upstream_rain*0.4)
2024-06-19T09:00:00,R003,Shambhavi,2316600,13.0521,74.7823,2.63,13.17,1.99,1.04,8.96,12.96,16.96,NORMAL,Simulated (formula: level = rain*0.6 + upstream_rain*0.4)
2024-06-19T10:00:00,R003,Shambhavi,2316600,13.0521,74.7823,2.608,13.14,1.42,1.99,8.96,12.96,16.96,NORMAL,Simulated (formula: level = rain*0.6 + upstream_rain*0.4)
2024-06-19T11:00:00,R003,Shambhavi,2316600,13.0521,74.7823,5.725,29.4,9.14,1.42,8.96,12.96,16.96,NORMAL,Simulated (formula: level = rain*0.6 + upstream_rain*0.4)
2024-06-19T12:00:00,R003,Shambhavi,2316600,13.0521,74.7823,13.456,58.53,20.29,9.14,8.96,12.96,16.96,DANGER,Simulated (formula: level = rain*0.6 + upstream_rain*0.4)
2024-06-19T13:00:00,R003,Shambhavi,2316600,13.0521,74.7823,14.534,73.7,9.92,20.29,8.96,12.96,16.96,DANGER,Simulated (formula: level = rain*0.6 + upstream_rain*0.4)
2024-06-19T14:00:00,R003,Shambhavi,2316600,13.0521,74.7823,23.075,92.01,36.33,9.92,8.96,12.96,16.96,FLOOD,Simulated (formula: level = rain*0.6 + upstream_rain*0.4)
2024-06-19T15:00:00,R003,Shambhavi,2316600,13.0521,74.7823,23.188,102.36,12.97,36.33,8.96,12.96,16.96,FLOOD,Simulated (formula: level = rain*0.6 + upstream_rain*0.4)
2024-06-19T16:00:00,R003,Shambhavi,2316600,13.0521,74.7823,11.97,51.38,1.79,12.97,8.96,12.96,16.96,WARNING,Simulated (formula: level = rain*0.6 + upstream_rain*0.4)
2024-06-19T17:00:00,R003,Shambhavi,2316600,13.0521,74.7823,5.709,29.15,2.25,1.79,8.96,12.96,16.96,NORMAL,Simulated (formula: level = rain*0.6 + upstream_rain*0.4)
2024-06-19T18:00:00,R003,Shambhavi,2316600,13.0521,74.7823,3.37,15.37,0.8,2.25,8.96,12.96,16.96,NORMAL,Simulated (formula: level = rain*0.6 + upstream_rain*0.4)
2024-06-19T19:00:00,R003,Shambhavi,2316600,13.0521,74.7823,3.722,16.07,4.26,0.8,8.96,12.96,16.96,NORMAL,Simulated (formula: level = rain*0.6 + upstream_rain*0.4)
2024-06-19T20:00:00,R003,Shambhavi,2316600,13.0521,74.7823,4.1,18.54,2.63,4.26,8.96,12.96,16.96,NORMAL,Simulated (formula: level = rain*0.6 + upstream_rain*0.4)
2024-06-19T21:00:00,R003,Shambhavi,2316600,13.0521,74.7823,3.84,16.81,2.98,2.63,8.96,12.96,16.96,NORMAL,Simulated (formula: level = rain*0.6 + upstream_rain*0.4)
2024-06-19T22:00:00,R003,Shambhavi,2316600,13.0521,74.7823,4.07,16.69,3.67,2.98,8.96,12.96,16.96,NORMAL,Simulated (formula: level = rain*0.6 + upstream_rain*0.4)
2024-06-19T23:00:00,R003,Shambhavi,2316600,13.0521,74.7823,11.567,51.86,20.53,3.67,8.96,12.96,16.96,WARNING,Simulated (formula: level = rain*0.6 + upstream_rain*0.4)
2024-06-20T00:00:00,R003,Shambhavi,2316600,13.0521,74.7823,15.673,67.91,13.6,20.53,8.96,12.96,16.96,DANGER,Simulated (formula: level = rain*0.6 + upstream_rain*0.4)
2024-06-20T01:00:00,R003,Shambhavi,2316600,13.0521,74.7823,10.068,48.0,2.13,13.6,8.96,12.96,16.96,WARNING,Simulated (formula: level = rain*0.6 + upstream_rain*0.4)
2024-06-20T02:00:00,R003,Shambhavi,2316600,13.0521,74.7823,5.063,24.11,1.85,2.13,8.96,12.96,16.96,NORMAL,Simulated (formula: level = rain*0.6 + upstream_rain*0.4)
2024-06-20T03:00:00,R003,Shambhavi,2316600,13.0521,74.7823,4.353,17.2,3.78,1.85,8.96,12.96,16.96,NORMAL,Simulated (formula: level = rain*0.6 + upstream_rain*0.4)
2024-06-20T04:00:00,R003,Shambhavi,2316600,13.0521,74.7823,7.158,30.76,9.9,3.78,8.96,12.96,16.96,NORMAL,Simulated (formula: level = rain*0.6 + upstream_rain*0.4)
2024-06-20T05:00:00,R003,Shambhavi,2316600,13.0521,74.7823,7.177,37.35,3.77,9.9,8.96,12.96,16.96,NORMAL,Simulated (formula: level = rain*0.6 + upstream_rain*0.4)
2024-06-20T06:00:00,R003,Shambhavi,2316600,13.0521,74.7823,5.529,27.43,3.8,3.77,8.96,12.96,16.96,NORMAL,Simulated (formula: level = rain*0.6 + upstream_rain*0.4)
2024-06-20T07:00:00,R003,Shambhavi,2316600,13.0521,74.7823,4.654,24.47,2.78,3.8,8.96,12.96,16.96,NORMAL,Simulated (formula: level = rain*0.6 + upstream_rain*0.4)
2024-06-20T08:00:00,R003,Shambhavi,2316600,13.0521,74.7823,6.012,27.24,7.58,2.78,8.96,12.96,16.96,NORMAL,Simulated (formula: level = rain*0.6 + upstream_rain*0.4)
2024-06-20T09:00:00,R003,Shambhavi,2316600,13.0521,74.7823,10.752,52.84,14.8,7.58,8.96,12.96,16.96,WARNING,Simulated (formula: level = rain*0.6 + upstream_rain*0.4)
2024-06-20T10:00:00,R003,Shambhavi,2316600,13.0521,74.7823,8.665,37.53,1.39,14.8,8.96,12.96,16.96,NORMAL,Simulated (formula: level = rain*0.6 + upstream_rain*0.4)
2024-06-20T11:00:00,R003,Shambhavi,2316600,13.0521,74.7823,4.391,21.78,1.54,1.39,8.96,12.96,16.96,NORMAL,Simulated (formula: level = rain*0.6 + upstream_rain*0.4)
2024-06-20T12:00:00,R003,Shambhavi,2316600,13.0521,74.7823,3.89,18.99,3.41,1.54,8.96,12.96,16.96,NORMAL,Simulated (formula: level = rain*0.6 + upstream_rain*0.4)
2024-06-20T13:00:00,R003,Shambhavi,2316600,13.0521,74.7823,3.719,19.28,2.24,3.41,8.96,12.96,16.96,NORMAL,Simulated (formula: level = rain*0.6 + upstream_rain*0.4)
2024-06-20T14:00:00,R003,Shambhavi,2316600,13.0521,74.7823,2.997,15.65,1.3,2.24,8.96,12.96,16.96,NORMAL,Simulated (formula: level = rain*0.6 + upstream_rain*0.4)
2024-06-20T15:00:00,R003,Shambhavi,2316600,13.0521,74.7823,2.137,10.94,0.61,1.3,8.96,12.96,16.96,NORMAL,Simulated (formula: level = rain*0.6 + upstream_rain*0.4)
2024-06-20T16:00:00,R003,Shambhavi,2316600,13.0521,74.7823,2.637,13.28,2.79,0.61,8.96,12.96,16.96,NORMAL,Simulated (formula: level = rain*0.6 + upstream_rain*0.4)
2024-06-20T17:00:00,R003,Shambhavi,2316600,13.0521,74.7823,3.097,12.34,1.83,2.79,8.96,12.96,16.96,NORMAL,Simulated (formula: level = rain*0.6 + upstream_rain*0.4)
2024-06-20T18:00:00,R003,Shambhavi,2316600,13.0521,74.7823,3.165,14.76,2.53,1.83,8.96,12.96,16.96,NORMAL,Simulated (formula: level = rain*0.6 + upstream_rain*0.4)
2024-06-20T19:00:00,R003,Shambhavi,2316600,13.0521,74.7823,2.705,14.06,0.79,2.53,8.96,12.96,16.96,NORMAL,Simulated (formula: level = rain*0.6 + upstream_rain*0.4)
2024-06-20T20:00:00,R003,Shambhavi,2316600,13.0521,74.7823,2.27,10.8,1.17,0.79,8.96,12.96,16.96,NORMAL,Simulated (formula: level = rain*0.6 + upstream_rain*0.4)
2024-06-20T21:00:00,R003,Shambhavi,2316600,13.0521,74.7823,2.68,10.72,2.68,1.17,8.96,12.96,16.96,NORMAL,Simulated (formula: level = rain*0.6 + upstream_rain*0.4)
2024-06-20T22:00:00,R003,Shambhavi,2316600,13.0521,74.7823,2.818,14.79,1.45,2.68,8.96,12.96,16.96,NORMAL,Simulated (formula: level = rain*0.6 + upstream_rain*0.4)
2024-06-20T23:00:00,R003,Shambhavi,2316600,13.0521,74.7823,3.521,14.94,3.98,1.45,8.96,12.96,16.96,NORMAL,Simulated (formula: level = rain*0.6 + upstream_rain*0.4)
2024-06-21T00:00:00,R003,Shambhavi,2316600,13.0521,74.7823,16.899,76.91,33.45,3.98,8.96,12.96,16.96,DANGER,Simulated (formula: level = rain*0.6 + upstream_rain*0.4)
2024-06-21T01:00:00,R003,Shambhavi,2316600,13.0521,74.7823,17.308,68.39,5.28,33.45,8.96,12.96,16.96,FLOOD,Simulated (formula: level = rain*0.6 + upstream_rain*0.4)
2024-06-21T02:00:00,R003,Shambhavi,2316600,13.0521,74.7823,9.518,48.19,4.92,5.28,8.96,12.96,16.96,WARNING,Simulated (formula: level = rain*0.6 + upstream_rain*0.4)
2024-06-21T03:00:00,R003,Shambhavi,2316600,13.0521,74.7823,7.452,30.48,6.06,4.92,8.96,12.96,16.96,NORMAL,Simulated (formula: level = rain*0.6 + upstream_rain*0.4)
2024-06-21T04:00:00,R003,Shambhavi,2316600,13.0521,74.7823,5.478,23.83,2.0,6.06,8.96,12.96,16.96,NORMAL,Simulated (formula: level = rain*0.6 + upstream_rain*0.4)
2024-06-21T05:00:00,R003,Shambhavi,2316600,13.0521,74.7823,3.895,19.95,2.53,2.0,8.96,12.96,16.96,NORMAL,Simulated (formula: level = rain*0.6 + upstream_rain*0.4)
2024-06-21T06:00:00,R003,Shambhavi,2316600,13.0521,74.7823,3.38,14.95,2.22,2.53,8.96,12.96,16.96,NORMAL,Simulated (formula: level = rain*0.6 + upstream_rain*0.4)
2024-06-21T07:00:00,R003,Shambhavi,2316600,13.0521,74.7823,3.156,13.12,2.11,2.22,8.96,12.96,16.96,NORMAL,Simulated (formula: level = rain*0.6 + upstream_rain*0.4)
2024-06-21T08:00:00,R003,Shambhavi,2316600,13.0521,74.7823,3.419,15.84,2.76,2.11,8.96,12.96,16.96,NORMAL,Simulated (formula: level = rain*0.6 + upstream_rain*0.4)
2024-06-21T09:00:00,R003,Shambhavi,2316600,13.0521,74.7823,3.523,17.84,2.63,2.76,8.96,12.96,16.96,NORMAL,Simulated (formula: level = rain*0.6 + upstream_rain*0.4)
2024-06-21T10:00:00,R003,Shambhavi,2316600,13.0521,74.7823,2.873,12.74,1.0,2.63,8.96,12.96,16.96,NORMAL,Simulated (formula: level = rain*0.6 + upstream_rain*0.4)
2024-06-21T11:00:00,R003,Shambhavi,2316600,13.0521,74.7823,2.582,10.78,1.63,1.0,8.96,12.96,16.96,NORMAL,Simulated (formula: level = rain*0.6 + upstream_rain*0.4)
2024-06-21T12:00:00,R003,Shambhavi,2316600,13.0521,74.7823,3.231,16.59,3.11,1.63,8.96,12.96,16.96,NORMAL,Simulated (formula: level = rain*0.6 + upstream_rain*0.4)
2024-06-21T13:00:00,R003,Shambhavi,2316600,13.0521,74.7823,3.656,17.19,2.7,3.11,8.96,12.96,16.96,NORMAL,Simulated (formula: level = rain*0.6 + upstream_rain*0.4)
2024-06-21T14:00:00,R003,Shambhavi,2316600,13.0521,74.7823,3.355,17.35,2.13,2.7,8.96,12.96,16.96,NORMAL,Simulated (formula: level = rain*0.6 + upstream_rain*0.4)
2024-06-21T15:00:00,R003,Shambhavi,2316600,13.0521,74.7823,3.283,12.95,2.43,2.13,8.96,12.96,16.96,NORMAL,Simulated (formula: level = rain*0.6 + upstream_rain*0.4)
2024-06-21T16:00:00,R003,Shambhavi,2316600,13.0521,74.7823,2.648,13.65,0.94,2.43,8.96,12.96,16.96,NORMAL,Simulated (formula: level = rain*0.6 + upstream_rain*0.4)
2024-06-21T17:00:00,R003,Shambhavi,2316600,13.0521,74.7823,2.035,9.69,0.63,0.94,8.96,12.96,16.96,NORMAL,Simulated (formula: level = rain*0.6 + upstream_rain*0.4)
2024-06-21T18:00:00,R003,Shambhavi,2316600,13.0521,74.7823,2.085,9.01,1.42,0.63,8.96,12.96,16.96,NORMAL,Simulated (formula: level = rain*0.6 + upstream_rain*0.4)
2024-06-21T19:00:00,R003,Shambhavi,2316600,13.0521,74.7823,2.131,10.69,1.09,1.42,8.96,12.96,16.96,NORMAL,Simulated (formula: level = rain*0.6 + upstream_rain*0.4)
2024-06-21T20:00:00,R003,Shambhavi,2316600,13.0521,74.7823,2.106,9.15,0.96,1.09,8.96,12.96,16.96,NORMAL,Simulated (formula: level = rain*0.6 + upstream_rain*0.4)
2024-06-21T21:00:00,R003,Shambhavi,2316600,13.0521,74.7823,4.439,20.91,6.86,0.96,8.96,12.96,16.96,NORMAL,Simulated (formula: level = rain*0.6 + upstream_rain*0.4)
2024-06-21T22:00:00,R003,Shambhavi,2316600,13.0521,74.7823,5.95,25.72,4.88,6.86,8.96,12.96,16.96,NORMAL,Simulated (formula: level = rain*0.6 + upstream_rain*0.4)
2024-06-21T23:00:00,R003,Shambhavi,2316600,13.0521,74.7823,4.596,19.38,1.86,4.88,8.96,12.96,16.96,NORMAL,Simulated (formula: level = rain*0.6 + upstream_rain*0.4)
2024-06-22T00:00:00,R003,Shambhavi,2316600,13.0521,74.7823,5.105,26.65,5.96,1.86,8.96,12.96,16.96,NORMAL,Simulated (formula: level = rain*0.6 + upstream_rain*0.4)
2024-06-22T01:00:00,R003,Shambhavi,2316600,13.0521,74.7823,10.146,43.91,14.85,5.96,8.96,12.96,16.96,WARNING,Simulated (formula: level = rain*0.6 + upstream_rain*0.4)
2024-06-22T02:00:00,R003,Shambhavi,2316600,13.0521,74.7823,18.331,84.72,24.87,14.85,8.96,12.96,16.96,FLOOD,Simulated (formula: level = rain*0.6 + upstream_rain*0.4)
2024-06-22T03:00:00,R003,Shambhavi,2316600,13.0521,74.7823,14.875,69.48,4.29,24.87,8.96,12.96,16.96,DANGER,Simulated (formula: level = rain*0.6 + upstream_rain*0.4)
2024-06-22T04:00:00,R003,Shambhavi,2316600,13.0521,74.7823,7.806,38.3,3.57,4.29,8.96,12.96,16.96,NORMAL,Simulated (formula: level = rain*0.6 + upstream_rain*0.4)
2024-06-22T05:00:00,R003,Shambhavi,2316600,13.0521,74.7823,15.616,66.17,27.75,3.57,8.96,12.96,16.96,DANGER,Simulated (formula: level = rain*0.6 + upstream_rain*0.4)
2024-06-22T06:00:00,R003,Shambhavi,2316600,13.0521,74.7823,17.692,89.85,11.06,27.75,8.96,12.96,16.96,FLOOD,Simulated (formula: level = rain*0.6 + upstream_rain*0.4)
2024-06-22T07:00:00,R003,Shambhavi,2316600,13.0521,74.7823,15.449,70.06,15.17,11.06,8.96,12.96,16.96,DANGER,Simulated (formula: level = rain*0.6 + upstream_rain*0.4)
2024-06-22T08:00:00,R003,Shambhavi,2316600,13.0521,74.7823,20.688,106.39,26.44,15.17,8.96,12.96,16.96,FLOOD,Simulated (formula: level = rain*0.6 + upstream_rain*0.4)
2024-06-22T09:00:00,R003,Shambhavi,2316600,13.0521,74.7823,14.804,63.57,1.12,26.44,8.96,12.96,16.96,DANGER,Simulated (formula: level = rain*0.6 + upstream_rain*0.4)
2024-06-22T10:00:00,R003,Shambhavi,2316600,13.0521,74.7823,5.737,29.88,0.76,1.12,8.96,12.96,16.96,NORMAL,Simulated (formula: level = rain*0.6 + upstream_rain*0.4)
2024-06-22T11:00:00,R003,Shambhavi,2316600,13.0521,74.7823,3.163,14.67,1.17,0.76,8.96,12.96,16.96,NORMAL,Simulated (formula: level = rain*0.6 + upstream_rain*0.4)
2024-06-22T12:00:00,R003,Shambhavi,2316600,13.0521,74.7823,2.773,11.41,2.14,1.17,8.96,12.96,16.96,NORMAL,Simulated (formula: level = rain*0.6 + upstream_rain*0.4)
2024-06-22T13:00:00,R003,Shambhavi,2316600,13.0521,74.7823,2.871,14.14,1.76,2.14,8.96,12.96,16.96,NORMAL,Simulated (formula: level = rain*0.6 + upstream_rain*0.4)
2024-06-22T14:00:00,R003,Shambhavi,2316600,13.0521,74.7823,2.794,12.57,1.77,1.76,8.96,12.96,16.96,NORMAL,Simulated (formula: level = rain*0.6 + upstream_rain*0.4)
2024-06-22T15:00:00,R003,Shambhavi,2316600,13.0521,74.7823,2.461,11.69,1.04,1.77,8.96,12.96,16.96,NORMAL,Simulated (formula: level = rain*0.6 + upstream_rain*0.4)
2024-06-22T16:00:00,R003,Shambhavi,2316600,13.0521,74.7823,2.145,10.1,0.94,1.04,8.96,12.96,16.96,NORMAL,Simulated (formula: level = rain*0.6 + upstream_rain*0.4)
2024-06-22T17:00:00,R003,Shambhavi,2316600,13.0521,74.7823,1.78,8.86,0.54,0.94,8.96,12.96,16.96,NORMAL,Simulated (formula: level = rain*0.6 + upstream_rain*0.4)
2024-06-22T18:00:00,R003,Shambhavi,2316600,13.0521,74.7823,1.568,8.14,0.7,0.54,8.96,12.96,16.96,NORMAL,Simulated (formula: level = rain*0.6 + upstream_rain*0.4)
2024-06-22T19:00:00,R003,Shambhavi,2316600,13.0521,74.7823,1.714,8.88,0.79,0.7,8.96,12.96,16.96,NORMAL,Simulated (formula: level = rain*0.6 + upstream_rain*0.4)
2024-06-22T20:00:00,R003,Shambhavi,2316600,13.0521,74.7823,2.138,11.25,1.67,0.79,8.96,12.96,16.96,NORMAL,Simulated (formula: level = rain*0.6 + upstream_rain*0.4)
2024-06-22T21:00:00,R003,Shambhavi,2316600,13.0521,74.7823,2.52,12.77,2.06,1.67,8.96,12.96,16.96,NORMAL,Simulated (formula: level = rain*0.6 + upstream_rain*0.4)
2024-06-22T22:00:00,R003,Shambhavi,2316600,13.0521,74.7823,4.155,17.55,4.96,2.06,8.96,12.96,16.96,NORMAL,Simulated (formula: level = rain*0.6 + upstream_rain*0.4)
2024-06-22T23:00:00,R003,Shambhavi,2316600,13.0521,74.7823,5.012,25.35,3.91,4.96,8.96,12.96,16.96,NORMAL,Simulated (formula: level = rain*0.6 + upstream_rain*0.4)
2024-06-23T00:00:00,R003,Shambhavi,2316600,13.0521,74.7823,5.45,21.54,5.12,3.91,8.96,12.96,16.96,NORMAL,Simulated (formula: level = rain*0.6 + upstream_rain*0.4)
2024-06-23T01:00:00,R003,Shambhavi,2316600,13.0521,74.7823,5.596,28.34,4.33,5.12,8.96,12.96,16.96,NORMAL,Simulated (formula: level = rain*0.6 + upstream_rain*0.4)
2024-06-23T02:00:00,R003,Shambhavi,2316600,13.0521,74.7823,4.435,22.99,2.07,4.33,8.96,12.96,16.96,NORMAL,Simulated (formula: level = rain*0.6 + upstream_rain*0.4)
2024-06-23T03:00:00,R003,Shambhavi,2316600,13.0521,74.7823,3.509,14.69,2.16,2.07,8.96,12.96,16.96,NORMAL,Simulated (formula: level = rain*0.6 + upstream_rain*0.4)
2024-06-23T04:00:00,R003,Shambhavi,2316600,13.0521,74.7823,3.548,17.93,2.87,2.16,8.96,12.96,16.96,NORMAL,Simulated (formula: level = rain*0.6 + upstream_rain*0.4)
2024-06-23T05:00:00,R003,Shambhavi,2316600,13.0521,74.7823,3.625,19.01,2.42,2.87,8.96,12.96,16.96,NORMAL,Simulated (formula: level = rain*0.6 + upstream_rain*0.4)
2024-06-23T06:00:00,R003,Shambhavi,2316600,13.0521,74.7823,3.974,17.72,3.57,2.42,8.96,12.96,16.96,NORMAL,Simulated (formula: level = rain*0.6 + upstream_rain*0.4)
2024-06-23T07:00:00,R003,Shambhavi,2316600,13.0521,74.7823,3.389,17.74,1.05,3.57,8.96,12.96,16.96,NORMAL,Simulated (formula: level = rain*0.6 + upstream_rain*0.4)
2024-06-23T08:00:00,R003,Shambhavi,2316600,13.0521,74.7823,2.221,10.68,0.62,1.05,8.96,12.96,16.96,NORMAL,Simulated (formula: level = rain*0.6 + upstream_rain*0.4)
2024-06-23T09:00:00,R003,Shambhavi,2316600,13.0521,74.7823,2.017,10.32,1.19,0.62,8.96,12.96,16.96,NORMAL,Simulated (formula: level = rain*0.6 + upstream_rain*0.4)
2024-06-23T10:00:00,R003,Shambhavi,2316600,13.0521,74.7823,2.021,8.62,0.88,1.19,8.96,12.96,16.96,NORMAL,Simulated (formula: level = rain*0.6 + upstream_rain*0.4)
2024-06-23T11:00:00,R003,Shambhavi,2316600,13.0521,74.7823,1.969,8.27,1.12,0.88,8.96,12.96,16.96,NORMAL,Simulated (formula: level = rain*0.6 + upstream_rain*0.4)
2024-06-23T12:00:00,R003,Shambhavi,2316600,13.0521,74.7823,2.424,11.84,1.79,1.12,8.96,12.96,16.96,NORMAL,Simulated (formula: level = rain*0.6 + upstream_rain*0.4)
2024-06-23T13:00:00,R003,Shambhavi,2316600,13.0521,74.7823,2.529,11.08,1.63,1.79,8.96,12.96,16.96,NORMAL,Simulated (formula: level = rain*0.6 + upstream_rain*0.4)
2024-06-23T14:00:00,R003,Shambhavi,2316600,13.0521,74.7823,2.665,12.95,1.82,1.63,8.96,12.96,16.96,NORMAL,Simulated (formula: level = rain*0.6 + upstream_rain*0.4)
2024-06-23T15:00:00,R003,Shambhavi,2316600,13.0521,74.7823,2.512,9.98,1.31,1.82,8.96,12.96,16.96,NORMAL,Simulated (formula: level = rain*0.6 + upstream_rain*0.4)
2024-06-23T16:00:00,R003,Shambhavi,2316600,13.0521,74.7823,3.114,14.69,3.22,1.31,8.96,12.96,16.96,NORMAL,Simulated (formula: level = rain*0.6 + upstream_rain*0.4)
2024-06-23T17:00:00,R003,Shambhavi,2316600,13.0521,74.7823,3.162,15.89,1.63,3.22,8.96,12.96,16.96,NORMAL,Simulated (formula: level = rain*0.6 + upstream_rain*0.4)
2024-06-23T18:00:00,R003,Shambhavi,2316600,13.0521,74.7823,2.498,11.5,1.05,1.63,8.96,12.96,16.96,NORMAL,Simulated (formula: level = rain*0.6 + upstream_rain*0.4)
2024-06-23T19:00:00,R003,Shambhavi,2316600,13.0521,74.7823,2.066,8.42,0.97,1.05,8.96,12.96,16.96,NORMAL,Simulated (formula: level = rain*0.6 + upstream_rain*0.4)
2024-06-23T20:00:00,R003,Shambhavi,2316600,13.0521,74.7823,2.185,10.35,1.45,0.97,8.96,12.96,16.96,NORMAL,Simulated (formula: level = rain*0.6 + upstream_rain*0.4)
2024-06-23T21:00:00,R003,Shambhavi,2316600,13.0521,74.7823,3.083,15.67,3.04,1.45,8.96,12.96,16.96,NORMAL,Simulated (formula: level = rain*0.6 + upstream_rain*0.4)
2024-06-23T22:00:00,R003,Shambhavi,2316600,13.0521,74.7823,4.153,17.3,3.94,3.04,8.96,12.96,16.96,NORMAL,Simulated (formula: level = rain*0.6 + upstream_rain*0.4)
2024-06-23T23:00:00,R003,Shambhavi,2316600,13.0521,74.7823,4.245,21.76,3.09,3.94,8.96,12.96,16.96,NORMAL,Simulated (formula: level = rain*0.6 + upstream_rain*0.4)
2024-06-24T00:00:00,R003,Shambhavi,2316600,13.0521,74.7823,3.519,14.27,1.78,3.09,8.96,12.96,16.96,NORMAL,Simulated (formula: level = rain*0.6 + upstream_rain*0.4)
2024-06-24T01:00:00,R003,Shambhavi,2316600,13.0521,74.7823,2.929,14.4,1.66,1.78,8.96,12.96,16.96,NORMAL,Simulated (formula: level = rain*0.6 + upstream_rain*0.4)
2024-06-24T02:00:00,R003,Shambhavi,2316600,13.0521,74.7823,2.944,13.85,2.09,1.66,8.96,12.96,16.96,NORMAL,Simulated (formula: level = rain*0.6 + upstream_rain*0.4)
2024-06-24T03:00:00,R003,Shambhavi,2316600,13.0521,74.7823,3.146,14.49,2.31,2.09,8.96,12.96,16.96,NORMAL,Simulated (formula: level = rain*0.6 + upstream_rain*0.4)
2024-06-24T04:00:00,R003,Shambhavi,2316600,13.0521,74.7823,3.782,16.0,3.63,2.31,8.96,12.96,16.96,NORMAL,Simulated (formula: level = rain*0.6 + upstream_rain*0.4)
2024-06-24T05:00:00,R003,Shambhavi,2316600,13.0521,74.7823,4.224,17.29,3.08,3.63,8.96,12.96,16.96,NORMAL,Simulated (formula: level = rain*0.6 + upstream_rain*0.4)
2024-06-24T06:00:00,R003,Shambhavi,2316600,13.0521,74.7823,3.721,16.96,2.04,3.08,8.96,12.96,16.96,NORMAL,Simulated (formula: level = rain*0.6 + upstream_rain*0.4)
2024-06-24T07:00:00,R003,Shambhavi,2316600,13.0521,74.7823,3.344,17.72,2.25,2.04,8.96,12.96,16.96,NORMAL,Simulated (formula: level = rain*0.6 + upstream_rain*0.4)
2024-06-24T08:00:00,R003,Shambhavi,2316600,13.0521,74.7823,4.236,18.08,4.54,2.25,8.96,12.96,16.96,NORMAL,Simulated (formula: level = rain*0.6 + upstream_rain*0.4)
2024-06-24T09:00:00,R003,Shambhavi,2316600,13.0521,74.7823,3.724,19.17,1.18,4.54,8.96,12.96,16.96,NORMAL,Simulated (formula: level = rain*0.6 + upstream_rain*0.4)
2024-06-24T10:00:00,R003,Shambhavi,2316600,13.0521,74.7823,3.861,20.06,4.11,1.18,8.96,12.96,16.96,NORMAL,Simulated (formula: level = rain*0.6 + upstream_rain*0.4)
2024-06-24T11:00:00,R003,Shambhavi,2316600,13.0521,74.7823,3.261,14.08,0.82,4.11,8.96,12.96,16.96,NORMAL,Simulated (formula: level = rain*0.6 + upstream_rain*0.4)
2024-06-24T12:00:00,R003,Shambhavi,2316600,13.0521,74.7823,2.28,10.0,0.93,0.82,8.96,12.96,16.96,NORMAL,Simulated (formula: level = rain*0.6 + upstream_rain*0.4)
2024-06-24T13:00:00,R003,Shambhavi,2316600,13.0521,74.7823,2.137,11.29,1.27,0.93,8.96,12.96,16.96,NORMAL,Simulated (formula: level = rain*0.6 + upstream_rain*0.4)
2024-06-24T14:00:00,R003,Shambhavi,2316600,13.0521,74.7823,3.085,13.79,3.45,1.27,8.96,12.96,16.96,NORMAL,Simulated (formula: level = rain*0.6 + upstream_rain*0.4)
2024-06-24T15:00:00,R003,Shambhavi,2316600,13.0521,74.7823,3.379,16.4,1.93,3.45,8.96,12.96,16.96,NORMAL,Simulated (formula: level = rain*0.6 + upstream_rain*0.4)
2024-06-24T16:00:00,R003,Shambhavi,2316600,13.0521,74.7823,4.098,16.38,4.44,1.93,8.96,12.96,16.96,NORMAL,Simulated (formula: level = rain*0.6 + upstream_rain*0.4)
2024-06-24T17:00:00,R003,Shambhavi,2316600,13.0521,74.7823,3.71,16.21,1.2,4.44,8.96,12.96,16.96,NORMAL,Simulated (formula: level = rain*0.6 + upstream_rain*0.4)
2024-06-24T18:00:00,R003,Shambhavi,2316600,13.0521,74.7823,2.666,13.17,1.12,1.2,8.96,12.96,16.96,NORMAL,Simulated (formula: level = rain*0.6 + upstream_rain*0.4)
2024-06-24T19:00:00,R003,Shambhavi,2316600,13.0521,74.7823,2.286,11.44,1.28,1.12,8.96,12.96,16.96,NORMAL,Simulated (formula: level = rain*0.6 + upstream_rain*0.4)
2024-06-24T20:00:00,R003,Shambhavi,2316600,13.0521,74.7823,10.566,54.59,21.14,1.28,8.96,12.96,16.96,WARNING,Simulated (formula: level = rain*0.6 + upstream_rain*0.4)
2024-06-24T21:00:00,R003,Shambhavi,2316600,13.0521,74.7823,16.078,76.71,15.26,21.14,8.96,12.96,16.96,DANGER,Simulated (formula: level = rain*0.6 + upstream_rain*0.4)
2024-06-24T22:00:00,R003,Shambhavi,2316600,13.0521,74.7823,10.882,57.32,2.64,15.26,8.96,12.96,16.96,WARNING,Simulated (formula: level = rain*0.6 + upstream_rain*0.4)
2024-06-24T23:00:00,R003,Shambhavi,2316600,13.0521,74.7823,5.268,27.81,1.42,2.64,8.96,12.96,16.96,NORMAL,Simulated (formula: level = rain*0.6 + upstream_rain*0.4)
2024-06-25T00:00:00,R003,Shambhavi,2316600,13.0521,74.7823,4.396,19.48,4.29,1.42,8.96,12.96,16.96,NORMAL,Simulated (formula: level = rain*0.6 + upstream_rain*0.4)
2024-06-25T01:00:00,R003,Shambhavi,2316600,13.0521,74.7823,5.154,22.65,4.91,4.29,8.96,12.96,16.96,NORMAL,Simulated (formula: level = rain*0.6 + upstream_rain*0.4)
2024-06-25T02:00:00,R003,Shambhavi,2316600,13.0521,74.7823,8.432,37.31,11.23,4.91,8.96,12.96,16.96,NORMAL,Simulated (formula: level = rain*0.6 + upstream_rain*0.4)
2024-06-25T03:00:00,R003,Shambhavi,2316600,13.0521,74.7823,9.393,42.06,7.17,11.23,8.96,12.96,16.96,WARNING,Simulated (formula: level = rain*0.6 + upstream_rain*0.4)
2024-06-25T04:00:00,R003,Shambhavi,2316600,13.0521,74.7823,6.908,27.15,3.29,7.17,8.96,12.96,16.96,NORMAL,Simulated (formula: level = rain*0.6 + upstream_rain*0.4)
2024-06-25T05:00:00,R003,Shambhavi,2316600,13.0521,74.7823,4.527,22.23,2.21,3.29,8.96,12.96,16.96,NORMAL,Simulated (formula: level = rain*0.6 + upstream_rain*0.4)
2024-06-25T06:00:00,R003,Shambhavi,2316600,13.0521,74.7823,4.737,23.88,5.08,2.21,8.96,12.96,16.96,NORMAL,Simulated (formula: level = rain*0.6 + upstream_rain*0.4)
2024-06-25T07:00:00,R003,Shambhavi,2316600,13.0521,74.7823,3.773,15.32,0.68,5.08,8.96,12.96,16.96,NORMAL,Simulated (formula: level = rain*0.6 + upstream_rain*0.4)
2024-06-25T08:00:00,R003,Shambhavi,2316600,13.0521,74.7823,2.456,9.9,1.04,0.68,8.96,12.96,16.96,NORMAL,Simulated (formula: level = rain*0.6 + upstream_rain*0.4)
2024-06-25T09:00:00,R003,Shambhavi,2316600,13.0521,74.7823,2.268,11.87,1.26,1.04,8.96,12.96,16.96,NORMAL,Simulated (formula: level = rain*0.6 + upstream_rain*0.4)
2024-06-25T10:00:00,R003,Shambhavi,2316600,13.0521,74.7823,2.215,11.29,1.28,1.26,8.96,12.96,16.96,NORMAL,Simulated (formula: level = rain*0.6 + upstream_rain*0.4)
2024-06-25T11:00:00,R003,Shambhavi,2316600,13.0521,74.7823,1.971,8.54,0.34,1.28,8.96,12.96,16.96,NORMAL,Simulated (formula: level = rain*0.6 + upstream_rain*0.4)
2024-06-25T12:00:00,R003,Shambhavi,2316600,13.0521,74.7823,1.876,9.87,1.03,0.34,8.96,12.96,16.96,NORMAL,Simulated (formula: level = rain*0.6 + upstream_rain*0.4)
2024-06-25T13:00:00,R003,Shambhavi,2316600,13.0521,74.7823,2.329,10.96,2.03,1.03,8.96,12.96,16.96,NORMAL,Simulated (formula: level = rain*0.6 + upstream_rain*0.4)
2024-06-25T14:00:00,R003,Shambhavi,2316600,13.0521,74.7823,2.789,13.78,1.91,2.03,8.96,12.96,16.96,NORMAL,Simulated (formula: level = rain*0.6 + upstream_rain*0.4)
2024-06-25T15:00:00,R003,Shambhavi,2316600,13.0521,74.7823,2.461,11.74,1.06,1.91,8.96,12.96,16.96,NORMAL,Simulated (formula: level = rain*0.6 + upstream_rain*0.4)
2024-06-25T16:00:00,R003,Shambhavi,2316600,13.0521,74.7823,2.439,12.37,1.69,1.06,8.96,12.96,16.96,NORMAL,Simulated (formula: level = rain*0.6 + upstream_rain*0.4)
2024-06-25T17:00:00,R003,Shambhavi,2316600,13.0521,74.7823,2.468,10.84,1.44,1.69,8.96,12.96,16.96,NORMAL,Simulated (formula: level = rain*0.6 + upstream_rain*0.4)
2024-06-25T18:00:00,R003,Shambhavi,2316600,13.0521,74.7823,1.993,9.46,0.43,1.44,8.96,12.96,16.96,NORMAL,Simulated (formula: level = rain*0.6 + upstream_rain*0.4)
2024-06-25T19:00:00,R003,Shambhavi,2316600,13.0521,74.7823,2.369,10.72,2.25,0.43,8.96,12.96,16.96,NORMAL,Simulated (formula: level = rain*0.6 + upstream_rain*0.4)
2024-06-25T20:00:00,R003,Shambhavi,2316600,13.0521,74.7823,2.583,11.11,1.39,2.25,8.96,12.96,16.96,NORMAL,Simulated (formula: level = rain*0.6 + upstream_rain*0.4)
2024-06-25T21:00:00,R003,Shambhavi,2316600,13.0521,74.7823,3.225,14.43,3.3,1.39,8.96,12.96,16.96,NORMAL,Simulated (formula: level = rain*0.6 + upstream_rain*0.4)
2024-06-25T22:00:00,R003,Shambhavi,2316600,13.0521,74.7823,3.234,13.32,1.62,3.3,8.96,12.96,16.96,NORMAL,Simulated (formula: level = rain*0.6 + upstream_rain*0.4)
2024-06-25T23:00:00,R003,Shambhavi,2316600,13.0521,74.7823,3.609,15.73,3.45,1.62,8.96,12.96,16.96,NORMAL,Simulated (formula: level = rain*0.6 + upstream_rain*0.4)
2024-06-26T00:00:00,R003,Shambhavi,2316600,13.0521,74.7823,4.355,17.63,3.75,3.45,8.96,12.96,16.96,NORMAL,Simulated (formula: level = rain*0.6 + upstream_rain*0.4)
2024-06-26T01:00:00,R003,Shambhavi,2316600,13.0521,74.7823,4.051,17.35,2.53,3.75,8.96,12.96,16.96,NORMAL,Simulated (formula: level = rain*0.6 + upstream_rain*0.4)
2024-06-26T02:00:00,R003,Shambhavi,2316600,13.0521,74.7823,4.315,21.1,4.07,2.53,8.96,12.96,16.96,NORMAL,Simulated (formula: level = rain*0.6 + upstream_rain*0.4)
2024-06-26T03:00:00,R003,Shambhavi,2316600,13.0521,74.7823,4.271,17.67,2.75,4.07,8.96,12.96,16.96,NORMAL,Simulated (formula: level = rain*0.6 + upstream_rain*0.4)
2024-06-26T04:00:00,R003,Shambhavi,2316600,13.0521,74.7823,3.512,16.29,2.15,2.75,8.96,12.96,16.96,NORMAL,Simulated (formula: level = rain*0.6 + upstream_rain*0.4)
2024-06-26T05:00:00,R003,Shambhavi,2316600,13.0521,74.7823,3.584,14.52,2.98,2.15,8.96,12.96,16.96,NORMAL,Simulated (formula: level = rain*0.6 + upstream_rain*0.4)
2024-06-26T06:00:00,R003,Shambhavi,2316600,13.0521,74.7823,3.231,14.03,1.33,2.98,8.96,12.96,16.96,NORMAL,Simulated (formula: level = rain*0.6 + upstream_rain*0.4)
2024-06-26T07:00:00,R003,Shambhavi,2316600,13.0521,74.7823,2.823,14.67,1.95,1.33,8.96,12.96,16.96,NORMAL,Simulated (formula: level = rain*0.6 + upstream_rain*0.4)
2024-06-26T08:00:00,R003,Shambhavi,2316600,13.0521,74.7823,7.366,29.4,12.67,1.95,8.96,12.96,16.96,NORMAL,Simulated (formula: level = rain*0.6 + upstream_rain*0.4)
2024-06-26T09:00:00,R003,Shambhavi,2316600,13.0521,74.7823,15.479,75.17,21.49,12.67,8.96,12.96,16.96,DANGER,Simulated (formula: level = rain*0.6 + upstream_rain*0.4)
2024-06-26T10:00:00,R003,Shambhavi,2316600,13.0521,74.7823,11.809,47.48,1.01,21.49,8.96,12.96,16.96,WARNING,Simulated (formula: level = rain*0.6 + upstream_rain*0.4)
2024-06-26T11:00:00,R003,Shambhavi,2316600,13.0521,74.7823,5.522,22.6,2.41,1.01,8.96,12.96,16.96,NORMAL,Simulated (formula: level = rain*0.6 + upstream_rain*0.4)
2024-06-26T12:00:00,R003,Shambhavi,2316600,13.0521,74.7823,16.23,84.19,31.6,2.41,8.96,12.96,16.96,DANGER,Simulated (formula: level = rain*0.6 + upstream_rain*0.4)
2024-06-26T13:00:00,R003,Shambhavi,2316600,13.0521,74.7823,15.407,73.51,2.49,31.6,8.96,12.96,16.96,DANGER,Simulated (formula: level = rain*0.6 + upstream_rain*0.4)
2024-06-26T14:00:00,R003,Shambhavi,2316600,13.0521,74.7823,6.781,33.53,1.99,2.49,8.96,12.96,16.96,NORMAL,Simulated (formula: level = rain*0.6 + upstream_rain*0.4)
2024-06-26T15:00:00,R003,Shambhavi,2316600,13.0521,74.7823,3.524,15.88,0.38,1.99,8.96,12.96,16.96,NORMAL,Simulated (formula: level = rain*0.6 + upstream_rain*0.4)
2024-06-26T16:00:00,R003,Shambhavi,2316600,13.0521,74.7823,2.274,11.53,1.08,0.38,8.96,12.96,16.96,NORMAL,Simulated (formula: level = rain*0.6 + upstream_rain*0.4)
2024-06-26T17:00:00,R003,Shambhavi,2316600,13.0521,74.7823,2.695,13.35,2.57,1.08,8.96,12.96,16.96,NORMAL,Simulated (formula: level = rain*0.6 + upstream_rain*0.4)
2024-06-26T18:00:00,R003,Shambhavi,2316600,13.0521,74.7823,2.809,12.1,1.49,2.57,8.96,12.96,16.96,NORMAL,Simulated (formula: level = rain*0.6 + upstream_rain*0.4)
2024-06-26T19:00:00,R003,Shambhavi,2316600,13.0521,74.7823,2.565,13.52,1.31,1.49,8.96,12.96,16.96,NORMAL,Simulated (formula: level = rain*0.6 + upstream_rain*0.4)
2024-06-26T20:00:00,R003,Shambhavi,2316600,13.0521,74.7823,2.057,10.18,0.63,1.31,8.96,12.96,16.96,NORMAL,Simulated (formula: level = rain*0.6 + upstream_rain*0.4)
2024-06-26T21:00:00,R003,Shambhavi,2316600,13.0521,74.7823,2.249,11.18,1.91,0.63,8.96,12.96,16.96,NORMAL,Simulated (formula: level = rain*0.6 + upstream_rain*0.4)
2024-06-26T22:00:00,R003,Shambhavi,2316600,13.0521,74.7823,2.827,13.1,2.23,1.91,8.96,12.96,16.96,NORMAL,Simulated (formula: level = rain*0.6 + upstream_rain*0.4)
2024-06-26T23:00:00,R003,Shambhavi,2316600,13.0521,74.7823,3.907,19.91,4.15,2.23,8.96,12.96,16.96,NORMAL,Simulated (formula: level = rain*0.6 + upstream_rain*0.4)
2024-06-27T00:00:00,R003,Shambhavi,2316600,13.0521,74.7823,4.023,18.86,2.48,4.15,8.96,12.96,16.96,NORMAL,Simulated (formula: level = rain*0.6 + upstream_rain*0.4)
2024-06-27T01:00:00,R003,Shambhavi,2316600,13.0521,74.7823,3.406,14.47,2.04,2.48,8.96,12.96,16.96,NORMAL,Simulated (formula: level = rain*0.6 + upstream_rain*0.4)
2024-06-27T02:00:00,R003,Shambhavi,2316600,13.0521,74.7823,2.862,13.84,1.54,2.04,8.96,12.96,16.96,NORMAL,Simulated (formula: level = rain*0.6 + upstream_rain*0.4)
2024-06-27T03:00:00,R003,Shambhavi,2316600,13.0521,74.7823,2.922,13.94,2.36,1.54,8.96,12.96,16.96,NORMAL,Simulated (formula: level = rain*0.6 + upstream_rain*0.4)
2024-06-27T04:00:00,R003,Shambhavi,2316600,13.0521,74.7823,3.183,15.02,2.11,2.36,8.96,12.96,16.96,NORMAL,Simulated (formula: level = rain*0.6 + upstream_rain*0.4)
2024-06-27T05:00:00,R003,Shambhavi,2316600,13.0521,74.7823,2.868,13.2,1.68,2.11,8.96,12.96,16.96,NORMAL,Simulated (formula: level = rain*0.6 + upstream_rain*0.4)
2024-06-27T06:00:00,R003,Shambhavi,2316600,13.0521,74.7823,2.776,14.12,1.9,1.68,8.96,12.96,16.96,NORMAL,Simulated (formula: level = rain*0.6 + upstream_rain*0.4)
2024-06-27T07:00:00,R003,Shambhavi,2316600,13.0521,74.7823,2.668,13.39,1.4,1.9,8.96,12.96,16.96,NORMAL,Simulated (formula: level = rain*0.6 + upstream_rain*0.4)
2024-06-27T08:00:00,R003,Shambhavi,2316600,13.0521,74.7823,2.562,12.15,1.83,1.4,8.96,12.96,16.96,NORMAL,Simulated (formula: level = rain*0.6 + upstream_rain*0.4)
2024-06-27T09:00:00,R003,Shambhavi,2316600,13.0521,74.7823,3.3,14.94,3.21,1.83,8.96,12.96,16.96,NORMAL,Simulated (formula: level = rain*0.6 + upstream_rain*0.4)
2024-06-27T10:00:00,R003,Shambhavi,2316600,13.0521,74.7823,3.387,16.03,1.88,3.21,8.96,12.96,16.96,NORMAL,Simulated (formula: level = rain*0.6 + upstream_rain*0.4)
2024-06-27T11:00:00,R003,Shambhavi,2316600,13.0521,74.7823,3.301,14.66,2.44,1.88,8.96,12.96,16.96,NORMAL,Simulated (formula: level = rain*0.6 + upstream_rain*0.4)
2024-06-27T12:00:00,R003,Shambhavi,2316600,13.0521,74.7823,2.961,14.44,1.33,2.44,8.96,12.96,16.96,NORMAL,Simulated (formula: level = rain*0.6 + upstream_rain*0.4)
2024-06-27T13:00:00,R003,Shambhavi,2316600,13.0521,74.7823,2.427,11.88,1.41,1.33,8.96,12.96,16.96,NORMAL,Simulated (formula: level = rain*0.6 + upstream_rain*0.4)
2024-06-27T14:00:00,R003,Shambhavi,2316600,13.0521,74.7823,2.21,11.3,0.92,1.41,8.96,12.96,16.96,NORMAL,Simulated (formula: level = rain*0.6 + upstream_rain*0.4)
2024-06-27T15:00:00,R003,Shambhavi,2316600,13.0521,74.7823,1.776,6.99,0.53,0.92,8.96,12.96,16.96,NORMAL,Simulated (formula: level = rain*0.6 + upstream_rain*0.4)
2024-06-27T16:00:00,R003,Shambhavi,2316600,13.0521,74.7823,1.976,9.07,1.39,0.53,8.96,12.96,16.96,NORMAL,Simulated (formula: level = rain*0.6 + upstream_rain*0.4)
2024-06-27T17:00:00,R003,Shambhavi,2316600,13.0521,74.7823,3.13,14.48,3.65,1.39,8.96,12.96,16.96,NORMAL,Simulated (formula: level = rain*0.6 + upstream_rain*0.4)
2024-06-27T18:00:00,R003,Shambhavi,2316600,13.0521,74.7823,3.552,15.89,2.28,3.65,8.96,12.96,16.96,NORMAL,Simulated (formula: level = rain*0.6 + upstream_rain*0.4)
2024-06-27T19:00:00,R003,Shambhavi,2316600,13.0521,74.7823,2.833,14.09,1.19,2.28,8.96,12.96,16.96,NORMAL,Simulated (formula: level = rain*0.6 + upstream_rain*0.4)
2024-06-27T20:00:00,R003,Shambhavi,2316600,13.0521,74.7823,2.915,11.52,2.57,1.19,8.96,12.96,16.96,NORMAL,Simulated (formula: level = rain*0.6 + upstream_rain*0.4)
2024-06-27T21:00:00,R003,Shambhavi,2316600,13.0521,74.7823,2.928,15.53,1.67,2.57,8.96,12.96,16.96,NORMAL,Simulated (formula: level = rain*0.6 + upstream_rain*0.4)
2024-06-27T22:00:00,R003,Shambhavi,2316600,13.0521,74.7823,4.3,19.42,5.56,1.67,8.96,12.96,16.96,NORMAL,Simulated (formula: level = rain*0.6 + upstream_rain*0.4)
2024-06-27T23:00:00,R003,Shambhavi,2316600,13.0521,74.7823,6.919,29.72,8.01,5.56,8.96,12.96,16.96,NORMAL,Simulated (formula: level = rain*0.6 + upstream_rain*0.4)
2024-06-28T00:00:00,R003,Shambhavi,2316600,13.0521,74.7823,8.176,33.97,7.49,8.01,8.96,12.96,16.96,NORMAL,Simulated (formula: level = rain*0.6 + upstream_rain*0.4)
2024-06-28T01:00:00,R003,Shambhavi,2316600,13.0521,74.7823,6.982,34.69,4.38,7.49,8.96,12.96,16.96,NORMAL,Simulated (formula: level = rain*0.6 + upstream_rain*0.4)
2024-06-28T02:00:00,R003,Shambhavi,2316600,13.0521,74.7823,4.798,24.06,1.97,4.38,8.96,12.96,16.96,NORMAL,Simulated (formula: level = rain*0.6 + upstream_rain*0.4)
2024-06-28T03:00:00,R003,Shambhavi,2316600,13.0521,74.7823,14.511,76.01,28.16,1.97,8.96,12.96,16.96,DANGER,Simulated (formula: level = rain*0.6 + upstream_rain*0.4)
2024-06-28T04:00:00,R003,Shambhavi,2316600,13.0521,74.7823,14.494,75.64,3.67,28.16,8.96,12.96,16.96,DANGER,Simulated (formula: level = rain*0.6 + upstream_rain*0.4)
2024-06-28T05:00:00,R003,Shambhavi,2316600,13.0521,74.7823,7.255,38.48,2.56,3.67,8.96,12.96,16.96,NORMAL,Simulated (formula: level = rain*0.6 + upstream_rain*0.4)
2024-06-28T06:00:00,R003,Shambhavi,2316600,13.0521,74.7823,16.632,80.72,30.89,2.56,8.96,12.96,16.96,DANGER,Simulated (formula: level = rain*0.6 + upstream_rain*0.4)
2024-06-28T07:00:00,R003,Shambhavi,2316600,13.0521,74.7823,15.413,73.83,2.62,30.89,8.96,12.96,16.96,DANGER,Simulated (formula: level = rain*0.6 + upstream_rain*0.4)
2024-06-28T08:00:00,R003,Shambhavi,2316600,13.0521,74.7823,6.354,28.98,0.79,2.62,8.96,12.96,16.96,NORMAL,Simulated (formula: level = rain*0.6 + upstream_rain*0.4)
2024-06-28T09:00:00,R003,Shambhavi,2316600,13.0521,74.7823,3.459,16.61,1.47,0.79,8.96,12.96,16.96,NORMAL,Simulated (formula: level = rain*0.6 + upstream_rain*0.4)
2024-06-28T10:00:00,R003,Shambhavi,2316600,13.0521,74.7823,2.531,11.58,0.88,1.47,8.96,12.96,16.96,NORMAL,Simulated (formula: level = rain*0.6 + upstream_rain*0.4)
2024-06-28T11:00:00,R003,Shambhavi,2316600,13.0521,74.7823,2.125,8.71,1.21,0.88,8.96,12.96,16.96,NORMAL,Simulated (formula: level = rain*0.6 + upstream_rain*0.4)
2024-06-28T12:00:00,R003,Shambhavi,2316600,13.0521,74.7823,2.271,11.37,1.4,1.21,8.96,12.96,16.96,NORMAL,Simulated (formula: level = rain*0.6 + upstream_rain*0.4)
2024-06-28T13:00:00,R003,Shambhavi,2316600,13.0521,74.7823,2.251,10.5,1.01,1.4,8.96,12.96,16.96,NORMAL,Simulated (formula: level = rain*0.6 + upstream_rain*0.4)
2024-06-28T14:00:00,R003,Shambhavi,2316600,13.0521,74.7823,2.347,10.17,1.68,1.01,8.96,12.96,16.96,NORMAL,Simulated (formula: level = rain*0.6 + upstream_rain*0.4)
2024-06-28T15:00:00,R003,Shambhavi,2316600,13.0521,74.7823,2.484,11.94,1.61,1.68,8.96,12.96,16.96,NORMAL,Simulated (formula: level = rain*0.6 + upstream_rain*0.4)
2024-06-28T16:00:00,R003,Shambhavi,2316600,13.0521,74.7823,2.462,11.26,1.58,1.61,8.96,12.96,16.96,NORMAL,Simulated (formula: level = rain*0.6 + upstream_rain*0.4)
2024-06-28T17:00:00,R003,Shambhavi,2316600,13.0521,74.7823,2.376,10.3,1.28,1.58,8.96,12.96,16.96,NORMAL,Simulated (formula: level = rain*0.6 + upstream_rain*0.4)
2024-06-28T18:00:00,R003,Shambhavi,2316600,13.0521,74.7823,3.066,13.43,2.98,1.28,8.96,12.96,16.96,NORMAL,Simulated (formula: level = rain*0.6 + upstream_rain*0.4)
2024-06-28T19:00:00,R003,Shambhavi,2316600,13.0521,74.7823,3.059,12.63,1.58,2.98,8.96,12.96,16.96,NORMAL,Simulated (formula: level = rain*0.6 + upstream_rain*0.4)
2024-06-28T20:00:00,R003,Shambhavi,2316600,13.0521,74.7823,3.112,13.34,2.65,1.58,8.96,12.96,16.96,NORMAL,Simulated (formula: level = rain*0.6 + upstream_rain*0.4)
2024-06-28T21:00:00,R003,Shambhavi,2316600,13.0521,74.7823,17.23,71.57,35.39,2.65,8.96,12.96,16.96,FLOOD,Simulated (formula: level = rain*0.6 + upstream_rain*0.4)
2024-06-28T22:00:00,R003,Shambhavi,2316600,13.0521,74.7823,17.658,77.27,4.43,35.39,8.96,12.96,16.96,FLOOD,Simulated (formula: level = rain*0.6 + upstream_rain*0.4)
2024-06-28T23:00:00,R003,Shambhavi,2316600,13.0521,74.7823,10.024,49.79,6.79,4.43,8.96,12.96,16.96,WARNING,Simulated (formula: level = rain*0.6 + upstream_rain*0.4)
2024-06-29T00:00:00,R003,Shambhavi,2316600,13.0521,74.7823,7.032,29.13,3.58,6.79,8.96,12.96,16.96,NORMAL,Simulated (formula: level = rain*0.6 + upstream_rain*0.4)
2024-06-29T01:00:00,R003,Shambhavi,2316600,13.0521,74.7823,4.438,19.78,1.68,3.58,8.96,12.96,16.96,NORMAL,Simulated (formula: level = rain*0.6 + upstream_rain*0.4)
2024-06-29T02:00:00,R003,Shambhavi,2316600,13.0521,74.7823,3.278,14.64,2.04,1.68,8.96,12.96,16.96,NORMAL,Simulated (formula: level = rain*0.6 + upstream_rain*0.4)
2024-06-29T03:00:00,R003,Shambhavi,2316600,13.0521,74.7823,5.28,27.43,7.29,2.04,8.96,12.96,16.96,NORMAL,Simulated (formula: level = rain*0.6 + upstream_rain*0.4)
2024-06-29T04:00:00,R003,Shambhavi,2316600,13.0521,74.7823,8.887,44.73,11.06,7.29,8.96,12.96,16.96,NORMAL,Simulated (formula: level = rain*0.6 + upstream_rain*0.4)
2024-06-29T05:00:00,R003,Shambhavi,2316600,13.0521,74.7823,8.587,35.79,5.02,11.06,8.96,12.96,16.96,NORMAL,Simulated (formula: level = rain*0.6 + upstream_rain*0.4)
2024-06-29T06:00:00,R003,Shambhavi,2316600,13.0521,74.7823,6.18,25.49,3.77,5.02,8.96,12.96,16.96,NORMAL,Simulated (formula: level = rain*0.6 + upstream_rain*0.4)
2024-06-29T07:00:00,R003,Shambhavi,2316600,13.0521,74.7823,4.349,21.54,1.88,3.77,8.96,12.96,16.96,NORMAL,Simulated (formula: level = rain*0.6 + upstream_rain*0.4)
2024-06-29T08:00:00,R003,Shambhavi,2316600,13.0521,74.7823,3.154,13.88,1.63,1.88,8.96,12.96,16.96,NORMAL,Simulated (formula: level = rain*0.6 + upstream_rain*0.4)
2024-06-29T09:00:00,R003,Shambhavi,2316600,13.0521,74.7823,9.623,50.96,18.0,1.63,8.96,12.96,16.96,WARNING,Simulated (formula: level = rain*0.6 + upstream_rain*0.4)
2024-06-29T10:00:00,R003,Shambhavi,2316600,13.0521,74.7823,8.972,37.82,0.73,18.0,8.96,12.96,16.96,WARNING,Simulated (formula: level = rain*0.6 + upstream_rain*0.4)
2024-06-29T11:00:00,R003,Shambhavi,2316600,13.0521,74.7823,4.037,19.14,1.32,0.73,8.96,12.96,16.96,NORMAL,Simulated (formula: level = rain*0.6 + upstream_rain*0.4)
2024-06-29T12:00:00,R003,Shambhavi,2316600,13.0521,74.7823,2.998,15.31,1.58,1.32,8.96,12.96,16.96,NORMAL,Simulated (formula: level = rain*0.6 + upstream_rain*0.4)
2024-06-29T13:00:00,R003,Shambhavi,2316600,13.0521,74.7823,2.335,9.77,0.9,1.58,8.96,12.96,16.96,NORMAL,Simulated (formula: level = rain*0.6 + upstream_rain*0.4)
2024-06-29T14:00:00,R003,Shambhavi,2316600,13.0521,74.7823,2.233,11.3,1.31,0.9,8.96,12.96,16.96,NORMAL,Simulated (formula: level = rain*0.6 + upstream_rain*0.4)
2024-06-29T15:00:00,R003,Shambhavi,2316600,13.0521,74.7823,1.839,8.34,0.54,1.31,8.96,12.96,16.96,NORMAL,Simulated (formula: level = rain*0.6 + upstream_rain*0.4)
2024-06-29T16:00:00,R003,Shambhavi,2316600,13.0521,74.7823,3.01,12.7,3.81,0.54,8.96,12.96,16.96,NORMAL,Simulated (formula: level = rain*0.6 + upstream_rain*0.4)
2024-06-29T17:00:00,R003,Shambhavi,2316600,13.0521,74.7823,3.956,17.32,3.45,3.81,8.96,12.96,16.96,NORMAL,Simulated (formula: level = rain*0.6 + upstream_rain*0.4)
2024-06-29T18:00:00,R003,Shambhavi,2316600,13.0521,74.7823,3.301,16.0,1.23,3.45,8.96,12.96,16.96,NORMAL,Simulated (formula: level = rain*0.6 + upstream_rain*0.4)
2024-06-29T19:00:00,R003,Shambhavi,2316600,13.0521,74.7823,2.926,13.24,2.2,1.23,8.96,12.96,16.96,NORMAL,Simulated (formula: level = rain*0.6 + upstream_rain*0.4)
2024-06-29T20:00:00,R003,Shambhavi,2316600,13.0521,74.7823,2.661,12.6,1.3,2.2,8.96,12.96,16.96,NORMAL,Simulated (formula: level = rain*0.6 + upstream_rain*0.4)
2024-06-29T21:00:00,R003,Shambhavi,2316600,13.0521,74.7823,3.296,13.18,3.59,1.3,8.96,12.96,16.96,NORMAL,Simulated (formula: level = rain*0.6 + upstream_rain*0.4)
2024-06-29T22:00:00,R003,Shambhavi,2316600,13.0521,74.7823,4.057,17.78,3.18,3.59,8.96,12.96,16.96,NORMAL,Simulated (formula: level = rain*0.6 + upstream_rain*0.4)
2024-06-29T23:00:00,R003,Shambhavi,2316600,13.0521,74.7823,3.919,17.73,2.7,3.18,8.96,12.96,16.96,NORMAL,Simulated (formula: level = rain*0.6 + upstream_rain*0.4)
2024-06-30T00:00:00,R003,Shambhavi,2316600,13.0521,74.7823,3.833,17.28,3.01,2.7,8.96,12.96,16.96,NORMAL,Simulated (formula: level = rain*0.6 + upstream_rain*0.4)
2024-06-30T01:00:00,R003,Shambhavi,2316600,13.0521,74.7823,4.395,18.53,4.18,3.01,8.96,12.96,16.96,NORMAL,Simulated (formula: level = rain*0.6 + upstream_rain*0.4)
2024-06-30T02:00:00,R003,Shambhavi,2316600,13.0521,74.7823,4.68,22.9,3.65,4.18,8.96,12.96,16.96,NORMAL,Simulated (formula: level = rain*0.6 + upstream_rain*0.4)
2024-06-30T03:00:00,R003,Shambhavi,2316600,13.0521,74.7823,4.557,19.73,3.55,3.65,8.96,12.96,16.96,NORMAL,Simulated (formula: level = rain*0.6 + upstream_rain*0.4)
2024-06-30T04:00:00,R003,Shambhavi,2316600,13.0521,74.7823,4.514,21.84,3.53,3.55,8.96,12.96,16.96,NORMAL,Simulated (formula: level = rain*0.6 + upstream_rain*0.4)
2024-06-30T05:00:00,R003,Shambhavi,2316600,13.0521,74.7823,5.326,24.87,5.71,3.53,8.96,12.96,16.96,NORMAL,Simulated (formula: level = rain*0.6 + upstream_rain*0.4)
2024-06-30T06:00:00,R003,Shambhavi,2316600,13.0521,74.7823,4.442,19.18,1.52,5.71,8.96,12.96,16.96,NORMAL,Simulated (formula: level = rain*0.6 + upstream_rain*0.4)
2024-06-30T07:00:00,R003,Shambhavi,2316600,13.0521,74.7823,3.221,16.42,1.8,1.52,8.96,12.96,16.96,NORMAL,Simulated (formula: level = rain*0.6 + upstream_rain*0.4)
2024-06-30T08:00:00,R003,Shambhavi,2316600,13.0521,74.7823,2.926,11.95,1.98,1.8,8.96,12.96,16.96,NORMAL,Simulated (formula: level = rain*0.6 + upstream_rain*0.4)
2024-06-30T09:00:00,R003,Shambhavi,2316600,13.0521,74.7823,3.104,16.17,2.44,1.98,8.96,12.96,16.96,NORMAL,Simulated (formula: level = rain*0.6 + upstream_rain*0.4)
2024-06-30T10:00:00,R003,Shambhavi,2316600,13.0521,74.7823,2.683,11.66,1.1,2.44,8.96,12.96,16.96,NORMAL,Simulated (formula: level = rain*0.6 + upstream_rain*0.4)
2024-06-30T11:00:00,R003,Shambhavi,2316600,13.0521,74.7823,2.285,10.71,1.4,1.1,8.96,12.96,16.96,NORMAL,Simulated (formula: level = rain*0.6 + upstream_rain*0.4)
2024-06-30T12:00:00,R003,Shambhavi,2316600,13.0521,74.7823,2.558,10.64,1.78,1.4,8.96,12.96,16.96,NORMAL,Simulated (formula: level = rain*0.6 + upstream_rain*0.4)
2024-06-30T13:00:00,R003,Shambhavi,2316600,13.0521,74.7823,2.575,13.03,1.53,1.78,8.96,12.96,16.96,NORMAL,Simulated (formula: level = rain*0.6 + upstream_rain*0.4)
2024-06-30T14:00:00,R003,Shambhavi,2316600,13.0521,74.7823,2.689,10.65,1.93,1.53,8.96,12.96,16.96,NORMAL,Simulated (formula: level = rain*0.6 + upstream_rain*0.4)
2024-06-30T15:00:00,R003,Shambhavi,2316600,13.0521,74.7823,3.222,15.39,2.69,1.93,8.96,12.96,16.96,NORMAL,Simulated (formula: level = rain*0.6 + upstream_rain*0.4)
2024-06-30T16:00:00,R003,Shambhavi,2316600,13.0521,74.7823,3.013,14.42,1.57,2.69,8.96,12.96,16.96,NORMAL,Simulated (formula: level = rain*0.6 + upstream_rain*0.4)
2024-06-30T17:00:00,R003,Shambhavi,2316600,13.0521,74.7823,3.08,13.77,2.63,1.57,8.96,12.96,16.96,NORMAL,Simulated (formula: level = rain*0.6 + upstream_rain*0.4)
2024-06-30T18:00:00,R003,Shambhavi,2316600,13.0521,74.7823,4.034,18.87,4.17,2.63,8.96,12.96,16.96,NORMAL,Simulated (formula: level = rain*0.6 + upstream_rain*0.4)
2024-06-30T19:00:00,R003,Shambhavi,2316600,13.0521,74.7823,3.677,17.11,1.4,4.17,8.96,12.96,16.96,NORMAL,Simulated (formula: level = rain*0.6 + upstream_rain*0.4)
2024-06-30T20:00:00,R003,Shambhavi,2316600,13.0521,74.7823,2.759,11.81,1.36,1.4,8.96,12.96,16.96,NORMAL,Simulated (formula: level = rain*0.6 + upstream_rain*0.4)
2024-06-30T21:00:00,R003,Shambhavi,2316600,13.0521,74.7823,2.754,13.5,2.23,1.36,8.96,12.96,16.96,NORMAL,Simulated (formula: level = rain*0.6 + upstream_rain*0.4)
2024-06-30T22:00:00,R003,Shambhavi,2316600,13.0521,74.7823,4.248,22.23,5.13,2.23,8.96,12.96,16.96,NORMAL,Simulated (formula: level = rain*0.6 + upstream_rain*0.4)
2024-06-30T23:00:00,R003,Shambhavi,2316600,13.0521,74.7823,4.978,21.38,3.72,5.13,8.96,12.96,16.96,NORMAL,Simulated (formula: level = rain*0.6 + upstream_rain*0.4)
2024-06-01T00:00:00,R004,Nandini,2316601,12.7823,74.8012,2.376,7.07,1.68,1.68,8.7,12.7,16.7,NORMAL,Simulated (formula: level = rain*0.6 + upstream_rain*0.4)
2024-06-01T01:00:00,R004,Nandini,2316601,12.7823,74.8012,2.157,5.58,1.47,1.47,8.7,12.7,16.7,NORMAL,Simulated (formula: level = rain*0.6 + upstream_rain*0.4)
2024-06-01T02:00:00,R004,Nandini,2316601,12.7823,74.8012,3.093,8.84,2.83,2.83,8.7,12.7,16.7,NORMAL,Simulated (formula: level = rain*0.6 + upstream_rain*0.4)
2024-06-01T03:00:00,R004,Nandini,2316601,12.7823,74.8012,2.79,7.09,1.95,1.95,8.7,12.7,16.7,NORMAL,Simulated (formula: level = rain*0.6 + upstream_rain*0.4)
2024-06-01T04:00:00,R004,Nandini,2316601,12.7823,74.8012,2.656,7.57,1.92,1.92,8.7,12.7,16.7,NORMAL,Simulated (formula: level = rain*0.6 + upstream_rain*0.4)
2024-06-01T05:00:00,R004,Nandini,2316601,12.7823,74.8012,3.632,11.39,3.33,3.33,8.7,12.7,16.7,NORMAL,Simulated (formula: level = rain*0.6 + upstream_rain*0.4)
2024-06-01T06:00:00,R004,Nandini,2316601,12.7823,74.8012,3.863,9.66,3.38,3.38,8.7,12.7,16.7,NORMAL,Simulated (formula: level = rain*0.6 + upstream_rain*0.4)
2024-06-01T07:00:00,R004,Nandini,2316601,12.7823,74.8012,2.003,6.04,0.47,0.47,8.7,12.7,16.7,NORMAL,Simulated (formula: level = rain*0.6 + upstream_rain*0.4)
2024-06-01T08:00:00,R004,Nandini,2316601,12.7823,74.8012,2.81,8.13,2.47,2.47,8.7,12.7,16.7,NORMAL,Simulated (formula: level = rain*0.6 + upstream_rain*0.4)
2024-06-01T09:00:00,R004,Nandini,2316601,12.7823,74.8012,2.951,8.97,2.25,2.25,8.7,12.7,16.7,NORMAL,Simulated (formula: level = rain*0.6 + upstream_rain*0.4)
2024-06-01T10:00:00,R004,Nandini,2316601,12.7823,74.8012,2.041,6.0,1.04,1.04,8.7,12.7,16.7,NORMAL,Simulated (formula: level = rain*0.6 + upstream_rain*0.4)
2024-06-01T11:00:00,R004,Nandini,2316601,12.7823,74.8012,1.565,5.01,0.84,0.84,8.7,12.7,16.7,NORMAL,Simulated (formula: level = rain*0.6 + upstream_rain*0.4)
2024-06-01T12:00:00,R004,Nandini,2316601,12.7823,74.8012,1.886,5.58,1.3,1.3,8.7,12.7,16.7,NORMAL,Simulated (formula: level = rain*0.6 + upstream_rain*0.4)
2024-06-01T13:00:00,R004,Nandini,2316601,12.7823,74.8012,2.349,7.02,1.85,1.85,8.7,12.7,16.7,NORMAL,Simulated (formula: level = rain*0.6 + upstream_rain*0.4)
2024-06-01T14:00:00,R004,Nandini,2316601,12.7823,74.8012,2.217,5.49,1.63,1.63,8.7,12.7,16.7,NORMAL,Simulated (formula: level = rain*0.6 + upstream_rain*0.4)
2024-06-01T15:00:00,R004,Nandini,2316601,12.7823,74.8012,2.517,6.73,1.94,1.94,8.7,12.7,16.7,NORMAL,Simulated (formula: level = rain*0.6 + upstream_rain*0.4)
2024-06-01T16:00:00,R004,Nandini,2316601,12.7823,74.8012,2.104,6.76,1.24,1.24,8.7,12.7,16.7,NORMAL,Simulated (formula: level = rain*0.6 + upstream_rain*0.4)
2024-06-01T17:00:00,R004,Nandini,2316601,12.7823,74.8012,2.027,5.77,1.21,1.21,8.7,12.7,16.7,NORMAL,Simulated (formula: level = rain*0.6 + upstream_rain*0.4)
2024-06-01T18:00:00,R004,Nandini,2316601,12.7823,74.8012,2.114,5.6,1.42,1.42,8.7,12.7,16.7,NORMAL,Simulated (formula: level = rain*0.6 + upstream_rain*0.4)
2024-06-01T19:00:00,R004,Nandini,2316601,12.7823,74.8012,3.021,9.66,2.64,2.64,8.7,12.7,16.7,NORMAL,Simulated (formula: level = rain*0.6 + upstream_rain*0.4)
2024-06-01T20:00:00,R004,Nandini,2316601,12.7823,74.8012,3.023,7.5,2.24,2.24,8.7,12.7,16.7,NORMAL,Simulated (formula: level = rain*0.6 + upstream_rain*0.4)
2024-06-01T21:00:00,R004,Nandini,2316601,12.7823,74.8012,3.146,9.11,2.43,2.43,8.7,12.7,16.7,NORMAL,Simulated (formula: level = rain*0.6 + upstream_rain*0.4)
2024-06-01T22:00:00,R004,Nandini,2316601,12.7823,74.8012,3.661,9.82,3.17,3.17,8.7,12.7,16.7,NORMAL,Simulated (formula: level = rain*0.6 + upstream_rain*0.4)
2024-06-01T23:00:00,R004,Nandini,2316601,12.7823,74.8012,5.28,15.51,5.18,5.18,8.7,12.7,16.7,NORMAL,Simulated (formula: level = rain*0.6 + upstream_rain*0.4)
2024-06-02T00:00:00,R004,Nandini,2316601,12.7823,74.8012,4.222,12.82,3.04,3.04,8.7,12.7,16.7,NORMAL,Simulated (formula: level = rain*0.6 + upstream_rain*0.4)
2024-06-02T01:00:00,R004,Nandini,2316601,12.7823,74.8012,5.379,15.45,5.11,5.11,8.7,12.7,16.7,NORMAL,Simulated (formula: level = rain*0.6 + upstream_rain*0.4)
2024-06-02T02:00:00,R004,Nandini,2316601,12.7823,74.8012,5.786,18.94,5.2,5.2,8.7,12.7,16.7,NORMAL,Simulated (formula: level = rain*0.6 + upstream_rain*0.4)
2024-06-02T03:00:00,R004,Nandini,2316601,12.7823,74.8012,3.583,9.85,1.9,1.9,8.7,12.7,16.7,NORMAL,Simulated (formula: level = rain*0.6 + upstream_rain*0.4)
2024-06-02T04:00:00,R004,Nandini,2316601,12.7823,74.8012,13.232,42.48,16.6,16.6,8.7,12.7,16.7,DANGER,Simulated (formula: level = rain*0.6 + upstream_rain*0.4)
2024-06-02T05:00:00,R004,Nandini,2316601,12.7823,74.8012,10.658,28.23,8.94,8.94,8.7,12.7,16.7,WARNING,Simulated (formula: level = rain*0.6 + upstream_rain*0.4)
2024-06-02T06:00:00,R004,Nandini,2316601,12.7823,74.8012,4.661,13.09,1.37,1.37,8.7,12.7,16.7,NORMAL,Simulated (formula: level = rain*0.6 + upstream_rain*0.4)
2024-06-02T07:00:00,R004,Nandini,2316601,12.7823,74.8012,3.13,8.3,1.77,1.77,8.7,12.7,16.7,NORMAL,Simulated (formula: level = rain*0.6 + upstream_rain*0.4)
2024-06-02T08:00:00,R004,Nandini,2316601,12.7823,74.8012,2.822,8.21,2.04,2.04,8.7,12.7,16.7,NORMAL,Simulated (formula: level = rain*0.6 + upstream_rain*0.4)
2024-06-02T09:00:00,R004,Nandini,2316601,12.7823,74.8012,2.773,8.17,2.24,2.24,8.7,12.7,16.7,NORMAL,Simulated (formula: level = rain*0.6 + upstream_rain*0.4)
2024-06-02T10:00:00,R004,Nandini,2316601,12.7823,74.8012,8.743,24.65,10.78,10.78,8.7,12.7,16.7,WARNING,Simulated (formula: level = rain*0.6 + upstream_rain*0.4)
2024-06-02T11:00:00,R004,Nandini,2316601,12.7823,74.8012,7.58,23.55,6.31,6.31,8.7,12.7,16.7,NORMAL,Simulated (formula: level = rain*0.6 + upstream_rain*0.4)
2024-06-02T12:00:00,R004,Nandini,2316601,12.7823,74.8012,3.745,11.64,1.39,1.39,8.7,12.7,16.7,NORMAL,Simulated (formula: level = rain*0.6 + upstream_rain*0.4)
2024-06-02T13:00:00,R004,Nandini,2316601,12.7823,74.8012,3.213,10.0,2.17,2.17,8.7,12.7,16.7,NORMAL,Simulated (formula: level = rain*0.6 + upstream_rain*0.4)
2024-06-02T14:00:00,R004,Nandini,2316601,12.7823,74.8012,3.282,9.82,2.76,2.76,8.7,12.7,16.7,NORMAL,Simulated (formula: level = rain*0.6 + upstream_rain*0.4)
2024-06-02T15:00:00,R004,Nandini,2316601,12.7823,74.8012,2.393,5.99,1.33,1.33,8.7,12.7,16.7,NORMAL,Simulated (formula: level = rain*0.6 + upstream_rain*0.4)
2024-06-02T16:00:00,R004,Nandini,2316601,12.7823,74.8012,3.143,9.05,2.74,2.74,8.7,12.7,16.7,NORMAL,Simulated (formula: level = rain*0.6 + upstream_rain*0.4)
2024-06-02T17:00:00,R004,Nandini,2316601,12.7823,74.8012,3.253,9.92,2.56,2.56,8.7,12.7,16.7,NORMAL,Simulated (formula: level = rain*0.6 + upstream_rain*0.4)
2024-06-02T18:00:00,R004,Nandini,2316601,12.7823,74.8012,2.933,9.72,2.06,2.06,8.7,12.7,16.7,NORMAL,Simulated (formula: level = rain*0.6 + upstream_rain*0.4)
2024-06-02T19:00:00,R004,Nandini,2316601,12.7823,74.8012,2.626,8.17,1.8,1.8,8.7,12.7,16.7,NORMAL,Simulated (formula: level = rain*0.6 + upstream_rain*0.4)
2024-06-02T20:00:00,R004,Nandini,2316601,12.7823,74.8012,2.672,6.9,1.96,1.96,8.7,12.7,16.7,NORMAL,Simulated (formula: level = rain*0.6 + upstream_rain*0.4)
2024-06-02T21:00:00,R004,Nandini,2316601,12.7823,74.8012,4.344,13.13,4.34,4.34,8.7,12.7,16.7,NORMAL,Simulated (formula: level = rain*0.6 + upstream_rain*0.4)
2024-06-02T22:00:00,R004,Nandini,2316601,12.7823,74.8012,5.297,14.09,4.97,4.97,8.7,12.7,16.7,NORMAL,Simulated (formula: level = rain*0.6 + upstream_rain*0.4)
2024-06-02T23:00:00,R004,Nandini,2316601,12.7823,74.8012,4.229,11.45,2.94,2.94,8.7,12.7,16.7,NORMAL,Simulated (formula: level = rain*0.6 + upstream_rain*0.4)
2024-06-03T00:00:00,R004,Nandini,2316601,12.7823,74.8012,3.212,9.61,2.0,2.0,8.7,12.7,16.7,NORMAL,Simulated (formula: level = rain*0.6 + upstream_rain*0.4)
2024-06-03T01:00:00,R004,Nandini,2316601,12.7823,74.8012,3.867,10.96,3.36,3.36,8.7,12.7,16.7,NORMAL,Simulated (formula: level = rain*0.6 + upstream_rain*0.4)
2024-06-03T02:00:00,R004,Nandini,2316601,12.7823,74.8012,3.477,9.39,2.68,2.68,8.7,12.7,16.7,NORMAL,Simulated (formula: level = rain*0.6 + upstream_rain*0.4)
2024-06-03T03:00:00,R004,Nandini,2316601,12.7823,74.8012,3.978,12.79,3.47,3.47,8.7,12.7,16.7,NORMAL,Simulated (formula: level = rain*0.6 + upstream_rain*0.4)
2024-06-03T04:00:00,R004,Nandini,2316601,12.7823,74.8012,3.713,9.7,2.91,2.91,8.7,12.7,16.7,NORMAL,Simulated (formula: level = rain*0.6 + upstream_rain*0.4)
2024-06-03T05:00:00,R004,Nandini,2316601,12.7823,74.8012,4.009,11.39,3.41,3.41,8.7,12.7,16.7,NORMAL,Simulated (formula: level = rain*0.6 + upstream_rain*0.4)
2024-06-03T06:00:00,R004,Nandini,2316601,12.7823,74.8012,4.154,12.37,3.65,3.65,8.7,12.7,16.7,NORMAL,Simulated (formula: level = rain*0.6 + upstream_rain*0.4)
2024-06-03T07:00:00,R004,Nandini,2316601,12.7823,74.8012,2.186,5.95,0.66,0.66,8.7,12.7,16.7,NORMAL,Simulated (formula: level = rain*0.6 + upstream_rain*0.4)
2024-06-03T08:00:00,R004,Nandini,2316601,12.7823,74.8012,2.144,6.44,1.38,1.38,8.7,12.7,16.7,NORMAL,Simulated (formula: level = rain*0.6 + upstream_rain*0.4)
2024-06-03T09:00:00,R004,Nandini,2316601,12.7823,74.8012,1.805,4.47,0.94,0.94,8.7,12.7,16.7,NORMAL,Simulated (formula: level = rain*0.6 + upstream_rain*0.4)
2024-06-03T10:00:00,R004,Nandini,2316601,12.7823,74.8012,1.889,6.2,1.16,1.16,8.7,12.7,16.7,NORMAL,Simulated (formula: level = rain*0.6 + upstream_rain*0.4)
2024-06-03T11:00:00,R004,Nandini,2316601,12.7823,74.8012,2.09,6.73,1.39,1.39,8.7,12.7,16.7,NORMAL,Simulated (formula: level = rain*0.6 + upstream_rain*0.4)
2024-06-03T12:00:00,R004,Nandini,2316601,12.7823,74.8012,3.02,8.63,2.72,2.72,8.7,12.7,16.7,NORMAL,Simulated (formula: level = rain*0.6 + upstream_rain*0.4)
2024-06-03T13:00:00,R004,Nandini,2316601,12.7823,74.8012,8.658,27.37,10.36,10.36,8.7,12.7,16.7,NORMAL,Simulated (formula: level = rain*0.6 + upstream_rain*0.4)
2024-06-03T14:00:00,R004,Nandini,2316601,12.7823,74.8012,6.492,20.93,4.86,4.86,8.7,12.7,16.7,NORMAL,Simulated (formula: level = rain*0.6 + upstream_rain*0.4)
2024-06-03T15:00:00,R004,Nandini,2316601,12.7823,74.8012,3.775,9.64,1.89,1.89,8.7,12.7,16.7,NORMAL,Simulated (formula: level = rain*0.6 + upstream_rain*0.4)
2024-06-03T16:00:00,R004,Nandini,2316601,12.7823,74.8012,3.038,9.26,1.82,1.82,8.7,12.7,16.7,NORMAL,Simulated (formula: level = rain*0.6 + upstream_rain*0.4)
2024-06-03T17:00:00,R004,Nandini,2316601,12.7823,74.8012,3.102,9.05,2.45,2.45,8.7,12.7,16.7,NORMAL,Simulated (formula: level = rain*0.6 + upstream_rain*0.4)
2024-06-03T18:00:00,R004,Nandini,2316601,12.7823,74.8012,3.261,8.42,2.69,2.69,8.7,12.7,16.7,NORMAL,Simulated (formula: level = rain*0.6 + upstream_rain*0.4)
2024-06-03T19:00:00,R004,Nandini,2316601,12.7823,74.8012,3.132,9.59,2.37,2.37,8.7,12.7,16.7,NORMAL,Simulated (formula: level = rain*0.6 + upstream_rain*0.4)
2024-06-03T20:00:00,R004,Nandini,2316601,12.7823,74.8012,2.91,8.09,2.15,2.15,8.7,12.7,16.7,NORMAL,Simulated (formula: level = rain*0.6 + upstream_rain*0.4)
2024-06-03T21:00:00,R004,Nandini,2316601,12.7823,74.8012,3.185,10.14,2.6,2.6,8.7,12.7,16.7,NORMAL,Simulated (formula: level = rain*0.6 + upstream_rain*0.4)
2024-06-03T22:00:00,R004,Nandini,2316601,12.7823,74.8012,4.321,12.24,4.14,4.14,8.7,12.7,16.7,NORMAL,Simulated (formula: level = rain*0.6 + upstream_rain*0.4)
2024-06-03T23:00:00,R004,Nandini,2316601,12.7823,74.8012,4.165,10.74,3.41,3.41,8.7,12.7,16.7,NORMAL,Simulated (formula: level = rain*0.6 + upstream_rain*0.4)
2024-06-04T00:00:00,R004,Nandini,2316601,12.7823,74.8012,4.211,12.57,3.52,3.52,8.7,12.7,16.7,NORMAL,Simulated (formula: level = rain*0.6 + upstream_rain*0.4)
2024-06-04T01:00:00,R004,Nandini,2316601,12.7823,74.8012,6.987,20.58,7.49,7.49,8.7,12.7,16.7,NORMAL,Simulated (formula: level = rain*0.6 + upstream_rain*0.4)
2024-06-04T02:00:00,R004,Nandini,2316601,12.7823,74.8012,5.794,17.48,4.61,4.61,8.7,12.7,16.7,NORMAL,Simulated (formula: level = rain*0.6 + upstream_rain*0.4)
2024-06-04T03:00:00,R004,Nandini,2316601,12.7823,74.8012,15.21,50.05,18.57,18.57,8.7,12.7,16.7,DANGER,Simulated (formula: level = rain*0.6 + upstream_rain*0.4)
2024-06-04T04:00:00,R004,Nandini,2316601,12.7823,74.8012,12.165,39.33,10.11,10.11,8.7,12.7,16.7,WARNING,Simulated (formula: level = rain*0.6 + upstream_rain*0.4)
2024-06-04T05:00:00,R004,Nandini,2316601,12.7823,74.8012,6.729,21.6,3.77,3.77,8.7,12.7,16.7,NORMAL,Simulated (formula: level = rain*0.6 + upstream_rain*0.4)
2024-06-04T06:00:00,R004,Nandini,2316601,12.7823,74.8012,2.752,8.72,0.42,0.42,8.7,12.7,16.7,NORMAL,Simulated (formula: level = rain*0.6 + upstream_rain*0.4)
2024-06-04T07:00:00,R004,Nandini,2316601,12.7823,74.8012,3.167,9.62,2.6,2.6,8.7,12.7,16.7,NORMAL,Simulated (formula: level = rain*0.6 + upstream_rain*0.4)
2024-06-04T08:00:00,R004,Nandini,2316601,12.7823,74.8012,2.472,6.92,1.48,1.48,8.7,12.7,16.7,NORMAL,Simulated (formula: level = rain*0.6 + upstream_rain*0.4)
2024-06-04T09:00:00,R004,Nandini,2316601,12.7823,74.8012,2.365,6.03,1.71,1.71,8.7,12.7,16.7,NORMAL,Simulated (formula: level = rain*0.6 + upstream_rain*0.4)
2024-06-04T10:00:00,R004,Nandini,2316601,12.7823,74.8012,2.825,8.19,2.37,2.37,8.7,12.7,16.7,NORMAL,Simulated (formula: level = rain*0.6 + upstream_rain*0.4)
2024-06-04T11:00:00,R004,Nandini,2316601,12.7823,74.8012,2.981,9.48,2.22,2.22,8.7,12.7,16.7,NORMAL,Simulated (formula: level = rain*0.6 + upstream_rain*0.4)
2024-06-04T12:00:00,R004,Nandini,2316601,12.7823,74.8012,3.867,11.93,3.65,3.65,8.7,12.7,16.7,NORMAL,Simulated (formula: level = rain*0.6 + upstream_rain*0.4)
2024-06-04T13:00:00,R004,Nandini,2316601,12.7823,74.8012,3.125,9.64,2.2,2.2,8.7,12.7,16.7,NORMAL,Simulated (formula: level = rain*0.6 + upstream_rain*0.4)
2024-06-04T14:00:00,R004,Nandini,2316601,12.7823,74.8012,4.19,11.86,3.86,3.86,8.7,12.7,16.7,NORMAL,Simulated (formula: level = rain*0.6 + upstream_rain*0.4)
2024-06-04T15:00:00,R004,Nandini,2316601,12.7823,74.8012,3.083,8.17,1.97,1.97,8.7,12.7,16.7,NORMAL,Simulated (formula: level = rain*0.6 + upstream_rain*0.4)
2024-06-04T16:00:00,R004,Nandini,2316601,12.7823,74.8012,4.698,14.13,4.73,4.73,8.7,12.7,16.7,NORMAL,Simulated (formula: level = rain*0.6 + upstream_rain*0.4)
2024-06-04T17:00:00,R004,Nandini,2316601,12.7823,74.8012,3.653,12.03,2.52,2.52,8.7,12.7,16.7,NORMAL,Simulated (formula: level = rain*0.6 + upstream_rain*0.4)
2024-06-04T18:00:00,R004,Nandini,2316601,12.7823,74.8012,2.547,7.32,1.4,1.4,8.7,12.7,16.7,NORMAL,Simulated (formula: level = rain*0.6 + upstream_rain*0.4)
2024-06-04T19:00:00,R004,Nandini,2316601,12.7823,74.8012,2.157,6.87,1.4,1.4,8.7,12.7,16.7,NORMAL,Simulated (formula: level = rain*0.6 + upstream_rain*0.4)
2024-06-04T20:00:00,R004,Nandini,2316601,12.7823,74.8012,2.403,5.98,1.76,1.76,8.7,12.7,16.7,NORMAL,Simulated (formula: level = rain*0.6 + upstream_rain*0.4)
2024-06-04T21:00:00,R004,Nandini,2316601,12.7823,74.8012,15.61,39.66,20.6,20.6,8.7,12.7,16.7,DANGER,Simulated (formula: level = rain*0.6 + upstream_rain*0.4)
2024-06-04T22:00:00,R004,Nandini,2316601,12.7823,74.8012,7.252,18.87,2.94,2.94,8.7,12.7,16.7,NORMAL,Simulated (formula: level = rain*0.6 + upstream_rain*0.4)
2024-06-04T23:00:00,R004,Nandini,2316601,12.7823,74.8012,7.737,24.16,7.18,7.18,8.7,12.7,16.7,NORMAL,Simulated (formula: level = rain*0.6 + upstream_rain*0.4)
2024-06-05T00:00:00,R004,Nandini,2316601,12.7823,74.8012,7.333,21.16,6.41,6.41,8.7,12.7,16.7,NORMAL,Simulated (formula: level = rain*0.6 + upstream_rain*0.4)
2024-06-05T01:00:00,R004,Nandini,2316601,12.7823,74.8012,3.405,10.79,1.09,1.09,8.7,12.7,16.7,NORMAL,Simulated (formula: level = rain*0.6 + upstream_rain*0.4)
2024-06-05T02:00:00,R004,Nandini,2316601,12.7823,74.8012,2.95,9.78,1.99,1.99,8.7,12.7,16.7,NORMAL,Simulated (formula: level = rain*0.6 + upstream_rain*0.4)
2024-06-05T03:00:00,R004,Nandini,2316601,12.7823,74.8012,1.886,4.97,0.76,0.76,8.7,12.7,16.7,NORMAL,Simulated (formula: level = rain*0.6 + upstream_rain*0.4)
2024-06-05T04:00:00,R004,Nandini,2316601,12.7823,74.8012,2.242,7.11,1.77,1.77,8.7,12.7,16.7,NORMAL,Simulated (formula: level = rain*0.6 + upstream_rain*0.4)
2024-06-05T05:00:00,R004,Nandini,2316601,12.7823,74.8012,4.117,12.24,4.13,4.13,8.7,12.7,16.7,NORMAL,Simulated (formula: level = rain*0.6 + upstream_rain*0.4)
2024-06-05T06:00:00,R004,Nandini,2316601,12.7823,74.8012,3.586,11.65,2.8,2.8,8.7,12.7,16.7,NORMAL,Simulated (formula: level = rain*0.6 + upstream_rain*0.4)
2024-06-05T07:00:00,R004,Nandini,2316601,12.7823,74.8012,2.342,6.42,1.14,1.14,8.7,12.7,16.7,NORMAL,Simulated (formula: level = rain*0.6 + upstream_rain*0.4)
2024-06-05T08:00:00,R004,Nandini,2316601,12.7823,74.8012,2.403,6.89,1.74,1.74,8.7,12.7,16.7,NORMAL,Simulated (formula: level = rain*0.6 + upstream_rain*0.4)
2024-06-05T09:00:00,R004,Nandini,2316601,12.7823,74.8012,2.089,6.67,1.23,1.23,8.7,12.7,16.7,NORMAL,Simulated (formula: level = rain*0.6 + upstream_rain*0.4)
2024-06-05T10:00:00,R004,Nandini,2316601,12.7823,74.8012,1.829,5.51,1.01,1.01,8.7,12.7,16.7,NORMAL,Simulated (formula: level = rain*0.6 + upstream_rain*0.4)
2024-06-05T11:00:00,R004,Nandini,2316601,12.7823,74.8012,2.309,6.47,1.94,1.94,8.7,12.7,16.7,NORMAL,Simulated (formula: level = rain*0.6 + upstream_rain*0.4)
2024-06-05T12:00:00,R004,Nandini,2316601,12.7823,74.8012,2.181,6.28,1.32,1.32,8.7,12.7,16.7,NORMAL,Simulated (formula: level = rain*0.6 + upstream_rain*0.4)
2024-06-05T13:00:00,R004,Nandini,2316601,12.7823,74.8012,2.877,9.11,2.32,2.32,8.7,12.7,16.7,NORMAL,Simulated (formula: level = rain*0.6 + upstream_rain*0.4)
2024-06-05T14:00:00,R004,Nandini,2316601,12.7823,74.8012,2.115,6.8,1.12,1.12,8.7,12.7,16.7,NORMAL,Simulated (formula: level = rain*0.6 + upstream_rain*0.4)
2024-06-05T15:00:00,R004,Nandini,2316601,12.7823,74.8012,2.818,7.52,2.46,2.46,8.7,12.7,16.7,NORMAL,Simulated (formula: level = rain*0.6 + upstream_rain*0.4)
2024-06-05T16:00:00,R004,Nandini,2316601,12.7823,74.8012,3.313,8.19,2.73,2.73,8.7,12.7,16.7,NORMAL,Simulated (formula: level = rain*0.6 + upstream_rain*0.4)
2024-06-05T17:00:00,R004,Nandini,2316601,12.7823,74.8012,2.585,8.32,1.47,1.47,8.7,12.7,16.7,NORMAL,Simulated (formula: level = rain*0.6 + upstream_rain*0.4)
2024-06-05T18:00:00,R004,Nandini,2316601,12.7823,74.8012,1.739,4.48,0.65,0.65,8.7,12.7,16.7,NORMAL,Simulated (formula: level = rain*0.6 + upstream_rain*0.4)
2024-06-05T19:00:00,R004,Nandini,2316601,12.7823,74.8012,1.865,4.98,1.19,1.19,8.7,12.7,16.7,NORMAL,Simulated (formula: level = rain*0.6 + upstream_rain*0.4)
2024-06-05T20:00:00,R004,Nandini,2316601,12.7823,74.8012,2.067,6.19,1.35,1.35,8.7,12.7,16.7,NORMAL,Simulated (formula: level = rain*0.6 + upstream_rain*0.4)
2024-06-05T21:00:00,R004,Nandini,2316601,12.7823,74.8012,4.555,12.11,5.01,5.01,8.7,12.7,16.7,NORMAL,Simulated (formula: level = rain*0.6 + upstream_rain*0.4)
2024-06-05T22:00:00,R004,Nandini,2316601,12.7823,74.8012,5.496,14.12,5.28,5.28,8.7,12.7,16.7,NORMAL,Simulated (formula: level = rain*0.6 + upstream_rain*0.4)
2024-06-05T23:00:00,R004,Nandini,2316601,12.7823,74.8012,6.359,19.91,6.02,6.02,8.7,12.7,16.7,NORMAL,Simulated (formula: level = rain*0.6 + upstream_rain*0.4)
2024-06-06T00:00:00,R004,Nandini,2316601,12.7823,74.8012,5.69,18.45,4.71,4.71,8.7,12.7,16.7,NORMAL,Simulated (formula: level = rain*0.6 + upstream_rain*0.4)
2024-06-06T01:00:00,R004,Nandini,2316601,12.7823,74.8012,5.095,16.58,4.23,4.23,8.7,12.7,16.7,NORMAL,Simulated (formula: level = rain*0.6 + upstream_rain*0.4)
2024-06-06T02:00:00,R004,Nandini,2316601,12.7823,74.8012,5.257,16.47,4.54,4.54,8.7,12.7,16.7,NORMAL,Simulated (formula: level = rain*0.6 + upstream_rain*0.4)
2024-06-06T03:00:00,R004,Nandini,2316601,12.7823,74.8012,4.576,13.2,3.47,3.47,8.7,12.7,16.7,NORMAL,Simulated (formula: level = rain*0.6 + upstream_rain*0.4)
2024-06-06T04:00:00,R004,Nandini,2316601,12.7823,74.8012,5.478,13.61,5.13,5.13,8.7,12.7,16.7,NORMAL,Simulated (formula: level = rain*0.6 + upstream_rain*0.4)
2024-06-06T05:00:00,R004,Nandini,2316601,12.7823,74.8012,5.4,14.5,4.58,4.58,8.7,12.7,16.7,NORMAL,Simulated (formula: level = rain*0.6 + upstream_rain*0.4)
2024-06-06T06:00:00,R004,Nandini,2316601,12.7823,74.8012,3.807,10.09,2.42,2.42,8.7,12.7,16.7,NORMAL,Simulated (formula: level = rain*0.6 + upstream_rain*0.4)
2024-06-06T07:00:00,R004,Nandini,2316601,12.7823,74.8012,3.547,11.04,2.73,2.73,8.7,12.7,16.7,NORMAL,Simulated (formula: level = rain*0.6 + upstream_rain*0.4)
2024-06-06T08:00:00,R004,Nandini,2316601,12.7823,74.8012,2.689,6.8,1.6,1.6,8.7,12.7,16.7,NORMAL,Simulated (formula: level = rain*0.6 + upstream_rain*0.4)
2024-06-06T09:00:00,R004,Nandini,2316601,12.7823,74.8012,2.343,6.7,1.45,1.45,8.7,12.7,16.7,NORMAL,Simulated (formula: level = rain*0.6 + upstream_rain*0.4)
2024-06-06T10:00:00,R004,Nandini,2316601,12.7823,74.8012,2.916,9.61,2.39,2.39,8.7,12.7,16.7,NORMAL,Simulated (formula: level = rain*0.6 + upstream_rain*0.4)
2024-06-06T11:00:00,R004,Nandini,2316601,12.7823,74.8012,18.059,46.38,23.74,23.74,8.7,12.7,16.7,FLOOD,Simulated (formula: level = rain*0.6 + upstream_rain*0.4)
2024-06-06T12:00:00,R004,Nandini,2316601,12.7823,74.8012,15.08,46.61,13.07,13.07,8.7,12.7,16.7,DANGER,Simulated (formula: level = rain*0.6 + upstream_rain*0.4)
2024-06-06T13:00:00,R004,Nandini,2316601,12.7823,74.8012,6.453,17.23,1.99,1.99,8.7,12.7,16.7,NORMAL,Simulated (formula: level = rain*0.6 + upstream_rain*0.4)
2024-06-06T14:00:00,R004,Nandini,2316601,12.7823,74.8012,4.933,13.95,3.51,3.51,8.7,12.7,16.7,NORMAL,Simulated (formula: level = rain*0.6 + upstream_rain*0.4)
2024-06-06T15:00:00,R004,Nandini,2316601,12.7823,74.8012,7.373,24.35,7.72,7.72,8.7,12.7,16.7,NORMAL,Simulated (formula: level = rain*0.6 + upstream_rain*0.4)
2024-06-06T16:00:00,R004,Nandini,2316601,12.7823,74.8012,12.575,34.38,14.14,14.14,8.7,12.7,16.7,WARNING,Simulated (formula: level = rain*0.6 + upstream_rain*0.4)
2024-06-06T17:00:00,R004,Nandini,2316601,12.7823,74.8012,5.144,13.84,1.23,1.23,8.7,12.7,16.7,NORMAL,Simulated (formula: level = rain*0.6 + upstream_rain*0.4)
2024-06-06T18:00:00,R004,Nandini,2316601,12.7823,74.8012,8.839,25.46,9.7,9.7,8.7,12.7,16.7,WARNING,Simulated (formula: level = rain*0.6 + upstream_rain*0.4)
2024-06-06T19:00:00,R004,Nandini,2316601,12.7823,74.8012,15.947,50.92,18.37,18.37,8.7,12.7,16.7,DANGER,Simulated (formula: level = rain*0.6 + upstream_rain*0.4)
2024-06-06T20:00:00,R004,Nandini,2316601,12.7823,74.8012,5.61,15.56,0.52,0.52,8.7,12.7,16.7,NORMAL,Simulated (formula: level = rain*0.6 + upstream_rain*0.4)
2024-06-06T21:00:00,R004,Nandini,2316601,12.7823,74.8012,2.643,8.34,0.74,0.74,8.7,12.7,16.7,NORMAL,Simulated (formula: level = rain*0.6 + upstream_rain*0.4)
2024-06-06T22:00:00,R004,Nandini,2316601,12.7823,74.8012,3.598,8.93,3.27,3.27,8.7,12.7,16.7,NORMAL,Simulated (formula: level = rain*0.6 + upstream_rain*0.4)
2024-06-06T23:00:00,R004,Nandini,2316601,12.7823,74.8012,3.502,10.64,2.67,2.67,8.7,12.7,16.7,NORMAL,Simulated (formula: level = rain*0.6 + upstream_rain*0.4)
2024-06-07T00:00:00,R004,Nandini,2316601,12.7823,74.8012,3.498,8.99,2.93,2.93,8.7,12.7,16.7,NORMAL,Simulated (formula: level = rain*0.6 + upstream_rain*0.4)
2024-06-07T01:00:00,R004,Nandini,2316601,12.7823,74.8012,2.413,7.65,1.27,1.27,8.7,12.7,16.7,NORMAL,Simulated (formula: level = rain*0.6 + upstream_rain*0.4)
2024-06-07T02:00:00,R004,Nandini,2316601,12.7823,74.8012,3.253,9.03,2.94,2.94,8.7,12.7,16.7,NORMAL,Simulated (formula: level = rain*0.6 + upstream_rain*0.4)
2024-06-07T03:00:00,R004,Nandini,2316601,12.7823,74.8012,4.243,13.99,3.91,3.91,8.7,12.7,16.7,NORMAL,Simulated (formula: level = rain*0.6 + upstream_rain*0.4)
2024-06-07T04:00:00,R004,Nandini,2316601,12.7823,74.8012,3.29,8.46,2.12,2.12,8.7,12.7,16.7,NORMAL,Simulated (formula: level = rain*0.6 + upstream_rain*0.4)
2024-06-07T05:00:00,R004,Nandini,2316601,12.7823,74.8012,2.482,6.6,1.55,1.55,8.7,12.7,16.7,NORMAL,Simulated (formula: level = rain*0.6 + upstream_rain*0.4)
2024-06-07T06:00:00,R004,Nandini,2316601,12.7823,74.8012,2.774,7.17,2.27,2.27,8.7,12.7,16.7,NORMAL,Simulated (formula: level = rain*0.6 + upstream_rain*0.4)
2024-06-07T07:00:00,R004,Nandini,2316601,12.7823,74.8012,2.229,6.09,1.39,1.39,8.7,12.7,16.7,NORMAL,Simulated (formula: level = rain*0.6 + upstream_rain*0.4)
2024-06-07T08:00:00,R004,Nandini,2316601,12.7823,74.8012,2.987,9.45,2.69,2.69,8.7,12.7,16.7,NORMAL,Simulated (formula: level = rain*0.6 + upstream_rain*0.4)
2024-06-07T09:00:00,R004,Nandini,2316601,12.7823,74.8012,2.254,6.54,1.21,1.21,8.7,12.7,16.7,NORMAL,Simulated (formula: level = rain*0.6 + upstream_rain*0.4)
2024-06-07T10:00:00,R004,Nandini,2316601,12.7823,74.8012,2.968,7.52,2.65,2.65,8.7,12.7,16.7,NORMAL,Simulated (formula: level = rain*0.6 + upstream_rain*0.4)
2024-06-07T11:00:00,R004,Nandini,2316601,12.7823,74.8012,1.687,4.68,0.43,0.43,8.7,12.7,16.7,NORMAL,Simulated (formula: level = rain*0.6 + upstream_rain*0.4)
2024-06-07T12:00:00,R004,Nandini,2316601,12.7823,74.8012,11.499,31.01,15.03,15.03,8.7,12.7,16.7,WARNING,Simulated (formula: level = rain*0.6 + upstream_rain*0.4)
2024-06-07T13:00:00,R004,Nandini,2316601,12.7823,74.8012,5.604,17.94,2.39,2.39,8.7,12.7,16.7,NORMAL,Simulated (formula: level = rain*0.6 + upstream_rain*0.4)
2024-06-07T14:00:00,R004,Nandini,2316601,12.7823,74.8012,3.055,8.29,1.34,1.34,8.7,12.7,16.7,NORMAL,Simulated (formula: level = rain*0.6 + upstream_rain*0.4)
2024-06-07T15:00:00,R004,Nandini,2316601,12.7823,74.8012,2.22,6.91,1.11,1.11,8.7,12.7,16.7,NORMAL,Simulated (formula: level = rain*0.6 + upstream_rain*0.4)
2024-06-07T16:00:00,R004,Nandini,2316601,12.7823,74.8012,2.399,6.45,1.66,1.66,8.7,12.7,16.7,NORMAL,Simulated (formula: level = rain*0.6 + upstream_rain*0.4)
2024-06-07T17:00:00,R004,Nandini,2316601,12.7823,74.8012,1.852,6.03,0.97,0.97,8.7,12.7,16.7,NORMAL,Simulated (formula: level = rain*0.6 + upstream_rain*0.4)
2024-06-07T18:00:00,R004,Nandini,2316601,12.7823,74.8012,1.989,5.15,1.33,1.33,8.7,12.7,16.7,NORMAL,Simulated (formula: level = rain*0.6 + upstream_rain*0.4)
2024-06-07T19:00:00,R004,Nandini,2316601,12.7823,74.8012,2.125,6.52,1.45,1.45,8.7,12.7,16.7,NORMAL,Simulated (formula: level = rain*0.6 + upstream_rain*0.4)
2024-06-07T20:00:00,R004,Nandini,2316601,12.7823,74.8012,2.073,6.51,1.32,1.32,8.7,12.7,16.7,NORMAL,Simulated (formula: level = rain*0.6 + upstream_rain*0.4)
2024-06-07T21:00:00,R004,Nandini,2316601,12.7823,74.8012,2.497,6.79,1.93,1.93,8.7,12.7,16.7,NORMAL,Simulated (formula: level = rain*0.6 + upstream_rain*0.4)
2024-06-07T22:00:00,R004,Nandini,2316601,12.7823,74.8012,4.303,12.47,4.44,4.44,8.7,12.7,16.7,NORMAL,Simulated (formula: level = rain*0.6 + upstream_rain*0.4)
2024-06-07T23:00:00,R004,Nandini,2316601,12.7823,74.8012,7.125,22.58,7.64,7.64,8.7,12.7,16.7,NORMAL,Simulated (formula: level = rain*0.6 + upstream_rain*0.4)
2024-06-08T00:00:00,R004,Nandini,2316601,12.7823,74.8012,4.868,15.86,3.27,3.27,8.7,12.7,16.7,NORMAL,Simulated (formula: level = rain*0.6 + upstream_rain*0.4)
2024-06-08T01:00:00,R004,Nandini,2316601,12.7823,74.8012,6.082,18.98,5.8,5.8,8.7,12.7,16.7,NORMAL,Simulated (formula: level = rain*0.6 + upstream_rain*0.4)
2024-06-08T02:00:00,R004,Nandini,2316601,12.7823,74.8012,5.523,15.22,4.64,4.64,8.7,12.7,16.7,NORMAL,Simulated (formula: level = rain*0.6 + upstream_rain*0.4)
2024-06-08T03:00:00,R004,Nandini,2316601,12.7823,74.8012,4.28,12.65,3.08,3.08,8.7,12.7,16.7,NORMAL,Simulated (formula: level = rain*0.6 + upstream_rain*0.4)
2024-06-08T04:00:00,R004,Nandini,2316601,12.7823,74.8012,4.507,14.53,3.87,3.87,8.7,12.7,16.7,NORMAL,Simulated (formula: level = rain*0.6 + upstream_rain*0.4)
2024-06-08T05:00:00,R004,Nandini,2316601,12.7823,74.8012,2.78,8.78,1.51,1.51,8.7,12.7,16.7,NORMAL,Simulated (formula: level = rain*0.6 + upstream_rain*0.4)
2024-06-08T06:00:00,R004,Nandini,2316601,12.7823,74.8012,2.567,7.91,1.77,1.77,8.7,12.7,16.7,NORMAL,Simulated (formula: level = rain*0.6 + upstream_rain*0.4)
2024-06-08T07:00:00,R004,Nandini,2316601,12.7823,74.8012,2.976,7.43,2.47,2.47,8.7,12.7,16.7,NORMAL,Simulated (formula: level = rain*0.6 + upstream_rain*0.4)
2024-06-08T08:00:00,R004,Nandini,2316601,12.7823,74.8012,2.772,7.39,1.83,1.83,8.7,12.7,16.7,NORMAL,Simulated (formula: level = rain*0.6 + upstream_rain*0.4)
2024-06-08T09:00:00,R004,Nandini,2316601,12.7823,74.8012,1.621,4.64,0.41,0.41,8.7,12.7,16.7,NORMAL,Simulated (formula: level = rain*0.6 + upstream_rain*0.4)
2024-06-08T10:00:00,R004,Nandini,2316601,12.7823,74.8012,2.419,7.17,1.99,1.99,8.7,12.7,16.7,NORMAL,Simulated (formula: level = rain*0.6 + upstream_rain*0.4)
2024-06-08T11:00:00,R004,Nandini,2316601,12.7823,74.8012,2.686,6.7,2.04,2.04,8.7,12.7,16.7,NORMAL,Simulated (formula: level = rain*0.6 + upstream_rain*0.4)
2024-06-08T12:00:00,R004,Nandini,2316601,12.7823,74.8012,1.949,5.81,0.86,0.86,8.7,12.7,16.7,NORMAL,Simulated (formula: level = rain*0.6 + upstream_rain*0.4)
2024-06-08T13:00:00,R004,Nandini,2316601,12.7823,74.8012,1.517,4.13,0.73,0.73,8.7,12.7,16.7,NORMAL,Simulated (formula: level = rain*0.6 + upstream_rain*0.4)
2024-06-08T14:00:00,R004,Nandini,2316601,12.7823,74.8012,3.222,8.68,3.17,3.17,8.7,12.7,16.7,NORMAL,Simulated (formula: level = rain*0.6 + upstream_rain*0.4)
2024-06-08T15:00:00,R004,Nandini,2316601,12.7823,74.8012,2.499,6.62,1.47,1.47,8.7,12.7,16.7,NORMAL,Simulated (formula: level = rain*0.6 + upstream_rain*0.4)
2024-06-08T16:00:00,R004,Nandini,2316601,12.7823,74.8012,2.093,5.16,1.27,1.27,8.7,12.7,16.7,NORMAL,Simulated (formula: level = rain*0.6 + upstream_rain*0.4)
2024-06-08T17:00:00,R004,Nandini,2316601,12.7823,74.8012,2.883,9.19,2.5,2.5,8.7,12.7,16.7,NORMAL,Simulated (formula: level = rain*0.6 + upstream_rain*0.4)
2024-06-08T18:00:00,R004,Nandini,2316601,12.7823,74.8012,2.664,7.89,1.9,1.9,8.7,12.7,16.7,NORMAL,Simulated (formula: level = rain*0.6 + upstream_rain*0.4)
2024-06-08T19:00:00,R004,Nandini,2316601,12.7823,74.8012,1.819,5.63,0.7,0.7,8.7,12.7,16.7,NORMAL,Simulated (formula: level = rain*0.6 + upstream_rain*0.4)
2024-06-08T20:00:00,R004,Nandini,2316601,12.7823,74.8012,1.607,4.69,0.87,0.87,8.7,12.7,16.7,NORMAL,Simulated (formula: level = rain*0.6 + upstream_rain*0.4)
2024-06-08T21:00:00,R004,Nandini,2316601,12.7823,74.8012,3.434,9.44,3.44,3.44,8.7,12.7,16.7,NORMAL,Simulated (formula: level = rain*0.6 + upstream_rain*0.4)
2024-06-08T22:00:00,R004,Nandini,2316601,12.7823,74.8012,5.714,18.07,6.03,6.03,8.7,12.7,16.7,NORMAL,Simulated (formula: level = rain*0.6 + upstream_rain*0.4)
2024-06-08T23:00:00,R004,Nandini,2316601,12.7823,74.8012,5.701,17.59,5.03,5.03,8.7,12.7,16.7,NORMAL,Simulated (formula: level = rain*0.6 + upstream_rain*0.4)
2024-06-09T00:00:00,R004,Nandini,2316601,12.7823,74.8012,4.096,12.16,2.81,2.81,8.7,12.7,16.7,NORMAL,Simulated (formula: level = rain*0.6 + upstream_rain*0.4)
2024-06-09T01:00:00,R004,Nandini,2316601,12.7823,74.8012,16.503,49.51,21.1,21.1,8.7,12.7,16.7,DANGER,Simulated (formula: level = rain*0.6 + upstream_rain*0.4)
2024-06-09T02:00:00,R004,Nandini,2316601,12.7823,74.8012,8.387,26.48,4.18,4.18,8.7,12.7,16.7,NORMAL,Simulated (formula: level = rain*0.6 + upstream_rain*0.4)
2024-06-09T03:00:00,R004,Nandini,2316601,12.7823,74.8012,7.555,24.45,6.56,6.56,8.7,12.7,16.7,NORMAL,Simulated (formula: level = rain*0.6 + upstream_rain*0.4)
2024-06-09T04:00:00,R004,Nandini,2316601,12.7823,74.8012,4.322,12.12,2.2,2.2,8.7,12.7,16.7,NORMAL,Simulated (formula: level = rain*0.6 + upstream_rain*0.4)
2024-06-09T05:00:00,R004,Nandini,2316601,12.7823,74.8012,3.319,8.52,2.2,2.2,8.7,12.7,16.7,NORMAL,Simulated (formula: level = rain*0.6 + upstream_rain*0.4)
2024-06-09T06:00:00,R004,Nandini,2316601,12.7823,74.8012,4.45,12.72,4.24,4.24,8.7,12.7,16.7,NORMAL,Simulated (formula: level = rain*0.6 + upstream_rain*0.4)
2024-06-09T07:00:00,R004,Nandini,2316601,12.7823,74.8012,2.631,6.73,1.14,1.14,8.7,12.7,16.7,NORMAL,Simulated (formula: level = rain*0.6 + upstream_rain*0.4)
2024-06-09T08:00:00,R004,Nandini,2316601,12.7823,74.8012,1.812,4.95,0.93,0.93,8.7,12.7,16.7,NORMAL,Simulated (formula: level = rain*0.6 + upstream_rain*0.4)
2024-06-09T09:00:00,R004,Nandini,2316601,12.7823,74.8012,2.094,6.77,1.49,1.49,8.7,12.7,16.7,NORMAL,Simulated (formula: level = rain*0.6 + upstream_rain*0.4)
2024-06-09T10:00:00,R004,Nandini,2316601,12.7823,74.8012,2.341,7.44,1.94,1.94,8.7,12.7,16.7,NORMAL,Simulated (formula: level = rain*0.6 + upstream_rain*0.4)
2024-06-09T11:00:00,R004,Nandini,2316601,12.7823,74.8012,3.578,10.9,3.48,3.48,8.7,12.7,16.7,NORMAL,Simulated (formula: level = rain*0.6 + upstream_rain*0.4)
2024-06-09T12:00:00,R004,Nandini,2316601,12.7823,74.8012,3.253,10.41,2.49,2.49,8.7,12.7,16.7,NORMAL,Simulated (formula: level = rain*0.6 + upstream_rain*0.4)
2024-06-09T13:00:00,R004,Nandini,2316601,12.7823,74.8012,3.99,10.22,3.62,3.62,8.7,12.7,16.7,NORMAL,Simulated (formula: level = rain*0.6 + upstream_rain*0.4)
2024-06-09T14:00:00,R004,Nandini,2316601,12.7823,74.8012,3.197,8.04,2.13,2.13,8.7,12.7,16.7,NORMAL,Simulated (formula: level = rain*0.6 + upstream_rain*0.4)
2024-06-09T15:00:00,R004,Nandini,2316601,12.7823,74.8012,2.581,7.99,1.61,1.61,8.7,12.7,16.7,NORMAL,Simulated (formula: level = rain*0.6 + upstream_rain*0.4)
2024-06-09T16:00:00,R004,Nandini,2316601,12.7823,74.8012,1.646,4.2,0.53,0.53,8.7,12.7,16.7,NORMAL,Simulated (formula: level = rain*0.6 + upstream_rain*0.4)
2024-06-09T17:00:00,R004,Nandini,2316601,12.7823,74.8012,1.312,3.58,0.57,0.57,8.7,12.7,16.7,NORMAL,Simulated (formula: level = rain*0.6 + upstream_rain*0.4)
2024-06-09T18:00:00,R004,Nandini,2316601,12.7823,74.8012,2.149,5.42,1.78,1.78,8.7,12.7,16.7,NORMAL,Simulated (formula: level = rain*0.6 + upstream_rain*0.4)
2024-06-09T19:00:00,R004,Nandini,2316601,12.7823,74.8012,1.81,5.9,0.93,0.93,8.7,12.7,16.7,NORMAL,Simulated (formula: level = rain*0.6 + upstream_rain*0.4)
2024-06-09T20:00:00,R004,Nandini,2316601,12.7823,74.8012,14.591,39.97,19.36,19.36,8.7,12.7,16.7,DANGER,Simulated (formula: level = rain*0.6 + upstream_rain*0.4)
2024-06-09T21:00:00,R004,Nandini,2316601,12.7823,74.8012,5.542,14.31,0.98,0.98,8.7,12.7,16.7,NORMAL,Simulated (formula: level = rain*0.6 + upstream_rain*0.4)
2024-06-09T22:00:00,R004,Nandini,2316601,12.7823,74.8012,3.454,8.53,1.84,1.84,8.7,12.7,16.7,NORMAL,Simulated (formula: level = rain*0.6 + upstream_rain*0.4)
2024-06-09T23:00:00,R004,Nandini,2316601,12.7823,74.8012,5.534,17.63,5.77,5.77,8.7,12.7,16.7,NORMAL,Simulated (formula: level = rain*0.6 + upstream_rain*0.4)
2024-06-10T00:00:00,R004,Nandini,2316601,12.7823,74.8012,6.427,19.88,6.14,6.14,8.7,12.7,16.7,NORMAL,Simulated (formula: level = rain*0.6 + upstream_rain*0.4)
2024-06-10T01:00:00,R004,Nandini,2316601,12.7823,74.8012,6.557,21.13,5.87,5.87,8.7,12.7,16.7,NORMAL,Simulated (formula: level = rain*0.6 + upstream_rain*0.4)
2024-06-10T02:00:00,R004,Nandini,2316601,12.7823,74.8012,3.777,9.51,1.78,1.78,8.7,12.7,16.7,NORMAL,Simulated (formula: level = rain*0.6 + upstream_rain*0.4)
2024-06-10T03:00:00,R004,Nandini,2316601,12.7823,74.8012,3.248,8.3,2.28,2.28,8.7,12.7,16.7,NORMAL,Simulated (formula: level = rain*0.6 + upstream_rain*0.4)
2024-06-10T04:00:00,R004,Nandini,2316601,12.7823,74.8012,6.797,19.69,7.6,7.6,8.7,12.7,16.7,NORMAL,Simulated (formula: level = rain*0.6 + upstream_rain*0.4)
2024-06-10T05:00:00,R004,Nandini,2316601,12.7823,74.8012,5.758,15.21,4.73,4.73,8.7,12.7,16.7,NORMAL,Simulated (formula: level = rain*0.6 + upstream_rain*0.4)
2024-06-10T06:00:00,R004,Nandini,2316601,12.7823,74.8012,3.301,8.46,1.54,1.54,8.7,12.7,16.7,NORMAL,Simulated (formula: level = rain*0.6 + upstream_rain*0.4)
2024-06-10T07:00:00,R004,Nandini,2316601,12.7823,74.8012,2.089,5.47,0.86,0.86,8.7,12.7,16.7,NORMAL,Simulated (formula: level = rain*0.6 + upstream_rain*0.4)
2024-06-10T08:00:00,R004,Nandini,2316601,12.7823,74.8012,2.752,7.99,2.17,2.17,8.7,12.7,16.7,NORMAL,Simulated (formula: level = rain*0.6 + upstream_rain*0.4)
2024-06-10T09:00:00,R004,Nandini,2316601,12.7823,74.8012,1.992,6.38,0.97,0.97,8.7,12.7,16.7,NORMAL,Simulated (formula: level = rain*0.6 + upstream_rain*0.4)
2024-06-10T10:00:00,R004,Nandini,2316601,12.7823,74.8012,2.19,6.77,1.72,1.72,8.7,12.7,16.7,NORMAL,Simulated (formula: level = rain*0.6 + upstream_rain*0.4)
2024-06-10T11:00:00,R004,Nandini,2316601,12.7823,74.8012,2.107,6.05,1.41,1.41,8.7,12.7,16.7,NORMAL,Simulated (formula: level = rain*0.6 + upstream_rain*0.4)
2024-06-10T12:00:00,R004,Nandini,2316601,12.7823,74.8012,2.029,6.24,1.4,1.4,8.7,12.7,16.7,NORMAL,Simulated (formula: level = rain*0.6 + upstream_rain*0.4)
2024-06-10T13:00:00,R004,Nandini,2316601,12.7823,74.8012,1.515,4.06,0.59,0.59,8.7,12.7,16.7,NORMAL,Simulated (formula: level = rain*0.6 + upstream_rain*0.4)
2024-06-10T14:00:00,R004,Nandini,2316601,12.7823,74.8012,1.634,4.78,0.9,0.9,8.7,12.7,16.7,NORMAL,Simulated (formula: level = rain*0.6 + upstream_rain*0.4)
2024-06-10T15:00:00,R004,Nandini,2316601,12.7823,74.8012,2.026,5.4,1.45,1.45,8.7,12.7,16.7,NORMAL,Simulated (formula: level = rain*0.6 + upstream_rain*0.4)
2024-06-10T16:00:00,R004,Nandini,2316601,12.7823,74.8012,2.204,6.76,1.59,1.59,8.7,12.7,16.7,NORMAL,Simulated (formula: level = rain*0.6 + upstream_rain*0.4)
2024-06-10T17:00:00,R004,Nandini,2316601,12.7823,74.8012,2.503,6.79,1.93,1.93,8.7,12.7,16.7,NORMAL,Simulated (formula: level = rain*0.6 + upstream_rain*0.4)
2024-06-10T18:00:00,R004,Nandini,2316601,12.7823,74.8012,2.783,8.55,2.14,2.14,8.7,12.7,16.7,NORMAL,Simulated (formula: level = rain*0.6 + upstream_rain*0.4)
2024-06-10T19:00:00,R004,Nandini,2316601,12.7823,74.8012,10.666,30.16,13.39,13.39,8.7,12.7,16.7,WARNING,Simulated (formula: level = rain*0.6 + upstream_rain*0.4)
2024-06-10T20:00:00,R004,Nandini,2316601,12.7823,74.8012,20.998,68.59,24.73,24.73,8.7,12.7,16.7,FLOOD,Simulated (formula: level = rain*0.6 + upstream_rain*0.4)
2024-06-10T21:00:00,R004,Nandini,2316601,12.7823,74.8012,7.525,24.87,0.93,0.93,8.7,12.7,16.7,NORMAL,Simulated (formula: level = rain*0.6 + upstream_rain*0.4)
2024-06-10T22:00:00,R004,Nandini,2316601,12.7823,74.8012,7.027,21.2,6.23,6.23,8.7,12.7,16.7,NORMAL,Simulated (formula: level = rain*0.6 + upstream_rain*0.4)
2024-06-10T23:00:00,R004,Nandini,2316601,12.7823,74.8012,6.962,22.8,6.08,6.08,8.7,12.7,16.7,NORMAL,Simulated (formula: level = rain*0.6 + upstream_rain*0.4)
2024-06-11T00:00:00,R004,Nandini,2316601,12.7823,74.8012,5.876,16.58,4.64,4.64,8.7,12.7,16.7,NORMAL,Simulated (formula: level = rain*0.6 + upstream_rain*0.4)
2024-06-11T01:00:00,R004,Nandini,2316601,12.7823,74.8012,3.319,10.78,1.68,1.68,8.7,12.7,16.7,NORMAL,Simulated (formula: level = rain*0.6 + upstream_rain*0.4)
2024-06-11T02:00:00,R004,Nandini,2316601,12.7823,74.8012,10.679,35.43,13.07,13.07,8.7,12.7,16.7,WARNING,Simulated (formula: level = rain*0.6 + upstream_rain*0.4)
2024-06-11T03:00:00,R004,Nandini,2316601,12.7823,74.8012,7.906,24.47,6.0,6.0,8.7,12.7,16.7,NORMAL,Simulated (formula: level = rain*0.6 + upstream_rain*0.4)
2024-06-11T04:00:00,R004,Nandini,2316601,12.7823,74.8012,6.471,19.11,5.1,5.1,8.7,12.7,16.7,NORMAL,Simulated (formula: level = rain*0.6 + upstream_rain*0.4)
2024-06-11T05:00:00,R004,Nandini,2316601,12.7823,74.8012,17.76,45.79,21.9,21.9,8.7,12.7,16.7,FLOOD,Simulated (formula: level = rain*0.6 + upstream_rain*0.4)
2024-06-11T06:00:00,R004,Nandini,2316601,12.7823,74.8012,7.051,19.73,1.65,1.65,8.7,12.7,16.7,NORMAL,Simulated (formula: level = rain*0.6 + upstream_rain*0.4)
2024-06-11T07:00:00,R004,Nandini,2316601,12.7823,74.8012,3.539,11.09,1.34,1.34,8.7,12.7,16.7,NORMAL,Simulated (formula: level = rain*0.6 + upstream_rain*0.4)
2024-06-11T08:00:00,R004,Nandini,2316601,12.7823,74.8012,2.641,6.95,1.47,1.47,8.7,12.7,16.7,NORMAL,Simulated (formula: level = rain*0.6 + upstream_rain*0.4)
2024-06-11T09:00:00,R004,Nandini,2316601,12.7823,74.8012,2.307,7.61,1.47,1.47,8.7,12.7,16.7,NORMAL,Simulated (formula: level = rain*0.6 + upstream_rain*0.4)
2024-06-11T10:00:00,R004,Nandini,2316601,12.7823,74.8012,2.011,6.01,1.18,1.18,8.7,12.7,16.7,NORMAL,Simulated (formula: level = rain*0.6 + upstream_rain*0.4)
2024-06-11T11:00:00,R004,Nandini,2316601,12.7823,74.8012,3.503,11.63,3.36,3.36,8.7,12.7,16.7,NORMAL,Simulated (formula: level = rain*0.6 + upstream_rain*0.4)
2024-06-11T12:00:00,R004,Nandini,2316601,12.7823,74.8012,2.275,7.24,1.0,1.0,8.7,12.7,16.7,NORMAL,Simulated (formula: level = rain*0.6 + upstream_rain*0.4)
2024-06-11T13:00:00,R004,Nandini,2316601,12.7823,74.8012,1.928,5.01,1.03,1.03,8.7,12.7,16.7,NORMAL,Simulated (formula: level = rain*0.6 + upstream_rain*0.4)
2024-06-11T14:00:00,R004,Nandini,2316601,12.7823,74.8012,1.818,4.93,1.05,1.05,8.7,12.7,16.7,NORMAL,Simulated (formula: level = rain*0.6 + upstream_rain*0.4)
2024-06-11T15:00:00,R004,Nandini,2316601,12.7823,74.8012,1.468,4.03,0.75,0.75,8.7,12.7,16.7,NORMAL,Simulated (formula: level = rain*0.6 + upstream_rain*0.4)
2024-06-11T16:00:00,R004,Nandini,2316601,12.7823,74.8012,2.197,6.96,1.73,1.73,8.7,12.7,16.7,NORMAL,Simulated (formula: level = rain*0.6 + upstream_rain*0.4)
2024-06-11T17:00:00,R004,Nandini,2316601,12.7823,74.8012,2.327,6.2,1.74,1.74,8.7,12.7,16.7,NORMAL,Simulated (formula: level = rain*0.6 + upstream_rain*0.4)
2024-06-11T18:00:00,R004,Nandini,2316601,12.7823,74.8012,2.171,6.85,1.33,1.33,8.7,12.7,16.7,NORMAL,Simulated (formula: level = rain*0.6 + upstream_rain*0.4)
2024-06-11T19:00:00,R004,Nandini,2316601,12.7823,74.8012,1.508,3.81,0.59,0.59,8.7,12.7,16.7,NORMAL,Simulated (formula: level = rain*0.6 + upstream_rain*0.4)
2024-06-11T20:00:00,R004,Nandini,2316601,12.7823,74.8012,2.072,6.68,1.52,1.52,8.7,12.7,16.7,NORMAL,Simulated (formula: level = rain*0.6 + upstream_rain*0.4)
2024-06-11T21:00:00,R004,Nandini,2316601,12.7823,74.8012,2.466,7.38,2.02,2.02,8.7,12.7,16.7,NORMAL,Simulated (formula: level = rain*0.6 + upstream_rain*0.4)
2024-06-11T22:00:00,R004,Nandini,2316601,12.7823,74.8012,2.522,8.22,1.84,1.84,8.7,12.7,16.7,NORMAL,Simulated (formula: level = rain*0.6 + upstream_rain*0.4)
2024-06-11T23:00:00,R004,Nandini,2316601,12.7823,74.8012,6.433,20.67,7.34,7.34,8.7,12.7,16.7,NORMAL,Simulated (formula: level = rain*0.6 + upstream_rain*0.4)
2024-06-12T00:00:00,R004,Nandini,2316601,12.7823,74.8012,4.457,12.45,2.79,2.79,8.7,12.7,16.7,NORMAL,Simulated (formula: level = rain*0.6 + upstream_rain*0.4)
2024-06-12T01:00:00,R004,Nandini,2316601,12.7823,74.8012,3.927,10.27,2.97,2.97,8.7,12.7,16.7,NORMAL,Simulated (formula: level = rain*0.6 + upstream_rain*0.4)
2024-06-12T02:00:00,R004,Nandini,2316601,12.7823,74.8012,4.05,12.78,3.51,3.51,8.7,12.7,16.7,NORMAL,Simulated (formula: level = rain*0.6 + upstream_rain*0.4)
2024-06-12T03:00:00,R004,Nandini,2316601,12.7823,74.8012,4.15,13.12,3.45,3.45,8.7,12.7,16.7,NORMAL,Simulated (formula: level = rain*0.6 + upstream_rain*0.4)
2024-06-12T04:00:00,R004,Nandini,2316601,12.7823,74.8012,5.019,13.15,4.55,4.55,8.7,12.7,16.7,NORMAL,Simulated (formula: level = rain*0.6 + upstream_rain*0.4)
2024-06-12T05:00:00,R004,Nandini,2316601,12.7823,74.8012,4.574,12.34,3.77,3.77,8.7,12.7,16.7,NORMAL,Simulated (formula: level = rain*0.6 + upstream_rain*0.4)
2024-06-12T06:00:00,R004,Nandini,2316601,12.7823,74.8012,3.022,8.47,1.6,1.6,8.7,12.7,16.7,NORMAL,Simulated (formula: level = rain*0.6 + upstream_rain*0.4)
2024-06-12T07:00:00,R004,Nandini,2316601,12.7823,74.8012,3.165,8.57,2.45,2.45,8.7,12.7,16.7,NORMAL,Simulated (formula: level = rain*0.6 + upstream_rain*0.4)
2024-06-12T08:00:00,R004,Nandini,2316601,12.7823,74.8012,3.149,8.87,2.38,2.38,8.7,12.7,16.7,NORMAL,Simulated (formula: level = rain*0.6 + upstream_rain*0.4)
2024-06-12T09:00:00,R004,Nandini,2316601,12.7823,74.8012,2.62,7.12,1.67,1.67,8.7,12.7,16.7,NORMAL,Simulated (formula: level = rain*0.6 + upstream_rain*0.4)
2024-06-12T10:00:00,R004,Nandini,2316601,12.7823,74.8012,2.47,7.43,1.67,1.67,8.7,12.7,16.7,NORMAL,Simulated (formula: level = rain*0.6 + upstream_rain*0.4)
2024-06-12T11:00:00,R004,Nandini,2316601,12.7823,74.8012,2.495,6.97,1.97,1.97,8.7,12.7,16.7,NORMAL,Simulated (formula: level = rain*0.6 + upstream_rain*0.4)
2024-06-12T12:00:00,R004,Nandini,2316601,12.7823,74.8012,3.578,9.98,3.39,3.39,8.7,12.7,16.7,NORMAL,Simulated (formula: level = rain*0.6 + upstream_rain*0.4)
2024-06-12T13:00:00,R004,Nandini,2316601,12.7823,74.8012,2.635,7.15,1.62,1.62,8.7,12.7,16.7,NORMAL,Simulated (formula: level = rain*0.6 + upstream_rain*0.4)
2024-06-12T14:00:00,R004,Nandini,2316601,12.7823,74.8012,3.791,10.13,3.63,3.63,8.7,12.7,16.7,NORMAL,Simulated (formula: level = rain*0.6 + upstream_rain*0.4)
2024-06-12T15:00:00,R004,Nandini,2316601,12.7823,74.8012,3.152,8.43,2.1,2.1,8.7,12.7,16.7,NORMAL,Simulated (formula: level = rain*0.6 + upstream_rain*0.4)
2024-06-12T16:00:00,R004,Nandini,2316601,12.7823,74.8012,1.838,5.21,0.67,0.67,8.7,12.7,16.7,NORMAL,Simulated (formula: level = rain*0.6 + upstream_rain*0.4)
2024-06-12T17:00:00,R004,Nandini,2316601,12.7823,74.8012,1.66,5.49,0.86,0.86,8.7,12.7,16.7,NORMAL,Simulated (formula: level = rain*0.6 + upstream_rain*0.4)
2024-06-12T18:00:00,R004,Nandini,2316601,12.7823,74.8012,1.453,4.17,0.72,0.72,8.7,12.7,16.7,NORMAL,Simulated (formula: level = rain*0.6 + upstream_rain*0.4)
2024-06-12T19:00:00,R004,Nandini,2316601,12.7823,74.8012,2.008,5.15,1.69,1.69,8.7,12.7,16.7,NORMAL,Simulated (formula: level = rain*0.6 + upstream_rain*0.4)
2024-06-12T20:00:00,R004,Nandini,2316601,12.7823,74.8012,3.072,9.62,2.87,2.87,8.7,12.7,16.7,NORMAL,Simulated (formula: level = rain*0.6 + upstream_rain*0.4)
2024-06-12T21:00:00,R004,Nandini,2316601,12.7823,74.8012,3.244,9.38,2.57,2.57,8.7,12.7,16.7,NORMAL,Simulated (formula: level = rain*0.6 + upstream_rain*0.4)
2024-06-12T22:00:00,R004,Nandini,2316601,12.7823,74.8012,6.247,20.47,6.75,6.75,8.7,12.7,16.7,NORMAL,Simulated (formula: level = rain*0.6 + upstream_rain*0.4)
2024-06-12T23:00:00,R004,Nandini,2316601,12.7823,74.8012,5.168,13.54,3.83,3.83,8.7,12.7,16.7,NORMAL,Simulated (formula: level = rain*0.6 + upstream_rain*0.4)
2024-06-13T00:00:00,R004,Nandini,2316601,12.7823,74.8012,7.514,20.54,7.87,7.87,8.7,12.7,16.7,NORMAL,Simulated (formula: level = rain*0.6 + upstream_rain*0.4)
2024-06-13T01:00:00,R004,Nandini,2316601,12.7823,74.8012,12.432,39.79,13.85,13.85,8.7,12.7,16.7,WARNING,Simulated (formula: level = rain*0.6 + upstream_rain*0.4)
2024-06-13T02:00:00,R004,Nandini,2316601,12.7823,74.8012,9.435,28.92,7.4,7.4,8.7,12.7,16.7,WARNING,Simulated (formula: level = rain*0.6 + upstream_rain*0.4)
2024-06-13T03:00:00,R004,Nandini,2316601,12.7823,74.8012,4.833,14.94,2.25,2.25,8.7,12.7,16.7,NORMAL,Simulated (formula: level = rain*0.6 + upstream_rain*0.4)
2024-06-13T04:00:00,R004,Nandini,2316601,12.7823,74.8012,3.62,11.65,2.4,2.4,8.7,12.7,16.7,NORMAL,Simulated (formula: level = rain*0.6 + upstream_rain*0.4)
2024-06-13T05:00:00,R004,Nandini,2316601,12.7823,74.8012,5.124,15.2,5.06,5.06,8.7,12.7,16.7,NORMAL,Simulated (formula: level = rain*0.6 + upstream_rain*0.4)
2024-06-13T06:00:00,R004,Nandini,2316601,12.7823,74.8012,3.316,9.23,1.84,1.84,8.7,12.7,16.7,NORMAL,Simulated (formula: level = rain*0.6 + upstream_rain*0.4)
2024-06-13T07:00:00,R004,Nandini,2316601,12.7823,74.8012,2.36,6.92,1.23,1.23,8.7,12.7,16.7,NORMAL,Simulated (formula: level = rain*0.6 + upstream_rain*0.4)
2024-06-13T08:00:00,R004,Nandini,2316601,12.7823,74.8012,1.63,4.4,0.58,0.58,8.7,12.7,16.7,NORMAL,Simulated (formula: level = rain*0.6 + upstream_rain*0.4)
2024-06-13T09:00:00,R004,Nandini,2316601,12.7823,74.8012,17.684,53.55,23.74,23.74,8.7,12.7,16.7,FLOOD,Simulated (formula: level = rain*0.6 + upstream_rain*0.4)
2024-06-13T10:00:00,R004,Nandini,2316601,12.7823,74.8012,14.55,43.57,12.61,12.61,8.7,12.7,16.7,DANGER,Simulated (formula: level = rain*0.6 + upstream_rain*0.4)
2024-06-13T11:00:00,R004,Nandini,2316601,12.7823,74.8012,5.522,15.63,0.95,0.95,8.7,12.7,16.7,NORMAL,Simulated (formula: level = rain*0.6 + upstream_rain*0.4)
2024-06-13T12:00:00,R004,Nandini,2316601,12.7823,74.8012,4.138,10.35,2.84,2.84,8.7,12.7,16.7,NORMAL,Simulated (formula: level = rain*0.6 + upstream_rain*0.4)
2024-06-13T13:00:00,R004,Nandini,2316601,12.7823,74.8012,2.564,8.36,1.22,1.22,8.7,12.7,16.7,NORMAL,Simulated (formula: level = rain*0.6 + upstream_rain*0.4)
2024-06-13T14:00:00,R004,Nandini,2316601,12.7823,74.8012,3.281,8.73,2.8,2.8,8.7,12.7,16.7,NORMAL,Simulated (formula: level = rain*0.6 + upstream_rain*0.4)
2024-06-13T15:00:00,R004,Nandini,2316601,12.7823,74.8012,2.598,6.43,1.66,1.66,8.7,12.7,16.7,NORMAL,Simulated (formula: level = rain*0.6 + upstream_rain*0.4)
2024-06-13T16:00:00,R004,Nandini,2316601,12.7823,74.8012,1.82,4.47,0.88,0.88,8.7,12.7,16.7,NORMAL,Simulated (formula: level = rain*0.6 + upstream_rain*0.4)
2024-06-13T17:00:00,R004,Nandini,2316601,12.7823,74.8012,1.75,5.25,0.88,0.88,8.7,12.7,16.7,NORMAL,Simulated (formula: level = rain*0.6 + upstream_rain*0.4)
2024-06-13T18:00:00,R004,Nandini,2316601,12.7823,74.8012,2.45,6.71,2.13,2.13,8.7,12.7,16.7,NORMAL,Simulated (formula: level = rain*0.6 + upstream_rain*0.4)
2024-06-13T19:00:00,R004,Nandini,2316601,12.7823,74.8012,2.311,5.97,1.49,1.49,8.7,12.7,16.7,NORMAL,Simulated (formula: level = rain*0.6 + upstream_rain*0.4)
2024-06-13T20:00:00,R004,Nandini,2316601,12.7823,74.8012,2.583,7.47,2.15,2.15,8.7,12.7,16.7,NORMAL,Simulated (formula: level = rain*0.6 + upstream_rain*0.4)
2024-06-13T21:00:00,R004,Nandini,2316601,12.7823,74.8012,3.405,9.93,3.06,3.06,8.7,12.7,16.7,NORMAL,Simulated (formula: level = rain*0.6 + upstream_rain*0.4)
2024-06-13T22:00:00,R004,Nandini,2316601,12.7823,74.8012,3.854,11.06,3.4,3.4,8.7,12.7,16.7,NORMAL,Simulated (formula: level = rain*0.6 + upstream_rain*0.4)
2024-06-13T23:00:00,R004,Nandini,2316601,12.7823,74.8012,8.789,21.64,10.21,10.21,8.7,12.7,16.7,WARNING,Simulated (formula: level = rain*0.6 + upstream_rain*0.4)
2024-06-14T00:00:00,R004,Nandini,2316601,12.7823,74.8012,13.035,33.33,14.14,14.14,8.7,12.7,16.7,DANGER,Simulated (formula: level = rain*0.6 + upstream_rain*0.4)
2024-06-14T01:00:00,R004,Nandini,2316601,12.7823,74.8012,6.679,21.57,3.24,3.24,8.7,12.7,16.7,NORMAL,Simulated (formula: level = rain*0.6 + upstream_rain*0.4)
2024-06-14T02:00:00,R004,Nandini,2316601,12.7823,74.8012,24.081,69.06,30.84,30.84,8.7,12.7,16.7,FLOOD,Simulated (formula: level = rain*0.6 + upstream_rain*0.4)
2024-06-14T03:00:00,R004,Nandini,2316601,12.7823,74.8012,8.865,27.18,1.71,1.71,8.7,12.7,16.7,WARNING,Simulated (formula: level = rain*0.6 + upstream_rain*0.4)
2024-06-14T04:00:00,R004,Nandini,2316601,12.7823,74.8012,5.727,17.46,3.67,3.67,8.7,12.7,16.7,NORMAL,Simulated (formula: level = rain*0.6 + upstream_rain*0.4)
2024-06-14T05:00:00,R004,Nandini,2316601,12.7823,74.8012,3.651,10.44,2.05,2.05,8.7,12.7,16.7,NORMAL,Simulated (formula: level = rain*0.6 + upstream_rain*0.4)
2024-06-14T06:00:00,R004,Nandini,2316601,12.7823,74.8012,2.042,5.43,0.66,0.66,8.7,12.7,16.7,NORMAL,Simulated (formula: level = rain*0.6 + upstream_rain*0.4)
2024-06-14T07:00:00,R004,Nandini,2316601,12.7823,74.8012,2.067,6.25,1.26,1.26,8.7,12.7,16.7,NORMAL,Simulated (formula: level = rain*0.6 + upstream_rain*0.4)
2024-06-14T08:00:00,R004,Nandini,2316601,12.7823,74.8012,2.436,7.6,1.87,1.87,8.7,12.7,16.7,NORMAL,Simulated (formula: level = rain*0.6 + upstream_rain*0.4)
2024-06-14T09:00:00,R004,Nandini,2316601,12.7823,74.8012,2.019,5.59,1.16,1.16,8.7,12.7,16.7,NORMAL,Simulated (formula: level = rain*0.6 + upstream_rain*0.4)
2024-06-14T10:00:00,R004,Nandini,2316601,12.7823,74.8012,1.658,4.11,0.86,0.86,8.7,12.7,16.7,NORMAL,Simulated (formula: level = rain*0.6 + upstream_rain*0.4)
2024-06-14T11:00:00,R004,Nandini,2316601,12.7823,74.8012,2.803,7.26,2.55,2.55,8.7,12.7,16.7,NORMAL,Simulated (formula: level = rain*0.6 + upstream_rain*0.4)
2024-06-14T12:00:00,R004,Nandini,2316601,12.7823,74.8012,2.201,6.3,1.32,1.32,8.7,12.7,16.7,NORMAL,Simulated (formula: level = rain*0.6 + upstream_rain*0.4)
2024-06-14T13:00:00,R004,Nandini,2316601,12.7823,74.8012,1.796,5.67,1.01,1.01,8.7,12.7,16.7,NORMAL,Simulated (formula: level = rain*0.6 + upstream_rain*0.4)
2024-06-14T14:00:00,R004,Nandini,2316601,12.7823,74.8012,2.564,8.39,2.24,2.24,8.7,12.7,16.7,NORMAL,Simulated (formula: level = rain*0.6 + upstream_rain*0.4)
2024-06-14T15:00:00,R004,Nandini,2316601,12.7823,74.8012,2.971,7.34,2.49,2.49,8.7,12.7,16.7,NORMAL,Simulated (formula: level = rain*0.6 + upstream_rain*0.4)
2024-06-14T16:00:00,R004,Nandini,2316601,12.7823,74.8012,2.106,6.44,1.1,1.1,8.7,12.7,16.7,NORMAL,Simulated (formula: level = rain*0.6 + upstream_rain*0.4)
2024-06-14T17:00:00,R004,Nandini,2316601,12.7823,74.8012,1.876,4.8,0.97,0.97,8.7,12.7,16.7,NORMAL,Simulated (formula: level = rain*0.6 + upstream_rain*0.4)
2024-06-14T18:00:00,R004,Nandini,2316601,12.7823,74.8012,1.575,4.58,0.65,0.65,8.7,12.7,16.7,NORMAL,Simulated (formula: level = rain*0.6 + upstream_rain*0.4)
2024-06-14T19:00:00,R004,Nandini,2316601,12.7823,74.8012,1.812,5.6,1.14,1.14,8.7,12.7,16.7,NORMAL,Simulated (formula: level = rain*0.6 + upstream_rain*0.4)
2024-06-14T20:00:00,R004,Nandini,2316601,12.7823,74.8012,1.817,5.58,1.25,1.25,8.7,12.7,16.7,NORMAL,Simulated (formula: level = rain*0.6 + upstream_rain*0.4)
2024-06-14T21:00:00,R004,Nandini,2316601,12.7823,74.8012,3.107,9.76,2.98,2.98,8.7,12.7,16.7,NORMAL,Simulated (formula: level = rain*0.6 + upstream_rain*0.4)
2024-06-14T22:00:00,R004,Nandini,2316601,12.7823,74.8012,3.526,9.6,2.94,2.94,8.7,12.7,16.7,NORMAL,Simulated (formula: level = rain*0.6 + upstream_rain*0.4)
2024-06-14T23:00:00,R004,Nandini,2316601,12.7823,74.8012,5.868,15.83,6.21,6.21,8.7,12.7,16.7,NORMAL,Simulated (formula: level = rain*0.6 + upstream_rain*0.4)
2024-06-15T00:00:00,R004,Nandini,2316601,12.7823,74.8012,6.347,18.5,5.79,5.79,8.7,12.7,16.7,NORMAL,Simulated (formula: level = rain*0.6 + upstream_rain*0.4)
2024-06-15T01:00:00,R004,Nandini,2316601,12.7823,74.8012,3.349,10.73,1.37,1.37,8.7,12.7,16.7,NORMAL,Simulated (formula: level = rain*0.6 + upstream_rain*0.4)
2024-06-15T02:00:00,R004,Nandini,2316601,12.7823,74.8012,3.58,9.28,2.99,2.99,8.7,12.7,16.7,NORMAL,Simulated (formula: level = rain*0.6 + upstream_rain*0.4)
2024-06-15T03:00:00,R004,Nandini,2316601,12.7823,74.8012,4.465,11.01,4.14,4.14,8.7,12.7,16.7,NORMAL,Simulated (formula: level = rain*0.6 + upstream_rain*0.4)
2024-06-15T04:00:00,R004,Nandini,2316601,12.7823,74.8012,4.286,11.68,3.61,3.61,8.7,12.7,16.7,NORMAL,Simulated (formula: level = rain*0.6 + upstream_rain*0.4)
2024-06-15T05:00:00,R004,Nandini,2316601,12.7823,74.8012,3.861,11.01,2.98,2.98,8.7,12.7,16.7,NORMAL,Simulated (formula: level = rain*0.6 + upstream_rain*0.4)
2024-06-15T06:00:00,R004,Nandini,2316601,12.7823,74.8012,2.879,7.44,1.74,1.74,8.7,12.7,16.7,NORMAL,Simulated (formula: level = rain*0.6 + upstream_rain*0.4)
2024-06-15T07:00:00,R004,Nandini,2316601,12.7823,74.8012,3.207,8.14,2.58,2.58,8.7,12.7,16.7,NORMAL,Simulated (formula: level = rain*0.6 + upstream_rain*0.4)
2024-06-15T08:00:00,R004,Nandini,2316601,12.7823,74.8012,2.686,8.08,1.73,1.73,8.7,12.7,16.7,NORMAL,Simulated (formula: level = rain*0.6 + upstream_rain*0.4)
2024-06-15T09:00:00,R004,Nandini,2316601,12.7823,74.8012,2.764,7.67,2.11,2.11,8.7,12.7,16.7,NORMAL,Simulated (formula: level = rain*0.6 + upstream_rain*0.4)
2024-06-15T10:00:00,R004,Nandini,2316601,12.7823,74.8012,3.074,8.11,2.52,2.52,8.7,12.7,16.7,NORMAL,Simulated (formula: level = rain*0.6 + upstream_rain*0.4)
2024-06-15T11:00:00,R004,Nandini,2316601,12.7823,74.8012,2.291,6.42,1.46,1.46,8.7,12.7,16.7,NORMAL,Simulated (formula: level = rain*0.6 + upstream_rain*0.4)
2024-06-15T12:00:00,R004,Nandini,2316601,12.7823,74.8012,2.889,9.55,2.45,2.45,8.7,12.7,16.7,NORMAL,Simulated (formula: level = rain*0.6 + upstream_rain*0.4)
2024-06-15T13:00:00,R004,Nandini,2316601,12.7823,74.8012,3.391,10.01,2.97,2.97,8.7,12.7,16.7,NORMAL,Simulated (formula: level = rain*0.6 + upstream_rain*0.4)
2024-06-15T14:00:00,R004,Nandini,2316601,12.7823,74.8012,3.047,10.0,1.94,1.94,8.7,12.7,16.7,NORMAL,Simulated (formula: level = rain*0.6 + upstream_rain*0.4)
2024-06-15T15:00:00,R004,Nandini,2316601,12.7823,74.8012,2.413,7.07,1.41,1.41,8.7,12.7,16.7,NORMAL,Simulated (formula: level = rain*0.6 + upstream_rain*0.4)
2024-06-15T16:00:00,R004,Nandini,2316601,12.7823,74.8012,1.681,4.23,0.73,0.73,8.7,12.7,16.7,NORMAL,Simulated (formula: level = rain*0.6 + upstream_rain*0.4)
2024-06-15T17:00:00,R004,Nandini,2316601,12.7823,74.8012,2.744,8.07,2.38,2.38,8.7,12.7,16.7,NORMAL,Simulated (formula: level = rain*0.6 + upstream_rain*0.4)
2024-06-15T18:00:00,R004,Nandini,2316601,12.7823,74.8012,2.64,6.63,1.88,1.88,8.7,12.7,16.7,NORMAL,Simulated (formula: level = rain*0.6 + upstream_rain*0.4)
2024-06-15T19:00:00,R004,Nandini,2316601,12.7823,74.8012,2.382,6.83,1.66,1.66,8.7,12.7,16.7,NORMAL,Simulated (formula: level = rain*0.6 + upstream_rain*0.4)
2024-06-15T20:00:00,R004,Nandini,2316601,12.7823,74.8012,2.362,6.6,1.56,1.56,8.7,12.7,16.7,NORMAL,Simulated (formula: level = rain*0.6 + upstream_rain*0.4)
2024-06-15T21:00:00,R004,Nandini,2316601,12.7823,74.8012,3.577,9.09,3.38,3.38,8.7,12.7,16.7,NORMAL,Simulated (formula: level = rain*0.6 + upstream_rain*0.4)
2024-06-15T22:00:00,R004,Nandini,2316601,12.7823,74.8012,6.368,19.29,6.76,6.76,8.7,12.7,16.7,NORMAL,Simulated (formula: level = rain*0.6 + upstream_rain*0.4)
2024-06-15T23:00:00,R004,Nandini,2316601,12.7823,74.8012,4.362,13.45,2.73,2.73,8.7,12.7,16.7,NORMAL,Simulated (formula: level = rain*0.6 + upstream_rain*0.4)
2024-06-16T00:00:00,R004,Nandini,2316601,12.7823,74.8012,4.648,13.92,4.14,4.14,8.7,12.7,16.7,NORMAL,Simulated (formula: level = rain*0.6 + upstream_rain*0.4)
2024-06-16T01:00:00,R004,Nandini,2316601,12.7823,74.8012,4.596,11.49,3.72,3.72,8.7,12.7,16.7,NORMAL,Simulated (formula: level = rain*0.6 + upstream_rain*0.4)
2024-06-16T02:00:00,R004,Nandini,2316601,12.7823,74.8012,5.926,15.01,5.81,5.81,8.7,12.7,16.7,NORMAL,Simulated (formula: level = rain*0.6 + upstream_rain*0.4)
2024-06-16T03:00:00,R004,Nandini,2316601,12.7823,74.8012,5.107,12.95,4.11,4.11,8.7,12.7,16.7,NORMAL,Simulated (formula: level = rain*0.6 + upstream_rain*0.4)
2024-06-16T04:00:00,R004,Nandini,2316601,12.7823,74.8012,3.716,9.51,2.35,2.35,8.7,12.7,16.7,NORMAL,Simulated (formula: level = rain*0.6 + upstream_rain*0.4)
2024-06-16T05:00:00,R004,Nandini,2316601,12.7823,74.8012,14.339,36.64,18.31,18.31,8.7,12.7,16.7,DANGER,Simulated (formula: level = rain*0.6 + upstream_rain*0.4)
2024-06-16T06:00:00,R004,Nandini,2316601,12.7823,74.8012,23.503,75.41,26.76,26.76,8.7,12.7,16.7,FLOOD,Simulated (formula: level = rain*0.6 + upstream_rain*0.4)
2024-06-16T07:00:00,R004,Nandini,2316601,12.7823,74.8012,8.775,26.36,1.82,1.82,8.7,12.7,16.7,WARNING,Simulated (formula: level = rain*0.6 + upstream_rain*0.4)
2024-06-16T08:00:00,R004,Nandini,2316601,12.7823,74.8012,3.572,8.96,0.61,0.61,8.7,12.7,16.7,NORMAL,Simulated (formula: level = rain*0.6 + upstream_rain*0.4)
2024-06-16T09:00:00,R004,Nandini,2316601,12.7823,74.8012,3.525,10.72,2.71,2.71,8.7,12.7,16.7,NORMAL,Simulated (formula: level = rain*0.6 + upstream_rain*0.4)
2024-06-16T10:00:00,R004,Nandini,2316601,12.7823,74.8012,2.801,7.25,1.85,1.85,8.7,12.7,16.7,NORMAL,Simulated (formula: level = rain*0.6 + upstream_rain*0.4)
2024-06-16T11:00:00,R004,Nandini,2316601,12.7823,74.8012,2.663,7.42,1.9,1.9,8.7,12.7,16.7,NORMAL,Simulated (formula: level = rain*0.6 + upstream_rain*0.4)
2024-06-16T12:00:00,R004,Nandini,2316601,12.7823,74.8012,2.218,5.49,1.22,1.22,8.7,12.7,16.7,NORMAL,Simulated (formula: level = rain*0.6 + upstream_rain*0.4)
2024-06-16T13:00:00,R004,Nandini,2316601,12.7823,74.8012,2.365,7.46,1.82,1.82,8.7,12.7,16.7,NORMAL,Simulated (formula: level = rain*0.6 + upstream_rain*0.4)
2024-06-16T14:00:00,R004,Nandini,2316601,12.7823,74.8012,2.881,7.16,2.39,2.39,8.7,12.7,16.7,NORMAL,Simulated (formula: level = rain*0.6 + upstream_rain*0.4)
2024-06-16T15:00:00,R004,Nandini,2316601,12.7823,74.8012,1.925,5.5,0.82,0.82,8.7,12.7,16.7,NORMAL,Simulated (formula: level = rain*0.6 + upstream_rain*0.4)
2024-06-16T16:00:00,R004,Nandini,2316601,12.7823,74.8012,2.896,7.69,2.64,2.64,8.7,12.7,16.7,NORMAL,Simulated (formula: level = rain*0.6 + upstream_rain*0.4)
2024-06-16T17:00:00,R004,Nandini,2316601,12.7823,74.8012,2.16,6.63,1.05,1.05,8.7,12.7,16.7,NORMAL,Simulated (formula: level = rain*0.6 + upstream_rain*0.4)
2024-06-16T18:00:00,R004,Nandini,2316601,12.7823,74.8012,2.987,8.71,2.59,2.59,8.7,12.7,16.7,NORMAL,Simulated (formula: level = rain*0.6 + upstream_rain*0.4)
2024-06-16T19:00:00,R004,Nandini,2316601,12.7823,74.8012,9.026,24.72,10.93,10.93,8.7,12.7,16.7,WARNING,Simulated (formula: level = rain*0.6 + upstream_rain*0.4)
2024-06-16T20:00:00,R004,Nandini,2316601,12.7823,74.8012,7.211,23.06,5.79,5.79,8.7,12.7,16.7,NORMAL,Simulated (formula: level = rain*0.6 + upstream_rain*0.4)
2024-06-16T21:00:00,R004,Nandini,2316601,12.7823,74.8012,3.897,10.16,1.83,1.83,8.7,12.7,16.7,NORMAL,Simulated (formula: level = rain*0.6 + upstream_rain*0.4)
2024-06-16T22:00:00,R004,Nandini,2316601,12.7823,74.8012,4.559,13.86,4.24,4.24,8.7,12.7,16.7,NORMAL,Simulated (formula: level = rain*0.6 + upstream_rain*0.4)
2024-06-16T23:00:00,R004,Nandini,2316601,12.7823,74.8012,3.282,9.8,2.12,2.12,8.7,12.7,16.7,NORMAL,Simulated (formula: level = rain*0.6 + upstream_rain*0.4)
2024-06-17T00:00:00,R004,Nandini,2316601,12.7823,74.8012,4.38,13.84,4.13,4.13,8.7,12.7,16.7,NORMAL,Simulated (formula: level = rain*0.6 + upstream_rain*0.4)
2024-06-17T01:00:00,R004,Nandini,2316601,12.7823,74.8012,3.051,9.06,1.81,1.81,8.7,12.7,16.7,NORMAL,Simulated (formula: level = rain*0.6 + upstream_rain*0.4)
2024-06-17T02:00:00,R004,Nandini,2316601,12.7823,74.8012,2.835,9.32,2.11,2.11,8.7,12.7,16.7,NORMAL,Simulated (formula: level = rain*0.6 + upstream_rain*0.4)
2024-06-17T03:00:00,R004,Nandini,2316601,12.7823,74.8012,2.359,7.73,1.5,1.5,8.7,12.7,16.7,NORMAL,Simulated (formula: level = rain*0.6 + upstream_rain*0.4)
2024-06-17T04:00:00,R004,Nandini,2316601,12.7823,74.8012,2.972,9.26,2.59,2.59,8.7,12.7,16.7,NORMAL,Simulated (formula: level = rain*0.6 + upstream_rain*0.4)
2024-06-17T05:00:00,R004,Nandini,2316601,12.7823,74.8012,4.626,14.18,4.56,4.56,8.7,12.7,16.7,NORMAL,Simulated (formula: level = rain*0.6 + upstream_rain*0.4)
2024-06-17T06:00:00,R004,Nandini,2316601,12.7823,74.8012,16.631,51.79,21.04,21.04,8.7,12.7,16.7,DANGER,Simulated (formula: level = rain*0.6 + upstream_rain*0.4)
2024-06-17T07:00:00,R004,Nandini,2316601,12.7823,74.8012,5.983,18.11,0.81,0.81,8.7,12.7,16.7,NORMAL,Simulated (formula: level = rain*0.6 + upstream_rain*0.4)
2024-06-17T08:00:00,R004,Nandini,2316601,12.7823,74.8012,3.356,8.52,1.62,1.62,8.7,12.7,16.7,NORMAL,Simulated (formula: level = rain*0.6 + upstream_rain*0.4)
2024-06-17T09:00:00,R004,Nandini,2316601,12.7823,74.8012,2.743,8.89,1.78,1.78,8.7,12.7,16.7,NORMAL,Simulated (formula: level = rain*0.6 + upstream_rain*0.4)
2024-06-17T10:00:00,R004,Nandini,2316601,12.7823,74.8012,2.662,8.07,1.87,1.87,8.7,12.7,16.7,NORMAL,Simulated (formula: level = rain*0.6 + upstream_rain*0.4)
2024-06-17T11:00:00,R004,Nandini,2316601,12.7823,74.8012,2.246,5.63,1.43,1.43,8.7,12.7,16.7,NORMAL,Simulated (formula: level = rain*0.6 + upstream_rain*0.4)
2024-06-17T12:00:00,R004,Nandini,2316601,12.7823,74.8012,2.241,6.43,1.49,1.49,8.7,12.7,16.7,NORMAL,Simulated (formula: level = rain*0.6 + upstream_rain*0.4)
2024-06-17T13:00:00,R004,Nandini,2316601,12.7823,74.8012,1.95,4.8,1.15,1.15,8.7,12.7,16.7,NORMAL,Simulated (formula: level = rain*0.6 + upstream_rain*0.4)
2024-06-17T14:00:00,R004,Nandini,2316601,12.7823,74.8012,3.554,9.59,3.41,3.41,8.7,12.7,16.7,NORMAL,Simulated (formula: level = rain*0.6 + upstream_rain*0.4)
2024-06-17T15:00:00,R004,Nandini,2316601,12.7823,74.8012,2.237,5.54,1.04,1.04,8.7,12.7,16.7,NORMAL,Simulated (formula: level = rain*0.6 + upstream_rain*0.4)
2024-06-17T16:00:00,R004,Nandini,2316601,12.7823,74.8012,1.817,5.8,0.79,0.79,8.7,12.7,16.7,NORMAL,Simulated (formula: level = rain*0.6 + upstream_rain*0.4)
2024-06-17T17:00:00,R004,Nandini,2316601,12.7823,74.8012,1.525,4.16,0.77,0.77,8.7,12.7,16.7,NORMAL,Simulated (formula: level = rain*0.6 + upstream_rain*0.4)
2024-06-17T18:00:00,R004,Nandini,2316601,12.7823,74.8012,3.747,10.64,4.04,4.04,8.7,12.7,16.7,NORMAL,Simulated (formula: level = rain*0.6 + upstream_rain*0.4)
2024-06-17T19:00:00,R004,Nandini,2316601,12.7823,74.8012,2.82,8.23,1.79,1.79,8.7,12.7,16.7,NORMAL,Simulated (formula: level = rain*0.6 + upstream_rain*0.4)
2024-06-17T20:00:00,R004,Nandini,2316601,12.7823,74.8012,2.077,6.0,1.14,1.14,8.7,12.7,16.7,NORMAL,Simulated (formula: level = rain*0.6 + upstream_rain*0.4)
2024-06-17T21:00:00,R004,Nandini,2316601,12.7823,74.8012,2.205,6.75,1.46,1.46,8.7,12.7,16.7,NORMAL,Simulated (formula: level = rain*0.6 + upstream_rain*0.4)
2024-06-17T22:00:00,R004,Nandini,2316601,12.7823,74.8012,4.205,13.26,4.3,4.3,8.7,12.7,16.7,NORMAL,Simulated (formula: level = rain*0.6 + upstream_rain*0.4)
2024-06-17T23:00:00,R004,Nandini,2316601,12.7823,74.8012,6.396,16.45,6.49,6.49,8.7,12.7,16.7,NORMAL,Simulated (formula: level = rain*0.6 + upstream_rain*0.4)
2024-06-18T00:00:00,R004,Nandini,2316601,12.7823,74.8012,4.258,11.49,2.72,2.72,8.7,12.7,16.7,NORMAL,Simulated (formula: level = rain*0.6 + upstream_rain*0.4)
2024-06-18T01:00:00,R004,Nandini,2316601,12.7823,74.8012,3.985,11.63,3.1,3.1,8.7,12.7,16.7,NORMAL,Simulated (formula: level = rain*0.6 + upstream_rain*0.4)
2024-06-18T02:00:00,R004,Nandini,2316601,12.7823,74.8012,3.891,9.65,3.11,3.11,8.7,12.7,16.7,NORMAL,Simulated (formula: level = rain*0.6 + upstream_rain*0.4)
2024-06-18T03:00:00,R004,Nandini,2316601,12.7823,74.8012,4.018,12.98,3.29,3.29,8.7,12.7,16.7,NORMAL,Simulated (formula: level = rain*0.6 + upstream_rain*0.4)
2024-06-18T04:00:00,R004,Nandini,2316601,12.7823,74.8012,3.946,11.02,3.26,3.26,8.7,12.7,16.7,NORMAL,Simulated (formula: level = rain*0.6 + upstream_rain*0.4)
2024-06-18T05:00:00,R004,Nandini,2316601,12.7823,74.8012,6.92,17.11,7.46,7.46,8.7,12.7,16.7,NORMAL,Simulated (formula: level = rain*0.6 + upstream_rain*0.4)
2024-06-18T06:00:00,R004,Nandini,2316601,12.7823,74.8012,4.417,14.5,2.58,2.58,8.7,12.7,16.7,NORMAL,Simulated (formula: level = rain*0.6 + upstream_rain*0.4)
2024-06-18T07:00:00,R004,Nandini,2316601,12.7823,74.8012,2.908,8.9,1.5,1.5,8.7,12.7,16.7,NORMAL,Simulated (formula: level = rain*0.6 + upstream_rain*0.4)
2024-06-18T08:00:00,R004,Nandini,2316601,12.7823,74.8012,2.089,5.69,1.14,1.14,8.7,12.7,16.7,NORMAL,Simulated (formula: level = rain*0.6 + upstream_rain*0.4)
2024-06-18T09:00:00,R004,Nandini,2316601,12.7823,74.8012,2.188,6.71,1.51,1.51,8.7,12.7,16.7,NORMAL,Simulated (formula: level = rain*0.6 + upstream_rain*0.4)
2024-06-18T10:00:00,R004,Nandini,2316601,12.7823,74.8012,8.381,26.48,10.36,10.36,8.7,12.7,16.7,NORMAL,Simulated (formula: level = rain*0.6 + upstream_rain*0.4)
2024-06-18T11:00:00,R004,Nandini,2316601,12.7823,74.8012,17.504,57.84,20.65,20.65,8.7,12.7,16.7,FLOOD,Simulated (formula: level = rain*0.6 + upstream_rain*0.4)
2024-06-18T12:00:00,R004,Nandini,2316601,12.7823,74.8012,7.044,23.31,1.86,1.86,8.7,12.7,16.7,NORMAL,Simulated (formula: level = rain*0.6 + upstream_rain*0.4)
2024-06-18T13:00:00,R004,Nandini,2316601,12.7823,74.8012,3.121,7.84,0.76,0.76,8.7,12.7,16.7,NORMAL,Simulated (formula: level = rain*0.6 + upstream_rain*0.4)
2024-06-18T14:00:00,R004,Nandini,2316601,12.7823,74.8012,3.533,10.84,2.94,2.94,8.7,12.7,16.7,NORMAL,Simulated (formula: level = rain*0.6 + upstream_rain*0.4)
2024-06-18T15:00:00,R004,Nandini,2316601,12.7823,74.8012,2.697,7.25,1.58,1.58,8.7,12.7,16.7,NORMAL,Simulated (formula: level = rain*0.6 + upstream_rain*0.4)
2024-06-18T16:00:00,R004,Nandini,2316601,12.7823,74.8012,2.094,5.33,1.07,1.07,8.7,12.7,16.7,NORMAL,Simulated (formula: level = rain*0.6 + upstream_rain*0.4)
2024-06-18T17:00:00,R004,Nandini,2316601,12.7823,74.8012,3.091,9.96,2.8,2.8,8.7,12.7,16.7,NORMAL,Simulated (formula: level = rain*0.6 + upstream_rain*0.4)
2024-06-18T18:00:00,R004,Nandini,2316601,12.7823,74.8012,2.616,8.55,1.82,1.82,8.7,12.7,16.7,NORMAL,Simulated (formula: level = rain*0.6 + upstream_rain*0.4)
2024-06-18T19:00:00,R004,Nandini,2316601,12.7823,74.8012,2.689,7.72,1.92,1.92,8.7,12.7,16.7,NORMAL,Simulated (formula: level = rain*0.6 + upstream_rain*0.4)
2024-06-18T20:00:00,R004,Nandini,2316601,12.7823,74.8012,2.78,8.02,2.05,2.05,8.7,12.7,16.7,NORMAL,Simulated (formula: level = rain*0.6 + upstream_rain*0.4)
2024-06-18T21:00:00,R004,Nandini,2316601,12.7823,74.8012,3.405,8.86,2.97,2.97,8.7,12.7,16.7,NORMAL,Simulated (formula: level = rain*0.6 + upstream_rain*0.4)
2024-06-18T22:00:00,R004,Nandini,2316601,12.7823,74.8012,12.695,33.63,15.97,15.97,8.7,12.7,16.7,WARNING,Simulated (formula: level = rain*0.6 + upstream_rain*0.4)
2024-06-18T23:00:00,R004,Nandini,2316601,12.7823,74.8012,19.785,61.43,22.04,22.04,8.7,12.7,16.7,FLOOD,Simulated (formula: level = rain*0.6 + upstream_rain*0.4)
2024-06-19T00:00:00,R004,Nandini,2316601,12.7823,74.8012,11.912,36.51,7.73,7.73,8.7,12.7,16.7,WARNING,Simulated (formula: level = rain*0.6 + upstream_rain*0.4)
2024-06-19T01:00:00,R004,Nandini,2316601,12.7823,74.8012,8.451,22.33,6.35,6.35,8.7,12.7,16.7,NORMAL,Simulated (formula: level = rain*0.6 + upstream_rain*0.4)
2024-06-19T02:00:00,R004,Nandini,2316601,12.7823,74.8012,10.46,27.51,10.62,10.62,8.7,12.7,16.7,WARNING,Simulated (formula: level = rain*0.6 + upstream_rain*0.4)
2024-06-19T03:00:00,R004,Nandini,2316601,12.7823,74.8012,14.908,49.18,16.03,16.03,8.7,12.7,16.7,DANGER,Simulated (formula: level = rain*0.6 + upstream_rain*0.4)
2024-06-19T04:00:00,R004,Nandini,2316601,12.7823,74.8012,8.741,25.06,5.42,5.42,8.7,12.7,16.7,WARNING,Simulated (formula: level = rain*0.6 + upstream_rain*0.4)
2024-06-19T05:00:00,R004,Nandini,2316601,12.7823,74.8012,6.597,17.16,4.97,4.97,8.7,12.7,16.7,NORMAL,Simulated (formula: level = rain*0.6 + upstream_rain*0.4)
2024-06-19T06:00:00,R004,Nandini,2316601,12.7823,74.8012,3.507,10.88,1.54,1.54,8.7,12.7,16.7,NORMAL,Simulated (formula: level = rain*0.6 + upstream_rain*0.4)
2024-06-19T07:00:00,R004,Nandini,2316601,12.7823,74.8012,2.414,7.61,1.34,1.34,8.7,12.7,16.7,NORMAL,Simulated (formula: level = rain*0.6 + upstream_rain*0.4)
2024-06-19T08:00:00,R004,Nandini,2316601,12.7823,74.8012,1.869,6.2,1.04,1.04,8.7,12.7,16.7,NORMAL,Simulated (formula: level = rain*0.6 + upstream_rain*0.4)
2024-06-19T09:00:00,R004,Nandini,2316601,12.7823,74.8012,2.381,7.21,1.99,1.99,8.7,12.7,16.7,NORMAL,Simulated (formula: level = rain*0.6 + upstream_rain*0.4)
2024-06-19T10:00:00,R004,Nandini,2316601,12.7823,74.8012,2.166,6.15,1.42,1.42,8.7,12.7,16.7,NORMAL,Simulated (formula: level = rain*0.6 + upstream_rain*0.4)
2024-06-19T11:00:00,R004,Nandini,2316601,12.7823,74.8012,7.605,24.41,9.14,9.14,8.7,12.7,16.7,NORMAL,Simulated (formula: level = rain*0.6 + upstream_rain*0.4)
2024-06-19T12:00:00,R004,Nandini,2316601,12.7823,74.8012,16.912,50.27,20.29,20.29,8.7,12.7,16.7,FLOOD,Simulated (formula: level = rain*0.6 + upstream_rain*0.4)
2024-06-19T13:00:00,R004,Nandini,2316601,12.7823,74.8012,12.44,30.58,9.92,9.92,8.7,12.7,16.7,WARNING,Simulated (formula: level = rain*0.6 + upstream_rain*0.4)
2024-06-19T14:00:00,R004,Nandini,2316601,12.7823,74.8012,29.709,91.45,36.33,36.33,8.7,12.7,16.7,FLOOD,Simulated (formula: level = rain*0.6 + upstream_rain*0.4)
2024-06-19T15:00:00,R004,Nandini,2316601,12.7823,74.8012,18.372,58.37,12.97,12.97,8.7,12.7,16.7,FLOOD,Simulated (formula: level = rain*0.6 + upstream_rain*0.4)
2024-06-19T16:00:00,R004,Nandini,2316601,12.7823,74.8012,7.161,21.75,1.79,1.79,8.7,12.7,16.7,NORMAL,Simulated (formula: level = rain*0.6 + upstream_rain*0.4)
2024-06-19T17:00:00,R004,Nandini,2316601,12.7823,74.8012,4.142,12.53,2.25,2.25,8.7,12.7,16.7,NORMAL,Simulated (formula: level = rain*0.6 + upstream_rain*0.4)
2024-06-19T18:00:00,R004,Nandini,2316601,12.7823,74.8012,2.333,5.94,0.8,0.8,8.7,12.7,16.7,NORMAL,Simulated (formula: level = rain*0.6 + upstream_rain*0.4)
2024-06-19T19:00:00,R004,Nandini,2316601,12.7823,74.8012,4.238,10.95,4.26,4.26,8.7,12.7,16.7,NORMAL,Simulated (formula: level = rain*0.6 + upstream_rain*0.4)
2024-06-19T20:00:00,R004,Nandini,2316601,12.7823,74.8012,3.624,11.86,2.63,2.63,8.7,12.7,16.7,NORMAL,Simulated (formula: level = rain*0.6 + upstream_rain*0.4)
2024-06-19T21:00:00,R004,Nandini,2316601,12.7823,74.8012,3.685,11.74,2.98,2.98,8.7,12.7,16.7,NORMAL,Simulated (formula: level = rain*0.6 + upstream_rain*0.4)
2024-06-19T22:00:00,R004,Nandini,2316601,12.7823,74.8012,4.143,12.64,3.67,3.67,8.7,12.7,16.7,NORMAL,Simulated (formula: level = rain*0.6 + upstream_rain*0.4)
2024-06-19T23:00:00,R004,Nandini,2316601,12.7823,74.8012,16.09,46.3,20.53,20.53,8.7,12.7,16.7,DANGER,Simulated (formula: level = rain*0.6 + upstream_rain*0.4)
2024-06-20T00:00:00,R004,Nandini,2316601,12.7823,74.8012,14.777,48.2,13.6,13.6,8.7,12.7,16.7,DANGER,Simulated (formula: level = rain*0.6 + upstream_rain*0.4)
2024-06-20T01:00:00,R004,Nandini,2316601,12.7823,74.8012,6.463,21.29,2.13,2.13,8.7,12.7,16.7,NORMAL,Simulated (formula: level = rain*0.6 + upstream_rain*0.4)
2024-06-20T02:00:00,R004,Nandini,2316601,12.7823,74.8012,3.633,9.71,1.85,1.85,8.7,12.7,16.7,NORMAL,Simulated (formula: level = rain*0.6 + upstream_rain*0.4)
2024-06-20T03:00:00,R004,Nandini,2316601,12.7823,74.8012,4.259,13.7,3.78,3.78,8.7,12.7,16.7,NORMAL,Simulated (formula: level = rain*0.6 + upstream_rain*0.4)
2024-06-20T04:00:00,R004,Nandini,2316601,12.7823,74.8012,8.669,22.51,9.9,9.9,8.7,12.7,16.7,NORMAL,Simulated (formula: level = rain*0.6 + upstream_rain*0.4)
2024-06-20T05:00:00,R004,Nandini,2316601,12.7823,74.8012,5.753,16.99,3.77,3.77,8.7,12.7,16.7,NORMAL,Simulated (formula: level = rain*0.6 + upstream_rain*0.4)
2024-06-20T06:00:00,R004,Nandini,2316601,12.7823,74.8012,4.807,14.5,3.8,3.8,8.7,12.7,16.7,NORMAL,Simulated (formula: level = rain*0.6 + upstream_rain*0.4)
2024-06-20T07:00:00,R004,Nandini,2316601,12.7823,74.8012,3.857,11.21,2.78,2.78,8.7,12.7,16.7,NORMAL,Simulated (formula: level = rain*0.6 + upstream_rain*0.4)
2024-06-20T08:00:00,R004,Nandini,2316601,12.7823,74.8012,6.961,20.5,7.58,7.58,8.7,12.7,16.7,NORMAL,Simulated (formula: level = rain*0.6 + upstream_rain*0.4)
2024-06-20T09:00:00,R004,Nandini,2316601,12.7823,74.8012,12.961,37.14,14.8,14.8,8.7,12.7,16.7,DANGER,Simulated (formula: level = rain*0.6 + upstream_rain*0.4)
2024-06-20T10:00:00,R004,Nandini,2316601,12.7823,74.8012,5.358,13.92,1.39,1.39,8.7,12.7,16.7,NORMAL,Simulated (formula: level = rain*0.6 + upstream_rain*0.4)
2024-06-20T11:00:00,R004,Nandini,2316601,12.7823,74.8012,3.147,10.29,1.54,1.54,8.7,12.7,16.7,NORMAL,Simulated (formula: level = rain*0.6 + upstream_rain*0.4)
2024-06-20T12:00:00,R004,Nandini,2316601,12.7823,74.8012,3.84,12.58,3.41,3.41,8.7,12.7,16.7,NORMAL,Simulated (formula: level = rain*0.6 + upstream_rain*0.4)
2024-06-20T13:00:00,R004,Nandini,2316601,12.7823,74.8012,3.201,9.87,2.24,2.24,8.7,12.7,16.7,NORMAL,Simulated (formula: level = rain*0.6 + upstream_rain*0.4)
2024-06-20T14:00:00,R004,Nandini,2316601,12.7823,74.8012,2.364,6.66,1.3,1.3,8.7,12.7,16.7,NORMAL,Simulated (formula: level = rain*0.6 + upstream_rain*0.4)
2024-06-20T15:00:00,R004,Nandini,2316601,12.7823,74.8012,1.534,3.83,0.61,0.61,8.7,12.7,16.7,NORMAL,Simulated (formula: level = rain*0.6 + upstream_rain*0.4)
2024-06-20T16:00:00,R004,Nandini,2316601,12.7823,74.8012,2.894,8.36,2.79,2.79,8.7,12.7,16.7,NORMAL,Simulated (formula: level = rain*0.6 + upstream_rain*0.4)
2024-06-20T17:00:00,R004,Nandini,2316601,12.7823,74.8012,2.601,8.62,1.83,1.83,8.7,12.7,16.7,NORMAL,Simulated (formula: level = rain*0.6 + upstream_rain*0.4)
2024-06-20T18:00:00,R004,Nandini,2316601,12.7823,74.8012,3.068,9.46,2.53,2.53,8.7,12.7,16.7,NORMAL,Simulated (formula: level = rain*0.6 + upstream_rain*0.4)
2024-06-20T19:00:00,R004,Nandini,2316601,12.7823,74.8012,1.984,5.17,0.79,0.79,8.7,12.7,16.7,NORMAL,Simulated (formula: level = rain*0.6 + upstream_rain*0.4)
2024-06-20T20:00:00,R004,Nandini,2316601,12.7823,74.8012,1.898,4.85,1.17,1.17,8.7,12.7,16.7,NORMAL,Simulated (formula: level = rain*0.6 + upstream_rain*0.4)
2024-06-20T21:00:00,R004,Nandini,2316601,12.7823,74.8012,3.006,9.18,2.68,2.68,8.7,12.7,16.7,NORMAL,Simulated (formula: level = rain*0.6 + upstream_rain*0.4)
2024-06-20T22:00:00,R004,Nandini,2316601,12.7823,74.8012,2.394,7.51,1.45,1.45,8.7,12.7,16.7,NORMAL,Simulated (formula: level = rain*0.6 + upstream_rain*0.4)
2024-06-20T23:00:00,R004,Nandini,2316601,12.7823,74.8012,3.94,9.91,3.98,3.98,8.7,12.7,16.7,NORMAL,Simulated (formula: level = rain*0.6 + upstream_rain*0.4)
2024-06-21T00:00:00,R004,Nandini,2316601,12.7823,74.8012,24.989,64.89,33.45,33.45,8.7,12.7,16.7,FLOOD,Simulated (formula: level = rain*0.6 + upstream_rain*0.4)
2024-06-21T01:00:00,R004,Nandini,2316601,12.7823,74.8012,11.675,35.19,5.28,5.28,8.7,12.7,16.7,WARNING,Simulated (formula: level = rain*0.6 + upstream_rain*0.4)
2024-06-21T02:00:00,R004,Nandini,2316601,12.7823,74.8012,7.565,18.91,4.92,4.92,8.7,12.7,16.7,NORMAL,Simulated (formula: level = rain*0.6 + upstream_rain*0.4)
2024-06-21T03:00:00,R004,Nandini,2316601,12.7823,74.8012,6.982,20.4,6.06,6.06,8.7,12.7,16.7,NORMAL,Simulated (formula: level = rain*0.6 + upstream_rain*0.4)
2024-06-21T04:00:00,R004,Nandini,2316601,12.7823,74.8012,4.046,12.81,2.0,2.0,8.7,12.7,16.7,NORMAL,Simulated (formula: level = rain*0.6 + upstream_rain*0.4)
2024-06-21T05:00:00,R004,Nandini,2316601,12.7823,74.8012,3.46,10.03,2.53,2.53,8.7,12.7,16.7,NORMAL,Simulated (formula: level = rain*0.6 + upstream_rain*0.4)
2024-06-21T06:00:00,R004,Nandini,2316601,12.7823,74.8012,3.052,8.36,2.22,2.22,8.7,12.7,16.7,NORMAL,Simulated (formula: level = rain*0.6 + upstream_rain*0.4)
2024-06-21T07:00:00,R004,Nandini,2316601,12.7823,74.8012,2.95,8.3,2.11,2.11,8.7,12.7,16.7,NORMAL,Simulated (formula: level = rain*0.6 + upstream_rain*0.4)
2024-06-21T08:00:00,R004,Nandini,2316601,12.7823,74.8012,3.302,9.69,2.76,2.76,8.7,12.7,16.7,NORMAL,Simulated (formula: level = rain*0.6 + upstream_rain*0.4)
2024-06-21T09:00:00,R004,Nandini,2316601,12.7823,74.8012,3.283,9.14,2.63,2.63,8.7,12.7,16.7,NORMAL,Simulated (formula: level = rain*0.6 + upstream_rain*0.4)
2024-06-21T10:00:00,R004,Nandini,2316601,12.7823,74.8012,2.181,6.56,1.0,1.0,8.7,12.7,16.7,NORMAL,Simulated (formula: level = rain*0.6 + upstream_rain*0.4)
2024-06-21T11:00:00,R004,Nandini,2316601,12.7823,74.8012,2.218,7.22,1.63,1.63,8.7,12.7,16.7,NORMAL,Simulated (formula: level = rain*0.6 + upstream_rain*0.4)
2024-06-21T12:00:00,R004,Nandini,2316601,12.7823,74.8012,3.246,10.4,3.11,3.11,8.7,12.7,16.7,NORMAL,Simulated (formula: level = rain*0.6 + upstream_rain*0.4)
2024-06-21T13:00:00,R004,Nandini,2316601,12.7823,74.8012,3.388,10.43,2.7,2.7,8.7,12.7,16.7,NORMAL,Simulated (formula: level = rain*0.6 + upstream_rain*0.4)
2024-06-21T14:00:00,R004,Nandini,2316601,12.7823,74.8012,2.971,8.76,2.13,2.13,8.7,12.7,16.7,NORMAL,Simulated (formula: level = rain*0.6 + upstream_rain*0.4)
2024-06-21T15:00:00,R004,Nandini,2316601,12.7823,74.8012,3.081,10.23,2.43,2.43,8.7,12.7,16.7,NORMAL,Simulated (formula: level = rain*0.6 + upstream_rain*0.4)
2024-06-21T16:00:00,R004,Nandini,2316601,12.7823,74.8012,2.023,6.57,0.94,0.94,8.7,12.7,16.7,NORMAL,Simulated (formula: level = rain*0.6 + upstream_rain*0.4)
2024-06-21T17:00:00,R004,Nandini,2316601,12.7823,74.8012,1.514,4.03,0.63,0.63,8.7,12.7,16.7,NORMAL,Simulated (formula: level = rain*0.6 + upstream_rain*0.4)
2024-06-21T18:00:00,R004,Nandini,2316601,12.7823,74.8012,1.899,5.91,1.42,1.42,8.7,12.7,16.7,NORMAL,Simulated (formula: level = rain*0.6 + upstream_rain*0.4)
2024-06-21T19:00:00,R004,Nandini,2316601,12.7823,74.8012,1.793,4.82,1.09,1.09,8.7,12.7,16.7,NORMAL,Simulated (formula: level = rain*0.6 + upstream_rain*0.4)
2024-06-21T20:00:00,R004,Nandini,2316601,12.7823,74.8012,1.65,4.81,0.96,0.96,8.7,12.7,16.7,NORMAL,Simulated (formula: level = rain*0.6 + upstream_rain*0.4)
2024-06-21T21:00:00,R004,Nandini,2316601,12.7823,74.8012,5.886,15.85,6.86,6.86,8.7,12.7,16.7,NORMAL,Simulated (formula: level = rain*0.6 + upstream_rain*0.4)
2024-06-21T22:00:00,R004,Nandini,2316601,12.7823,74.8012,5.73,18.51,4.88,4.88,8.7,12.7,16.7,NORMAL,Simulated (formula: level = rain*0.6 + upstream_rain*0.4)
2024-06-21T23:00:00,R004,Nandini,2316601,12.7823,74.8012,3.5,9.9,1.86,1.86,8.7,12.7,16.7,NORMAL,Simulated (formula: level = rain*0.6 + upstream_rain*0.4)
2024-06-22T00:00:00,R004,Nandini,2316601,12.7823,74.8012,5.7,18.54,5.96,5.96,8.7,12.7,16.7,NORMAL,Simulated (formula: level = rain*0.6 + upstream_rain*0.4)
2024-06-22T01:00:00,R004,Nandini,2316601,12.7823,74.8012,12.571,35.05,14.85,14.85,8.7,12.7,16.7,WARNING,Simulated (formula: level = rain*0.6 + upstream_rain*0.4)
2024-06-22T02:00:00,R004,Nandini,2316601,12.7823,74.8012,21.723,63.05,24.87,24.87,8.7,12.7,16.7,FLOOD,Simulated (formula: level = rain*0.6 + upstream_rain*0.4)
2024-06-22T03:00:00,R004,Nandini,2316601,12.7823,74.8012,9.984,29.13,4.29,4.29,8.7,12.7,16.7,WARNING,Simulated (formula: level = rain*0.6 + upstream_rain*0.4)
2024-06-22T04:00:00,R004,Nandini,2316601,12.7823,74.8012,6.018,16.99,3.57,3.57,8.7,12.7,16.7,NORMAL,Simulated (formula: level = rain*0.6 + upstream_rain*0.4)
2024-06-22T05:00:00,R004,Nandini,2316601,12.7823,74.8012,21.7,63.97,27.75,27.75,8.7,12.7,16.7,FLOOD,Simulated (formula: level = rain*0.6 + upstream_rain*0.4)
2024-06-22T06:00:00,R004,Nandini,2316601,12.7823,74.8012,14.74,43.87,11.06,11.06,8.7,12.7,16.7,DANGER,Simulated (formula: level = rain*0.6 + upstream_rain*0.4)
2024-06-22T07:00:00,R004,Nandini,2316601,12.7823,74.8012,15.442,44.28,15.17,15.17,8.7,12.7,16.7,DANGER,Simulated (formula: level = rain*0.6 + upstream_rain*0.4)
2024-06-22T08:00:00,R004,Nandini,2316601,12.7823,74.8012,23.572,75.19,26.44,26.44,8.7,12.7,16.7,FLOOD,Simulated (formula: level = rain*0.6 + upstream_rain*0.4)
2024-06-22T09:00:00,R004,Nandini,2316601,12.7823,74.8012,8.303,23.35,1.12,1.12,8.7,12.7,16.7,NORMAL,Simulated (formula: level = rain*0.6 + upstream_rain*0.4)
2024-06-22T10:00:00,R004,Nandini,2316601,12.7823,74.8012,3.513,11.24,0.76,0.76,8.7,12.7,16.7,NORMAL,Simulated (formula: level = rain*0.6 + upstream_rain*0.4)
2024-06-22T11:00:00,R004,Nandini,2316601,12.7823,74.8012,2.483,7.77,1.17,1.17,8.7,12.7,16.7,NORMAL,Simulated (formula: level = rain*0.6 + upstream_rain*0.4)
2024-06-22T12:00:00,R004,Nandini,2316601,12.7823,74.8012,2.829,8.84,2.14,2.14,8.7,12.7,16.7,NORMAL,Simulated (formula: level = rain*0.6 + upstream_rain*0.4)
2024-06-22T13:00:00,R004,Nandini,2316601,12.7823,74.8012,2.519,6.92,1.76,1.76,8.7,12.7,16.7,NORMAL,Simulated (formula: level = rain*0.6 + upstream_rain*0.4)
2024-06-22T14:00:00,R004,Nandini,2316601,12.7823,74.8012,2.506,7.11,1.77,1.77,8.7,12.7,16.7,NORMAL,Simulated (formula: level = rain*0.6 + upstream_rain*0.4)
2024-06-22T15:00:00,R004,Nandini,2316601,12.7823,74.8012,1.966,5.79,1.04,1.04,8.7,12.7,16.7,NORMAL,Simulated (formula: level = rain*0.6 + upstream_rain*0.4)
2024-06-22T16:00:00,R004,Nandini,2316601,12.7823,74.8012,1.794,5.07,0.94,0.94,8.7,12.7,16.7,NORMAL,Simulated (formula: level = rain*0.6 + upstream_rain*0.4)
2024-06-22T17:00:00,R004,Nandini,2316601,12.7823,74.8012,1.484,4.62,0.54,0.54,8.7,12.7,16.7,NORMAL,Simulated (formula: level = rain*0.6 + upstream_rain*0.4)
2024-06-22T18:00:00,R004,Nandini,2316601,12.7823,74.8012,1.438,4.7,0.7,0.7,8.7,12.7,16.7,NORMAL,Simulated (formula: level = rain*0.6 + upstream_rain*0.4)
2024-06-22T19:00:00,R004,Nandini,2316601,12.7823,74.8012,1.408,3.74,0.79,0.79,8.7,12.7,16.7,NORMAL,Simulated (formula: level = rain*0.6 + upstream_rain*0.4)
2024-06-22T20:00:00,R004,Nandini,2316601,12.7823,74.8012,2.094,5.45,1.67,1.67,8.7,12.7,16.7,NORMAL,Simulated (formula: level = rain*0.6 + upstream_rain*0.4)
2024-06-22T21:00:00,R004,Nandini,2316601,12.7823,74.8012,2.577,7.52,2.06,2.06,8.7,12.7,16.7,NORMAL,Simulated (formula: level = rain*0.6 + upstream_rain*0.4)
2024-06-22T22:00:00,R004,Nandini,2316601,12.7823,74.8012,4.768,12.88,4.96,4.96,8.7,12.7,16.7,NORMAL,Simulated (formula: level = rain*0.6 + upstream_rain*0.4)
2024-06-22T23:00:00,R004,Nandini,2316601,12.7823,74.8012,4.763,14.14,3.91,3.91,8.7,12.7,16.7,NORMAL,Simulated (formula: level = rain*0.6 + upstream_rain*0.4)
2024-06-23T00:00:00,R004,Nandini,2316601,12.7823,74.8012,5.382,15.61,5.12,5.12,8.7,12.7,16.7,NORMAL,Simulated (formula: level = rain*0.6 + upstream_rain*0.4)
2024-06-23T01:00:00,R004,Nandini,2316601,12.7823,74.8012,5.12,13.06,4.33,4.33,8.7,12.7,16.7,NORMAL,Simulated (formula: level = rain*0.6 + upstream_rain*0.4)
2024-06-23T02:00:00,R004,Nandini,2316601,12.7823,74.8012,3.487,8.75,2.07,2.07,8.7,12.7,16.7,NORMAL,Simulated (formula: level = rain*0.6 + upstream_rain*0.4)
2024-06-23T03:00:00,R004,Nandini,2316601,12.7823,74.8012,2.99,8.15,2.16,2.16,8.7,12.7,16.7,NORMAL,Simulated (formula: level = rain*0.6 + upstream_rain*0.4)
2024-06-23T04:00:00,R004,Nandini,2316601,12.7823,74.8012,3.487,9.88,2.87,2.87,8.7,12.7,16.7,NORMAL,Simulated (formula: level = rain*0.6 + upstream_rain*0.4)
2024-06-23T05:00:00,R004,Nandini,2316601,12.7823,74.8012,3.127,9.04,2.42,2.42,8.7,12.7,16.7,NORMAL,Simulated (formula: level = rain*0.6 + upstream_rain*0.4)
2024-06-23T06:00:00,R004,Nandini,2316601,12.7823,74.8012,3.972,10.39,3.57,3.57,8.7,12.7,16.7,NORMAL,Simulated (formula: level = rain*0.6 + upstream_rain*0.4)
2024-06-23T07:00:00,R004,Nandini,2316601,12.7823,74.8012,2.406,7.98,1.05,1.05,8.7,12.7,16.7,NORMAL,Simulated (formula: level = rain*0.6 + upstream_rain*0.4)
2024-06-23T08:00:00,R004,Nandini,2316601,12.7823,74.8012,1.635,4.97,0.62,0.62,8.7,12.7,16.7,NORMAL,Simulated (formula: level = rain*0.6 + upstream_rain*0.4)
2024-06-23T09:00:00,R004,Nandini,2316601,12.7823,74.8012,1.88,5.51,1.19,1.19,8.7,12.7,16.7,NORMAL,Simulated (formula: level = rain*0.6 + upstream_rain*0.4)
2024-06-23T10:00:00,R004,Nandini,2316601,12.7823,74.8012,1.826,5.39,0.88,0.88,8.7,12.7,16.7,NORMAL,Simulated (formula: level = rain*0.6 + upstream_rain*0.4)
2024-06-23T11:00:00,R004,Nandini,2316601,12.7823,74.8012,1.836,5.05,1.12,1.12,8.7,12.7,16.7,NORMAL,Simulated (formula: level = rain*0.6 + upstream_rain*0.4)
2024-06-23T12:00:00,R004,Nandini,2316601,12.7823,74.8012,2.317,7.55,1.79,1.79,8.7,12.7,16.7,NORMAL,Simulated (formula: level = rain*0.6 + upstream_rain*0.4)
2024-06-23T13:00:00,R004,Nandini,2316601,12.7823,74.8012,2.225,6.01,1.63,1.63,8.7,12.7,16.7,NORMAL,Simulated (formula: level = rain*0.6 + upstream_rain*0.4)
2024-06-23T14:00:00,R004,Nandini,2316601,12.7823,74.8012,2.473,8.12,1.82,1.82,8.7,12.7,16.7,NORMAL,Simulated (formula: level = rain*0.6 + upstream_rain*0.4)
2024-06-23T15:00:00,R004,Nandini,2316601,12.7823,74.8012,2.173,5.58,1.31,1.31,8.7,12.7,16.7,NORMAL,Simulated (formula: level = rain*0.6 + upstream_rain*0.4)
2024-06-23T16:00:00,R004,Nandini,2316601,12.7823,74.8012,3.468,9.47,3.22,3.22,8.7,12.7,16.7,NORMAL,Simulated (formula: level = rain*0.6 + upstream_rain*0.4)
2024-06-23T17:00:00,R004,Nandini,2316601,12.7823,74.8012,2.642,7.2,1.63,1.63,8.7,12.7,16.7,NORMAL,Simulated (formula: level = rain*0.6 + upstream_rain*0.4)
2024-06-23T18:00:00,R004,Nandini,2316601,12.7823,74.8012,2.027,6.7,1.05,1.05,8.7,12.7,16.7,NORMAL,Simulated (formula: level = rain*0.6 + upstream_rain*0.4)
2024-06-23T19:00:00,R004,Nandini,2316601,12.7823,74.8012,1.748,5.41,0.97,0.97,8.7,12.7,16.7,NORMAL,Simulated (formula: level = rain*0.6 + upstream_rain*0.4)
2024-06-23T20:00:00,R004,Nandini,2316601,12.7823,74.8012,2.036,6.0,1.45,1.45,8.7,12.7,16.7,NORMAL,Simulated (formula: level = rain*0.6 + upstream_rain*0.4)
2024-06-23T21:00:00,R004,Nandini,2316601,12.7823,74.8012,3.204,9.9,3.04,3.04,8.7,12.7,16.7,NORMAL,Simulated (formula: level = rain*0.6 + upstream_rain*0.4)
2024-06-23T22:00:00,R004,Nandini,2316601,12.7823,74.8012,4.228,11.29,3.94,3.94,8.7,12.7,16.7,NORMAL,Simulated (formula: level = rain*0.6 + upstream_rain*0.4)
2024-06-23T23:00:00,R004,Nandini,2316601,12.7823,74.8012,3.874,10.01,3.09,3.09,8.7,12.7,16.7,NORMAL,Simulated (formula: level = rain*0.6 + upstream_rain*0.4)
2024-06-24T00:00:00,R004,Nandini,2316601,12.7823,74.8012,2.898,7.33,1.78,1.78,8.7,12.7,16.7,NORMAL,Simulated (formula: level = rain*0.6 + upstream_rain*0.4)
2024-06-24T01:00:00,R004,Nandini,2316601,12.7823,74.8012,2.441,6.63,1.66,1.66,8.7,12.7,16.7,NORMAL,Simulated (formula: level = rain*0.6 + upstream_rain*0.4)
2024-06-24T02:00:00,R004,Nandini,2316601,12.7823,74.8012,2.697,7.45,2.09,2.09,8.7,12.7,16.7,NORMAL,Simulated (formula: level = rain*0.6 + upstream_rain*0.4)
2024-06-24T03:00:00,R004,Nandini,2316601,12.7823,74.8012,2.896,8.31,2.31,2.31,8.7,12.7,16.7,NORMAL,Simulated (formula: level = rain*0.6 + upstream_rain*0.4)
2024-06-24T04:00:00,R004,Nandini,2316601,12.7823,74.8012,3.88,11.5,3.63,3.63,8.7,12.7,16.7,NORMAL,Simulated (formula: level = rain*0.6 + upstream_rain*0.4)
2024-06-24T05:00:00,R004,Nandini,2316601,12.7823,74.8012,3.762,11.15,3.08,3.08,8.7,12.7,16.7,NORMAL,Simulated (formula: level = rain*0.6 + upstream_rain*0.4)
2024-06-24T06:00:00,R004,Nandini,2316601,12.7823,74.8012,2.953,9.55,2.04,2.04,8.7,12.7,16.7,NORMAL,Simulated (formula: level = rain*0.6 + upstream_rain*0.4)
2024-06-24T07:00:00,R004,Nandini,2316601,12.7823,74.8012,3.022,9.23,2.25,2.25,8.7,12.7,16.7,NORMAL,Simulated (formula: level = rain*0.6 + upstream_rain*0.4)
2024-06-24T08:00:00,R004,Nandini,2316601,12.7823,74.8012,4.556,11.77,4.54,4.54,8.7,12.7,16.7,NORMAL,Simulated (formula: level = rain*0.6 + upstream_rain*0.4)
2024-06-24T09:00:00,R004,Nandini,2316601,12.7823,74.8012,2.714,6.68,1.18,1.18,8.7,12.7,16.7,NORMAL,Simulated (formula: level = rain*0.6 + upstream_rain*0.4)
2024-06-24T10:00:00,R004,Nandini,2316601,12.7823,74.8012,4.133,12.28,4.11,4.11,8.7,12.7,16.7,NORMAL,Simulated (formula: level = rain*0.6 + upstream_rain*0.4)
2024-06-24T11:00:00,R004,Nandini,2316601,12.7823,74.8012,2.267,6.18,0.82,0.82,8.7,12.7,16.7,NORMAL,Simulated (formula: level = rain*0.6 + upstream_rain*0.4)
2024-06-24T12:00:00,R004,Nandini,2316601,12.7823,74.8012,1.867,5.49,0.93,0.93,8.7,12.7,16.7,NORMAL,Simulated (formula: level = rain*0.6 + upstream_rain*0.4)
2024-06-24T13:00:00,R004,Nandini,2316601,12.7823,74.8012,1.966,5.65,1.27,1.27,8.7,12.7,16.7,NORMAL,Simulated (formula: level = rain*0.6 + upstream_rain*0.4)
2024-06-24T14:00:00,R004,Nandini,2316601,12.7823,74.8012,3.443,8.78,3.45,3.45,8.7,12.7,16.7,NORMAL,Simulated (formula: level = rain*0.6 + upstream_rain*0.4)
2024-06-24T15:00:00,R004,Nandini,2316601,12.7823,74.8012,2.863,7.47,1.93,1.93,8.7,12.7,16.7,NORMAL,Simulated (formula: level = rain*0.6 + upstream_rain*0.4)
2024-06-24T16:00:00,R004,Nandini,2316601,12.7823,74.8012,4.497,12.25,4.44,4.44,8.7,12.7,16.7,NORMAL,Simulated (formula: level = rain*0.6 + upstream_rain*0.4)
2024-06-24T17:00:00,R004,Nandini,2316601,12.7823,74.8012,2.648,7.8,1.2,1.2,8.7,12.7,16.7,NORMAL,Simulated (formula: level = rain*0.6 + upstream_rain*0.4)
2024-06-24T18:00:00,R004,Nandini,2316601,12.7823,74.8012,2.114,5.28,1.12,1.12,8.7,12.7,16.7,NORMAL,Simulated (formula: level = rain*0.6 + upstream_rain*0.4)
2024-06-24T19:00:00,R004,Nandini,2316601,12.7823,74.8012,2.019,6.09,1.28,1.28,8.7,12.7,16.7,NORMAL,Simulated (formula: level = rain*0.6 + upstream_rain*0.4)
2024-06-24T20:00:00,R004,Nandini,2316601,12.7823,74.8012,15.862,47.83,21.14,21.14,8.7,12.7,16.7,DANGER,Simulated (formula: level = rain*0.6 + upstream_rain*0.4)
2024-06-24T21:00:00,R004,Nandini,2316601,12.7823,74.8012,15.965,39.88,15.26,15.26,8.7,12.7,16.7,DANGER,Simulated (formula: level = rain*0.6 + upstream_rain*0.4)
2024-06-24T22:00:00,R004,Nandini,2316601,12.7823,74.8012,7.074,20.22,2.64,2.64,8.7,12.7,16.7,NORMAL,Simulated (formula: level = rain*0.6 + upstream_rain*0.4)
2024-06-24T23:00:00,R004,Nandini,2316601,12.7823,74.8012,3.659,10.09,1.42,1.42,8.7,12.7,16.7,NORMAL,Simulated (formula: level = rain*0.6 + upstream_rain*0.4)
2024-06-25T00:00:00,R004,Nandini,2316601,12.7823,74.8012,4.581,14.05,4.29,4.29,8.7,12.7,16.7,NORMAL,Simulated (formula: level = rain*0.6 + upstream_rain*0.4)
2024-06-25T01:00:00,R004,Nandini,2316601,12.7823,74.8012,5.305,15.72,4.91,4.91,8.7,12.7,16.7,NORMAL,Simulated (formula: level = rain*0.6 + upstream_rain*0.4)
2024-06-25T02:00:00,R004,Nandini,2316601,12.7823,74.8012,9.967,28.54,11.23,11.23,8.7,12.7,16.7,WARNING,Simulated (formula: level = rain*0.6 + upstream_rain*0.4)
2024-06-25T03:00:00,R004,Nandini,2316601,12.7823,74.8012,8.521,24.3,7.17,7.17,8.7,12.7,16.7,NORMAL,Simulated (formula: level = rain*0.6 + upstream_rain*0.4)
2024-06-25T04:00:00,R004,Nandini,2316601,12.7823,74.8012,5.391,13.62,3.29,3.29,8.7,12.7,16.7,NORMAL,Simulated (formula: level = rain*0.6 + upstream_rain*0.4)
2024-06-25T05:00:00,R004,Nandini,2316601,12.7823,74.8012,3.683,11.1,2.21,2.21,8.7,12.7,16.7,NORMAL,Simulated (formula: level = rain*0.6 + upstream_rain*0.4)
2024-06-25T06:00:00,R004,Nandini,2316601,12.7823,74.8012,5.118,14.83,5.08,5.08,8.7,12.7,16.7,NORMAL,Simulated (formula: level = rain*0.6 + upstream_rain*0.4)
2024-06-25T07:00:00,R004,Nandini,2316601,12.7823,74.8012,2.448,7.17,0.68,0.68,8.7,12.7,16.7,NORMAL,Simulated (formula: level = rain*0.6 + upstream_rain*0.4)
2024-06-25T08:00:00,R004,Nandini,2316601,12.7823,74.8012,1.918,5.08,1.04,1.04,8.7,12.7,16.7,NORMAL,Simulated (formula: level = rain*0.6 + upstream_rain*0.4)
2024-06-25T09:00:00,R004,Nandini,2316601,12.7823,74.8012,2.049,5.75,1.26,1.26,8.7,12.7,16.7,NORMAL,Simulated (formula: level = rain*0.6 + upstream_rain*0.4)
2024-06-25T10:00:00,R004,Nandini,2316601,12.7823,74.8012,1.932,4.82,1.28,1.28,8.7,12.7,16.7,NORMAL,Simulated (formula: level = rain*0.6 + upstream_rain*0.4)
2024-06-25T11:00:00,R004,Nandini,2316601,12.7823,74.8012,1.286,3.9,0.34,0.34,8.7,12.7,16.7,NORMAL,Simulated (formula: level = rain*0.6 + upstream_rain*0.4)
2024-06-25T12:00:00,R004,Nandini,2316601,12.7823,74.8012,1.539,3.84,1.03,1.03,8.7,12.7,16.7,NORMAL,Simulated (formula: level = rain*0.6 + upstream_rain*0.4)
2024-06-25T13:00:00,R004,Nandini,2316601,12.7823,74.8012,2.431,7.63,2.03,2.03,8.7,12.7,16.7,NORMAL,Simulated (formula: level = rain*0.6 + upstream_rain*0.4)
2024-06-25T14:00:00,R004,Nandini,2316601,12.7823,74.8012,2.527,7.96,1.91,1.91,8.7,12.7,16.7,NORMAL,Simulated (formula: level = rain*0.6 + upstream_rain*0.4)
2024-06-25T15:00:00,R004,Nandini,2316601,12.7823,74.8012,1.999,6.6,1.06,1.06,8.7,12.7,16.7,NORMAL,Simulated (formula: level = rain*0.6 + upstream_rain*0.4)
2024-06-25T16:00:00,R004,Nandini,2316601,12.7823,74.8012,2.327,6.08,1.69,1.69,8.7,12.7,16.7,NORMAL,Simulated (formula: level = rain*0.6 + upstream_rain*0.4)
2024-06-25T17:00:00,R004,Nandini,2316601,12.7823,74.8012,2.236,6.66,1.44,1.44,8.7,12.7,16.7,NORMAL,Simulated (formula: level = rain*0.6 + upstream_rain*0.4)
2024-06-25T18:00:00,R004,Nandini,2316601,12.7823,74.8012,1.394,3.88,0.43,0.43,8.7,12.7,16.7,NORMAL,Simulated (formula: level = rain*0.6 + upstream_rain*0.4)
2024-06-25T19:00:00,R004,Nandini,2316601,12.7823,74.8012,2.477,6.1,2.25,2.25,8.7,12.7,16.7,NORMAL,Simulated (formula: level = rain*0.6 + upstream_rain*0.4)
2024-06-25T20:00:00,R004,Nandini,2316601,12.7823,74.8012,2.272,6.43,1.39,1.39,8.7,12.7,16.7,NORMAL,Simulated (formula: level = rain*0.6 + upstream_rain*0.4)
2024-06-25T21:00:00,R004,Nandini,2316601,12.7823,74.8012,3.475,9.18,3.3,3.3,8.7,12.7,16.7,NORMAL,Simulated (formula: level = rain*0.6 + upstream_rain*0.4)
2024-06-25T22:00:00,R004,Nandini,2316601,12.7823,74.8012,2.642,7.6,1.62,1.62,8.7,12.7,16.7,NORMAL,Simulated (formula: level = rain*0.6 + upstream_rain*0.4)
2024-06-25T23:00:00,R004,Nandini,2316601,12.7823,74.8012,3.75,10.02,3.45,3.45,8.7,12.7,16.7,NORMAL,Simulated (formula: level = rain*0.6 + upstream_rain*0.4)
2024-06-26T00:00:00,R004,Nandini,2316601,12.7823,74.8012,4.24,10.5,3.75,3.75,8.7,12.7,16.7,NORMAL,Simulated (formula: level = rain*0.6 + upstream_rain*0.4)
2024-06-26T01:00:00,R004,Nandini,2316601,12.7823,74.8012,3.516,10.73,2.53,2.53,8.7,12.7,16.7,NORMAL,Simulated (formula: level = rain*0.6 + upstream_rain*0.4)
2024-06-26T02:00:00,R004,Nandini,2316601,12.7823,74.8012,4.431,12.15,4.07,4.07,8.7,12.7,16.7,NORMAL,Simulated (formula: level = rain*0.6 + upstream_rain*0.4)
2024-06-26T03:00:00,R004,Nandini,2316601,12.7823,74.8012,3.724,11.11,2.75,2.75,8.7,12.7,16.7,NORMAL,Simulated (formula: level = rain*0.6 + upstream_rain*0.4)
2024-06-26T04:00:00,R004,Nandini,2316601,12.7823,74.8012,3.023,9.82,2.15,2.15,8.7,12.7,16.7,NORMAL,Simulated (formula: level = rain*0.6 + upstream_rain*0.4)
2024-06-26T05:00:00,R004,Nandini,2316601,12.7823,74.8012,3.567,11.48,2.98,2.98,8.7,12.7,16.7,NORMAL,Simulated (formula: level = rain*0.6 + upstream_rain*0.4)
2024-06-26T06:00:00,R004,Nandini,2316601,12.7823,74.8012,2.509,6.71,1.33,1.33,8.7,12.7,16.7,NORMAL,Simulated (formula: level = rain*0.6 + upstream_rain*0.4)
2024-06-26T07:00:00,R004,Nandini,2316601,12.7823,74.8012,2.651,7.37,1.95,1.95,8.7,12.7,16.7,NORMAL,Simulated (formula: level = rain*0.6 + upstream_rain*0.4)
2024-06-26T08:00:00,R004,Nandini,2316601,12.7823,74.8012,10.177,30.54,12.67,12.67,8.7,12.7,16.7,WARNING,Simulated (formula: level = rain*0.6 + upstream_rain*0.4)
2024-06-26T09:00:00,R004,Nandini,2316601,12.7823,74.8012,18.615,55.22,21.49,21.49,8.7,12.7,16.7,FLOOD,Simulated (formula: level = rain*0.6 + upstream_rain*0.4)
2024-06-26T10:00:00,R004,Nandini,2316601,12.7823,74.8012,6.798,22.56,1.01,1.01,8.7,12.7,16.7,NORMAL,Simulated (formula: level = rain*0.6 + upstream_rain*0.4)
2024-06-26T11:00:00,R004,Nandini,2316601,12.7823,74.8012,4.189,12.25,2.41,2.41,8.7,12.7,16.7,NORMAL,Simulated (formula: level = rain*0.6 + upstream_rain*0.4)
2024-06-26T12:00:00,R004,Nandini,2316601,12.7823,74.8012,23.876,67.72,31.6,31.6,8.7,12.7,16.7,FLOOD,Simulated (formula: level = rain*0.6 + upstream_rain*0.4)
2024-06-26T13:00:00,R004,Nandini,2316601,12.7823,74.8012,9.412,29.89,2.49,2.49,8.7,12.7,16.7,WARNING,Simulated (formula: level = rain*0.6 + upstream_rain*0.4)
2024-06-26T14:00:00,R004,Nandini,2316601,12.7823,74.8012,4.692,13.03,1.99,1.99,8.7,12.7,16.7,NORMAL,Simulated (formula: level = rain*0.6 + upstream_rain*0.4)
2024-06-26T15:00:00,R004,Nandini,2316601,12.7823,74.8012,2.114,6.45,0.38,0.38,8.7,12.7,16.7,NORMAL,Simulated (formula: level = rain*0.6 + upstream_rain*0.4)
2024-06-26T16:00:00,R004,Nandini,2316601,12.7823,74.8012,1.936,5.53,1.08,1.08,8.7,12.7,16.7,NORMAL,Simulated (formula: level = rain*0.6 + upstream_rain*0.4)
2024-06-26T17:00:00,R004,Nandini,2316601,12.7823,74.8012,2.933,9.47,2.57,2.57,8.7,12.7,16.7,NORMAL,Simulated (formula: level = rain*0.6 + upstream_rain*0.4)
2024-06-26T18:00:00,R004,Nandini,2316601,12.7823,74.8012,2.432,8.03,1.49,1.49,8.7,12.7,16.7,NORMAL,Simulated (formula: level = rain*0.6 + upstream_rain*0.4)
2024-06-26T19:00:00,R004,Nandini,2316601,12.7823,74.8012,2.111,5.94,1.31,1.31,8.7,12.7,16.7,NORMAL,Simulated (formula: level = rain*0.6 + upstream_rain*0.4)
2024-06-26T20:00:00,R004,Nandini,2316601,12.7823,74.8012,1.519,3.8,0.63,0.63,8.7,12.7,16.7,NORMAL,Simulated (formula: level = rain*0.6 + upstream_rain*0.4)
2024-06-26T21:00:00,R004,Nandini,2316601,12.7823,74.8012,2.266,7.02,1.91,1.91,8.7,12.7,16.7,NORMAL,Simulated (formula: level = rain*0.6 + upstream_rain*0.4)
2024-06-26T22:00:00,R004,Nandini,2316601,12.7823,74.8012,2.754,7.74,2.23,2.23,8.7,12.7,16.7,NORMAL,Simulated (formula: level = rain*0.6 + upstream_rain*0.4)
2024-06-26T23:00:00,R004,Nandini,2316601,12.7823,74.8012,4.193,13.14,4.15,4.15,8.7,12.7,16.7,NORMAL,Simulated (formula: level = rain*0.6 + upstream_rain*0.4)
2024-06-27T00:00:00,R004,Nandini,2316601,12.7823,74.8012,3.507,10.4,2.48,2.48,8.7,12.7,16.7,NORMAL,Simulated (formula: level = rain*0.6 + upstream_rain*0.4)
2024-06-27T01:00:00,R004,Nandini,2316601,12.7823,74.8012,2.978,9.47,2.04,2.04,8.7,12.7,16.7,NORMAL,Simulated (formula: level = rain*0.6 + upstream_rain*0.4)
2024-06-27T02:00:00,R004,Nandini,2316601,12.7823,74.8012,2.361,7.64,1.54,1.54,8.7,12.7,16.7,NORMAL,Simulated (formula: level = rain*0.6 + upstream_rain*0.4)
2024-06-27T03:00:00,R004,Nandini,2316601,12.7823,74.8012,2.822,7.86,2.36,2.36,8.7,12.7,16.7,NORMAL,Simulated (formula: level = rain*0.6 + upstream_rain*0.4)
2024-06-27T04:00:00,R004,Nandini,2316601,12.7823,74.8012,2.766,8.23,2.11,2.11,8.7,12.7,16.7,NORMAL,Simulated (formula: level = rain*0.6 + upstream_rain*0.4)
2024-06-27T05:00:00,R004,Nandini,2316601,12.7823,74.8012,2.453,7.89,1.68,1.68,8.7,12.7,16.7,NORMAL,Simulated (formula: level = rain*0.6 + upstream_rain*0.4)
2024-06-27T06:00:00,R004,Nandini,2316601,12.7823,74.8012,2.543,8.27,1.9,1.9,8.7,12.7,16.7,NORMAL,Simulated (formula: level = rain*0.6 + upstream_rain*0.4)
2024-06-27T07:00:00,R004,Nandini,2316601,12.7823,74.8012,2.189,5.67,1.4,1.4,8.7,12.7,16.7,NORMAL,Simulated (formula: level = rain*0.6 + upstream_rain*0.4)
2024-06-27T08:00:00,R004,Nandini,2316601,12.7823,74.8012,2.569,7.43,1.83,1.83,8.7,12.7,16.7,NORMAL,Simulated (formula: level = rain*0.6 + upstream_rain*0.4)
2024-06-27T09:00:00,R004,Nandini,2316601,12.7823,74.8012,3.511,10.59,3.21,3.21,8.7,12.7,16.7,NORMAL,Simulated (formula: level = rain*0.6 + upstream_rain*0.4)
2024-06-27T10:00:00,R004,Nandini,2316601,12.7823,74.8012,2.836,7.05,1.88,1.88,8.7,12.7,16.7,NORMAL,Simulated (formula: level = rain*0.6 + upstream_rain*0.4)
2024-06-27T11:00:00,R004,Nandini,2316601,12.7823,74.8012,2.931,8.71,2.44,2.44,8.7,12.7,16.7,NORMAL,Simulated (formula: level = rain*0.6 + upstream_rain*0.4)
2024-06-27T12:00:00,R004,Nandini,2316601,12.7823,74.8012,2.294,6.69,1.33,1.33,8.7,12.7,16.7,NORMAL,Simulated (formula: level = rain*0.6 + upstream_rain*0.4)
2024-06-27T13:00:00,R004,Nandini,2316601,12.7823,74.8012,2.166,6.53,1.41,1.41,8.7,12.7,16.7,NORMAL,Simulated (formula: level = rain*0.6 + upstream_rain*0.4)
2024-06-27T14:00:00,R004,Nandini,2316601,12.7823,74.8012,1.808,4.81,0.92,0.92,8.7,12.7,16.7,NORMAL,Simulated (formula: level = rain*0.6 + upstream_rain*0.4)
2024-06-27T15:00:00,R004,Nandini,2316601,12.7823,74.8012,1.426,4.66,0.53,0.53,8.7,12.7,16.7,NORMAL,Simulated (formula: level = rain*0.6 + upstream_rain*0.4)
2024-06-27T16:00:00,R004,Nandini,2316601,12.7823,74.8012,1.97,4.84,1.39,1.39,8.7,12.7,16.7,NORMAL,Simulated (formula: level = rain*0.6 + upstream_rain*0.4)
2024-06-27T17:00:00,R004,Nandini,2316601,12.7823,74.8012,3.693,11.81,3.65,3.65,8.7,12.7,16.7,NORMAL,Simulated (formula: level = rain*0.6 + upstream_rain*0.4)
2024-06-27T18:00:00,R004,Nandini,2316601,12.7823,74.8012,3.248,9.18,2.28,2.28,8.7,12.7,16.7,NORMAL,Simulated (formula: level = rain*0.6 + upstream_rain*0.4)
2024-06-27T19:00:00,R004,Nandini,2316601,12.7823,74.8012,2.216,7.13,1.19,1.19,8.7,12.7,16.7,NORMAL,Simulated (formula: level = rain*0.6 + upstream_rain*0.4)
2024-06-27T20:00:00,R004,Nandini,2316601,12.7823,74.8012,2.912,9.27,2.57,2.57,8.7,12.7,16.7,NORMAL,Simulated (formula: level = rain*0.6 + upstream_rain*0.4)
2024-06-27T21:00:00,R004,Nandini,2316601,12.7823,74.8012,2.554,7.93,1.67,1.67,8.7,12.7,16.7,NORMAL,Simulated (formula: level = rain*0.6 + upstream_rain*0.4)
2024-06-27T22:00:00,R004,Nandini,2316601,12.7823,74.8012,5.103,16.31,5.56,5.56,8.7,12.7,16.7,NORMAL,Simulated (formula: level = rain*0.6 + upstream_rain*0.4)
2024-06-27T23:00:00,R004,Nandini,2316601,12.7823,74.8012,7.609,24.18,8.01,8.01,8.7,12.7,16.7,NORMAL,Simulated (formula: level = rain*0.6 + upstream_rain*0.4)
2024-06-28T00:00:00,R004,Nandini,2316601,12.7823,74.8012,8.003,21.68,7.49,7.49,8.7,12.7,16.7,NORMAL,Simulated (formula: level = rain*0.6 + upstream_rain*0.4)
2024-06-28T01:00:00,R004,Nandini,2316601,12.7823,74.8012,5.818,15.21,4.38,4.38,8.7,12.7,16.7,NORMAL,Simulated (formula: level = rain*0.6 + upstream_rain*0.4)
2024-06-28T02:00:00,R004,Nandini,2316601,12.7823,74.8012,3.589,10.78,1.97,1.97,8.7,12.7,16.7,NORMAL,Simulated (formula: level = rain*0.6 + upstream_rain*0.4)
2024-06-28T03:00:00,R004,Nandini,2316601,12.7823,74.8012,21.212,67.16,28.16,28.16,8.7,12.7,16.7,FLOOD,Simulated (formula: level = rain*0.6 + upstream_rain*0.4)
2024-06-28T04:00:00,R004,Nandini,2316601,12.7823,74.8012,9.436,26.08,3.67,3.67,8.7,12.7,16.7,WARNING,Simulated (formula: level = rain*0.6 + upstream_rain*0.4)
2024-06-28T05:00:00,R004,Nandini,2316601,12.7823,74.8012,5.06,12.69,2.56,2.56,8.7,12.7,16.7,NORMAL,Simulated (formula: level = rain*0.6 + upstream_rain*0.4)
2024-06-28T06:00:00,R004,Nandini,2316601,12.7823,74.8012,23.701,70.48,30.89,30.89,8.7,12.7,16.7,FLOOD,Simulated (formula: level = rain*0.6 + upstream_rain*0.4)
2024-06-28T07:00:00,R004,Nandini,2316601,12.7823,74.8012,9.336,25.02,2.62,2.62,8.7,12.7,16.7,WARNING,Simulated (formula: level = rain*0.6 + upstream_rain*0.4)
2024-06-28T08:00:00,R004,Nandini,2316601,12.7823,74.8012,3.788,11.85,0.79,0.79,8.7,12.7,16.7,NORMAL,Simulated (formula: level = rain*0.6 + upstream_rain*0.4)
2024-06-28T09:00:00,R004,Nandini,2316601,12.7823,74.8012,2.606,6.47,1.47,1.47,8.7,12.7,16.7,NORMAL,Simulated (formula: level = rain*0.6 + upstream_rain*0.4)
2024-06-28T10:00:00,R004,Nandini,2316601,12.7823,74.8012,1.882,5.12,0.88,0.88,8.7,12.7,16.7,NORMAL,Simulated (formula: level = rain*0.6 + upstream_rain*0.4)
2024-06-28T11:00:00,R004,Nandini,2316601,12.7823,74.8012,1.918,5.55,1.21,1.21,8.7,12.7,16.7,NORMAL,Simulated (formula: level = rain*0.6 + upstream_rain*0.4)
2024-06-28T12:00:00,R004,Nandini,2316601,12.7823,74.8012,2.076,6.3,1.4,1.4,8.7,12.7,16.7,NORMAL,Simulated (formula: level = rain*0.6 + upstream_rain*0.4)
2024-06-28T13:00:00,R004,Nandini,2316601,12.7823,74.8012,1.813,5.91,1.01,1.01,8.7,12.7,16.7,NORMAL,Simulated (formula: level = rain*0.6 + upstream_rain*0.4)
2024-06-28T14:00:00,R004,Nandini,2316601,12.7823,74.8012,2.211,5.85,1.68,1.68,8.7,12.7,16.7,NORMAL,Simulated (formula: level = rain*0.6 + upstream_rain*0.4)
2024-06-28T15:00:00,R004,Nandini,2316601,12.7823,74.8012,2.304,6.92,1.61,1.61,8.7,12.7,16.7,NORMAL,Simulated (formula: level = rain*0.6 + upstream_rain*0.4)
2024-06-28T16:00:00,R004,Nandini,2316601,12.7823,74.8012,2.324,6.84,1.58,1.58,8.7,12.7,16.7,NORMAL,Simulated (formula: level = rain*0.6 + upstream_rain*0.4)
2024-06-28T17:00:00,R004,Nandini,2316601,12.7823,74.8012,2.11,6.94,1.28,1.28,8.7,12.7,16.7,NORMAL,Simulated (formula: level = rain*0.6 + upstream_rain*0.4)
2024-06-28T18:00:00,R004,Nandini,2316601,12.7823,74.8012,3.318,9.34,2.98,2.98,8.7,12.7,16.7,NORMAL,Simulated (formula: level = rain*0.6 + upstream_rain*0.4)
2024-06-28T19:00:00,R004,Nandini,2316601,12.7823,74.8012,2.531,8.34,1.58,1.58,8.7,12.7,16.7,NORMAL,Simulated (formula: level = rain*0.6 + upstream_rain*0.4)
2024-06-28T20:00:00,R004,Nandini,2316601,12.7823,74.8012,3.11,10.32,2.65,2.65,8.7,12.7,16.7,NORMAL,Simulated (formula: level = rain*0.6 + upstream_rain*0.4)
2024-06-28T21:00:00,R004,Nandini,2316601,12.7823,74.8012,26.301,85.38,35.39,35.39,8.7,12.7,16.7,FLOOD,Simulated (formula: level = rain*0.6 + upstream_rain*0.4)
2024-06-28T22:00:00,R004,Nandini,2316601,12.7823,74.8012,11.473,31.77,4.43,4.43,8.7,12.7,16.7,WARNING,Simulated (formula: level = rain*0.6 + upstream_rain*0.4)
2024-06-28T23:00:00,R004,Nandini,2316601,12.7823,74.8012,8.653,28.36,6.79,6.79,8.7,12.7,16.7,NORMAL,Simulated (formula: level = rain*0.6 + upstream_rain*0.4)
2024-06-29T00:00:00,R004,Nandini,2316601,12.7823,74.8012,5.484,17.17,3.58,3.58,8.7,12.7,16.7,NORMAL,Simulated (formula: level = rain*0.6 + upstream_rain*0.4)
2024-06-29T01:00:00,R004,Nandini,2316601,12.7823,74.8012,3.262,10.42,1.68,1.68,8.7,12.7,16.7,NORMAL,Simulated (formula: level = rain*0.6 + upstream_rain*0.4)
2024-06-29T02:00:00,R004,Nandini,2316601,12.7823,74.8012,2.851,7.11,2.04,2.04,8.7,12.7,16.7,NORMAL,Simulated (formula: level = rain*0.6 + upstream_rain*0.4)
2024-06-29T03:00:00,R004,Nandini,2316601,12.7823,74.8012,6.434,20.78,7.29,7.29,8.7,12.7,16.7,NORMAL,Simulated (formula: level = rain*0.6 + upstream_rain*0.4)
2024-06-29T04:00:00,R004,Nandini,2316601,12.7823,74.8012,10.129,26.52,11.06,11.06,8.7,12.7,16.7,WARNING,Simulated (formula: level = rain*0.6 + upstream_rain*0.4)
2024-06-29T05:00:00,R004,Nandini,2316601,12.7823,74.8012,7.026,22.71,5.02,5.02,8.7,12.7,16.7,NORMAL,Simulated (formula: level = rain*0.6 + upstream_rain*0.4)
2024-06-29T06:00:00,R004,Nandini,2316601,12.7823,74.8012,5.253,15.87,3.77,3.77,8.7,12.7,16.7,NORMAL,Simulated (formula: level = rain*0.6 + upstream_rain*0.4)
2024-06-29T07:00:00,R004,Nandini,2316601,12.7823,74.8012,3.361,8.68,1.88,1.88,8.7,12.7,16.7,NORMAL,Simulated (formula: level = rain*0.6 + upstream_rain*0.4)
2024-06-29T08:00:00,R004,Nandini,2316601,12.7823,74.8012,2.642,7.85,1.63,1.63,8.7,12.7,16.7,NORMAL,Simulated (formula: level = rain*0.6 + upstream_rain*0.4)
2024-06-29T09:00:00,R004,Nandini,2316601,12.7823,74.8012,13.935,40.93,18.0,18.0,8.7,12.7,16.7,DANGER,Simulated (formula: level = rain*0.6 + upstream_rain*0.4)
2024-06-29T10:00:00,R004,Nandini,2316601,12.7823,74.8012,5.213,12.93,0.73,0.73,8.7,12.7,16.7,NORMAL,Simulated (formula: level = rain*0.6 + upstream_rain*0.4)
2024-06-29T11:00:00,R004,Nandini,2316601,12.7823,74.8012,3.002,8.1,1.32,1.32,8.7,12.7,16.7,NORMAL,Simulated (formula: level = rain*0.6 + upstream_rain*0.4)
2024-06-29T12:00:00,R004,Nandini,2316601,12.7823,74.8012,2.448,7.24,1.58,1.58,8.7,12.7,16.7,NORMAL,Simulated (formula: level = rain*0.6 + upstream_rain*0.4)
2024-06-29T13:00:00,R004,Nandini,2316601,12.7823,74.8012,1.955,5.21,0.9,0.9,8.7,12.7,16.7,NORMAL,Simulated (formula: level = rain*0.6 + upstream_rain*0.4)
2024-06-29T14:00:00,R004,Nandini,2316601,12.7823,74.8012,1.98,5.69,1.31,1.31,8.7,12.7,16.7,NORMAL,Simulated (formula: level = rain*0.6 + upstream_rain*0.4)
2024-06-29T15:00:00,R004,Nandini,2316601,12.7823,74.8012,1.455,4.61,0.54,0.54,8.7,12.7,16.7,NORMAL,Simulated (formula: level = rain*0.6 + upstream_rain*0.4)
2024-06-29T16:00:00,R004,Nandini,2316601,12.7823,74.8012,3.531,9.24,3.81,3.81,8.7,12.7,16.7,NORMAL,Simulated (formula: level = rain*0.6 + upstream_rain*0.4)
2024-06-29T17:00:00,R004,Nandini,2316601,12.7823,74.8012,3.946,12.87,3.45,3.45,8.7,12.7,16.7,NORMAL,Simulated (formula: level = rain*0.6 + upstream_rain*0.4)
2024-06-29T18:00:00,R004,Nandini,2316601,12.7823,74.8012,2.532,6.85,1.23,1.23,8.7,12.7,16.7,NORMAL,Simulated (formula: level = rain*0.6 + upstream_rain*0.4)
2024-06-29T19:00:00,R004,Nandini,2316601,12.7823,74.8012,2.832,8.15,2.2,2.2,8.7,12.7,16.7,NORMAL,Simulated (formula: level = rain*0.6 + upstream_rain*0.4)
2024-06-29T20:00:00,R004,Nandini,2316601,12.7823,74.8012,2.28,6.07,1.3,1.3,8.7,12.7,16.7,NORMAL,Simulated (formula: level = rain*0.6 + upstream_rain*0.4)
2024-06-29T21:00:00,R004,Nandini,2316601,12.7823,74.8012,3.634,9.6,3.59,3.59,8.7,12.7,16.7,NORMAL,Simulated (formula: level = rain*0.6 + upstream_rain*0.4)
2024-06-29T22:00:00,R004,Nandini,2316601,12.7823,74.8012,3.799,12.58,3.18,3.18,8.7,12.7,16.7,NORMAL,Simulated (formula: level = rain*0.6 + upstream_rain*0.4)
2024-06-29T23:00:00,R004,Nandini,2316601,12.7823,74.8012,3.586,10.24,2.7,2.7,8.7,12.7,16.7,NORMAL,Simulated (formula: level = rain*0.6 + upstream_rain*0.4)
2024-06-30T00:00:00,R004,Nandini,2316601,12.7823,74.8012,3.712,9.14,3.01,3.01,8.7,12.7,16.7,NORMAL,Simulated (formula: level = rain*0.6 + upstream_rain*0.4)
2024-06-30T01:00:00,R004,Nandini,2316601,12.7823,74.8012,4.567,14.07,4.18,4.18,8.7,12.7,16.7,NORMAL,Simulated (formula: level = rain*0.6 + upstream_rain*0.4)
2024-06-30T02:00:00,R004,Nandini,2316601,12.7823,74.8012,4.438,12.19,3.65,3.65,8.7,12.7,16.7,NORMAL,Simulated (formula: level = rain*0.6 + upstream_rain*0.4)
2024-06-30T03:00:00,R004,Nandini,2316601,12.7823,74.8012,4.339,13.37,3.55,3.55,8.7,12.7,16.7,NORMAL,Simulated (formula: level = rain*0.6 + upstream_rain*0.4)
2024-06-30T04:00:00,R004,Nandini,2316601,12.7823,74.8012,4.264,12.26,3.53,3.53,8.7,12.7,16.7,NORMAL,Simulated (formula: level = rain*0.6 + upstream_rain*0.4)
2024-06-30T05:00:00,R004,Nandini,2316601,12.7823,74.8012,5.785,14.9,5.71,5.71,8.7,12.7,16.7,NORMAL,Simulated (formula: level = rain*0.6 + upstream_rain*0.4)
2024-06-30T06:00:00,R004,Nandini,2316601,12.7823,74.8012,3.402,11.17,1.52,1.52,8.7,12.7,16.7,NORMAL,Simulated (formula: level = rain*0.6 + upstream_rain*0.4)
2024-06-30T07:00:00,R004,Nandini,2316601,12.7823,74.8012,2.845,8.27,1.8,1.8,8.7,12.7,16.7,NORMAL,Simulated (formula: level = rain*0.6 + upstream_rain*0.4)
2024-06-30T08:00:00,R004,Nandini,2316601,12.7823,74.8012,2.77,9.06,1.98,1.98,8.7,12.7,16.7,NORMAL,Simulated (formula: level = rain*0.6 + upstream_rain*0.4)
2024-06-30T09:00:00,R004,Nandini,2316601,12.7823,74.8012,3.049,8.97,2.44,2.44,8.7,12.7,16.7,NORMAL,Simulated (formula: level = rain*0.6 + upstream_rain*0.4)
2024-06-30T10:00:00,R004,Nandini,2316601,12.7823,74.8012,2.147,6.7,1.1,1.1,8.7,12.7,16.7,NORMAL,Simulated (formula: level = rain*0.6 + upstream_rain*0.4)
2024-06-30T11:00:00,R004,Nandini,2316601,12.7823,74.8012,2.083,5.78,1.4,1.4,8.7,12.7,16.7,NORMAL,Simulated (formula: level = rain*0.6 + upstream_rain*0.4)
2024-06-30T12:00:00,R004,Nandini,2316601,12.7823,74.8012,2.427,7.26,1.78,1.78,8.7,12.7,16.7,NORMAL,Simulated (formula: level = rain*0.6 + upstream_rain*0.4)
2024-06-30T13:00:00,R004,Nandini,2316601,12.7823,74.8012,2.255,5.59,1.53,1.53,8.7,12.7,16.7,NORMAL,Simulated (formula: level = rain*0.6 + upstream_rain*0.4)
2024-06-30T14:00:00,R004,Nandini,2316601,12.7823,74.8012,2.53,7.86,1.93,1.93,8.7,12.7,16.7,NORMAL,Simulated (formula: level = rain*0.6 + upstream_rain*0.4)
2024-06-30T15:00:00,R004,Nandini,2316601,12.7823,74.8012,3.093,7.7,2.69,2.69,8.7,12.7,16.7,NORMAL,Simulated (formula: level = rain*0.6 + upstream_rain*0.4)
2024-06-30T16:00:00,R004,Nandini,2316601,12.7823,74.8012,2.552,7.75,1.57,1.57,8.7,12.7,16.7,NORMAL,Simulated (formula: level = rain*0.6 + upstream_rain*0.4)
2024-06-30T17:00:00,R004,Nandini,2316601,12.7823,74.8012,3.129,8.14,2.63,2.63,8.7,12.7,16.7,NORMAL,Simulated (formula: level = rain*0.6 + upstream_rain*0.4)
2024-06-30T18:00:00,R004,Nandini,2316601,12.7823,74.8012,4.265,13.95,4.17,4.17,8.7,12.7,16.7,NORMAL,Simulated (formula: level = rain*0.6 + upstream_rain*0.4)
2024-06-30T19:00:00,R004,Nandini,2316601,12.7823,74.8012,2.774,7.1,1.4,1.4,8.7,12.7,16.7,NORMAL,Simulated (formula: level = rain*0.6 + upstream_rain*0.4)
2024-06-30T20:00:00,R004,Nandini,2316601,12.7823,74.8012,2.315,7.09,1.36,1.36,8.7,12.7,16.7,NORMAL,Simulated (formula: level = rain*0.6 + upstream_rain*0.4)
2024-06-30T21:00:00,R004,Nandini,2316601,12.7823,74.8012,2.673,7.26,2.23,2.23,8.7,12.7,16.7,NORMAL,Simulated (formula: level = rain*0.6 + upstream_rain*0.4)
2024-06-30T22:00:00,R004,Nandini,2316601,12.7823,74.8012,4.918,16.15,5.13,5.13,8.7,12.7,16.7,NORMAL,Simulated (formula: level = rain*0.6 + upstream_rain*0.4)
2024-06-30T23:00:00,R004,Nandini,2316601,12.7823,74.8012,4.578,14.03,3.72,3.72,8.7,12.7,16.7,NORMAL,Simulated (formula: level = rain*0.6 + upstream_rain*0.4)
