timestamp,latitude,longitude,city,rain_1h_mm,rain_3h_mm,rain_24h_mm,humidity_pct,temp_celsius,wind_speed_ms,pressure_hpa,source,api_endpoint
2024-06-01T00:00,12.8698,74.8431,Mangalore,0.2,0.2,0.2,93,27.8,11.7,1002.2,Open-Meteo_ERA5_Historical,https://archive-api.open-meteo.com/v1/archive?latitude=12.8698&longitude=74.8431
2024-06-01T01:00,12.8698,74.8431,Mangalore,0.4,0.6000000000000001,0.6000000000000001,95,27.3,7.6,1002.3,Open-Meteo_ERA5_Historical,https://archive-api.open-meteo.com/v1/archive?latitude=12.8698&longitude=74.8431
2024-06-01T02:00,12.8698,74.8431,Mangalore,0.1,0.7000000000000001,0.7000000000000001,96,27.3,9.7,1001.3,Open-Meteo_ERA5_Historical,https://archive-api.open-meteo.com/v1/archive?latitude=12.8698&longitude=74.8431
2024-06-01T03:00,12.8698,74.8431,Mangalore,0.0,0.5,0.7000000000000001,96,27.2,6.5,1001.3,Open-Meteo_ERA5_Historical,https://archive-api.open-meteo.com/v1/archive?latitude=12.8698&longitude=74.8431
2024-06-01T04:00,12.8698,74.8431,Mangalore,0.2,0.30000000000000004,0.9,93,27.1,7.1,1002.1,Open-Meteo_ERA5_Historical,https://archive-api.open-meteo.com/v1/archive?latitude=12.8698&longitude=74.8431
2024-06-01T05:00,12.8698,74.8431,Mangalore,0.0,0.2,0.9,92,27.2,8.4,1001.9,Open-Meteo_ERA5_Historical,https://archive-api.open-meteo.com/v1/archive?latitude=12.8698&longitude=74.8431
2024-06-01T06:00,12.8698,74.8431,Mangalore,0.1,0.30000000000000004,1.0,88,28.5,8.7,1002.1,Open-Meteo_ERA5_Historical,https://archive-api.open-meteo.com/v1/archive?latitude=12.8698&longitude=74.8431
2024-06-01T07:00,12.8698,74.8431,Mangalore,0.0,0.1,1.0,87,29.1,9.3,1003.0,Open-Meteo_ERA5_Historical,https://archive-api.open-meteo.com/v1/archive?latitude=12.8698&longitude=74.8431
2024-06-01T08:00,12.8698,74.8431,Mangalore,0.1,0.2,1.1,84,29.5,15.3,1002.9,Open-Meteo_ERA5_Historical,https://archive-api.open-meteo.com/v1/archive?latitude=12.8698&longitude=74.8431
2024-06-01T09:00,12.8698,74.8431,Mangalore,0.2,0.30000000000000004,1.3,79,30.2,17.3,1003.5,Open-Meteo_ERA5_Historical,https://archive-api.open-meteo.com/v1/archive?latitude=12.8698&longitude=74.8431
2024-06-01T10:00,12.8698,74.8431,Mangalore,0.1,0.4,1.4000000000000001,78,30.8,18.2,1003.6,Open-Meteo_ERA5_Historical,https://archive-api.open-meteo.com/v1/archive?latitude=12.8698&longitude=74.8431
2024-06-01T11:00,12.8698,74.8431,Mangalore,0.1,0.4,1.5,77,30.8,16.9,1003.7,Open-Meteo_ERA5_Historical,https://archive-api.open-meteo.com/v1/archive?latitude=12.8698&longitude=74.8431
2024-06-01T12:00,12.8698,74.8431,Mangalore,0.2,0.4,1.7000000000000002,77,30.8,20.1,1002.9,Open-Meteo_ERA5_Historical,https://archive-api.open-meteo.com/v1/archive?latitude=12.8698&longitude=74.8431
2024-06-01T13:00,12.8698,74.8431,Mangalore,0.5,0.8,2.2,75,31.0,16.6,1002.4,Open-Meteo_ERA5_Historical,https://archive-api.open-meteo.com/v1/archive?latitude=12.8698&longitude=74.8431
2024-06-01T14:00,12.8698,74.8431,Mangalore,0.3,1.0,2.5,78,30.0,19.0,1001.5,Open-Meteo_ERA5_Historical,https://archive-api.open-meteo.com/v1/archive?latitude=12.8698&longitude=74.8431
2024-06-01T15:00,12.8698,74.8431,Mangalore,0.1,0.9,2.6,78,30.1,18.9,1000.6,Open-Meteo_ERA5_Historical,https://archive-api.open-meteo.com/v1/archive?latitude=12.8698&longitude=74.8431
2024-06-01T16:00,12.8698,74.8431,Mangalore,0.2,0.6,2.8000000000000003,78,30.1,18.7,1001.0,Open-Meteo_ERA5_Historical,https://archive-api.open-meteo.com/v1/archive?latitude=12.8698&longitude=74.8431
2024-06-01T17:00,12.8698,74.8431,Mangalore,0.0,0.30000000000000004,2.8000000000000003,81,29.5,15.0,1001.3,Open-Meteo_ERA5_Historical,https://archive-api.open-meteo.com/v1/archive?latitude=12.8698&longitude=74.8431
2024-06-01T18:00,12.8698,74.8431,Mangalore,0.0,0.2,2.8000000000000003,83,29.4,9.7,1001.8,Open-Meteo_ERA5_Historical,https://archive-api.open-meteo.com/v1/archive?latitude=12.8698&longitude=74.8431
2024-06-01T19:00,12.8698,74.8431,Mangalore,0.0,0.0,2.8000000000000003,85,28.9,8.5,1002.3,Open-Meteo_ERA5_Historical,https://archive-api.open-meteo.com/v1/archive?latitude=12.8698&longitude=74.8431
2024-06-01T20:00,12.8698,74.8431,Mangalore,0.0,0.0,2.8000000000000003,86,28.7,7.9,1002.9,Open-Meteo_ERA5_Historical,https://archive-api.open-meteo.com/v1/archive?latitude=12.8698&longitude=74.8431
2024-06-01T21:00,12.8698,74.8431,Mangalore,0.0,0.0,2.8000000000000003,89,28.1,4.8,1003.3,Open-Meteo_ERA5_Historical,https://archive-api.open-meteo.com/v1/archive?latitude=12.8698&longitude=74.8431
2024-06-01T22:00,12.8698,74.8431,Mangalore,0.1,0.1,2.9,91,27.7,4.0,1003.4,Open-Meteo_ERA5_Historical,https://archive-api.open-meteo.com/v1/archive?latitude=12.8698&longitude=74.8431
2024-06-01T23:00,12.8698,74.8431,Mangalore,0.0,0.1,2.9,92,27.5,5.9,1003.2,Open-Meteo_ERA5_Historical,https://archive-api.open-meteo.com/v1/archive?latitude=12.8698&longitude=74.8431
2024-06-02T00:00,12.8698,74.8431,Mangalore,2.2,2.3000000000000003,4.9,95,26.9,6.1,1003.2,Open-Meteo_ERA5_Historical,https://archive-api.open-meteo.com/v1/archive?latitude=12.8698&longitude=74.8431
2024-06-02T01:00,12.8698,74.8431,Mangalore,3.9,6.1,8.4,95,26.2,1.8,1003.0,Open-Meteo_ERA5_Historical,https://archive-api.open-meteo.com/v1/archive?latitude=12.8698&longitude=74.8431
2024-06-02T02:00,12.8698,74.8431,Mangalore,0.0,6.1,8.3,95,26.0,4.8,1002.7,Open-Meteo_ERA5_Historical,https://archive-api.open-meteo.com/v1/archive?latitude=12.8698&longitude=74.8431
2024-06-02T03:00,12.8698,74.8431,Mangalore,0.1,4.0,8.4,97,25.8,2.7,1002.1,Open-Meteo_ERA5_Historical,https://archive-api.open-meteo.com/v1/archive?latitude=12.8698&longitude=74.8431
2024-06-02T04:00,12.8698,74.8431,Mangalore,0.1,0.2,8.299999999999999,97,25.8,1.6,1002.2,Open-Meteo_ERA5_Historical,https://archive-api.open-meteo.com/v1/archive?latitude=12.8698&longitude=74.8431
2024-06-02T05:00,12.8698,74.8431,Mangalore,0.0,0.2,8.299999999999999,97,26.0,1.8,1002.3,Open-Meteo_ERA5_Historical,https://archive-api.open-meteo.com/v1/archive?latitude=12.8698&longitude=74.8431
2024-06-02T06:00,12.8698,74.8431,Mangalore,2.4,2.5,10.6,95,26.7,3.9,1001.7,Open-Meteo_ERA5_Historical,https://archive-api.open-meteo.com/v1/archive?latitude=12.8698&longitude=74.8431
2024-06-02T07:00,12.8698,74.8431,Mangalore,0.0,2.4,10.6,90,28.0,8.4,1002.9,Open-Meteo_ERA5_Historical,https://archive-api.open-meteo.com/v1/archive?latitude=12.8698&longitude=74.8431
2024-06-02T08:00,12.8698,74.8431,Mangalore,0.1,2.5,10.6,87,28.8,5.9,1003.8,Open-Meteo_ERA5_Historical,https://archive-api.open-meteo.com/v1/archive?latitude=12.8698&longitude=74.8431
2024-06-02T09:00,12.8698,74.8431,Mangalore,0.4,0.5,10.799999999999999,85,29.0,9.2,1003.8,Open-Meteo_ERA5_Historical,https://archive-api.open-meteo.com/v1/archive?latitude=12.8698&longitude=74.8431
2024-06-02T10:00,12.8698,74.8431,Mangalore,0.2,0.7,10.9,82,30.1,12.8,1003.6,Open-Meteo_ERA5_Historical,https://archive-api.open-meteo.com/v1/archive?latitude=12.8698&longitude=74.8431
2024-06-02T11:00,12.8698,74.8431,Mangalore,0.6,1.2000000000000002,11.4,81,30.4,14.3,1003.2,Open-Meteo_ERA5_Historical,https://archive-api.open-meteo.com/v1/archive?latitude=12.8698&longitude=74.8431
2024-06-02T12:00,12.8698,74.8431,Mangalore,3.4,4.2,14.600000000000001,81,29.9,14.9,1002.3,Open-Meteo_ERA5_Historical,https://archive-api.open-meteo.com/v1/archive?latitude=12.8698&longitude=74.8431
2024-06-02T13:00,12.8698,74.8431,Mangalore,0.9,4.9,15.0,84,29.9,14.3,1002.1,Open-Meteo_ERA5_Historical,https://archive-api.open-meteo.com/v1/archive?latitude=12.8698&longitude=74.8431
2024-06-02T14:00,12.8698,74.8431,Mangalore,0.4,4.7,15.1,87,28.7,11.3,1001.9,Open-Meteo_ERA5_Historical,https://archive-api.open-meteo.com/v1/archive?latitude=12.8698&longitude=74.8431
2024-06-02T15:00,12.8698,74.8431,Mangalore,0.9,2.2,15.9,84,28.5,13.6,1001.5,Open-Meteo_ERA5_Historical,https://archive-api.open-meteo.com/v1/archive?latitude=12.8698&longitude=74.8431
2024-06-02T16:00,12.8698,74.8431,Mangalore,1.2,2.5,16.9,85,28.2,8.0,1001.9,Open-Meteo_ERA5_Historical,https://archive-api.open-meteo.com/v1/archive?latitude=12.8698&longitude=74.8431
2024-06-02T17:00,12.8698,74.8431,Mangalore,2.3,4.3999999999999995,19.2,91,27.0,8.3,1002.7,Open-Meteo_ERA5_Historical,https://archive-api.open-meteo.com/v1/archive?latitude=12.8698&longitude=74.8431
2024-06-02T18:00,12.8698,74.8431,Mangalore,0.2,3.6999999999999997,19.4,91,28.2,3.1,1001.6,Open-Meteo_ERA5_Historical,https://archive-api.open-meteo.com/v1/archive?latitude=12.8698&longitude=74.8431
2024-06-02T19:00,12.8698,74.8431,Mangalore,0.1,2.5999999999999996,19.5,96,27.4,3.9,1002.5,Open-Meteo_ERA5_Historical,https://archive-api.open-meteo.com/v1/archive?latitude=12.8698&longitude=74.8431
2024-06-02T20:00,12.8698,74.8431,Mangalore,0.0,0.30000000000000004,19.5,96,27.2,4.3,1003.6,Open-Meteo_ERA5_Historical,https://archive-api.open-meteo.com/v1/archive?latitude=12.8698&longitude=74.8431
2024-06-02T21:00,12.8698,74.8431,Mangalore,0.1,0.2,19.599999999999998,94,27.5,3.4,1004.2,Open-Meteo_ERA5_Historical,https://archive-api.open-meteo.com/v1/archive?latitude=12.8698&longitude=74.8431
2024-06-02T22:00,12.8698,74.8431,Mangalore,0.0,0.1,19.5,97,26.9,4.1,1004.5,Open-Meteo_ERA5_Historical,https://archive-api.open-meteo.com/v1/archive?latitude=12.8698&longitude=74.8431
2024-06-02T23:00,12.8698,74.8431,Mangalore,0.0,0.1,19.5,97,26.7,3.6,1004.6,Open-Meteo_ERA5_Historical,https://archive-api.open-meteo.com/v1/archive?latitude=12.8698&longitude=74.8431
2024-06-03T00:00,12.8698,74.8431,Mangalore,0.0,0.0,17.299999999999997,97,26.5,3.1,1003.4,Open-Meteo_ERA5_Historical,https://archive-api.open-meteo.com/v1/archive?latitude=12.8698&longitude=74.8431
2024-06-03T01:00,12.8698,74.8431,Mangalore,0.1,0.1,13.5,96,26.4,4.3,1003.0,Open-Meteo_ERA5_Historical,https://archive-api.open-meteo.com/v1/archive?latitude=12.8698&longitude=74.8431
2024-06-03T02:00,12.8698,74.8431,Mangalore,5.0,5.1,18.5,94,25.9,1.1,1003.4,Open-Meteo_ERA5_Historical,https://archive-api.open-meteo.com/v1/archive?latitude=12.8698&longitude=74.8431
2024-06-03T03:00,12.8698,74.8431,Mangalore,0.2,5.3,18.599999999999998,97,25.5,5.6,1002.6,Open-Meteo_ERA5_Historical,https://archive-api.open-meteo.com/v1/archive?latitude=12.8698&longitude=74.8431
2024-06-03T04:00,12.8698,74.8431,Mangalore,0.1,5.3,18.6,97,25.1,7.2,1003.1,Open-Meteo_ERA5_Historical,https://archive-api.open-meteo.com/v1/archive?latitude=12.8698&longitude=74.8431
2024-06-03T05:00,12.8698,74.8431,Mangalore,0.0,0.30000000000000004,18.6,97,25.1,6.9,1003.4,Open-Meteo_ERA5_Historical,https://archive-api.open-meteo.com/v1/archive?latitude=12.8698&longitude=74.8431
2024-06-03T06:00,12.8698,74.8431,Mangalore,0.0,0.1,16.2,93,26.2,4.4,1002.9,Open-Meteo_ERA5_Historical,https://archive-api.open-meteo.com/v1/archive?latitude=12.8698&longitude=74.8431
2024-06-03T07:00,12.8698,74.8431,Mangalore,0.0,0.0,16.2,93,26.9,4.2,1003.5,Open-Meteo_ERA5_Historical,https://archive-api.open-meteo.com/v1/archive?latitude=12.8698&longitude=74.8431
2024-06-03T08:00,12.8698,74.8431,Mangalore,0.0,0.0,16.1,87,28.1,4.9,1003.6,Open-Meteo_ERA5_Historical,https://archive-api.open-meteo.com/v1/archive?latitude=12.8698&longitude=74.8431
2024-06-03T09:00,12.8698,74.8431,Mangalore,0.1,0.1,15.8,86,29.0,2.6,1004.0,Open-Meteo_ERA5_Historical,https://archive-api.open-meteo.com/v1/archive?latitude=12.8698&longitude=74.8431
2024-06-03T10:00,12.8698,74.8431,Mangalore,0.2,0.30000000000000004,15.799999999999999,83,29.7,3.3,1004.2,Open-Meteo_ERA5_Historical,https://archive-api.open-meteo.com/v1/archive?latitude=12.8698&longitude=74.8431
2024-06-03T11:00,12.8698,74.8431,Mangalore,0.2,0.5,15.4,81,29.9,6.7,1003.5,Open-Meteo_ERA5_Historical,https://archive-api.open-meteo.com/v1/archive?latitude=12.8698&longitude=74.8431
2024-06-03T12:00,12.8698,74.8431,Mangalore,6.0,6.4,18.0,87,27.7,8.2,1003.6,Open-Meteo_ERA5_Historical,https://archive-api.open-meteo.com/v1/archive?latitude=12.8698&longitude=74.8431
2024-06-03T13:00,12.8698,74.8431,Mangalore,0.1,6.3,17.2,86,28.4,9.2,1002.2,Open-Meteo_ERA5_Historical,https://archive-api.open-meteo.com/v1/archive?latitude=12.8698&longitude=74.8431
2024-06-03T14:00,12.8698,74.8431,Mangalore,0.1,6.2,16.9,85,28.9,11.4,1002.3,Open-Meteo_ERA5_Historical,https://archive-api.open-meteo.com/v1/archive?latitude=12.8698&longitude=74.8431
2024-06-03T15:00,12.8698,74.8431,Mangalore,0.1,0.30000000000000004,16.1,84,28.6,7.5,1001.9,Open-Meteo_ERA5_Historical,https://archive-api.open-meteo.com/v1/archive?latitude=12.8698&longitude=74.8431
2024-06-03T16:00,12.8698,74.8431,Mangalore,0.0,0.2,14.9,85,28.2,6.2,1001.6,Open-Meteo_ERA5_Historical,https://archive-api.open-meteo.com/v1/archive?latitude=12.8698&longitude=74.8431
2024-06-03T17:00,12.8698,74.8431,Mangalore,0.0,0.1,12.6,85,28.1,3.2,1002.1,Open-Meteo_ERA5_Historical,https://archive-api.open-meteo.com/v1/archive?latitude=12.8698&longitude=74.8431
2024-06-03T18:00,12.8698,74.8431,Mangalore,0.1,0.1,12.5,88,28.1,4.1,1002.8,Open-Meteo_ERA5_Historical,https://archive-api.open-meteo.com/v1/archive?latitude=12.8698&longitude=74.8431
2024-06-03T19:00,12.8698,74.8431,Mangalore,0.4,0.5,12.8,91,27.5,5.4,1002.8,Open-Meteo_ERA5_Historical,https://archive-api.open-meteo.com/v1/archive?latitude=12.8698&longitude=74.8431
2024-06-03T20:00,12.8698,74.8431,Mangalore,0.5,1.0,13.3,95,27.0,6.3,1003.5,Open-Meteo_ERA5_Historical,https://archive-api.open-meteo.com/v1/archive?latitude=12.8698&longitude=74.8431
2024-06-03T21:00,12.8698,74.8431,Mangalore,0.5,1.4,13.7,96,26.6,7.3,1003.9,Open-Meteo_ERA5_Historical,https://archive-api.open-meteo.com/v1/archive?latitude=12.8698&longitude=74.8431
2024-06-03T22:00,12.8698,74.8431,Mangalore,0.6,1.6,14.299999999999999,95,26.3,8.0,1004.1,Open-Meteo_ERA5_Historical,https://archive-api.open-meteo.com/v1/archive?latitude=12.8698&longitude=74.8431
2024-06-03T23:00,12.8698,74.8431,Mangalore,0.5,1.6,14.799999999999999,95,26.0,6.5,1003.9,Open-Meteo_ERA5_Historical,https://archive-api.open-meteo.com/v1/archive?latitude=12.8698&longitude=74.8431
2024-06-04T00:00,12.8698,74.8431,Mangalore,0.5,1.6,15.299999999999999,95,25.8,6.9,1003.5,Open-Meteo_ERA5_Historical,https://archive-api.open-meteo.com/v1/archive?latitude=12.8698&longitude=74.8431
2024-06-04T01:00,12.8698,74.8431,Mangalore,0.1,1.0999999999999999,15.3,95,25.8,6.7,1002.9,Open-Meteo_ERA5_Historical,https://archive-api.open-meteo.com/v1/archive?latitude=12.8698&longitude=74.8431
2024-06-04T02:00,12.8698,74.8431,Mangalore,1.5,2.1,11.8,95,25.4,4.1,1002.7,Open-Meteo_ERA5_Historical,https://archive-api.open-meteo.com/v1/archive?latitude=12.8698&longitude=74.8431
2024-06-04T03:00,12.8698,74.8431,Mangalore,4.7,6.300000000000001,16.3,97,24.6,5.9,1002.9,Open-Meteo_ERA5_Historical,https://archive-api.open-meteo.com/v1/archive?latitude=12.8698&longitude=74.8431
2024-06-04T04:00,12.8698,74.8431,Mangalore,0.8,7.0,17.0,97,24.7,9.4,1003.0,Open-Meteo_ERA5_Historical,https://archive-api.open-meteo.com/v1/archive?latitude=12.8698&longitude=74.8431
2024-06-04T05:00,12.8698,74.8431,Mangalore,3.4,8.9,20.4,97,24.3,7.3,1003.6,Open-Meteo_ERA5_Historical,https://archive-api.open-meteo.com/v1/archive?latitude=12.8698&longitude=74.8431
2024-06-04T06:00,12.8698,74.8431,Mangalore,6.0,10.2,26.4,96,24.8,7.9,1004.0,Open-Meteo_ERA5_Historical,https://archive-api.open-meteo.com/v1/archive?latitude=12.8698&longitude=74.8431
2024-06-04T07:00,12.8698,74.8431,Mangalore,0.5,9.899999999999999,26.9,91,25.5,5.2,1004.7,Open-Meteo_ERA5_Historical,https://archive-api.open-meteo.com/v1/archive?latitude=12.8698&longitude=74.8431
2024-06-04T08:00,12.8698,74.8431,Mangalore,0.4,6.8999999999999995,27.3,90,26.5,6.6,1005.2,Open-Meteo_ERA5_Historical,https://archive-api.open-meteo.com/v1/archive?latitude=12.8698&longitude=74.8431
2024-06-04T09:00,12.8698,74.8431,Mangalore,0.1,0.9999999999999991,27.3,85,28.1,5.1,1005.3,Open-Meteo_ERA5_Historical,https://archive-api.open-meteo.com/v1/archive?latitude=12.8698&longitude=74.8431
2024-06-04T10:00,12.8698,74.8431,Mangalore,0.0,0.4999999999999991,27.099999999999998,78,29.9,4.3,1005.0,Open-Meteo_ERA5_Historical,https://archive-api.open-meteo.com/v1/archive?latitude=12.8698&longitude=74.8431
2024-06-04T11:00,12.8698,74.8431,Mangalore,0.1,0.19999999999999912,27.0,78,30.5,3.1,1004.5,Open-Meteo_ERA5_Historical,https://archive-api.open-meteo.com/v1/archive?latitude=12.8698&longitude=74.8431
2024-06-04T12:00,12.8698,74.8431,Mangalore,0.1,0.19999999999999912,21.099999999999998,78,30.8,9.2,1004.1,Open-Meteo_ERA5_Historical,https://archive-api.open-meteo.com/v1/archive?latitude=12.8698&longitude=74.8431
2024-06-04T13:00,12.8698,74.8431,Mangalore,2.8,2.999999999999999,23.8,83,29.2,10.6,1003.2,Open-Meteo_ERA5_Historical,https://archive-api.open-meteo.com/v1/archive?latitude=12.8698&longitude=74.8431
2024-06-04T14:00,12.8698,74.8431,Mangalore,0.2,3.099999999999999,23.9,82,29.1,11.7,1002.5,Open-Meteo_ERA5_Historical,https://archive-api.open-meteo.com/v1/archive?latitude=12.8698&longitude=74.8431
2024-06-04T15:00,12.8698,74.8431,Mangalore,0.1,3.0999999999999988,23.9,84,29.3,7.9,1002.2,Open-Meteo_ERA5_Historical,https://archive-api.open-meteo.com/v1/archive?latitude=12.8698&longitude=74.8431
2024-06-04T16:00,12.8698,74.8431,Mangalore,1.9,2.1999999999999993,25.799999999999997,85,28.2,8.4,1002.2,Open-Meteo_ERA5_Historical,https://archive-api.open-meteo.com/v1/archive?latitude=12.8698&longitude=74.8431
2024-06-04T17:00,12.8698,74.8431,Mangalore,6.0,7.999999999999999,31.799999999999997,90,26.4,5.4,1002.9,Open-Meteo_ERA5_Historical,https://archive-api.open-meteo.com/v1/archive?latitude=12.8698&longitude=74.8431
2024-06-04T18:00,12.8698,74.8431,Mangalore,1.3,9.2,33.0,88,27.7,4.2,1002.7,Open-Meteo_ERA5_Historical,https://archive-api.open-meteo.com/v1/archive?latitude=12.8698&longitude=74.8431
2024-06-04T19:00,12.8698,74.8431,Mangalore,0.6,7.8999999999999995,33.2,92,27.1,1.8,1003.1,Open-Meteo_ERA5_Historical,https://archive-api.open-meteo.com/v1/archive?latitude=12.8698&longitude=74.8431
2024-06-04T20:00,12.8698,74.8431,Mangalore,0.0,1.899999999999999,32.7,94,26.6,4.0,1003.7,Open-Meteo_ERA5_Historical,https://archive-api.open-meteo.com/v1/archive?latitude=12.8698&longitude=74.8431
2024-06-04T21:00,12.8698,74.8431,Mangalore,0.0,0.5999999999999991,32.2,94,26.5,6.8,1004.5,Open-Meteo_ERA5_Historical,https://archive-api.open-meteo.com/v1/archive?latitude=12.8698&longitude=74.8431
2024-06-04T22:00,12.8698,74.8431,Mangalore,0.0,0.0,31.6,95,26.1,7.2,1004.7,Open-Meteo_ERA5_Historical,https://archive-api.open-meteo.com/v1/archive?latitude=12.8698&longitude=74.8431
2024-06-04T23:00,12.8698,74.8431,Mangalore,0.0,0.0,31.1,96,25.8,6.5,1004.7,Open-Meteo_ERA5_Historical,https://archive-api.open-meteo.com/v1/archive?latitude=12.8698&longitude=74.8431
2024-06-05T00:00,12.8698,74.8431,Mangalore,0.0,0.0,30.6,96,25.8,6.4,1004.4,Open-Meteo_ERA5_Historical,https://archive-api.open-meteo.com/v1/archive?latitude=12.8698&longitude=74.8431
2024-06-05T01:00,12.8698,74.8431,Mangalore,0.1,0.09999999999999912,30.6,96,25.8,9.3,1004.1,Open-Meteo_ERA5_Historical,https://archive-api.open-meteo.com/v1/archive?latitude=12.8698&longitude=74.8431
2024-06-05T02:00,12.8698,74.8431,Mangalore,0.0,0.09999999999999912,29.1,95,25.8,8.8,1003.5,Open-Meteo_ERA5_Historical,https://archive-api.open-meteo.com/v1/archive?latitude=12.8698&longitude=74.8431
2024-06-05T03:00,12.8698,74.8431,Mangalore,0.0,0.09999999999999912,24.400000000000002,96,25.5,8.9,1003.0,Open-Meteo_ERA5_Historical,https://archive-api.open-meteo.com/v1/archive?latitude=12.8698&longitude=74.8431
2024-06-05T04:00,12.8698,74.8431,Mangalore,0.0,0.0,23.6,96,25.1,9.2,1003.0,Open-Meteo_ERA5_Historical,https://archive-api.open-meteo.com/v1/archive?latitude=12.8698&longitude=74.8431
2024-06-05T05:00,12.8698,74.8431,Mangalore,0.0,0.0,20.200000000000003,94,25.0,9.2,1003.6,Open-Meteo_ERA5_Historical,https://archive-api.open-meteo.com/v1/archive?latitude=12.8698&longitude=74.8431
2024-06-05T06:00,12.8698,74.8431,Mangalore,0.2,0.19999999999999912,14.4,97,25.4,8.2,1003.8,Open-Meteo_ERA5_Historical,https://archive-api.open-meteo.com/v1/archive?latitude=12.8698&longitude=74.8431
2024-06-05T07:00,12.8698,74.8431,Mangalore,0.1,0.29999999999999916,14.0,93,25.9,10.1,1005.0,Open-Meteo_ERA5_Historical,https://archive-api.open-meteo.com/v1/archive?latitude=12.8698&longitude=74.8431
2024-06-05T08:00,12.8698,74.8431,Mangalore,1.2,1.4999999999999991,14.8,90,26.2,5.3,1005.7,Open-Meteo_ERA5_Historical,https://archive-api.open-meteo.com/v1/archive?latitude=12.8698&longitude=74.8431
2024-06-05T09:00,12.8698,74.8431,Mangalore,2.0,3.299999999999999,16.7,89,26.1,1.5,1006.0,Open-Meteo_ERA5_Historical,https://archive-api.open-meteo.com/v1/archive?latitude=12.8698&longitude=74.8431
2024-06-05T10:00,12.8698,74.8431,Mangalore,1.3,4.499999999999999,18.0,87,26.5,5.6,1006.1,Open-Meteo_ERA5_Historical,https://archive-api.open-meteo.com/v1/archive?latitude=12.8698&longitude=74.8431
2024-06-05T11:00,12.8698,74.8431,Mangalore,0.5,3.799999999999999,18.400000000000002,83,28.0,6.6,1005.7,Open-Meteo_ERA5_Historical,https://archive-api.open-meteo.com/v1/archive?latitude=12.8698&longitude=74.8431
2024-06-05T12:00,12.8698,74.8431,Mangalore,0.3,2.099999999999999,18.6,85,28.0,10.8,1005.0,Open-Meteo_ERA5_Historical,https://archive-api.open-meteo.com/v1/archive?latitude=12.8698&longitude=74.8431
2024-06-05T13:00,12.8698,74.8431,Mangalore,0.1,0.8999999999999991,15.899999999999999,86,28.0,9.1,1004.1,Open-Meteo_ERA5_Historical,https://archive-api.open-meteo.com/v1/archive?latitude=12.8698&longitude=74.8431
2024-06-05T14:00,12.8698,74.8431,Mangalore,0.1,0.4999999999999991,15.8,83,28.5,6.0,1003.2,Open-Meteo_ERA5_Historical,https://archive-api.open-meteo.com/v1/archive?latitude=12.8698&longitude=74.8431
2024-06-05T15:00,12.8698,74.8431,Mangalore,3.9,4.099999999999999,19.6,85,27.1,7.2,1002.8,Open-Meteo_ERA5_Historical,https://archive-api.open-meteo.com/v1/archive?latitude=12.8698&longitude=74.8431
2024-06-05T16:00,12.8698,74.8431,Mangalore,2.5,6.499999999999999,20.200000000000003,87,26.9,2.9,1002.6,Open-Meteo_ERA5_Historical,https://archive-api.open-meteo.com/v1/archive?latitude=12.8698&longitude=74.8431
2024-06-05T17:00,12.8698,74.8431,Mangalore,0.3,6.699999999999999,14.5,88,26.8,4.2,1003.0,Open-Meteo_ERA5_Historical,https://archive-api.open-meteo.com/v1/archive?latitude=12.8698&longitude=74.8431
2024-06-05T18:00,12.8698,74.8431,Mangalore,1.9,4.699999999999999,15.1,90,26.3,4.1,1003.8,Open-Meteo_ERA5_Historical,https://archive-api.open-meteo.com/v1/archive?latitude=12.8698&longitude=74.8431
2024-06-05T19:00,12.8698,74.8431,Mangalore,0.1,2.299999999999999,14.6,92,26.3,1.8,1003.8,Open-Meteo_ERA5_Historical,https://archive-api.open-meteo.com/v1/archive?latitude=12.8698&longitude=74.8431
2024-06-05T20:00,12.8698,74.8431,Mangalore,0.2,2.199999999999999,14.799999999999999,95,25.9,7.6,1004.4,Open-Meteo_ERA5_Historical,https://archive-api.open-meteo.com/v1/archive?latitude=12.8698&longitude=74.8431
2024-06-05T21:00,12.8698,74.8431,Mangalore,0.1,0.39999999999999913,14.9,96,25.5,6.5,1005.1,Open-Meteo_ERA5_Historical,https://archive-api.open-meteo.com/v1/archive?latitude=12.8698&longitude=74.8431
2024-06-05T22:00,12.8698,74.8431,Mangalore,0.0,0.29999999999999916,14.9,95,25.5,6.2,1005.2,Open-Meteo_ERA5_Historical,https://archive-api.open-meteo.com/v1/archive?latitude=12.8698&longitude=74.8431
2024-06-05T23:00,12.8698,74.8431,Mangalore,0.0,0.09999999999999912,14.9,95,25.5,5.5,1004.9,Open-Meteo_ERA5_Historical,https://archive-api.open-meteo.com/v1/archive?latitude=12.8698&longitude=74.8431
2024-06-06T00:00,12.8698,74.8431,Mangalore,0.2,0.19999999999999912,15.1,96,25.3,5.3,1004.9,Open-Meteo_ERA5_Historical,https://archive-api.open-meteo.com/v1/archive?latitude=12.8698&longitude=74.8431
2024-06-06T01:00,12.8698,74.8431,Mangalore,0.7,0.899999999999999,15.7,96,25.4,5.3,1004.5,Open-Meteo_ERA5_Historical,https://archive-api.open-meteo.com/v1/archive?latitude=12.8698&longitude=74.8431
2024-06-06T02:00,12.8698,74.8431,Mangalore,0.1,0.999999999999999,15.8,97,25.0,6.3,1003.6,Open-Meteo_ERA5_Historical,https://archive-api.open-meteo.com/v1/archive?latitude=12.8698&longitude=74.8431
2024-06-06T03:00,12.8698,74.8431,Mangalore,0.0,0.7999999999999989,15.8,96,25.0,6.0,1003.5,Open-Meteo_ERA5_Historical,https://archive-api.open-meteo.com/v1/archive?latitude=12.8698&longitude=74.8431
2024-06-06T04:00,12.8698,74.8431,Mangalore,0.0,0.099999999999999,15.8,96,24.8,6.9,1003.8,Open-Meteo_ERA5_Historical,https://archive-api.open-meteo.com/v1/archive?latitude=12.8698&longitude=74.8431
2024-06-06T05:00,12.8698,74.8431,Mangalore,5.6,5.599999999999999,21.4,96,24.0,8.0,1004.8,Open-Meteo_ERA5_Historical,https://archive-api.open-meteo.com/v1/archive?latitude=12.8698&longitude=74.8431
2024-06-06T06:00,12.8698,74.8431,Mangalore,0.2,5.799999999999999,21.4,96,25.5,4.9,1004.2,Open-Meteo_ERA5_Historical,https://archive-api.open-meteo.com/v1/archive?latitude=12.8698&longitude=74.8431
2024-06-06T07:00,12.8698,74.8431,Mangalore,0.0,5.799999999999999,21.299999999999997,94,26.2,2.5,1005.4,Open-Meteo_ERA5_Historical,https://archive-api.open-meteo.com/v1/archive?latitude=12.8698&longitude=74.8431
2024-06-06T08:00,12.8698,74.8431,Mangalore,0.0,0.19999999999999912,20.099999999999998,90,27.1,6.0,1005.9,Open-Meteo_ERA5_Historical,https://archive-api.open-meteo.com/v1/archive?latitude=12.8698&longitude=74.8431
2024-06-06T09:00,12.8698,74.8431,Mangalore,3.6,3.599999999999999,21.7,89,26.8,4.7,1006.0,Open-Meteo_ERA5_Historical,https://archive-api.open-meteo.com/v1/archive?latitude=12.8698&longitude=74.8431
2024-06-06T10:00,12.8698,74.8431,Mangalore,0.2,3.7999999999999994,20.599999999999998,86,27.5,6.6,1005.9,Open-Meteo_ERA5_Historical,https://archive-api.open-meteo.com/v1/archive?latitude=12.8698&longitude=74.8431
2024-06-06T11:00,12.8698,74.8431,Mangalore,0.5,4.299999999999999,20.599999999999998,84,28.5,6.1,1005.4,Open-Meteo_ERA5_Historical,https://archive-api.open-meteo.com/v1/archive?latitude=12.8698&longitude=74.8431
2024-06-06T12:00,12.8698,74.8431,Mangalore,0.2,0.8999999999999991,20.5,82,29.0,9.7,1005.1,Open-Meteo_ERA5_Historical,https://archive-api.open-meteo.com/v1/archive?latitude=12.8698&longitude=74.8431
2024-06-06T13:00,12.8698,74.8431,Mangalore,0.1,0.799999999999999,20.5,82,28.9,9.5,1004.1,Open-Meteo_ERA5_Historical,https://archive-api.open-meteo.com/v1/archive?latitude=12.8698&longitude=74.8431
2024-06-06T14:00,12.8698,74.8431,Mangalore,0.4,0.6999999999999991,20.8,82,28.5,11.4,1003.4,Open-Meteo_ERA5_Historical,https://archive-api.open-meteo.com/v1/archive?latitude=12.8698&longitude=74.8431
2024-06-06T15:00,12.8698,74.8431,Mangalore,0.1,0.5999999999999991,17.0,83,28.9,7.8,1002.9,Open-Meteo_ERA5_Historical,https://archive-api.open-meteo.com/v1/archive?latitude=12.8698&longitude=74.8431
2024-06-06T16:00,12.8698,74.8431,Mangalore,3.2,3.6999999999999993,17.7,84,27.6,12.2,1003.2,Open-Meteo_ERA5_Historical,https://archive-api.open-meteo.com/v1/archive?latitude=12.8698&longitude=74.8431
2024-06-06T17:00,12.8698,74.8431,Mangalore,5.1,8.399999999999999,22.5,94,25.0,13.4,1004.6,Open-Meteo_ERA5_Historical,https://archive-api.open-meteo.com/v1/archive?latitude=12.8698&longitude=74.8431
2024-06-06T18:00,12.8698,74.8431,Mangalore,0.0,8.299999999999999,20.6,87,26.8,8.7,1003.6,Open-Meteo_ERA5_Historical,https://archive-api.open-meteo.com/v1/archive?latitude=12.8698&longitude=74.8431
2024-06-06T19:00,12.8698,74.8431,Mangalore,0.1,5.1999999999999975,20.6,87,26.7,7.2,1004.0,Open-Meteo_ERA5_Historical,https://archive-api.open-meteo.com/v1/archive?latitude=12.8698&longitude=74.8431
2024-06-06T20:00,12.8698,74.8431,Mangalore,0.2,0.29999999999999827,20.6,89,26.5,5.6,1004.6,Open-Meteo_ERA5_Historical,https://archive-api.open-meteo.com/v1/archive?latitude=12.8698&longitude=74.8431
2024-06-06T21:00,12.8698,74.8431,Mangalore,0.2,0.4999999999999982,20.7,92,26.0,5.2,1005.1,Open-Meteo_ERA5_Historical,https://archive-api.open-meteo.com/v1/archive?latitude=12.8698&longitude=74.8431
2024-06-06T22:00,12.8698,74.8431,Mangalore,0.1,0.4999999999999983,20.8,95,25.7,3.6,1005.2,Open-Meteo_ERA5_Historical,https://archive-api.open-meteo.com/v1/archive?latitude=12.8698&longitude=74.8431
2024-06-06T23:00,12.8698,74.8431,Mangalore,0.1,0.39999999999999825,20.9,96,25.5,2.5,1005.4,Open-Meteo_ERA5_Historical,https://archive-api.open-meteo.com/v1/archive?latitude=12.8698&longitude=74.8431
2024-06-07T00:00,12.8698,74.8431,Mangalore,0.1,0.30000000000000004,20.8,96,25.5,6.5,1004.6,Open-Meteo_ERA5_Historical,https://archive-api.open-meteo.com/v1/archive?latitude=12.8698&longitude=74.8431
2024-06-07T01:00,12.8698,74.8431,Mangalore,0.1,0.30000000000000004,20.2,95,25.4,8.0,1003.5,Open-Meteo_ERA5_Historical,https://archive-api.open-meteo.com/v1/archive?latitude=12.8698&longitude=74.8431
2024-06-07T02:00,12.8698,74.8431,Mangalore,0.3,0.4999999999999982,20.4,95,25.1,7.7,1002.8,Open-Meteo_ERA5_Historical,https://archive-api.open-meteo.com/v1/archive?latitude=12.8698&longitude=74.8431
2024-06-07T03:00,12.8698,74.8431,Mangalore,0.3,0.6999999999999982,20.7,95,25.0,8.4,1002.6,Open-Meteo_ERA5_Historical,https://archive-api.open-meteo.com/v1/archive?latitude=12.8698&longitude=74.8431
2024-06-07T04:00,12.8698,74.8431,Mangalore,0.3,0.8999999999999999,21.0,95,24.9,11.2,1002.5,Open-Meteo_ERA5_Historical,https://archive-api.open-meteo.com/v1/archive?latitude=12.8698&longitude=74.8431
2024-06-07T05:00,12.8698,74.8431,Mangalore,1.3,1.8999999999999981,16.700000000000003,96,24.2,9.6,1003.0,Open-Meteo_ERA5_Historical,https://archive-api.open-meteo.com/v1/archive?latitude=12.8698&longitude=74.8431
2024-06-07T06:00,12.8698,74.8431,Mangalore,0.0,1.5999999999999983,16.500000000000004,93,25.3,6.1,1002.5,Open-Meteo_ERA5_Historical,https://archive-api.open-meteo.com/v1/archive?latitude=12.8698&longitude=74.8431
2024-06-07T07:00,12.8698,74.8431,Mangalore,0.0,1.2999999999999985,16.500000000000004,93,25.9,7.3,1003.3,Open-Meteo_ERA5_Historical,https://archive-api.open-meteo.com/v1/archive?latitude=12.8698&longitude=74.8431
2024-06-07T08:00,12.8698,74.8431,Mangalore,0.6,0.5999999999999982,17.1,93,26.0,7.6,1004.0,Open-Meteo_ERA5_Historical,https://archive-api.open-meteo.com/v1/archive?latitude=12.8698&longitude=74.8431
2024-06-07T09:00,12.8698,74.8431,Mangalore,0.9,1.4999999999999982,14.4,90,26.2,7.4,1004.4,Open-Meteo_ERA5_Historical,https://archive-api.open-meteo.com/v1/archive?latitude=12.8698&longitude=74.8431
2024-06-07T10:00,12.8698,74.8431,Mangalore,0.9,2.399999999999998,15.1,92,26.4,9.8,1004.9,Open-Meteo_ERA5_Historical,https://archive-api.open-meteo.com/v1/archive?latitude=12.8698&longitude=74.8431
2024-06-07T11:00,12.8698,74.8431,Mangalore,4.0,5.799999999999998,18.6,91,26.5,9.4,1004.6,Open-Meteo_ERA5_Historical,https://archive-api.open-meteo.com/v1/archive?latitude=12.8698&longitude=74.8431
2024-06-07T12:00,12.8698,74.8431,Mangalore,1.9,6.799999999999999,20.3,89,26.2,10.9,1003.6,Open-Meteo_ERA5_Historical,https://archive-api.open-meteo.com/v1/archive?latitude=12.8698&longitude=74.8431
2024-06-07T13:00,12.8698,74.8431,Mangalore,0.7,6.599999999999998,20.9,89,26.5,14.9,1003.0,Open-Meteo_ERA5_Historical,https://archive-api.open-meteo.com/v1/archive?latitude=12.8698&longitude=74.8431
2024-06-07T14:00,12.8698,74.8431,Mangalore,1.1,3.6999999999999984,21.6,88,26.5,19.4,1002.1,Open-Meteo_ERA5_Historical,https://archive-api.open-meteo.com/v1/archive?latitude=12.8698&longitude=74.8431
2024-06-07T15:00,12.8698,74.8431,Mangalore,0.5,2.299999999999998,22.0,93,26.0,15.9,1001.9,Open-Meteo_ERA5_Historical,https://archive-api.open-meteo.com/v1/archive?latitude=12.8698&longitude=74.8431
2024-06-07T16:00,12.8698,74.8431,Mangalore,1.1,2.6999999999999984,19.9,93,26.0,13.3,1001.6,Open-Meteo_ERA5_Historical,https://archive-api.open-meteo.com/v1/archive?latitude=12.8698&longitude=74.8431
2024-06-07T17:00,12.8698,74.8431,Mangalore,1.2,2.799999999999998,16.0,94,25.7,12.2,1001.7,Open-Meteo_ERA5_Historical,https://archive-api.open-meteo.com/v1/archive?latitude=12.8698&longitude=74.8431
2024-06-07T18:00,12.8698,74.8431,Mangalore,0.4,2.6999999999999984,16.4,89,26.0,12.0,1001.7,Open-Meteo_ERA5_Historical,https://archive-api.open-meteo.com/v1/archive?latitude=12.8698&longitude=74.8431
2024-06-07T19:00,12.8698,74.8431,Mangalore,0.1,1.6999999999999982,16.4,92,25.7,7.6,1002.4,Open-Meteo_ERA5_Historical,https://archive-api.open-meteo.com/v1/archive?latitude=12.8698&longitude=74.8431
2024-06-07T20:00,12.8698,74.8431,Mangalore,0.7,1.1999999999999982,16.9,95,25.2,5.2,1003.6,Open-Meteo_ERA5_Historical,https://archive-api.open-meteo.com/v1/archive?latitude=12.8698&longitude=74.8431
2024-06-07T21:00,12.8698,74.8431,Mangalore,0.3,1.099999999999998,17.0,93,25.4,4.9,1003.9,Open-Meteo_ERA5_Historical,https://archive-api.open-meteo.com/v1/archive?latitude=12.8698&longitude=74.8431
2024-06-07T22:00,12.8698,74.8431,Mangalore,0.3,1.299999999999998,17.2,95,25.0,5.5,1004.4,Open-Meteo_ERA5_Historical,https://archive-api.open-meteo.com/v1/archive?latitude=12.8698&longitude=74.8431
2024-06-07T23:00,12.8698,74.8431,Mangalore,0.1,0.6999999999999982,17.2,96,24.9,6.0,1004.1,Open-Meteo_ERA5_Historical,https://archive-api.open-meteo.com/v1/archive?latitude=12.8698&longitude=74.8431
2024-06-08T00:00,12.8698,74.8431,Mangalore,0.0,0.39999999999999825,17.099999999999998,95,24.8,10.6,1003.3,Open-Meteo_ERA5_Historical,https://archive-api.open-meteo.com/v1/archive?latitude=12.8698&longitude=74.8431
2024-06-08T01:00,12.8698,74.8431,Mangalore,0.1,0.19999999999999823,17.1,96,24.7,6.2,1002.9,Open-Meteo_ERA5_Historical,https://archive-api.open-meteo.com/v1/archive?latitude=12.8698&longitude=74.8431
2024-06-08T02:00,12.8698,74.8431,Mangalore,1.3,1.3999999999999984,18.1,96,24.9,1.4,1002.6,Open-Meteo_ERA5_Historical,https://archive-api.open-meteo.com/v1/archive?latitude=12.8698&longitude=74.8431
2024-06-08T03:00,12.8698,74.8431,Mangalore,1.3,2.6999999999999984,19.1,94,24.9,8.3,1002.3,Open-Meteo_ERA5_Historical,https://archive-api.open-meteo.com/v1/archive?latitude=12.8698&longitude=74.8431
2024-06-08T04:00,12.8698,74.8431,Mangalore,1.0,3.5999999999999983,19.8,94,24.9,4.4,1002.3,Open-Meteo_ERA5_Historical,https://archive-api.open-meteo.com/v1/archive?latitude=12.8698&longitude=74.8431
2024-06-08T05:00,12.8698,74.8431,Mangalore,1.2,3.4999999999999982,19.7,95,24.5,6.6,1002.6,Open-Meteo_ERA5_Historical,https://archive-api.open-meteo.com/v1/archive?latitude=12.8698&longitude=74.8431
2024-06-08T06:00,12.8698,74.8431,Mangalore,1.4,3.599999999999998,21.099999999999998,96,24.8,5.7,1003.0,Open-Meteo_ERA5_Historical,https://archive-api.open-meteo.com/v1/archive?latitude=12.8698&longitude=74.8431
2024-06-08T07:00,12.8698,74.8431,Mangalore,1.0,3.599999999999998,22.099999999999998,93,25.5,6.0,1003.5,Open-Meteo_ERA5_Historical,https://archive-api.open-meteo.com/v1/archive?latitude=12.8698&longitude=74.8431
2024-06-08T08:00,12.8698,74.8431,Mangalore,1.4,3.799999999999998,22.900000000000002,89,25.8,8.7,1004.1,Open-Meteo_ERA5_Historical,https://archive-api.open-meteo.com/v1/archive?latitude=12.8698&longitude=74.8431
2024-06-08T09:00,12.8698,74.8431,Mangalore,0.3,2.6999999999999984,22.299999999999997,84,26.9,10.8,1004.5,Open-Meteo_ERA5_Historical,https://archive-api.open-meteo.com/v1/archive?latitude=12.8698&longitude=74.8431
2024-06-08T10:00,12.8698,74.8431,Mangalore,0.1,1.799999999999998,21.5,82,27.6,10.2,1004.7,Open-Meteo_ERA5_Historical,https://archive-api.open-meteo.com/v1/archive?latitude=12.8698&longitude=74.8431
2024-06-08T11:00,12.8698,74.8431,Mangalore,4.1,4.499999999999998,21.6,85,26.5,13.5,1004.7,Open-Meteo_ERA5_Historical,https://archive-api.open-meteo.com/v1/archive?latitude=12.8698&longitude=74.8431
2024-06-08T12:00,12.8698,74.8431,Mangalore,2.6,6.799999999999999,22.3,86,26.5,17.1,1003.8,Open-Meteo_ERA5_Historical,https://archive-api.open-meteo.com/v1/archive?latitude=12.8698&longitude=74.8431
2024-06-08T13:00,12.8698,74.8431,Mangalore,1.6,8.299999999999997,23.2,90,26.5,16.8,1003.5,Open-Meteo_ERA5_Historical,https://archive-api.open-meteo.com/v1/archive?latitude=12.8698&longitude=74.8431
2024-06-08T14:00,12.8698,74.8431,Mangalore,1.2,5.399999999999999,23.3,91,26.0,18.0,1002.3,Open-Meteo_ERA5_Historical,https://archive-api.open-meteo.com/v1/archive?latitude=12.8698&longitude=74.8431
2024-06-08T15:00,12.8698,74.8431,Mangalore,3.5,6.299999999999999,26.3,89,26.0,15.6,1002.2,Open-Meteo_ERA5_Historical,https://archive-api.open-meteo.com/v1/archive?latitude=12.8698&longitude=74.8431
2024-06-08T16:00,12.8698,74.8431,Mangalore,1.0,5.699999999999999,26.2,92,25.9,18.7,1001.5,Open-Meteo_ERA5_Historical,https://archive-api.open-meteo.com/v1/archive?latitude=12.8698&longitude=74.8431
2024-06-08T17:00,12.8698,74.8431,Mangalore,1.2,5.699999999999998,26.2,91,26.0,14.8,1001.1,Open-Meteo_ERA5_Historical,https://archive-api.open-meteo.com/v1/archive?latitude=12.8698&longitude=74.8431
2024-06-08T18:00,12.8698,74.8431,Mangalore,1.3,3.4999999999999987,27.1,94,26.0,10.1,1002.0,Open-Meteo_ERA5_Historical,https://archive-api.open-meteo.com/v1/archive?latitude=12.8698&longitude=74.8431
2024-06-08T19:00,12.8698,74.8431,Mangalore,1.4,3.8999999999999986,28.4,94,25.4,3.8,1002.5,Open-Meteo_ERA5_Historical,https://archive-api.open-meteo.com/v1/archive?latitude=12.8698&longitude=74.8431
2024-06-08T20:00,12.8698,74.8431,Mangalore,0.1,2.7999999999999985,27.8,94,25.5,3.3,1003.1,Open-Meteo_ERA5_Historical,https://archive-api.open-meteo.com/v1/archive?latitude=12.8698&longitude=74.8431
2024-06-08T21:00,12.8698,74.8431,Mangalore,0.6,2.0999999999999988,28.1,96,25.4,2.2,1003.4,Open-Meteo_ERA5_Historical,https://archive-api.open-meteo.com/v1/archive?latitude=12.8698&longitude=74.8431
2024-06-08T22:00,12.8698,74.8431,Mangalore,0.3,0.9999999999999987,28.099999999999998,94,25.5,2.1,1003.9,Open-Meteo_ERA5_Historical,https://archive-api.open-meteo.com/v1/archive?latitude=12.8698&longitude=74.8431
2024-06-08T23:00,12.8698,74.8431,Mangalore,0.8,1.6999999999999988,28.8,94,25.1,7.2,1004.0,Open-Meteo_ERA5_Historical,https://archive-api.open-meteo.com/v1/archive?latitude=12.8698&longitude=74.8431
2024-06-09T00:00,12.8698,74.8431,Mangalore,2.0,3.0999999999999988,30.8,94,24.9,12.0,1003.3,Open-Meteo_ERA5_Historical,https://archive-api.open-meteo.com/v1/archive?latitude=12.8698&longitude=74.8431
2024-06-09T01:00,12.8698,74.8431,Mangalore,0.9,3.699999999999999,31.6,93,25.0,13.0,1002.4,Open-Meteo_ERA5_Historical,https://archive-api.open-meteo.com/v1/archive?latitude=12.8698&longitude=74.8431
2024-06-09T02:00,12.8698,74.8431,Mangalore,1.1,3.9999999999999987,31.4,95,24.4,7.7,1002.4,Open-Meteo_ERA5_Historical,https://archive-api.open-meteo.com/v1/archive?latitude=12.8698&longitude=74.8431
2024-06-09T03:00,12.8698,74.8431,Mangalore,1.4,3.3999999999999986,31.5,97,24.4,3.6,1002.2,Open-Meteo_ERA5_Historical,https://archive-api.open-meteo.com/v1/archive?latitude=12.8698&longitude=74.8431
2024-06-09T04:00,12.8698,74.8431,Mangalore,0.4,2.899999999999999,30.9,96,24.3,7.7,1001.8,Open-Meteo_ERA5_Historical,https://archive-api.open-meteo.com/v1/archive?latitude=12.8698&longitude=74.8431
2024-06-09T05:00,12.8698,74.8431,Mangalore,0.2,1.999999999999999,29.9,95,24.5,4.4,1002.1,Open-Meteo_ERA5_Historical,https://archive-api.open-meteo.com/v1/archive?latitude=12.8698&longitude=74.8431
2024-06-09T06:00,12.8698,74.8431,Mangalore,2.6,3.1999999999999993,31.1,95,24.5,2.0,1002.7,Open-Meteo_ERA5_Historical,https://archive-api.open-meteo.com/v1/archive?latitude=12.8698&longitude=74.8431
2024-06-09T07:00,12.8698,74.8431,Mangalore,3.7,6.499999999999999,33.800000000000004,95,24.8,6.4,1003.7,Open-Meteo_ERA5_Historical,https://archive-api.open-meteo.com/v1/archive?latitude=12.8698&longitude=74.8431
2024-06-09T08:00,12.8698,74.8431,Mangalore,1.3,7.599999999999999,33.7,93,25.4,7.7,1004.1,Open-Meteo_ERA5_Historical,https://archive-api.open-meteo.com/v1/archive?latitude=12.8698&longitude=74.8431
2024-06-09T09:00,12.8698,74.8431,Mangalore,0.8,5.799999999999999,34.199999999999996,90,26.0,14.7,1004.7,Open-Meteo_ERA5_Historical,https://archive-api.open-meteo.com/v1/archive?latitude=12.8698&longitude=74.8431
2024-06-09T10:00,12.8698,74.8431,Mangalore,0.5,2.5999999999999988,34.6,88,27.0,16.2,1004.9,Open-Meteo_ERA5_Historical,https://archive-api.open-meteo.com/v1/archive?latitude=12.8698&longitude=74.8431
2024-06-09T11:00,12.8698,74.8431,Mangalore,3.4,4.699999999999998,33.900000000000006,83,26.8,18.7,1005.0,Open-Meteo_ERA5_Historical,https://archive-api.open-meteo.com/v1/archive?latitude=12.8698&longitude=74.8431
2024-06-09T12:00,12.8698,74.8431,Mangalore,1.2,5.099999999999999,32.5,90,25.9,14.8,1004.0,Open-Meteo_ERA5_Historical,https://archive-api.open-meteo.com/v1/archive?latitude=12.8698&longitude=74.8431
2024-06-09T13:00,12.8698,74.8431,Mangalore,0.2,4.799999999999999,31.1,85,27.7,15.3,1003.4,Open-Meteo_ERA5_Historical,https://archive-api.open-meteo.com/v1/archive?latitude=12.8698&longitude=74.8431
2024-06-09T14:00,12.8698,74.8431,Mangalore,3.3,4.699999999999998,33.2,89,25.8,17.4,1002.8,Open-Meteo_ERA5_Historical,https://archive-api.open-meteo.com/v1/archive?latitude=12.8698&longitude=74.8431
2024-06-09T15:00,12.8698,74.8431,Mangalore,2.6,6.099999999999998,32.3,93,25.2,15.2,1002.4,Open-Meteo_ERA5_Historical,https://archive-api.open-meteo.com/v1/archive?latitude=12.8698&longitude=74.8431
2024-06-09T16:00,12.8698,74.8431,Mangalore,1.4,7.299999999999998,32.7,89,25.9,18.0,1002.2,Open-Meteo_ERA5_Historical,https://archive-api.open-meteo.com/v1/archive?latitude=12.8698&longitude=74.8431
2024-06-09T17:00,12.8698,74.8431,Mangalore,0.5,4.499999999999998,32.0,89,26.1,14.8,1002.4,Open-Meteo_ERA5_Historical,https://archive-api.open-meteo.com/v1/archive?latitude=12.8698&longitude=74.8431
2024-06-09T18:00,12.8698,74.8431,Mangalore,1.0,2.8999999999999986,31.7,93,25.4,9.0,1003.1,Open-Meteo_ERA5_Historical,https://archive-api.open-meteo.com/v1/archive?latitude=12.8698&longitude=74.8431
2024-06-09T19:00,12.8698,74.8431,Mangalore,0.3,1.7999999999999987,30.6,94,25.2,4.6,1003.8,Open-Meteo_ERA5_Historical,https://archive-api.open-meteo.com/v1/archive?latitude=12.8698&longitude=74.8431
2024-06-09T20:00,12.8698,74.8431,Mangalore,0.1,1.3999999999999986,30.6,93,25.4,5.8,1004.1,Open-Meteo_ERA5_Historical,https://archive-api.open-meteo.com/v1/archive?latitude=12.8698&longitude=74.8431
2024-06-09T21:00,12.8698,74.8431,Mangalore,0.6,0.9999999999999987,30.599999999999998,96,25.2,3.5,1004.3,Open-Meteo_ERA5_Historical,https://archive-api.open-meteo.com/v1/archive?latitude=12.8698&longitude=74.8431
2024-06-09T22:00,12.8698,74.8431,Mangalore,0.8,1.4999999999999987,31.1,95,25.0,3.3,1005.0,Open-Meteo_ERA5_Historical,https://archive-api.open-meteo.com/v1/archive?latitude=12.8698&longitude=74.8431
2024-06-09T23:00,12.8698,74.8431,Mangalore,0.9,2.299999999999999,31.2,96,25.0,1.6,1004.4,Open-Meteo_ERA5_Historical,https://archive-api.open-meteo.com/v1/archive?latitude=12.8698&longitude=74.8431
2024-06-10T00:00,12.8698,74.8431,Mangalore,0.5,2.199999999999999,29.7,96,24.9,1.3,1004.1,Open-Meteo_ERA5_Historical,https://archive-api.open-meteo.com/v1/archive?latitude=12.8698&longitude=74.8431
2024-06-10T01:00,12.8698,74.8431,Mangalore,3.5,4.899999999999999,32.3,98,24.1,12.5,1003.7,Open-Meteo_ERA5_Historical,https://archive-api.open-meteo.com/v1/archive?latitude=12.8698&longitude=74.8431
2024-06-10T02:00,12.8698,74.8431,Mangalore,0.7,4.699999999999998,31.900000000000002,96,24.2,3.6,1003.2,Open-Meteo_ERA5_Historical,https://archive-api.open-meteo.com/v1/archive?latitude=12.8698&longitude=74.8431
2024-06-10T03:00,12.8698,74.8431,Mangalore,0.5,4.699999999999998,31.0,96,24.4,3.5,1002.8,Open-Meteo_ERA5_Historical,https://archive-api.open-meteo.com/v1/archive?latitude=12.8698&longitude=74.8431
2024-06-10T04:00,12.8698,74.8431,Mangalore,1.6,2.799999999999999,32.2,96,24.5,2.8,1003.0,Open-Meteo_ERA5_Historical,https://archive-api.open-meteo.com/v1/archive?latitude=12.8698&longitude=74.8431
2024-06-10T05:00,12.8698,74.8431,Mangalore,1.5,3.5999999999999988,33.5,95,24.5,3.9,1003.2,Open-Meteo_ERA5_Historical,https://archive-api.open-meteo.com/v1/archive?latitude=12.8698&longitude=74.8431
2024-06-10T06:00,12.8698,74.8431,Mangalore,0.4,3.4999999999999987,31.3,95,24.5,1.1,1003.5,Open-Meteo_ERA5_Historical,https://archive-api.open-meteo.com/v1/archive?latitude=12.8698&longitude=74.8431
2024-06-10T07:00,12.8698,74.8431,Mangalore,8.5,10.399999999999999,36.1,94,24.7,4.8,1004.4,Open-Meteo_ERA5_Historical,https://archive-api.open-meteo.com/v1/archive?latitude=12.8698&longitude=74.8431
2024-06-10T08:00,12.8698,74.8431,Mangalore,2.6,11.499999999999998,37.400000000000006,91,25.2,6.6,1004.6,Open-Meteo_ERA5_Historical,https://archive-api.open-meteo.com/v1/archive?latitude=12.8698&longitude=74.8431
2024-06-10T09:00,12.8698,74.8431,Mangalore,0.5,11.599999999999998,37.1,88,26.0,6.6,1005.2,Open-Meteo_ERA5_Historical,https://archive-api.open-meteo.com/v1/archive?latitude=12.8698&longitude=74.8431
2024-06-10T10:00,12.8698,74.8431,Mangalore,2.4,5.499999999999998,39.0,87,26.0,7.2,1005.9,Open-Meteo_ERA5_Historical,https://archive-api.open-meteo.com/v1/archive?latitude=12.8698&longitude=74.8431
2024-06-10T11:00,12.8698,74.8431,Mangalore,3.9,6.799999999999998,39.5,91,25.4,6.7,1005.6,Open-Meteo_ERA5_Historical,https://archive-api.open-meteo.com/v1/archive?latitude=12.8698&longitude=74.8431
2024-06-10T12:00,12.8698,74.8431,Mangalore,0.3,6.599999999999998,38.599999999999994,86,26.6,6.3,1004.7,Open-Meteo_ERA5_Historical,https://archive-api.open-meteo.com/v1/archive?latitude=12.8698&longitude=74.8431
2024-06-10T13:00,12.8698,74.8431,Mangalore,0.4,4.599999999999998,38.800000000000004,85,27.5,5.4,1004.2,Open-Meteo_ERA5_Historical,https://archive-api.open-meteo.com/v1/archive?latitude=12.8698&longitude=74.8431
2024-06-10T14:00,12.8698,74.8431,Mangalore,3.2,3.8999999999999986,38.699999999999996,88,25.9,16.7,1003.8,Open-Meteo_ERA5_Historical,https://archive-api.open-meteo.com/v1/archive?latitude=12.8698&longitude=74.8431
2024-06-10T15:00,12.8698,74.8431,Mangalore,0.5,4.099999999999999,36.6,89,25.7,14.0,1003.3,Open-Meteo_ERA5_Historical,https://archive-api.open-meteo.com/v1/archive?latitude=12.8698&longitude=74.8431
2024-06-10T16:00,12.8698,74.8431,Mangalore,0.1,3.7999999999999985,35.3,85,26.5,10.4,1003.0,Open-Meteo_ERA5_Historical,https://archive-api.open-meteo.com/v1/archive?latitude=12.8698&longitude=74.8431
2024-06-10T17:00,12.8698,74.8431,Mangalore,0.3,0.8999999999999982,35.099999999999994,85,26.5,11.2,1003.1,Open-Meteo_ERA5_Historical,https://archive-api.open-meteo.com/v1/archive?latitude=12.8698&longitude=74.8431
2024-06-10T18:00,12.8698,74.8431,Mangalore,0.2,0.5999999999999983,34.3,92,25.8,8.0,1003.9,Open-Meteo_ERA5_Historical,https://archive-api.open-meteo.com/v1/archive?latitude=12.8698&longitude=74.8431
2024-06-10T19:00,12.8698,74.8431,Mangalore,0.3,0.7999999999999983,34.3,94,25.5,3.3,1004.4,Open-Meteo_ERA5_Historical,https://archive-api.open-meteo.com/v1/archive?latitude=12.8698&longitude=74.8431
2024-06-10T20:00,12.8698,74.8431,Mangalore,0.3,0.7999999999999983,34.5,96,25.5,2.3,1005.0,Open-Meteo_ERA5_Historical,https://archive-api.open-meteo.com/v1/archive?latitude=12.8698&longitude=74.8431
2024-06-10T21:00,12.8698,74.8431,Mangalore,1.7,2.299999999999998,35.599999999999994,94,25.2,3.8,1005.8,Open-Meteo_ERA5_Historical,https://archive-api.open-meteo.com/v1/archive?latitude=12.8698&longitude=74.8431
2024-06-10T22:00,12.8698,74.8431,Mangalore,1.2,3.1999999999999984,36.0,94,24.9,5.1,1006.3,Open-Meteo_ERA5_Historical,https://archive-api.open-meteo.com/v1/archive?latitude=12.8698&longitude=74.8431
2024-06-10T23:00,12.8698,74.8431,Mangalore,1.1,3.9999999999999982,36.2,97,24.5,1.1,1006.3,Open-Meteo_ERA5_Historical,https://archive-api.open-meteo.com/v1/archive?latitude=12.8698&longitude=74.8431
2024-06-11T00:00,12.8698,74.8431,Mangalore,0.3,2.5999999999999983,36.0,98,24.4,4.1,1005.4,Open-Meteo_ERA5_Historical,https://archive-api.open-meteo.com/v1/archive?latitude=12.8698&longitude=74.8431
2024-06-11T01:00,12.8698,74.8431,Mangalore,0.3,1.6999999999999984,32.800000000000004,97,24.5,4.3,1004.6,Open-Meteo_ERA5_Historical,https://archive-api.open-meteo.com/v1/archive?latitude=12.8698&longitude=74.8431
2024-06-11T02:00,12.8698,74.8431,Mangalore,1.9,2.4999999999999982,34.0,97,24.4,6.3,1004.2,Open-Meteo_ERA5_Historical,https://archive-api.open-meteo.com/v1/archive?latitude=12.8698&longitude=74.8431
2024-06-11T03:00,12.8698,74.8431,Mangalore,2.3,4.499999999999998,35.8,96,24.1,6.7,1003.9,Open-Meteo_ERA5_Historical,https://archive-api.open-meteo.com/v1/archive?latitude=12.8698&longitude=74.8431
2024-06-11T04:00,12.8698,74.8431,Mangalore,3.3,7.499999999999998,37.5,98,23.2,12.2,1004.2,Open-Meteo_ERA5_Historical,https://archive-api.open-meteo.com/v1/archive?latitude=12.8698&longitude=74.8431
2024-06-11T05:00,12.8698,74.8431,Mangalore,1.3,6.899999999999998,37.3,98,23.2,10.1,1004.3,Open-Meteo_ERA5_Historical,https://archive-api.open-meteo.com/v1/archive?latitude=12.8698&longitude=74.8431
2024-06-11T06:00,12.8698,74.8431,Mangalore,0.4,4.999999999999998,37.3,96,24.1,5.2,1004.8,Open-Meteo_ERA5_Historical,https://archive-api.open-meteo.com/v1/archive?latitude=12.8698&longitude=74.8431
2024-06-11T07:00,12.8698,74.8431,Mangalore,0.4,2.0999999999999983,29.2,94,24.8,2.4,1005.2,Open-Meteo_ERA5_Historical,https://archive-api.open-meteo.com/v1/archive?latitude=12.8698&longitude=74.8431
2024-06-11T08:00,12.8698,74.8431,Mangalore,1.8,2.5999999999999983,28.4,92,25.4,3.3,1005.5,Open-Meteo_ERA5_Historical,https://archive-api.open-meteo.com/v1/archive?latitude=12.8698&longitude=74.8431
2024-06-11T09:00,12.8698,74.8431,Mangalore,0.9,3.0999999999999983,28.8,90,26.0,4.2,1005.8,Open-Meteo_ERA5_Historical,https://archive-api.open-meteo.com/v1/archive?latitude=12.8698&longitude=74.8431
2024-06-11T10:00,12.8698,74.8431,Mangalore,0.1,2.7999999999999985,26.499999999999996,89,26.3,5.4,1005.6,Open-Meteo_ERA5_Historical,https://archive-api.open-meteo.com/v1/archive?latitude=12.8698&longitude=74.8431
2024-06-11T11:00,12.8698,74.8431,Mangalore,0.3,1.2999999999999983,22.9,89,26.5,4.7,1005.4,Open-Meteo_ERA5_Historical,https://archive-api.open-meteo.com/v1/archive?latitude=12.8698&longitude=74.8431
2024-06-11T12:00,12.8698,74.8431,Mangalore,1.4,1.799999999999998,24.0,89,26.4,9.4,1005.1,Open-Meteo_ERA5_Historical,https://archive-api.open-meteo.com/v1/archive?latitude=12.8698&longitude=74.8431
2024-06-11T13:00,12.8698,74.8431,Mangalore,1.1,2.799999999999998,24.7,91,26.2,12.7,1004.3,Open-Meteo_ERA5_Historical,https://archive-api.open-meteo.com/v1/archive?latitude=12.8698&longitude=74.8431
2024-06-11T14:00,12.8698,74.8431,Mangalore,0.5,2.9999999999999982,22.0,89,26.5,11.2,1003.5,Open-Meteo_ERA5_Historical,https://archive-api.open-meteo.com/v1/archive?latitude=12.8698&longitude=74.8431
2024-06-11T15:00,12.8698,74.8431,Mangalore,1.3,2.8999999999999986,22.8,86,26.6,15.5,1003.2,Open-Meteo_ERA5_Historical,https://archive-api.open-meteo.com/v1/archive?latitude=12.8698&longitude=74.8431
2024-06-11T16:00,12.8698,74.8431,Mangalore,1.2,2.9999999999999982,23.9,91,26.2,9.5,1002.7,Open-Meteo_ERA5_Historical,https://archive-api.open-meteo.com/v1/archive?latitude=12.8698&longitude=74.8431
2024-06-11T17:00,12.8698,74.8431,Mangalore,1.9,4.399999999999999,25.5,91,25.9,11.3,1003.0,Open-Meteo_ERA5_Historical,https://archive-api.open-meteo.com/v1/archive?latitude=12.8698&longitude=74.8431
2024-06-11T18:00,12.8698,74.8431,Mangalore,1.8,4.899999999999999,27.099999999999998,95,25.1,4.6,1004.3,Open-Meteo_ERA5_Historical,https://archive-api.open-meteo.com/v1/archive?latitude=12.8698&longitude=74.8431
2024-06-11T19:00,12.8698,74.8431,Mangalore,0.8,4.499999999999998,27.599999999999998,96,25.1,3.4,1004.4,Open-Meteo_ERA5_Historical,https://archive-api.open-meteo.com/v1/archive?latitude=12.8698&longitude=74.8431
2024-06-11T20:00,12.8698,74.8431,Mangalore,0.7,3.299999999999998,27.999999999999996,96,25.1,3.3,1005.0,Open-Meteo_ERA5_Historical,https://archive-api.open-meteo.com/v1/archive?latitude=12.8698&longitude=74.8431
2024-06-11T21:00,12.8698,74.8431,Mangalore,1.7,3.1999999999999984,28.0,97,24.9,1.6,1005.7,Open-Meteo_ERA5_Historical,https://archive-api.open-meteo.com/v1/archive?latitude=12.8698&longitude=74.8431
2024-06-11T22:00,12.8698,74.8431,Mangalore,2.1,4.499999999999998,28.9,97,24.9,4.4,1006.0,Open-Meteo_ERA5_Historical,https://archive-api.open-meteo.com/v1/archive?latitude=12.8698&longitude=74.8431
2024-06-11T23:00,12.8698,74.8431,Mangalore,1.4,5.1999999999999975,29.2,96,24.8,7.1,1005.6,Open-Meteo_ERA5_Historical,https://archive-api.open-meteo.com/v1/archive?latitude=12.8698&longitude=74.8431
2024-06-12T00:00,12.8698,74.8431,Mangalore,2.4,5.899999999999998,31.3,95,24.8,5.1,1005.4,Open-Meteo_ERA5_Historical,https://archive-api.open-meteo.com/v1/archive?latitude=12.8698&longitude=74.8431
2024-06-12T01:00,12.8698,74.8431,Mangalore,0.6,4.399999999999998,31.6,95,24.8,5.2,1004.7,Open-Meteo_ERA5_Historical,https://archive-api.open-meteo.com/v1/archive?latitude=12.8698&longitude=74.8431
2024-06-12T02:00,12.8698,74.8431,Mangalore,0.5,3.4999999999999982,30.200000000000003,95,24.9,4.3,1004.5,Open-Meteo_ERA5_Historical,https://archive-api.open-meteo.com/v1/archive?latitude=12.8698&longitude=74.8431
2024-06-12T03:00,12.8698,74.8431,Mangalore,2.5,3.5999999999999983,30.400000000000002,96,24.4,5.0,1004.3,Open-Meteo_ERA5_Historical,https://archive-api.open-meteo.com/v1/archive?latitude=12.8698&longitude=74.8431
2024-06-12T04:00,12.8698,74.8431,Mangalore,1.0,3.9999999999999982,28.1,96,24.2,2.3,1004.2,Open-Meteo_ERA5_Historical,https://archive-api.open-meteo.com/v1/archive?latitude=12.8698&longitude=74.8431
2024-06-12T05:00,12.8698,74.8431,Mangalore,3.0,6.499999999999998,29.8,96,23.9,5.7,1004.9,Open-Meteo_ERA5_Historical,https://archive-api.open-meteo.com/v1/archive?latitude=12.8698&longitude=74.8431
2024-06-12T06:00,12.8698,74.8431,Mangalore,1.4,5.399999999999999,30.8,96,24.5,2.9,1005.7,Open-Meteo_ERA5_Historical,https://archive-api.open-meteo.com/v1/archive?latitude=12.8698&longitude=74.8431
2024-06-12T07:00,12.8698,74.8431,Mangalore,0.8,5.199999999999998,31.2,96,24.6,4.1,1006.3,Open-Meteo_ERA5_Historical,https://archive-api.open-meteo.com/v1/archive?latitude=12.8698&longitude=74.8431
2024-06-12T08:00,12.8698,74.8431,Mangalore,1.9,4.099999999999998,31.3,91,25.2,7.6,1007.4,Open-Meteo_ERA5_Historical,https://archive-api.open-meteo.com/v1/archive?latitude=12.8698&longitude=74.8431
2024-06-12T09:00,12.8698,74.8431,Mangalore,1.8,4.499999999999998,32.2,93,25.2,2.9,1007.5,Open-Meteo_ERA5_Historical,https://archive-api.open-meteo.com/v1/archive?latitude=12.8698&longitude=74.8431
2024-06-12T10:00,12.8698,74.8431,Mangalore,1.0,4.699999999999998,33.099999999999994,93,25.2,1.8,1008.2,Open-Meteo_ERA5_Historical,https://archive-api.open-meteo.com/v1/archive?latitude=12.8698&longitude=74.8431
2024-06-12T11:00,12.8698,74.8431,Mangalore,2.4,5.1999999999999975,35.2,90,25.2,2.4,1007.4,Open-Meteo_ERA5_Historical,https://archive-api.open-meteo.com/v1/archive?latitude=12.8698&longitude=74.8431
2024-06-12T12:00,12.8698,74.8431,Mangalore,4.2,7.599999999999999,38.0,92,24.8,4.3,1007.3,Open-Meteo_ERA5_Historical,https://archive-api.open-meteo.com/v1/archive?latitude=12.8698&longitude=74.8431
2024-06-12T13:00,12.8698,74.8431,Mangalore,2.7,9.299999999999999,39.6,92,24.9,2.1,1006.0,Open-Meteo_ERA5_Historical,https://archive-api.open-meteo.com/v1/archive?latitude=12.8698&longitude=74.8431
2024-06-12T14:00,12.8698,74.8431,Mangalore,1.4,8.299999999999999,40.5,90,25.5,6.4,1005.5,Open-Meteo_ERA5_Historical,https://archive-api.open-meteo.com/v1/archive?latitude=12.8698&longitude=74.8431
2024-06-12T15:00,12.8698,74.8431,Mangalore,0.4,4.499999999999999,39.599999999999994,87,25.9,5.9,1005.1,Open-Meteo_ERA5_Historical,https://archive-api.open-meteo.com/v1/archive?latitude=12.8698&longitude=74.8431
2024-06-12T16:00,12.8698,74.8431,Mangalore,0.1,1.899999999999999,38.5,87,26.0,4.1,1004.3,Open-Meteo_ERA5_Historical,https://archive-api.open-meteo.com/v1/archive?latitude=12.8698&longitude=74.8431
2024-06-12T17:00,12.8698,74.8431,Mangalore,0.1,0.5999999999999992,36.7,86,26.1,4.8,1004.4,Open-Meteo_ERA5_Historical,https://archive-api.open-meteo.com/v1/archive?latitude=12.8698&longitude=74.8431
2024-06-12T18:00,12.8698,74.8431,Mangalore,0.3,0.4999999999999991,35.199999999999996,91,25.8,0.7,1005.0,Open-Meteo_ERA5_Historical,https://archive-api.open-meteo.com/v1/archive?latitude=12.8698&longitude=74.8431
2024-06-12T19:00,12.8698,74.8431,Mangalore,0.3,0.6999999999999991,34.7,94,25.4,2.6,1005.4,Open-Meteo_ERA5_Historical,https://archive-api.open-meteo.com/v1/archive?latitude=12.8698&longitude=74.8431
2024-06-12T20:00,12.8698,74.8431,Mangalore,0.6,1.199999999999999,34.599999999999994,94,25.2,2.9,1006.2,Open-Meteo_ERA5_Historical,https://archive-api.open-meteo.com/v1/archive?latitude=12.8698&longitude=74.8431
2024-06-12T21:00,12.8698,74.8431,Mangalore,0.5,1.399999999999999,33.4,96,25.0,6.2,1006.3,Open-Meteo_ERA5_Historical,https://archive-api.open-meteo.com/v1/archive?latitude=12.8698&longitude=74.8431
2024-06-12T22:00,12.8698,74.8431,Mangalore,0.1,1.199999999999999,31.400000000000002,96,24.8,5.7,1006.7,Open-Meteo_ERA5_Historical,https://archive-api.open-meteo.com/v1/archive?latitude=12.8698&longitude=74.8431
2024-06-12T23:00,12.8698,74.8431,Mangalore,0.2,0.7999999999999993,30.2,96,24.6,5.9,1006.5,Open-Meteo_ERA5_Historical,https://archive-api.open-meteo.com/v1/archive?latitude=12.8698&longitude=74.8431
2024-06-13T00:00,12.8698,74.8431,Mangalore,0.1,0.39999999999999925,27.9,97,24.5,5.7,1005.6,Open-Meteo_ERA5_Historical,https://archive-api.open-meteo.com/v1/archive?latitude=12.8698&longitude=74.8431
2024-06-13T01:00,12.8698,74.8431,Mangalore,0.2,0.4999999999999993,27.5,96,24.5,4.6,1004.9,Open-Meteo_ERA5_Historical,https://archive-api.open-meteo.com/v1/archive?latitude=12.8698&longitude=74.8431
2024-06-13T02:00,12.8698,74.8431,Mangalore,0.5,0.7999999999999993,27.5,98,24.1,4.8,1004.6,Open-Meteo_ERA5_Historical,https://archive-api.open-meteo.com/v1/archive?latitude=12.8698&longitude=74.8431
2024-06-13T03:00,12.8698,74.8431,Mangalore,0.7,1.3999999999999992,25.7,97,24.2,3.1,1004.4,Open-Meteo_ERA5_Historical,https://archive-api.open-meteo.com/v1/archive?latitude=12.8698&longitude=74.8431
2024-06-13T04:00,12.8698,74.8431,Mangalore,0.4,1.5999999999999992,25.099999999999998,97,24.2,4.8,1004.5,Open-Meteo_ERA5_Historical,https://archive-api.open-meteo.com/v1/archive?latitude=12.8698&longitude=74.8431
2024-06-13T05:00,12.8698,74.8431,Mangalore,0.3,1.3999999999999992,22.4,98,24.0,7.1,1004.9,Open-Meteo_ERA5_Historical,https://archive-api.open-meteo.com/v1/archive?latitude=12.8698&longitude=74.8431
2024-06-13T06:00,12.8698,74.8431,Mangalore,0.1,0.7999999999999993,21.1,97,23.6,8.8,1005.3,Open-Meteo_ERA5_Historical,https://archive-api.open-meteo.com/v1/archive?latitude=12.8698&longitude=74.8431
2024-06-13T07:00,12.8698,74.8431,Mangalore,1.9,2.299999999999999,22.2,95,23.9,2.3,1006.3,Open-Meteo_ERA5_Historical,https://archive-api.open-meteo.com/v1/archive?latitude=12.8698&longitude=74.8431
2024-06-13T08:00,12.8698,74.8431,Mangalore,1.1,3.099999999999999,21.400000000000002,92,24.6,1.5,1006.6,Open-Meteo_ERA5_Historical,https://archive-api.open-meteo.com/v1/archive?latitude=12.8698&longitude=74.8431
2024-06-13T09:00,12.8698,74.8431,Mangalore,0.8,3.799999999999999,20.4,91,25.5,4.8,1007.0,Open-Meteo_ERA5_Historical,https://archive-api.open-meteo.com/v1/archive?latitude=12.8698&longitude=74.8431
2024-06-13T10:00,12.8698,74.8431,Mangalore,0.4,2.2999999999999994,19.8,88,26.0,3.5,1007.4,Open-Meteo_ERA5_Historical,https://archive-api.open-meteo.com/v1/archive?latitude=12.8698&longitude=74.8431
2024-06-13T11:00,12.8698,74.8431,Mangalore,0.7,1.8999999999999995,18.1,88,26.2,2.5,1007.1,Open-Meteo_ERA5_Historical,https://archive-api.open-meteo.com/v1/archive?latitude=12.8698&longitude=74.8431
2024-06-13T12:00,12.8698,74.8431,Mangalore,0.5,1.5999999999999992,14.4,89,26.0,7.1,1006.7,Open-Meteo_ERA5_Historical,https://archive-api.open-meteo.com/v1/archive?latitude=12.8698&longitude=74.8431
2024-06-13T13:00,12.8698,74.8431,Mangalore,1.6,2.7999999999999994,13.299999999999999,91,25.6,6.5,1005.9,Open-Meteo_ERA5_Historical,https://archive-api.open-meteo.com/v1/archive?latitude=12.8698&longitude=74.8431
2024-06-13T14:00,12.8698,74.8431,Mangalore,0.5,2.599999999999999,12.4,88,26.0,5.2,1005.0,Open-Meteo_ERA5_Historical,https://archive-api.open-meteo.com/v1/archive?latitude=12.8698&longitude=74.8431
2024-06-13T15:00,12.8698,74.8431,Mangalore,0.1,2.1999999999999993,12.1,86,26.2,6.8,1004.3,Open-Meteo_ERA5_Historical,https://archive-api.open-meteo.com/v1/archive?latitude=12.8698&longitude=74.8431
2024-06-13T16:00,12.8698,74.8431,Mangalore,0.2,0.7999999999999992,12.200000000000001,86,26.0,6.1,1003.7,Open-Meteo_ERA5_Historical,https://archive-api.open-meteo.com/v1/archive?latitude=12.8698&longitude=74.8431
2024-06-13T17:00,12.8698,74.8431,Mangalore,0.1,0.39999999999999913,12.200000000000001,87,26.2,5.2,1004.0,Open-Meteo_ERA5_Historical,https://archive-api.open-meteo.com/v1/archive?latitude=12.8698&longitude=74.8431
2024-06-13T18:00,12.8698,74.8431,Mangalore,2.0,2.299999999999999,13.9,95,25.3,2.9,1004.6,Open-Meteo_ERA5_Historical,https://archive-api.open-meteo.com/v1/archive?latitude=12.8698&longitude=74.8431
2024-06-13T19:00,12.8698,74.8431,Mangalore,0.3,2.399999999999999,13.9,96,25.1,1.8,1004.7,Open-Meteo_ERA5_Historical,https://archive-api.open-meteo.com/v1/archive?latitude=12.8698&longitude=74.8431
2024-06-13T20:00,12.8698,74.8431,Mangalore,0.2,2.499999999999999,13.5,96,25.0,3.8,1005.2,Open-Meteo_ERA5_Historical,https://archive-api.open-meteo.com/v1/archive?latitude=12.8698&longitude=74.8431
2024-06-13T21:00,12.8698,74.8431,Mangalore,0.0,0.4999999999999991,13.0,96,24.8,9.1,1005.6,Open-Meteo_ERA5_Historical,https://archive-api.open-meteo.com/v1/archive?latitude=12.8698&longitude=74.8431
2024-06-13T22:00,12.8698,74.8431,Mangalore,0.0,0.19999999999999912,12.9,96,24.6,8.3,1005.7,Open-Meteo_ERA5_Historical,https://archive-api.open-meteo.com/v1/archive?latitude=12.8698&longitude=74.8431
2024-06-13T23:00,12.8698,74.8431,Mangalore,0.3,0.2999999999999991,13.000000000000002,97,24.4,6.3,1005.3,Open-Meteo_ERA5_Historical,https://archive-api.open-meteo.com/v1/archive?latitude=12.8698&longitude=74.8431
2024-06-14T00:00,12.8698,74.8431,Mangalore,0.1,0.39999999999999913,13.0,96,24.4,6.5,1004.7,Open-Meteo_ERA5_Historical,https://archive-api.open-meteo.com/v1/archive?latitude=12.8698&longitude=74.8431
2024-06-14T01:00,12.8698,74.8431,Mangalore,0.0,0.39999999999999913,12.8,96,24.2,7.5,1004.2,Open-Meteo_ERA5_Historical,https://archive-api.open-meteo.com/v1/archive?latitude=12.8698&longitude=74.8431
2024-06-14T02:00,12.8698,74.8431,Mangalore,0.0,0.09999999999999912,12.3,97,24.0,7.2,1003.6,Open-Meteo_ERA5_Historical,https://archive-api.open-meteo.com/v1/archive?latitude=12.8698&longitude=74.8431
2024-06-14T03:00,12.8698,74.8431,Mangalore,0.1,0.09999999999999912,11.700000000000001,96,24.0,8.3,1003.4,Open-Meteo_ERA5_Historical,https://archive-api.open-meteo.com/v1/archive?latitude=12.8698&longitude=74.8431
2024-06-14T04:00,12.8698,74.8431,Mangalore,0.0,0.09999999999999912,11.3,96,24.0,7.9,1003.5,Open-Meteo_ERA5_Historical,https://archive-api.open-meteo.com/v1/archive?latitude=12.8698&longitude=74.8431
2024-06-14T05:00,12.8698,74.8431,Mangalore,0.1,0.19999999999999912,11.1,96,24.0,7.8,1003.9,Open-Meteo_ERA5_Historical,https://archive-api.open-meteo.com/v1/archive?latitude=12.8698&longitude=74.8431
2024-06-14T06:00,12.8698,74.8431,Mangalore,0.0,0.09999999999999912,11.0,97,24.0,7.9,1004.2,Open-Meteo_ERA5_Historical,https://archive-api.open-meteo.com/v1/archive?latitude=12.8698&longitude=74.8431
2024-06-14T07:00,12.8698,74.8431,Mangalore,0.0,0.09999999999999912,9.1,94,24.6,9.0,1004.6,Open-Meteo_ERA5_Historical,https://archive-api.open-meteo.com/v1/archive?latitude=12.8698&longitude=74.8431
2024-06-14T08:00,12.8698,74.8431,Mangalore,0.0,0.0,8.0,90,26.0,8.1,1005.3,Open-Meteo_ERA5_Historical,https://archive-api.open-meteo.com/v1/archive?latitude=12.8698&longitude=74.8431
2024-06-14T09:00,12.8698,74.8431,Mangalore,0.0,0.0,7.199999999999999,83,27.2,7.4,1005.5,Open-Meteo_ERA5_Historical,https://archive-api.open-meteo.com/v1/archive?latitude=12.8698&longitude=74.8431
2024-06-14T10:00,12.8698,74.8431,Mangalore,0.1,0.09999999999999912,6.9,80,28.2,6.8,1005.3,Open-Meteo_ERA5_Historical,https://archive-api.open-meteo.com/v1/archive?latitude=12.8698&longitude=74.8431
2024-06-14T11:00,12.8698,74.8431,Mangalore,0.3,0.39999999999999913,6.5,76,28.9,9.0,1004.8,Open-Meteo_ERA5_Historical,https://archive-api.open-meteo.com/v1/archive?latitude=12.8698&longitude=74.8431
2024-06-14T12:00,12.8698,74.8431,Mangalore,0.3,0.6999999999999991,6.3,77,28.9,11.3,1004.4,Open-Meteo_ERA5_Historical,https://archive-api.open-meteo.com/v1/archive?latitude=12.8698&longitude=74.8431
2024-06-14T13:00,12.8698,74.8431,Mangalore,0.0,0.5999999999999991,4.699999999999999,79,29.1,11.8,1003.7,Open-Meteo_ERA5_Historical,https://archive-api.open-meteo.com/v1/archive?latitude=12.8698&longitude=74.8431
2024-06-14T14:00,12.8698,74.8431,Mangalore,0.3,0.599999999999999,4.499999999999999,77,29.1,13.6,1003.0,Open-Meteo_ERA5_Historical,https://archive-api.open-meteo.com/v1/archive?latitude=12.8698&longitude=74.8431
2024-06-14T15:00,12.8698,74.8431,Mangalore,0.0,0.29999999999999905,4.3999999999999995,79,28.9,13.0,1002.4,Open-Meteo_ERA5_Historical,https://archive-api.open-meteo.com/v1/archive?latitude=12.8698&longitude=74.8431
2024-06-14T16:00,12.8698,74.8431,Mangalore,0.3,0.599999999999999,4.5,81,27.8,14.8,1002.2,Open-Meteo_ERA5_Historical,https://archive-api.open-meteo.com/v1/archive?latitude=12.8698&longitude=74.8431
2024-06-14T17:00,12.8698,74.8431,Mangalore,0.1,0.399999999999999,4.5,84,27.4,10.8,1002.3,Open-Meteo_ERA5_Historical,https://archive-api.open-meteo.com/v1/archive?latitude=12.8698&longitude=74.8431
2024-06-14T18:00,12.8698,74.8431,Mangalore,0.0,0.399999999999999,2.5,85,27.2,7.7,1002.4,Open-Meteo_ERA5_Historical,https://archive-api.open-meteo.com/v1/archive?latitude=12.8698&longitude=74.8431
2024-06-14T19:00,12.8698,74.8431,Mangalore,0.1,0.19999999999999907,2.3000000000000003,87,26.5,4.6,1003.0,Open-Meteo_ERA5_Historical,https://archive-api.open-meteo.com/v1/archive?latitude=12.8698&longitude=74.8431
2024-06-14T20:00,12.8698,74.8431,Mangalore,0.1,0.19999999999999907,2.2,90,26.0,7.0,1004.0,Open-Meteo_ERA5_Historical,https://archive-api.open-meteo.com/v1/archive?latitude=12.8698&longitude=74.8431
2024-06-14T21:00,12.8698,74.8431,Mangalore,0.1,0.30000000000000004,2.3,92,26.0,6.0,1004.8,Open-Meteo_ERA5_Historical,https://archive-api.open-meteo.com/v1/archive?latitude=12.8698&longitude=74.8431
2024-06-14T22:00,12.8698,74.8431,Mangalore,0.0,0.19999999999999907,2.3,93,25.6,4.7,1005.0,Open-Meteo_ERA5_Historical,https://archive-api.open-meteo.com/v1/archive?latitude=12.8698&longitude=74.8431
2024-06-14T23:00,12.8698,74.8431,Mangalore,0.0,0.09999999999999906,2.0,96,24.9,4.6,1005.0,Open-Meteo_ERA5_Historical,https://archive-api.open-meteo.com/v1/archive?latitude=12.8698&longitude=74.8431
2024-06-15T00:00,12.8698,74.8431,Mangalore,0.0,0.0,1.9000000000000001,93,25.0,3.9,1004.3,Open-Meteo_ERA5_Historical,https://archive-api.open-meteo.com/v1/archive?latitude=12.8698&longitude=74.8431
2024-06-15T01:00,12.8698,74.8431,Mangalore,0.2,0.19999999999999907,2.1,97,24.4,2.8,1003.8,Open-Meteo_ERA5_Historical,https://archive-api.open-meteo.com/v1/archive?latitude=12.8698&longitude=74.8431
2024-06-15T02:00,12.8698,74.8431,Mangalore,0.1,0.29999999999999905,2.2,96,24.7,3.6,1003.3,Open-Meteo_ERA5_Historical,https://archive-api.open-meteo.com/v1/archive?latitude=12.8698&longitude=74.8431
2024-06-15T03:00,12.8698,74.8431,Mangalore,0.0,0.29999999999999905,2.1,97,24.3,5.5,1002.8,Open-Meteo_ERA5_Historical,https://archive-api.open-meteo.com/v1/archive?latitude=12.8698&longitude=74.8431
2024-06-15T04:00,12.8698,74.8431,Mangalore,0.1,0.19999999999999907,2.2,97,24.1,7.9,1002.9,Open-Meteo_ERA5_Historical,https://archive-api.open-meteo.com/v1/archive?latitude=12.8698&longitude=74.8431
2024-06-15T05:00,12.8698,74.8431,Mangalore,0.1,0.19999999999999907,2.1999999999999997,97,24.0,9.4,1003.0,Open-Meteo_ERA5_Historical,https://archive-api.open-meteo.com/v1/archive?latitude=12.8698&longitude=74.8431
2024-06-15T06:00,12.8698,74.8431,Mangalore,0.0,0.19999999999999907,2.1999999999999997,97,24.2,6.8,1003.3,Open-Meteo_ERA5_Historical,https://archive-api.open-meteo.com/v1/archive?latitude=12.8698&longitude=74.8431
2024-06-15T07:00,12.8698,74.8431,Mangalore,0.0,0.09999999999999906,2.1999999999999997,96,25.0,7.6,1003.7,Open-Meteo_ERA5_Historical,https://archive-api.open-meteo.com/v1/archive?latitude=12.8698&longitude=74.8431
2024-06-15T08:00,12.8698,74.8431,Mangalore,0.0,0.0,2.1999999999999997,90,26.7,6.0,1004.0,Open-Meteo_ERA5_Historical,https://archive-api.open-meteo.com/v1/archive?latitude=12.8698&longitude=74.8431
2024-06-15T09:00,12.8698,74.8431,Mangalore,0.2,0.19999999999999907,2.4,82,28.1,5.8,1004.1,Open-Meteo_ERA5_Historical,https://archive-api.open-meteo.com/v1/archive?latitude=12.8698&longitude=74.8431
2024-06-15T10:00,12.8698,74.8431,Mangalore,0.7,0.899999999999999,3.0,80,28.8,10.5,1003.9,Open-Meteo_ERA5_Historical,https://archive-api.open-meteo.com/v1/archive?latitude=12.8698&longitude=74.8431
2024-06-15T11:00,12.8698,74.8431,Mangalore,0.0,0.899999999999999,2.7,84,28.7,14.5,1003.6,Open-Meteo_ERA5_Historical,https://archive-api.open-meteo.com/v1/archive?latitude=12.8698&longitude=74.8431
2024-06-15T12:00,12.8698,74.8431,Mangalore,0.1,0.799999999999999,2.5,81,29.1,13.1,1003.2,Open-Meteo_ERA5_Historical,https://archive-api.open-meteo.com/v1/archive?latitude=12.8698&longitude=74.8431
2024-06-15T13:00,12.8698,74.8431,Mangalore,0.0,0.09999999999999912,2.5,77,29.5,14.8,1002.7,Open-Meteo_ERA5_Historical,https://archive-api.open-meteo.com/v1/archive?latitude=12.8698&longitude=74.8431
2024-06-15T14:00,12.8698,74.8431,Mangalore,0.1,0.19999999999999912,2.3,76,29.5,16.3,1002.2,Open-Meteo_ERA5_Historical,https://archive-api.open-meteo.com/v1/archive?latitude=12.8698&longitude=74.8431
2024-06-15T15:00,12.8698,74.8431,Mangalore,0.1,0.19999999999999912,2.4,75,29.4,15.3,1001.9,Open-Meteo_ERA5_Historical,https://archive-api.open-meteo.com/v1/archive?latitude=12.8698&longitude=74.8431
2024-06-15T16:00,12.8698,74.8431,Mangalore,0.1,0.30000000000000004,2.2,76,29.0,16.3,1001.6,Open-Meteo_ERA5_Historical,https://archive-api.open-meteo.com/v1/archive?latitude=12.8698&longitude=74.8431
2024-06-15T17:00,12.8698,74.8431,Mangalore,0.1,0.30000000000000004,2.2,76,28.5,13.5,1001.3,Open-Meteo_ERA5_Historical,https://archive-api.open-meteo.com/v1/archive?latitude=12.8698&longitude=74.8431
2024-06-15T18:00,12.8698,74.8431,Mangalore,0.1,0.30000000000000004,2.3,84,27.0,9.2,1002.3,Open-Meteo_ERA5_Historical,https://archive-api.open-meteo.com/v1/archive?latitude=12.8698&longitude=74.8431
2024-06-15T19:00,12.8698,74.8431,Mangalore,0.2,0.39999999999999913,2.4,88,26.4,5.1,1002.8,Open-Meteo_ERA5_Historical,https://archive-api.open-meteo.com/v1/archive?latitude=12.8698&longitude=74.8431
2024-06-15T20:00,12.8698,74.8431,Mangalore,0.0,0.29999999999999916,2.3,91,26.0,4.5,1003.7,Open-Meteo_ERA5_Historical,https://archive-api.open-meteo.com/v1/archive?latitude=12.8698&longitude=74.8431
2024-06-15T21:00,12.8698,74.8431,Mangalore,0.0,0.19999999999999912,2.2,94,25.6,4.2,1004.1,Open-Meteo_ERA5_Historical,https://archive-api.open-meteo.com/v1/archive?latitude=12.8698&longitude=74.8431
2024-06-15T22:00,12.8698,74.8431,Mangalore,0.0,0.0,2.2,92,25.8,6.3,1004.2,Open-Meteo_ERA5_Historical,https://archive-api.open-meteo.com/v1/archive?latitude=12.8698&longitude=74.8431
2024-06-15T23:00,12.8698,74.8431,Mangalore,0.0,0.0,2.2,92,25.5,7.7,1004.0,Open-Meteo_ERA5_Historical,https://archive-api.open-meteo.com/v1/archive?latitude=12.8698&longitude=74.8431
2024-06-16T00:00,12.8698,74.8431,Mangalore,0.0,0.0,2.2,93,25.1,5.2,1003.4,Open-Meteo_ERA5_Historical,https://archive-api.open-meteo.com/v1/archive?latitude=12.8698&longitude=74.8431
2024-06-16T01:00,12.8698,74.8431,Mangalore,0.1,0.09999999999999912,2.1,96,24.6,3.4,1003.3,Open-Meteo_ERA5_Historical,https://archive-api.open-meteo.com/v1/archive?latitude=12.8698&longitude=74.8431
2024-06-16T02:00,12.8698,74.8431,Mangalore,0.4,0.4999999999999991,2.4,94,25.1,5.6,1003.0,Open-Meteo_ERA5_Historical,https://archive-api.open-meteo.com/v1/archive?latitude=12.8698&longitude=74.8431
2024-06-16T03:00,12.8698,74.8431,Mangalore,0.3,0.7999999999999992,2.6999999999999997,94,25.1,6.4,1002.8,Open-Meteo_ERA5_Historical,https://archive-api.open-meteo.com/v1/archive?latitude=12.8698&longitude=74.8431
2024-06-16T04:00,12.8698,74.8431,Mangalore,0.2,0.8999999999999991,2.8,96,24.6,6.2,1003.0,Open-Meteo_ERA5_Historical,https://archive-api.open-meteo.com/v1/archive?latitude=12.8698&longitude=74.8431
2024-06-16T05:00,12.8698,74.8431,Mangalore,0.6,1.0999999999999992,3.3000000000000003,96,24.8,5.4,1003.3,Open-Meteo_ERA5_Historical,https://archive-api.open-meteo.com/v1/archive?latitude=12.8698&longitude=74.8431
2024-06-16T06:00,12.8698,74.8431,Mangalore,0.1,0.899999999999999,3.4000000000000004,94,25.1,7.9,1003.3,Open-Meteo_ERA5_Historical,https://archive-api.open-meteo.com/v1/archive?latitude=12.8698&longitude=74.8431
2024-06-16T07:00,12.8698,74.8431,Mangalore,0.2,0.8999999999999991,3.6,91,25.6,10.3,1003.9,Open-Meteo_ERA5_Historical,https://archive-api.open-meteo.com/v1/archive?latitude=12.8698&longitude=74.8431
2024-06-16T08:00,12.8698,74.8431,Mangalore,0.3,0.5999999999999991,3.9000000000000004,90,26.2,9.4,1004.4,Open-Meteo_ERA5_Historical,https://archive-api.open-meteo.com/v1/archive?latitude=12.8698&longitude=74.8431
2024-06-16T09:00,12.8698,74.8431,Mangalore,0.6,1.0999999999999992,4.3,89,26.2,11.4,1004.8,Open-Meteo_ERA5_Historical,https://archive-api.open-meteo.com/v1/archive?latitude=12.8698&longitude=74.8431
2024-06-16T10:00,12.8698,74.8431,Mangalore,0.1,0.999999999999999,3.6999999999999997,86,27.0,13.3,1004.8,Open-Meteo_ERA5_Historical,https://archive-api.open-meteo.com/v1/archive?latitude=12.8698&longitude=74.8431
2024-06-16T11:00,12.8698,74.8431,Mangalore,3.1,3.799999999999999,6.800000000000001,87,26.6,15.3,1004.8,Open-Meteo_ERA5_Historical,https://archive-api.open-meteo.com/v1/archive?latitude=12.8698&longitude=74.8431
2024-06-16T12:00,12.8698,74.8431,Mangalore,0.5,3.6999999999999993,7.199999999999999,86,26.9,15.4,1004.1,Open-Meteo_ERA5_Historical,https://archive-api.open-meteo.com/v1/archive?latitude=12.8698&longitude=74.8431
2024-06-16T13:00,12.8698,74.8431,Mangalore,0.1,3.6999999999999993,7.3,82,27.5,13.4,1003.0,Open-Meteo_ERA5_Historical,https://archive-api.open-meteo.com/v1/archive?latitude=12.8698&longitude=74.8431
2024-06-16T14:00,12.8698,74.8431,Mangalore,1.7,2.299999999999999,8.9,83,27.7,12.8,1002.2,Open-Meteo_ERA5_Historical,https://archive-api.open-meteo.com/v1/archive?latitude=12.8698&longitude=74.8431
2024-06-16T15:00,12.8698,74.8431,Mangalore,7.4,9.2,16.200000000000003,91,25.6,11.2,1002.2,Open-Meteo_ERA5_Historical,https://archive-api.open-meteo.com/v1/archive?latitude=12.8698&longitude=74.8431
2024-06-16T16:00,12.8698,74.8431,Mangalore,1.4,10.5,17.5,89,26.3,8.9,1002.1,Open-Meteo_ERA5_Historical,https://archive-api.open-meteo.com/v1/archive?latitude=12.8698&longitude=74.8431
2024-06-16T17:00,12.8698,74.8431,Mangalore,0.9,9.7,18.3,92,25.9,8.7,1002.2,Open-Meteo_ERA5_Historical,https://archive-api.open-meteo.com/v1/archive?latitude=12.8698&longitude=74.8431
2024-06-16T18:00,12.8698,74.8431,Mangalore,0.6,2.899999999999999,18.8,92,25.9,4.9,1002.3,Open-Meteo_ERA5_Historical,https://archive-api.open-meteo.com/v1/archive?latitude=12.8698&longitude=74.8431
2024-06-16T19:00,12.8698,74.8431,Mangalore,0.3,1.7999999999999992,18.900000000000002,95,25.2,3.7,1003.2,Open-Meteo_ERA5_Historical,https://archive-api.open-meteo.com/v1/archive?latitude=12.8698&longitude=74.8431
2024-06-16T20:00,12.8698,74.8431,Mangalore,0.5,1.399999999999999,19.400000000000002,94,25.1,6.4,1003.6,Open-Meteo_ERA5_Historical,https://archive-api.open-meteo.com/v1/archive?latitude=12.8698&longitude=74.8431
2024-06-16T21:00,12.8698,74.8431,Mangalore,0.0,0.7999999999999992,19.400000000000002,96,24.7,3.6,1003.9,Open-Meteo_ERA5_Historical,https://archive-api.open-meteo.com/v1/archive?latitude=12.8698&longitude=74.8431
2024-06-16T22:00,12.8698,74.8431,Mangalore,0.0,0.4999999999999991,19.400000000000002,96,24.5,6.5,1004.0,Open-Meteo_ERA5_Historical,https://archive-api.open-meteo.com/v1/archive?latitude=12.8698&longitude=74.8431
2024-06-16T23:00,12.8698,74.8431,Mangalore,0.0,0.0,19.400000000000002,96,24.4,7.1,1003.9,Open-Meteo_ERA5_Historical,https://archive-api.open-meteo.com/v1/archive?latitude=12.8698&longitude=74.8431
2024-06-17T00:00,12.8698,74.8431,Mangalore,0.0,0.0,19.400000000000002,96,24.4,8.9,1003.7,Open-Meteo_ERA5_Historical,https://archive-api.open-meteo.com/v1/archive?latitude=12.8698&longitude=74.8431
2024-06-17T01:00,12.8698,74.8431,Mangalore,0.2,0.19999999999999912,19.5,95,24.6,6.4,1003.1,Open-Meteo_ERA5_Historical,https://archive-api.open-meteo.com/v1/archive?latitude=12.8698&longitude=74.8431
2024-06-17T02:00,12.8698,74.8431,Mangalore,0.2,0.39999999999999913,19.3,96,24.6,7.4,1002.6,Open-Meteo_ERA5_Historical,https://archive-api.open-meteo.com/v1/archive?latitude=12.8698&longitude=74.8431
2024-06-17T03:00,12.8698,74.8431,Mangalore,0.3,0.6999999999999991,19.3,96,24.5,6.3,1002.4,Open-Meteo_ERA5_Historical,https://archive-api.open-meteo.com/v1/archive?latitude=12.8698&longitude=74.8431
2024-06-17T04:00,12.8698,74.8431,Mangalore,0.1,0.5999999999999991,19.2,96,24.5,5.7,1002.3,Open-Meteo_ERA5_Historical,https://archive-api.open-meteo.com/v1/archive?latitude=12.8698&longitude=74.8431
2024-06-17T05:00,12.8698,74.8431,Mangalore,0.4,0.7999999999999992,19.0,95,24.5,8.9,1002.9,Open-Meteo_ERA5_Historical,https://archive-api.open-meteo.com/v1/archive?latitude=12.8698&longitude=74.8431
2024-06-17T06:00,12.8698,74.8431,Mangalore,0.1,0.5999999999999991,19.0,96,24.6,4.3,1003.0,Open-Meteo_ERA5_Historical,https://archive-api.open-meteo.com/v1/archive?latitude=12.8698&longitude=74.8431
2024-06-17T07:00,12.8698,74.8431,Mangalore,0.1,0.5999999999999992,18.9,94,25.5,6.3,1003.8,Open-Meteo_ERA5_Historical,https://archive-api.open-meteo.com/v1/archive?latitude=12.8698&longitude=74.8431
2024-06-17T08:00,12.8698,74.8431,Mangalore,0.0,0.19999999999999912,18.6,89,26.7,6.7,1004.5,Open-Meteo_ERA5_Historical,https://archive-api.open-meteo.com/v1/archive?latitude=12.8698&longitude=74.8431
2024-06-17T09:00,12.8698,74.8431,Mangalore,0.0,0.09999999999999912,18.0,85,27.8,6.6,1004.5,Open-Meteo_ERA5_Historical,https://archive-api.open-meteo.com/v1/archive?latitude=12.8698&longitude=74.8431
2024-06-17T10:00,12.8698,74.8431,Mangalore,0.2,0.19999999999999912,18.099999999999998,82,28.2,11.1,1004.9,Open-Meteo_ERA5_Historical,https://archive-api.open-meteo.com/v1/archive?latitude=12.8698&longitude=74.8431
2024-06-17T11:00,12.8698,74.8431,Mangalore,5.7,5.8999999999999995,20.700000000000003,87,27.0,9.3,1004.8,Open-Meteo_ERA5_Historical,https://archive-api.open-meteo.com/v1/archive?latitude=12.8698&longitude=74.8431
2024-06-17T12:00,12.8698,74.8431,Mangalore,0.2,6.1,20.400000000000002,83,27.8,11.3,1004.0,Open-Meteo_ERA5_Historical,https://archive-api.open-meteo.com/v1/archive?latitude=12.8698&longitude=74.8431
2024-06-17T13:00,12.8698,74.8431,Mangalore,0.2,6.1,20.5,80,28.7,12.0,1003.3,Open-Meteo_ERA5_Historical,https://archive-api.open-meteo.com/v1/archive?latitude=12.8698&longitude=74.8431
2024-06-17T14:00,12.8698,74.8431,Mangalore,0.7,1.0999999999999992,19.5,79,28.9,12.0,1002.6,Open-Meteo_ERA5_Historical,https://archive-api.open-meteo.com/v1/archive?latitude=12.8698&longitude=74.8431
2024-06-17T15:00,12.8698,74.8431,Mangalore,9.0,9.899999999999999,21.1,93,25.6,11.5,1002.8,Open-Meteo_ERA5_Historical,https://archive-api.open-meteo.com/v1/archive?latitude=12.8698&longitude=74.8431
2024-06-17T16:00,12.8698,74.8431,Mangalore,1.2,10.899999999999999,20.900000000000002,88,26.5,10.6,1002.6,Open-Meteo_ERA5_Historical,https://archive-api.open-meteo.com/v1/archive?latitude=12.8698&longitude=74.8431
2024-06-17T17:00,12.8698,74.8431,Mangalore,0.2,10.399999999999999,20.2,88,26.2,10.0,1002.8,Open-Meteo_ERA5_Historical,https://archive-api.open-meteo.com/v1/archive?latitude=12.8698&longitude=74.8431
2024-06-17T18:00,12.8698,74.8431,Mangalore,0.0,1.3999999999999981,19.6,84,27.4,6.4,1002.2,Open-Meteo_ERA5_Historical,https://archive-api.open-meteo.com/v1/archive?latitude=12.8698&longitude=74.8431
2024-06-17T19:00,12.8698,74.8431,Mangalore,0.0,0.19999999999999823,19.3,88,26.5,4.7,1002.8,Open-Meteo_ERA5_Historical,https://archive-api.open-meteo.com/v1/archive?latitude=12.8698&longitude=74.8431
2024-06-17T20:00,12.8698,74.8431,Mangalore,5.2,5.199999999999998,24.0,94,25.5,6.5,1004.1,Open-Meteo_ERA5_Historical,https://archive-api.open-meteo.com/v1/archive?latitude=12.8698&longitude=74.8431
2024-06-17T21:00,12.8698,74.8431,Mangalore,3.5,8.7,27.5,94,25.1,4.8,1004.8,Open-Meteo_ERA5_Historical,https://archive-api.open-meteo.com/v1/archive?latitude=12.8698&longitude=74.8431
2024-06-17T22:00,12.8698,74.8431,Mangalore,1.1,9.799999999999999,28.6,94,25.2,0.8,1005.2,Open-Meteo_ERA5_Historical,https://archive-api.open-meteo.com/v1/archive?latitude=12.8698&longitude=74.8431
2024-06-17T23:00,12.8698,74.8431,Mangalore,0.8,5.399999999999999,29.400000000000002,94,25.0,2.8,1004.9,Open-Meteo_ERA5_Historical,https://archive-api.open-meteo.com/v1/archive?latitude=12.8698&longitude=74.8431
2024-06-18T00:00,12.8698,74.8431,Mangalore,0.1,1.9999999999999984,29.5,95,24.8,4.0,1004.1,Open-Meteo_ERA5_Historical,https://archive-api.open-meteo.com/v1/archive?latitude=12.8698&longitude=74.8431
2024-06-18T01:00,12.8698,74.8431,Mangalore,0.1,0.9999999999999982,29.400000000000002,96,24.6,4.7,1003.7,Open-Meteo_ERA5_Historical,https://archive-api.open-meteo.com/v1/archive?latitude=12.8698&longitude=74.8431
2024-06-18T02:00,12.8698,74.8431,Mangalore,0.1,0.30000000000000004,29.299999999999997,96,24.5,7.7,1003.0,Open-Meteo_ERA5_Historical,https://archive-api.open-meteo.com/v1/archive?latitude=12.8698&longitude=74.8431
2024-06-18T03:00,12.8698,74.8431,Mangalore,2.8,2.9999999999999982,31.8,97,24.0,6.8,1003.2,Open-Meteo_ERA5_Historical,https://archive-api.open-meteo.com/v1/archive?latitude=12.8698&longitude=74.8431
2024-06-18T04:00,12.8698,74.8431,Mangalore,3.3,6.1999999999999975,35.0,97,24.3,5.4,1003.3,Open-Meteo_ERA5_Historical,https://archive-api.open-meteo.com/v1/archive?latitude=12.8698&longitude=74.8431
2024-06-18T05:00,12.8698,74.8431,Mangalore,0.5,6.599999999999998,35.1,96,24.4,5.5,1003.3,Open-Meteo_ERA5_Historical,https://archive-api.open-meteo.com/v1/archive?latitude=12.8698&longitude=74.8431
2024-06-18T06:00,12.8698,74.8431,Mangalore,0.3,4.099999999999998,35.3,96,25.0,3.7,1003.5,Open-Meteo_ERA5_Historical,https://archive-api.open-meteo.com/v1/archive?latitude=12.8698&longitude=74.8431
2024-06-18T07:00,12.8698,74.8431,Mangalore,3.3,4.099999999999998,38.5,93,25.1,2.5,1004.5,Open-Meteo_ERA5_Historical,https://archive-api.open-meteo.com/v1/archive?latitude=12.8698&longitude=74.8431
2024-06-18T08:00,12.8698,74.8431,Mangalore,1.6,5.1999999999999975,40.1,93,25.2,2.4,1004.8,Open-Meteo_ERA5_Historical,https://archive-api.open-meteo.com/v1/archive?latitude=12.8698&longitude=74.8431
2024-06-18T09:00,12.8698,74.8431,Mangalore,1.8,6.699999999999998,41.9,94,25.3,5.6,1005.3,Open-Meteo_ERA5_Historical,https://archive-api.open-meteo.com/v1/archive?latitude=12.8698&longitude=74.8431
2024-06-18T10:00,12.8698,74.8431,Mangalore,1.3,4.699999999999998,43.0,91,26.2,4.3,1005.2,Open-Meteo_ERA5_Historical,https://archive-api.open-meteo.com/v1/archive?latitude=12.8698&longitude=74.8431
2024-06-18T11:00,12.8698,74.8431,Mangalore,0.8,3.8999999999999986,38.1,87,26.9,2.1,1005.1,Open-Meteo_ERA5_Historical,https://archive-api.open-meteo.com/v1/archive?latitude=12.8698&longitude=74.8431
2024-06-18T12:00,12.8698,74.8431,Mangalore,0.4,2.4999999999999987,38.3,84,28.3,7.4,1003.9,Open-Meteo_ERA5_Historical,https://archive-api.open-meteo.com/v1/archive?latitude=12.8698&longitude=74.8431
2024-06-18T13:00,12.8698,74.8431,Mangalore,0.6,1.7999999999999983,38.7,85,27.7,12.9,1003.4,Open-Meteo_ERA5_Historical,https://archive-api.open-meteo.com/v1/archive?latitude=12.8698&longitude=74.8431
2024-06-18T14:00,12.8698,74.8431,Mangalore,0.1,1.0999999999999983,38.1,83,28.0,11.2,1002.9,Open-Meteo_ERA5_Historical,https://archive-api.open-meteo.com/v1/archive?latitude=12.8698&longitude=74.8431
2024-06-18T15:00,12.8698,74.8431,Mangalore,4.8,5.499999999999998,33.9,92,25.1,17.4,1003.0,Open-Meteo_ERA5_Historical,https://archive-api.open-meteo.com/v1/archive?latitude=12.8698&longitude=74.8431
2024-06-18T16:00,12.8698,74.8431,Mangalore,2.4,7.299999999999999,35.1,93,24.6,6.4,1002.2,Open-Meteo_ERA5_Historical,https://archive-api.open-meteo.com/v1/archive?latitude=12.8698&longitude=74.8431
2024-06-18T17:00,12.8698,74.8431,Mangalore,0.4,7.599999999999998,35.3,88,25.7,8.8,1002.5,Open-Meteo_ERA5_Historical,https://archive-api.open-meteo.com/v1/archive?latitude=12.8698&longitude=74.8431
2024-06-18T18:00,12.8698,74.8431,Mangalore,0.1,2.899999999999998,35.4,90,25.8,5.9,1002.4,Open-Meteo_ERA5_Historical,https://archive-api.open-meteo.com/v1/archive?latitude=12.8698&longitude=74.8431
2024-06-18T19:00,12.8698,74.8431,Mangalore,0.1,0.5999999999999983,35.5,95,25.1,3.4,1003.0,Open-Meteo_ERA5_Historical,https://archive-api.open-meteo.com/v1/archive?latitude=12.8698&longitude=74.8431
2024-06-18T20:00,12.8698,74.8431,Mangalore,0.9,1.0999999999999983,31.2,94,25.0,2.1,1003.7,Open-Meteo_ERA5_Historical,https://archive-api.open-meteo.com/v1/archive?latitude=12.8698&longitude=74.8431
2024-06-18T21:00,12.8698,74.8431,Mangalore,0.1,1.0999999999999983,27.8,96,25.0,4.7,1004.2,Open-Meteo_ERA5_Historical,https://archive-api.open-meteo.com/v1/archive?latitude=12.8698&longitude=74.8431
2024-06-18T22:00,12.8698,74.8431,Mangalore,0.1,1.099999999999998,26.8,96,24.8,4.3,1004.9,Open-Meteo_ERA5_Historical,https://archive-api.open-meteo.com/v1/archive?latitude=12.8698&longitude=74.8431
2024-06-18T23:00,12.8698,74.8431,Mangalore,0.6,0.7999999999999983,26.599999999999998,98,24.4,6.1,1004.9,Open-Meteo_ERA5_Historical,https://archive-api.open-meteo.com/v1/archive?latitude=12.8698&longitude=74.8431
2024-06-19T00:00,12.8698,74.8431,Mangalore,5.9,6.599999999999999,32.4,99,23.9,7.6,1004.4,Open-Meteo_ERA5_Historical,https://archive-api.open-meteo.com/v1/archive?latitude=12.8698&longitude=74.8431
2024-06-19T01:00,12.8698,74.8431,Mangalore,0.1,6.599999999999999,32.4,96,23.8,7.6,1003.7,Open-Meteo_ERA5_Historical,https://archive-api.open-meteo.com/v1/archive?latitude=12.8698&longitude=74.8431
2024-06-19T02:00,12.8698,74.8431,Mangalore,0.3,6.299999999999999,32.6,98,23.6,9.4,1003.0,Open-Meteo_ERA5_Historical,https://archive-api.open-meteo.com/v1/archive?latitude=12.8698&longitude=74.8431
2024-06-19T03:00,12.8698,74.8431,Mangalore,0.0,0.39999999999999825,29.8,96,23.7,6.8,1002.0,Open-Meteo_ERA5_Historical,https://archive-api.open-meteo.com/v1/archive?latitude=12.8698&longitude=74.8431
2024-06-19T04:00,12.8698,74.8431,Mangalore,0.0,0.29999999999999827,26.5,96,23.6,7.4,1002.4,Open-Meteo_ERA5_Historical,https://archive-api.open-meteo.com/v1/archive?latitude=12.8698&longitude=74.8431
2024-06-19T05:00,12.8698,74.8431,Mangalore,0.0,0.0,26.0,96,23.6,7.9,1002.6,Open-Meteo_ERA5_Historical,https://archive-api.open-meteo.com/v1/archive?latitude=12.8698&longitude=74.8431
2024-06-19T06:00,12.8698,74.8431,Mangalore,2.5,2.4999999999999982,28.2,97,23.8,6.8,1003.1,Open-Meteo_ERA5_Historical,https://archive-api.open-meteo.com/v1/archive?latitude=12.8698&longitude=74.8431
2024-06-19T07:00,12.8698,74.8431,Mangalore,0.4,2.899999999999998,25.3,95,23.9,6.8,1003.3,Open-Meteo_ERA5_Historical,https://archive-api.open-meteo.com/v1/archive?latitude=12.8698&longitude=74.8431
2024-06-19T08:00,12.8698,74.8431,Mangalore,4.2,7.099999999999998,27.900000000000002,94,24.1,6.6,1003.6,Open-Meteo_ERA5_Historical,https://archive-api.open-meteo.com/v1/archive?latitude=12.8698&longitude=74.8431
2024-06-19T09:00,12.8698,74.8431,Mangalore,1.2,5.799999999999999,27.3,92,24.5,5.8,1004.7,Open-Meteo_ERA5_Historical,https://archive-api.open-meteo.com/v1/archive?latitude=12.8698&longitude=74.8431
2024-06-19T10:00,12.8698,74.8431,Mangalore,0.6,5.999999999999998,26.6,89,25.5,7.6,1004.3,Open-Meteo_ERA5_Historical,https://archive-api.open-meteo.com/v1/archive?latitude=12.8698&longitude=74.8431
2024-06-19T11:00,12.8698,74.8431,Mangalore,0.2,1.9999999999999982,26.0,85,26.5,6.1,1003.6,Open-Meteo_ERA5_Historical,https://archive-api.open-meteo.com/v1/archive?latitude=12.8698&longitude=74.8431
2024-06-19T12:00,12.8698,74.8431,Mangalore,0.2,0.9999999999999982,25.8,81,27.9,6.6,1002.7,Open-Meteo_ERA5_Historical,https://archive-api.open-meteo.com/v1/archive?latitude=12.8698&longitude=74.8431
2024-06-19T13:00,12.8698,74.8431,Mangalore,0.0,0.39999999999999825,25.2,80,28.6,8.4,1001.7,Open-Meteo_ERA5_Historical,https://archive-api.open-meteo.com/v1/archive?latitude=12.8698&longitude=74.8431
2024-06-19T14:00,12.8698,74.8431,Mangalore,0.5,0.6999999999999982,25.6,83,27.6,8.3,1001.3,Open-Meteo_ERA5_Historical,https://archive-api.open-meteo.com/v1/archive?latitude=12.8698&longitude=74.8431
2024-06-19T15:00,12.8698,74.8431,Mangalore,0.1,0.5999999999999982,20.900000000000002,83,27.6,10.1,1000.5,Open-Meteo_ERA5_Historical,https://archive-api.open-meteo.com/v1/archive?latitude=12.8698&longitude=74.8431
2024-06-19T16:00,12.8698,74.8431,Mangalore,4.6,5.1999999999999975,23.1,86,26.9,9.8,1000.4,Open-Meteo_ERA5_Historical,https://archive-api.open-meteo.com/v1/archive?latitude=12.8698&longitude=74.8431
2024-06-19T17:00,12.8698,74.8431,Mangalore,0.6,5.299999999999997,23.3,87,26.8,4.9,1000.8,Open-Meteo_ERA5_Historical,https://archive-api.open-meteo.com/v1/archive?latitude=12.8698&longitude=74.8431
2024-06-19T18:00,12.8698,74.8431,Mangalore,0.0,5.1999999999999975,23.200000000000003,85,27.2,3.1,1001.0,Open-Meteo_ERA5_Historical,https://archive-api.open-meteo.com/v1/archive?latitude=12.8698&longitude=74.8431
2024-06-19T19:00,12.8698,74.8431,Mangalore,0.0,0.5999999999999982,23.1,91,26.1,3.6,1001.5,Open-Meteo_ERA5_Historical,https://archive-api.open-meteo.com/v1/archive?latitude=12.8698&longitude=74.8431
2024-06-19T20:00,12.8698,74.8431,Mangalore,0.1,0.09999999999999823,22.3,93,25.9,3.5,1002.4,Open-Meteo_ERA5_Historical,https://archive-api.open-meteo.com/v1/archive?latitude=12.8698&longitude=74.8431
2024-06-19T21:00,12.8698,74.8431,Mangalore,0.8,0.8999999999999982,23.0,94,25.5,3.9,1003.3,Open-Meteo_ERA5_Historical,https://archive-api.open-meteo.com/v1/archive?latitude=12.8698&longitude=74.8431
2024-06-19T22:00,12.8698,74.8431,Mangalore,1.5,2.399999999999998,24.4,93,25.1,3.9,1003.8,Open-Meteo_ERA5_Historical,https://archive-api.open-meteo.com/v1/archive?latitude=12.8698&longitude=74.8431
2024-06-19T23:00,12.8698,74.8431,Mangalore,1.4,3.699999999999998,25.2,97,24.1,8.6,1004.0,Open-Meteo_ERA5_Historical,https://archive-api.open-meteo.com/v1/archive?latitude=12.8698&longitude=74.8431
2024-06-20T00:00,12.8698,74.8431,Mangalore,1.2,4.099999999999998,20.5,95,24.2,4.6,1003.3,Open-Meteo_ERA5_Historical,https://archive-api.open-meteo.com/v1/archive?latitude=12.8698&longitude=74.8431
2024-06-20T01:00,12.8698,74.8431,Mangalore,0.1,2.699999999999998,20.5,96,24.2,5.8,1002.6,Open-Meteo_ERA5_Historical,https://archive-api.open-meteo.com/v1/archive?latitude=12.8698&longitude=74.8431
2024-06-20T02:00,12.8698,74.8431,Mangalore,0.1,1.3999999999999981,20.3,96,24.0,12.3,1002.3,Open-Meteo_ERA5_Historical,https://archive-api.open-meteo.com/v1/archive?latitude=12.8698&longitude=74.8431
2024-06-20T03:00,12.8698,74.8431,Mangalore,0.2,0.39999999999999825,20.5,96,24.4,9.1,1001.9,Open-Meteo_ERA5_Historical,https://archive-api.open-meteo.com/v1/archive?latitude=12.8698&longitude=74.8431
2024-06-20T04:00,12.8698,74.8431,Mangalore,0.2,0.4999999999999983,20.7,95,24.6,4.8,1001.9,Open-Meteo_ERA5_Historical,https://archive-api.open-meteo.com/v1/archive?latitude=12.8698&longitude=74.8431
2024-06-20T05:00,12.8698,74.8431,Mangalore,1.4,1.799999999999998,22.1,96,24.1,2.2,1002.0,Open-Meteo_ERA5_Historical,https://archive-api.open-meteo.com/v1/archive?latitude=12.8698&longitude=74.8431
2024-06-20T06:00,12.8698,74.8431,Mangalore,0.1,1.6999999999999982,19.7,95,23.9,6.0,1002.3,Open-Meteo_ERA5_Historical,https://archive-api.open-meteo.com/v1/archive?latitude=12.8698&longitude=74.8431
2024-06-20T07:00,12.8698,74.8431,Mangalore,0.4,1.8999999999999981,19.7,94,24.5,4.0,1002.9,Open-Meteo_ERA5_Historical,https://archive-api.open-meteo.com/v1/archive?latitude=12.8698&longitude=74.8431
2024-06-20T08:00,12.8698,74.8431,Mangalore,0.9,1.3999999999999981,16.4,89,25.4,1.8,1003.8,Open-Meteo_ERA5_Historical,https://archive-api.open-meteo.com/v1/archive?latitude=12.8698&longitude=74.8431
2024-06-20T09:00,12.8698,74.8431,Mangalore,0.5,1.799999999999998,15.7,86,26.2,7.2,1004.2,Open-Meteo_ERA5_Historical,https://archive-api.open-meteo.com/v1/archive?latitude=12.8698&longitude=74.8431
2024-06-20T10:00,12.8698,74.8431,Mangalore,0.3,1.6999999999999982,15.4,86,26.6,11.5,1004.4,Open-Meteo_ERA5_Historical,https://archive-api.open-meteo.com/v1/archive?latitude=12.8698&longitude=74.8431
2024-06-20T11:00,12.8698,74.8431,Mangalore,0.3,1.0999999999999983,15.5,85,26.5,13.2,1004.4,Open-Meteo_ERA5_Historical,https://archive-api.open-meteo.com/v1/archive?latitude=12.8698&longitude=74.8431
2024-06-20T12:00,12.8698,74.8431,Mangalore,0.3,0.8999999999999999,15.6,84,27.1,12.0,1003.8,Open-Meteo_ERA5_Historical,https://archive-api.open-meteo.com/v1/archive?latitude=12.8698&longitude=74.8431
2024-06-20T13:00,12.8698,74.8431,Mangalore,0.3,0.8999999999999999,15.899999999999999,84,27.1,13.8,1003.3,Open-Meteo_ERA5_Historical,https://archive-api.open-meteo.com/v1/archive?latitude=12.8698&longitude=74.8431
2024-06-20T14:00,12.8698,74.8431,Mangalore,0.2,0.7999999999999983,15.6,84,26.9,14.2,1002.6,Open-Meteo_ERA5_Historical,https://archive-api.open-meteo.com/v1/archive?latitude=12.8698&longitude=74.8431
2024-06-20T15:00,12.8698,74.8431,Mangalore,0.0,0.4999999999999982,15.5,84,27.1,12.7,1001.9,Open-Meteo_ERA5_Historical,https://archive-api.open-meteo.com/v1/archive?latitude=12.8698&longitude=74.8431
2024-06-20T16:00,12.8698,74.8431,Mangalore,0.0,0.19999999999999823,10.9,83,27.1,11.5,1001.5,Open-Meteo_ERA5_Historical,https://archive-api.open-meteo.com/v1/archive?latitude=12.8698&longitude=74.8431
2024-06-20T17:00,12.8698,74.8431,Mangalore,0.5,0.4999999999999982,10.8,87,26.4,13.0,1001.6,Open-Meteo_ERA5_Historical,https://archive-api.open-meteo.com/v1/archive?latitude=12.8698&longitude=74.8431
2024-06-20T18:00,12.8698,74.8431,Mangalore,0.3,0.7999999999999983,11.1,86,26.4,11.2,1001.3,Open-Meteo_ERA5_Historical,https://archive-api.open-meteo.com/v1/archive?latitude=12.8698&longitude=74.8431
2024-06-20T19:00,12.8698,74.8431,Mangalore,0.7,1.4999999999999982,11.8,91,25.4,7.6,1002.3,Open-Meteo_ERA5_Historical,https://archive-api.open-meteo.com/v1/archive?latitude=12.8698&longitude=74.8431
2024-06-20T20:00,12.8698,74.8431,Mangalore,1.7,2.6999999999999984,13.4,95,24.5,7.1,1003.1,Open-Meteo_ERA5_Historical,https://archive-api.open-meteo.com/v1/archive?latitude=12.8698&longitude=74.8431
2024-06-20T21:00,12.8698,74.8431,Mangalore,0.2,2.5999999999999983,12.799999999999999,94,24.5,8.9,1003.4,Open-Meteo_ERA5_Historical,https://archive-api.open-meteo.com/v1/archive?latitude=12.8698&longitude=74.8431
2024-06-20T22:00,12.8698,74.8431,Mangalore,0.0,1.8999999999999981,11.299999999999999,94,24.5,6.4,1003.8,Open-Meteo_ERA5_Historical,https://archive-api.open-meteo.com/v1/archive?latitude=12.8698&longitude=74.8431
2024-06-20T23:00,12.8698,74.8431,Mangalore,0.2,0.39999999999999825,10.1,95,24.6,5.6,1003.8,Open-Meteo_ERA5_Historical,https://archive-api.open-meteo.com/v1/archive?latitude=12.8698&longitude=74.8431
2024-06-21T00:00,12.8698,74.8431,Mangalore,0.5,0.6999999999999982,9.4,97,24.5,6.5,1003.4,Open-Meteo_ERA5_Historical,https://archive-api.open-meteo.com/v1/archive?latitude=12.8698&longitude=74.8431
2024-06-21T01:00,12.8698,74.8431,Mangalore,0.1,0.7999999999999983,9.4,95,24.6,8.9,1002.9,Open-Meteo_ERA5_Historical,https://archive-api.open-meteo.com/v1/archive?latitude=12.8698&longitude=74.8431
2024-06-21T02:00,12.8698,74.8431,Mangalore,1.1,1.6999999999999984,10.399999999999999,98,24.1,10.0,1002.4,Open-Meteo_ERA5_Historical,https://archive-api.open-meteo.com/v1/archive?latitude=12.8698&longitude=74.8431
2024-06-21T03:00,12.8698,74.8431,Mangalore,0.7,1.8999999999999984,10.9,95,24.4,11.2,1001.9,Open-Meteo_ERA5_Historical,https://archive-api.open-meteo.com/v1/archive?latitude=12.8698&longitude=74.8431
2024-06-21T04:00,12.8698,74.8431,Mangalore,2.7,4.499999999999998,13.4,95,24.4,8.0,1002.0,Open-Meteo_ERA5_Historical,https://archive-api.open-meteo.com/v1/archive?latitude=12.8698&longitude=74.8431
2024-06-21T05:00,12.8698,74.8431,Mangalore,5.6,8.999999999999998,17.6,95,24.3,6.5,1002.0,Open-Meteo_ERA5_Historical,https://archive-api.open-meteo.com/v1/archive?latitude=12.8698&longitude=74.8431
2024-06-21T06:00,12.8698,74.8431,Mangalore,0.1,8.399999999999999,17.599999999999998,95,23.8,7.6,1002.5,Open-Meteo_ERA5_Historical,https://archive-api.open-meteo.com/v1/archive?latitude=12.8698&longitude=74.8431
2024-06-21T07:00,12.8698,74.8431,Mangalore,0.5,6.1999999999999975,17.7,96,23.9,6.5,1003.0,Open-Meteo_ERA5_Historical,https://archive-api.open-meteo.com/v1/archive?latitude=12.8698&longitude=74.8431
2024-06-21T08:00,12.8698,74.8431,Mangalore,0.1,0.6999999999999982,16.900000000000002,92,24.8,7.2,1003.3,Open-Meteo_ERA5_Historical,https://archive-api.open-meteo.com/v1/archive?latitude=12.8698&longitude=74.8431
2024-06-21T09:00,12.8698,74.8431,Mangalore,0.2,0.7999999999999983,16.6,87,25.8,5.0,1004.0,Open-Meteo_ERA5_Historical,https://archive-api.open-meteo.com/v1/archive?latitude=12.8698&longitude=74.8431
2024-06-21T10:00,12.8698,74.8431,Mangalore,0.1,0.39999999999999825,16.4,85,26.4,4.2,1004.2,Open-Meteo_ERA5_Historical,https://archive-api.open-meteo.com/v1/archive?latitude=12.8698&longitude=74.8431
2024-06-21T11:00,12.8698,74.8431,Mangalore,0.1,0.39999999999999825,16.2,84,26.9,8.4,1003.8,Open-Meteo_ERA5_Historical,https://archive-api.open-meteo.com/v1/archive?latitude=12.8698&longitude=74.8431
2024-06-21T12:00,12.8698,74.8431,Mangalore,0.3,0.4999999999999982,16.2,83,26.8,14.9,1003.5,Open-Meteo_ERA5_Historical,https://archive-api.open-meteo.com/v1/archive?latitude=12.8698&longitude=74.8431
2024-06-21T13:00,12.8698,74.8431,Mangalore,1.6,1.9999999999999982,17.5,90,25.6,14.5,1003.2,Open-Meteo_ERA5_Historical,https://archive-api.open-meteo.com/v1/archive?latitude=12.8698&longitude=74.8431
2024-06-21T14:00,12.8698,74.8431,Mangalore,0.1,1.9999999999999982,17.400000000000002,86,26.3,9.4,1002.4,Open-Meteo_ERA5_Historical,https://archive-api.open-meteo.com/v1/archive?latitude=12.8698&longitude=74.8431
2024-06-21T15:00,12.8698,74.8431,Mangalore,0.1,1.7999999999999983,17.5,84,26.6,9.5,1001.9,Open-Meteo_ERA5_Historical,https://archive-api.open-meteo.com/v1/archive?latitude=12.8698&longitude=74.8431
2024-06-21T16:00,12.8698,74.8431,Mangalore,0.3,0.4999999999999982,17.8,84,27.0,8.7,1001.3,Open-Meteo_ERA5_Historical,https://archive-api.open-meteo.com/v1/archive?latitude=12.8698&longitude=74.8431
2024-06-21T17:00,12.8698,74.8431,Mangalore,0.3,0.6999999999999982,17.6,88,26.4,9.7,1001.7,Open-Meteo_ERA5_Historical,https://archive-api.open-meteo.com/v1/archive?latitude=12.8698&longitude=74.8431
2024-06-21T18:00,12.8698,74.8431,Mangalore,0.0,0.5999999999999981,17.3,88,26.5,4.2,1001.3,Open-Meteo_ERA5_Historical,https://archive-api.open-meteo.com/v1/archive?latitude=12.8698&longitude=74.8431
2024-06-21T19:00,12.8698,74.8431,Mangalore,0.0,0.2999999999999982,16.6,91,26.0,5.4,1001.8,Open-Meteo_ERA5_Historical,https://archive-api.open-meteo.com/v1/archive?latitude=12.8698&longitude=74.8431
2024-06-21T20:00,12.8698,74.8431,Mangalore,0.1,0.09999999999999823,15.0,91,26.0,10.1,1002.8,Open-Meteo_ERA5_Historical,https://archive-api.open-meteo.com/v1/archive?latitude=12.8698&longitude=74.8431
2024-06-21T21:00,12.8698,74.8431,Mangalore,1.5,1.5999999999999983,16.299999999999997,95,24.8,20.8,1003.7,Open-Meteo_ERA5_Historical,https://archive-api.open-meteo.com/v1/archive?latitude=12.8698&longitude=74.8431
2024-06-21T22:00,12.8698,74.8431,Mangalore,0.3,1.8999999999999984,16.599999999999998,90,25.3,12.1,1003.9,Open-Meteo_ERA5_Historical,https://archive-api.open-meteo.com/v1/archive?latitude=12.8698&longitude=74.8431
2024-06-21T23:00,12.8698,74.8431,Mangalore,0.0,1.7999999999999983,16.4,90,25.4,10.8,1003.7,Open-Meteo_ERA5_Historical,https://archive-api.open-meteo.com/v1/archive?latitude=12.8698&longitude=74.8431
2024-06-22T00:00,12.8698,74.8431,Mangalore,0.0,0.2999999999999982,15.899999999999999,93,25.0,4.0,1002.4,Open-Meteo_ERA5_Historical,https://archive-api.open-meteo.com/v1/archive?latitude=12.8698&longitude=74.8431
2024-06-22T01:00,12.8698,74.8431,Mangalore,0.1,0.09999999999999823,15.9,96,24.5,5.6,1001.5,Open-Meteo_ERA5_Historical,https://archive-api.open-meteo.com/v1/archive?latitude=12.8698&longitude=74.8431
2024-06-22T02:00,12.8698,74.8431,Mangalore,0.0,0.09999999999999823,14.8,98,23.9,3.4,1000.5,Open-Meteo_ERA5_Historical,https://archive-api.open-meteo.com/v1/archive?latitude=12.8698&longitude=74.8431
2024-06-22T03:00,12.8698,74.8431,Mangalore,0.1,0.19999999999999823,14.2,98,24.1,5.6,1000.1,Open-Meteo_ERA5_Historical,https://archive-api.open-meteo.com/v1/archive?latitude=12.8698&longitude=74.8431
2024-06-22T04:00,12.8698,74.8431,Mangalore,1.1,1.1999999999999984,12.6,98,24.0,1.1,1000.5,Open-Meteo_ERA5_Historical,https://archive-api.open-meteo.com/v1/archive?latitude=12.8698&longitude=74.8431
2024-06-22T05:00,12.8698,74.8431,Mangalore,2.3,3.4999999999999982,9.3,96,24.2,5.7,1000.9,Open-Meteo_ERA5_Historical,https://archive-api.open-meteo.com/v1/archive?latitude=12.8698&longitude=74.8431
2024-06-22T06:00,12.8698,74.8431,Mangalore,1.9,5.299999999999998,11.1,96,23.7,6.6,1001.1,Open-Meteo_ERA5_Historical,https://archive-api.open-meteo.com/v1/archive?latitude=12.8698&longitude=74.8431
2024-06-22T07:00,12.8698,74.8431,Mangalore,7.5,11.699999999999998,18.1,96,23.6,10.0,1001.5,Open-Meteo_ERA5_Historical,https://archive-api.open-meteo.com/v1/archive?latitude=12.8698&longitude=74.8431
2024-06-22T08:00,12.8698,74.8431,Mangalore,8.4,17.799999999999997,26.4,95,23.9,6.8,1002.2,Open-Meteo_ERA5_Historical,https://archive-api.open-meteo.com/v1/archive?latitude=12.8698&longitude=74.8431
2024-06-22T09:00,12.8698,74.8431,Mangalore,22.9,38.8,49.099999999999994,95,24.1,5.9,1002.4,Open-Meteo_ERA5_Historical,https://archive-api.open-meteo.com/v1/archive?latitude=12.8698&longitude=74.8431
2024-06-22T10:00,12.8698,74.8431,Mangalore,23.5,54.8,72.5,94,24.6,5.9,1002.9,Open-Meteo_ERA5_Historical,https://archive-api.open-meteo.com/v1/archive?latitude=12.8698&longitude=74.8431
2024-06-22T11:00,12.8698,74.8431,Mangalore,5.2,51.6,77.60000000000001,93,24.7,4.9,1002.7,Open-Meteo_ERA5_Historical,https://archive-api.open-meteo.com/v1/archive?latitude=12.8698&longitude=74.8431
2024-06-22T12:00,12.8698,74.8431,Mangalore,2.6,31.3,79.9,92,24.8,4.7,1002.1,Open-Meteo_ERA5_Historical,https://archive-api.open-meteo.com/v1/archive?latitude=12.8698&longitude=74.8431
2024-06-22T13:00,12.8698,74.8431,Mangalore,4.3,12.1,82.6,94,24.6,6.6,1001.2,Open-Meteo_ERA5_Historical,https://archive-api.open-meteo.com/v1/archive?latitude=12.8698&longitude=74.8431
2024-06-22T14:00,12.8698,74.8431,Mangalore,3.1,10.0,85.60000000000001,93,25.0,6.3,1000.6,Open-Meteo_ERA5_Historical,https://archive-api.open-meteo.com/v1/archive?latitude=12.8698&longitude=74.8431
2024-06-22T15:00,12.8698,74.8431,Mangalore,1.5,8.9,87.0,92,25.1,4.7,999.9,Open-Meteo_ERA5_Historical,https://archive-api.open-meteo.com/v1/archive?latitude=12.8698&longitude=74.8431
2024-06-22T16:00,12.8698,74.8431,Mangalore,0.7,5.299999999999999,87.39999999999999,91,25.2,1.8,999.9,Open-Meteo_ERA5_Historical,https://archive-api.open-meteo.com/v1/archive?latitude=12.8698&longitude=74.8431
2024-06-22T17:00,12.8698,74.8431,Mangalore,0.8,2.999999999999999,87.9,92,25.0,4.1,1000.1,Open-Meteo_ERA5_Historical,https://archive-api.open-meteo.com/v1/archive?latitude=12.8698&longitude=74.8431
2024-06-22T18:00,12.8698,74.8431,Mangalore,1.3,2.799999999999999,89.2,95,24.9,3.9,999.9,Open-Meteo_ERA5_Historical,https://archive-api.open-meteo.com/v1/archive?latitude=12.8698&longitude=74.8431
2024-06-22T19:00,12.8698,74.8431,Mangalore,0.8,2.899999999999999,90.0,91,25.1,1.5,1000.7,Open-Meteo_ERA5_Historical,https://archive-api.open-meteo.com/v1/archive?latitude=12.8698&longitude=74.8431
2024-06-22T20:00,12.8698,74.8431,Mangalore,0.9,2.999999999999999,90.80000000000001,94,24.8,1.6,1001.9,Open-Meteo_ERA5_Historical,https://archive-api.open-meteo.com/v1/archive?latitude=12.8698&longitude=74.8431
2024-06-22T21:00,12.8698,74.8431,Mangalore,1.4,3.0999999999999988,90.7,96,24.7,2.3,1002.3,Open-Meteo_ERA5_Historical,https://archive-api.open-meteo.com/v1/archive?latitude=12.8698&longitude=74.8431
2024-06-22T22:00,12.8698,74.8431,Mangalore,1.1,3.3999999999999995,91.5,95,24.8,0.4,1002.0,Open-Meteo_ERA5_Historical,https://archive-api.open-meteo.com/v1/archive?latitude=12.8698&longitude=74.8431
2024-06-22T23:00,12.8698,74.8431,Mangalore,0.8,3.299999999999999,92.3,95,24.7,3.4,1001.9,Open-Meteo_ERA5_Historical,https://archive-api.open-meteo.com/v1/archive?latitude=12.8698&longitude=74.8431
2024-06-23T00:00,12.8698,74.8431,Mangalore,1.3,3.1999999999999993,93.6,96,24.2,4.4,1001.4,Open-Meteo_ERA5_Historical,https://archive-api.open-meteo.com/v1/archive?latitude=12.8698&longitude=74.8431
2024-06-23T01:00,12.8698,74.8431,Mangalore,2.7,4.799999999999999,96.2,95,24.3,1.8,1001.1,Open-Meteo_ERA5_Historical,https://archive-api.open-meteo.com/v1/archive?latitude=12.8698&longitude=74.8431
2024-06-23T02:00,12.8698,74.8431,Mangalore,1.3,5.3,97.5,96,24.3,4.7,1000.1,Open-Meteo_ERA5_Historical,https://archive-api.open-meteo.com/v1/archive?latitude=12.8698&longitude=74.8431
2024-06-23T03:00,12.8698,74.8431,Mangalore,3.0,7.0,100.4,97,24.3,3.8,999.7,Open-Meteo_ERA5_Historical,https://archive-api.open-meteo.com/v1/archive?latitude=12.8698&longitude=74.8431
2024-06-23T04:00,12.8698,74.8431,Mangalore,22.0,26.3,121.3,96,24.4,6.2,999.2,Open-Meteo_ERA5_Historical,https://archive-api.open-meteo.com/v1/archive?latitude=12.8698&longitude=74.8431
2024-06-23T05:00,12.8698,74.8431,Mangalore,9.2,34.2,128.2,96,24.6,8.9,999.3,Open-Meteo_ERA5_Historical,https://archive-api.open-meteo.com/v1/archive?latitude=12.8698&longitude=74.8431
2024-06-23T06:00,12.8698,74.8431,Mangalore,11.7,42.9,138.0,93,25.0,15.5,1000.1,Open-Meteo_ERA5_Historical,https://archive-api.open-meteo.com/v1/archive?latitude=12.8698&longitude=74.8431
2024-06-23T07:00,12.8698,74.8431,Mangalore,5.5,26.4,136.0,94,24.7,15.7,1000.7,Open-Meteo_ERA5_Historical,https://archive-api.open-meteo.com/v1/archive?latitude=12.8698&longitude=74.8431
2024-06-23T08:00,12.8698,74.8431,Mangalore,3.3,20.5,130.9,95,25.4,12.7,1001.0,Open-Meteo_ERA5_Historical,https://archive-api.open-meteo.com/v1/archive?latitude=12.8698&longitude=74.8431
2024-06-23T09:00,12.8698,74.8431,Mangalore,3.0,11.8,111.0,89,25.6,13.5,1001.6,Open-Meteo_ERA5_Historical,https://archive-api.open-meteo.com/v1/archive?latitude=12.8698&longitude=74.8431
2024-06-23T10:00,12.8698,74.8431,Mangalore,0.9,7.2,88.39999999999999,93,25.0,7.7,1001.7,Open-Meteo_ERA5_Historical,https://archive-api.open-meteo.com/v1/archive?latitude=12.8698&longitude=74.8431
2024-06-23T11:00,12.8698,74.8431,Mangalore,1.8,5.7,85.0,88,26.0,5.7,1001.4,Open-Meteo_ERA5_Historical,https://archive-api.open-meteo.com/v1/archive?latitude=12.8698&longitude=74.8431
2024-06-23T12:00,12.8698,74.8431,Mangalore,0.2,2.9000000000000004,82.6,88,26.5,5.4,1001.0,Open-Meteo_ERA5_Historical,https://archive-api.open-meteo.com/v1/archive?latitude=12.8698&longitude=74.8431
2024-06-23T13:00,12.8698,74.8431,Mangalore,0.6,2.6000000000000005,78.9,83,27.5,11.2,1000.0,Open-Meteo_ERA5_Historical,https://archive-api.open-meteo.com/v1/archive?latitude=12.8698&longitude=74.8431
2024-06-23T14:00,12.8698,74.8431,Mangalore,1.1,1.9000000000000001,76.89999999999999,90,25.5,10.7,999.5,Open-Meteo_ERA5_Historical,https://archive-api.open-meteo.com/v1/archive?latitude=12.8698&longitude=74.8431
2024-06-23T15:00,12.8698,74.8431,Mangalore,0.5,2.2,75.89999999999999,85,26.5,15.4,998.5,Open-Meteo_ERA5_Historical,https://archive-api.open-meteo.com/v1/archive?latitude=12.8698&longitude=74.8431
2024-06-23T16:00,12.8698,74.8431,Mangalore,0.3,1.9000000000000001,75.5,87,26.2,16.9,998.4,Open-Meteo_ERA5_Historical,https://archive-api.open-meteo.com/v1/archive?latitude=12.8698&longitude=74.8431
2024-06-23T17:00,12.8698,74.8431,Mangalore,0.8,1.6,75.5,91,25.7,17.0,998.4,Open-Meteo_ERA5_Historical,https://archive-api.open-meteo.com/v1/archive?latitude=12.8698&longitude=74.8431
2024-06-23T18:00,12.8698,74.8431,Mangalore,1.1,2.2,75.3,91,25.5,12.0,998.8,Open-Meteo_ERA5_Historical,https://archive-api.open-meteo.com/v1/archive?latitude=12.8698&longitude=74.8431
2024-06-23T19:00,12.8698,74.8431,Mangalore,3.4,5.3,77.9,94,25.1,13.4,999.7,Open-Meteo_ERA5_Historical,https://archive-api.open-meteo.com/v1/archive?latitude=12.8698&longitude=74.8431
2024-06-23T20:00,12.8698,74.8431,Mangalore,0.8,5.300000000000001,77.8,92,25.6,10.2,1000.4,Open-Meteo_ERA5_Historical,https://archive-api.open-meteo.com/v1/archive?latitude=12.8698&longitude=74.8431
2024-06-23T21:00,12.8698,74.8431,Mangalore,0.6,4.8,77.0,92,25.8,7.6,1000.9,Open-Meteo_ERA5_Historical,https://archive-api.open-meteo.com/v1/archive?latitude=12.8698&longitude=74.8431
2024-06-23T22:00,12.8698,74.8431,Mangalore,1.1,2.5000000000000004,77.0,92,25.5,9.8,1001.6,Open-Meteo_ERA5_Historical,https://archive-api.open-meteo.com/v1/archive?latitude=12.8698&longitude=74.8431
2024-06-23T23:00,12.8698,74.8431,Mangalore,0.5,2.2,76.69999999999999,93,25.4,7.6,1001.5,Open-Meteo_ERA5_Historical,https://archive-api.open-meteo.com/v1/archive?latitude=12.8698&longitude=74.8431
2024-06-24T00:00,12.8698,74.8431,Mangalore,1.1,2.7,76.5,93,25.0,14.3,1001.0,Open-Meteo_ERA5_Historical,https://archive-api.open-meteo.com/v1/archive?latitude=12.8698&longitude=74.8431
2024-06-24T01:00,12.8698,74.8431,Mangalore,1.0,2.6000000000000005,74.8,94,24.5,12.2,1000.4,Open-Meteo_ERA5_Historical,https://archive-api.open-meteo.com/v1/archive?latitude=12.8698&longitude=74.8431
2024-06-24T02:00,12.8698,74.8431,Mangalore,4.6,6.7,78.1,95,24.0,10.2,999.9,Open-Meteo_ERA5_Historical,https://archive-api.open-meteo.com/v1/archive?latitude=12.8698&longitude=74.8431
2024-06-24T03:00,12.8698,74.8431,Mangalore,2.1,7.699999999999999,77.2,92,24.8,5.5,999.4,Open-Meteo_ERA5_Historical,https://archive-api.open-meteo.com/v1/archive?latitude=12.8698&longitude=74.8431
2024-06-24T04:00,12.8698,74.8431,Mangalore,2.1,8.8,57.3,94,24.5,9.0,999.4,Open-Meteo_ERA5_Historical,https://archive-api.open-meteo.com/v1/archive?latitude=12.8698&longitude=74.8431
2024-06-24T05:00,12.8698,74.8431,Mangalore,1.7,5.9,49.8,96,24.1,5.1,999.3,Open-Meteo_ERA5_Historical,https://archive-api.open-meteo.com/v1/archive?latitude=12.8698&longitude=74.8431
2024-06-24T06:00,12.8698,74.8431,Mangalore,0.9,4.7,39.0,93,24.9,9.4,999.4,Open-Meteo_ERA5_Historical,https://archive-api.open-meteo.com/v1/archive?latitude=12.8698&longitude=74.8431
2024-06-24T07:00,12.8698,74.8431,Mangalore,0.7,3.3,34.2,92,25.5,5.4,999.7,Open-Meteo_ERA5_Historical,https://archive-api.open-meteo.com/v1/archive?latitude=12.8698&longitude=74.8431
2024-06-24T08:00,12.8698,74.8431,Mangalore,1.0,2.5999999999999996,31.9,91,25.8,10.5,1000.2,Open-Meteo_ERA5_Historical,https://archive-api.open-meteo.com/v1/archive?latitude=12.8698&longitude=74.8431
2024-06-24T09:00,12.8698,74.8431,Mangalore,1.5,3.2,30.4,94,25.1,16.8,1001.2,Open-Meteo_ERA5_Historical,https://archive-api.open-meteo.com/v1/archive?latitude=12.8698&longitude=74.8431
2024-06-24T10:00,12.8698,74.8431,Mangalore,1.7,4.199999999999999,31.2,95,24.8,10.2,1001.3,Open-Meteo_ERA5_Historical,https://archive-api.open-meteo.com/v1/archive?latitude=12.8698&longitude=74.8431
2024-06-24T11:00,12.8698,74.8431,Mangalore,1.8,5.0,31.2,95,25.3,8.7,1001.1,Open-Meteo_ERA5_Historical,https://archive-api.open-meteo.com/v1/archive?latitude=12.8698&longitude=74.8431
2024-06-24T12:00,12.8698,74.8431,Mangalore,1.6,5.1,32.6,93,26.0,11.5,1000.5,Open-Meteo_ERA5_Historical,https://archive-api.open-meteo.com/v1/archive?latitude=12.8698&longitude=74.8431
2024-06-24T13:00,12.8698,74.8431,Mangalore,2.1,5.5,34.1,89,26.2,16.7,999.9,Open-Meteo_ERA5_Historical,https://archive-api.open-meteo.com/v1/archive?latitude=12.8698&longitude=74.8431
2024-06-24T14:00,12.8698,74.8431,Mangalore,1.3,5.0,34.3,91,25.9,18.3,999.2,Open-Meteo_ERA5_Historical,https://archive-api.open-meteo.com/v1/archive?latitude=12.8698&longitude=74.8431
2024-06-24T15:00,12.8698,74.8431,Mangalore,0.3,3.7,34.099999999999994,87,26.9,14.3,998.7,Open-Meteo_ERA5_Historical,https://archive-api.open-meteo.com/v1/archive?latitude=12.8698&longitude=74.8431
2024-06-24T16:00,12.8698,74.8431,Mangalore,1.7,3.3,35.5,91,25.8,18.0,998.6,Open-Meteo_ERA5_Historical,https://archive-api.open-meteo.com/v1/archive?latitude=12.8698&longitude=74.8431
2024-06-24T17:00,12.8698,74.8431,Mangalore,1.0,3.0,35.699999999999996,91,26.0,12.2,998.3,Open-Meteo_ERA5_Historical,https://archive-api.open-meteo.com/v1/archive?latitude=12.8698&longitude=74.8431
2024-06-24T18:00,12.8698,74.8431,Mangalore,0.2,2.9000000000000004,34.800000000000004,89,26.0,6.6,998.8,Open-Meteo_ERA5_Historical,https://archive-api.open-meteo.com/v1/archive?latitude=12.8698&longitude=74.8431
2024-06-24T19:00,12.8698,74.8431,Mangalore,0.1,1.3,31.5,92,25.5,7.9,999.2,Open-Meteo_ERA5_Historical,https://archive-api.open-meteo.com/v1/archive?latitude=12.8698&longitude=74.8431
2024-06-24T20:00,12.8698,74.8431,Mangalore,0.7,1.0,31.4,93,25.2,12.7,1000.3,Open-Meteo_ERA5_Historical,https://archive-api.open-meteo.com/v1/archive?latitude=12.8698&longitude=74.8431
2024-06-24T21:00,12.8698,74.8431,Mangalore,0.6,1.4,31.400000000000002,93,25.2,13.6,1000.9,Open-Meteo_ERA5_Historical,https://archive-api.open-meteo.com/v1/archive?latitude=12.8698&longitude=74.8431
2024-06-24T22:00,12.8698,74.8431,Mangalore,1.0,2.3,31.3,93,25.4,12.6,1000.7,Open-Meteo_ERA5_Historical,https://archive-api.open-meteo.com/v1/archive?latitude=12.8698&longitude=74.8431
2024-06-24T23:00,12.8698,74.8431,Mangalore,1.4,3.0,32.2,94,24.6,12.0,1000.7,Open-Meteo_ERA5_Historical,https://archive-api.open-meteo.com/v1/archive?latitude=12.8698&longitude=74.8431
2024-06-25T00:00,12.8698,74.8431,Mangalore,1.5,3.8999999999999995,32.599999999999994,94,24.8,11.0,1000.2,Open-Meteo_ERA5_Historical,https://archive-api.open-meteo.com/v1/archive?latitude=12.8698&longitude=74.8431
2024-06-25T01:00,12.8698,74.8431,Mangalore,0.8,3.6999999999999997,32.4,92,25.4,12.0,999.9,Open-Meteo_ERA5_Historical,https://archive-api.open-meteo.com/v1/archive?latitude=12.8698&longitude=74.8431
2024-06-25T02:00,12.8698,74.8431,Mangalore,0.7,3.0,28.5,92,25.3,15.1,999.0,Open-Meteo_ERA5_Historical,https://archive-api.open-meteo.com/v1/archive?latitude=12.8698&longitude=74.8431
2024-06-25T03:00,12.8698,74.8431,Mangalore,1.6,3.0999999999999996,28.0,93,25.2,15.7,998.6,Open-Meteo_ERA5_Historical,https://archive-api.open-meteo.com/v1/archive?latitude=12.8698&longitude=74.8431
2024-06-25T04:00,12.8698,74.8431,Mangalore,0.4,2.7,26.3,95,25.2,13.0,998.8,Open-Meteo_ERA5_Historical,https://archive-api.open-meteo.com/v1/archive?latitude=12.8698&longitude=74.8431
2024-06-25T05:00,12.8698,74.8431,Mangalore,4.4,6.4,29.0,92,25.0,18.0,999.4,Open-Meteo_ERA5_Historical,https://archive-api.open-meteo.com/v1/archive?latitude=12.8698&longitude=74.8431
2024-06-25T06:00,12.8698,74.8431,Mangalore,0.7,5.500000000000001,28.8,92,25.6,13.0,999.5,Open-Meteo_ERA5_Historical,https://archive-api.open-meteo.com/v1/archive?latitude=12.8698&longitude=74.8431
2024-06-25T07:00,12.8698,74.8431,Mangalore,1.1,6.2,29.2,94,25.1,14.9,1000.0,Open-Meteo_ERA5_Historical,https://archive-api.open-meteo.com/v1/archive?latitude=12.8698&longitude=74.8431
2024-06-25T08:00,12.8698,74.8431,Mangalore,0.2,2.0,28.400000000000002,90,26.4,13.0,1000.2,Open-Meteo_ERA5_Historical,https://archive-api.open-meteo.com/v1/archive?latitude=12.8698&longitude=74.8431
2024-06-25T09:00,12.8698,74.8431,Mangalore,4.1,5.3999999999999995,31.0,90,25.5,19.0,1001.0,Open-Meteo_ERA5_Historical,https://archive-api.open-meteo.com/v1/archive?latitude=12.8698&longitude=74.8431
2024-06-25T10:00,12.8698,74.8431,Mangalore,1.2,5.499999999999999,30.5,88,26.7,13.7,1000.7,Open-Meteo_ERA5_Historical,https://archive-api.open-meteo.com/v1/archive?latitude=12.8698&longitude=74.8431
2024-06-25T11:00,12.8698,74.8431,Mangalore,4.4,9.7,33.1,90,26.5,14.3,1000.4,Open-Meteo_ERA5_Historical,https://archive-api.open-meteo.com/v1/archive?latitude=12.8698&longitude=74.8431
2024-06-25T12:00,12.8698,74.8431,Mangalore,1.8,7.4,33.3,87,26.6,20.9,1000.5,Open-Meteo_ERA5_Historical,https://archive-api.open-meteo.com/v1/archive?latitude=12.8698&longitude=74.8431
2024-06-25T13:00,12.8698,74.8431,Mangalore,0.5,6.7,31.700000000000003,86,27.4,17.7,999.7,Open-Meteo_ERA5_Historical,https://archive-api.open-meteo.com/v1/archive?latitude=12.8698&longitude=74.8431
2024-06-25T14:00,12.8698,74.8431,Mangalore,3.4,5.7,33.8,92,26.2,19.1,999.3,Open-Meteo_ERA5_Historical,https://archive-api.open-meteo.com/v1/archive?latitude=12.8698&longitude=74.8431
2024-06-25T15:00,12.8698,74.8431,Mangalore,1.3,5.2,34.800000000000004,89,26.6,17.8,998.9,Open-Meteo_ERA5_Historical,https://archive-api.open-meteo.com/v1/archive?latitude=12.8698&longitude=74.8431
2024-06-25T16:00,12.8698,74.8431,Mangalore,1.3,6.0,34.4,90,26.0,19.0,998.6,Open-Meteo_ERA5_Historical,https://archive-api.open-meteo.com/v1/archive?latitude=12.8698&longitude=74.8431
2024-06-25T17:00,12.8698,74.8431,Mangalore,3.4,6.0,36.8,93,25.2,17.5,998.9,Open-Meteo_ERA5_Historical,https://archive-api.open-meteo.com/v1/archive?latitude=12.8698&longitude=74.8431
2024-06-25T18:00,12.8698,74.8431,Mangalore,3.2,7.9,39.8,91,25.4,17.7,998.8,Open-Meteo_ERA5_Historical,https://archive-api.open-meteo.com/v1/archive?latitude=12.8698&longitude=74.8431
2024-06-25T19:00,12.8698,74.8431,Mangalore,10.7,17.299999999999997,50.400000000000006,94,24.6,11.4,999.5,Open-Meteo_ERA5_Historical,https://archive-api.open-meteo.com/v1/archive?latitude=12.8698&longitude=74.8431
2024-06-25T20:00,12.8698,74.8431,Mangalore,6.2,20.1,55.9,96,24.4,10.6,1001.0,Open-Meteo_ERA5_Historical,https://archive-api.open-meteo.com/v1/archive?latitude=12.8698&longitude=74.8431
2024-06-25T21:00,12.8698,74.8431,Mangalore,4.5,21.4,59.8,93,25.1,11.2,1001.1,Open-Meteo_ERA5_Historical,https://archive-api.open-meteo.com/v1/archive?latitude=12.8698&longitude=74.8431
2024-06-25T22:00,12.8698,74.8431,Mangalore,7.3,18.0,66.1,95,24.5,5.4,1001.6,Open-Meteo_ERA5_Historical,https://archive-api.open-meteo.com/v1/archive?latitude=12.8698&longitude=74.8431
2024-06-25T23:00,12.8698,74.8431,Mangalore,4.0,15.8,68.69999999999999,96,24.5,12.6,1001.7,Open-Meteo_ERA5_Historical,https://archive-api.open-meteo.com/v1/archive?latitude=12.8698&longitude=74.8431
2024-06-26T00:00,12.8698,74.8431,Mangalore,1.8,13.100000000000001,68.99999999999999,95,25.1,10.7,1001.1,Open-Meteo_ERA5_Historical,https://archive-api.open-meteo.com/v1/archive?latitude=12.8698&longitude=74.8431
2024-06-26T01:00,12.8698,74.8431,Mangalore,0.7,6.5,68.89999999999999,96,24.9,13.0,1000.5,Open-Meteo_ERA5_Historical,https://archive-api.open-meteo.com/v1/archive?latitude=12.8698&longitude=74.8431
2024-06-26T02:00,12.8698,74.8431,Mangalore,1.3,3.8,69.49999999999999,95,24.8,12.3,999.8,Open-Meteo_ERA5_Historical,https://archive-api.open-meteo.com/v1/archive?latitude=12.8698&longitude=74.8431
2024-06-26T03:00,12.8698,74.8431,Mangalore,3.5,5.5,71.39999999999999,93,24.7,17.4,999.9,Open-Meteo_ERA5_Historical,https://archive-api.open-meteo.com/v1/archive?latitude=12.8698&longitude=74.8431
2024-06-26T04:00,12.8698,74.8431,Mangalore,1.3,6.1,72.3,92,24.8,19.7,999.6,Open-Meteo_ERA5_Historical,https://archive-api.open-meteo.com/v1/archive?latitude=12.8698&longitude=74.8431
2024-06-26T05:00,12.8698,74.8431,Mangalore,0.7,5.5,68.6,91,25.0,15.3,999.6,Open-Meteo_ERA5_Historical,https://archive-api.open-meteo.com/v1/archive?latitude=12.8698&longitude=74.8431
2024-06-26T06:00,12.8698,74.8431,Mangalore,2.1,4.1,70.0,92,25.5,18.7,999.5,Open-Meteo_ERA5_Historical,https://archive-api.open-meteo.com/v1/archive?latitude=12.8698&longitude=74.8431
2024-06-26T07:00,12.8698,74.8431,Mangalore,5.8,8.600000000000001,74.7,93,25.5,22.1,1000.2,Open-Meteo_ERA5_Historical,https://archive-api.open-meteo.com/v1/archive?latitude=12.8698&longitude=74.8431
2024-06-26T08:00,12.8698,74.8431,Mangalore,6.7,14.600000000000001,81.2,91,25.8,17.2,1000.3,Open-Meteo_ERA5_Historical,https://archive-api.open-meteo.com/v1/archive?latitude=12.8698&longitude=74.8431
2024-06-26T09:00,12.8698,74.8431,Mangalore,1.8,14.3,78.89999999999999,92,26.0,12.5,1000.9,Open-Meteo_ERA5_Historical,https://archive-api.open-meteo.com/v1/archive?latitude=12.8698&longitude=74.8431
2024-06-26T10:00,12.8698,74.8431,Mangalore,0.4,8.9,78.10000000000001,89,26.5,16.8,1001.0,Open-Meteo_ERA5_Historical,https://archive-api.open-meteo.com/v1/archive?latitude=12.8698&longitude=74.8431
2024-06-26T11:00,12.8698,74.8431,Mangalore,1.1,3.3000000000000003,74.8,84,26.8,19.3,1000.7,Open-Meteo_ERA5_Historical,https://archive-api.open-meteo.com/v1/archive?latitude=12.8698&longitude=74.8431
2024-06-26T12:00,12.8698,74.8431,Mangalore,1.3,2.8000000000000003,74.3,86,26.2,21.0,1000.7,Open-Meteo_ERA5_Historical,https://archive-api.open-meteo.com/v1/archive?latitude=12.8698&longitude=74.8431
2024-06-26T13:00,12.8698,74.8431,Mangalore,2.0,4.4,75.8,90,25.6,20.1,1000.7,Open-Meteo_ERA5_Historical,https://archive-api.open-meteo.com/v1/archive?latitude=12.8698&longitude=74.8431
2024-06-26T14:00,12.8698,74.8431,Mangalore,1.3,4.6000000000000005,73.69999999999999,93,25.5,18.7,1000.1,Open-Meteo_ERA5_Historical,https://archive-api.open-meteo.com/v1/archive?latitude=12.8698&longitude=74.8431
2024-06-26T15:00,12.8698,74.8431,Mangalore,2.6,5.9,75.0,94,24.2,16.1,999.8,Open-Meteo_ERA5_Historical,https://archive-api.open-meteo.com/v1/archive?latitude=12.8698&longitude=74.8431
2024-06-26T16:00,12.8698,74.8431,Mangalore,3.5,7.4,77.2,93,24.9,14.5,999.6,Open-Meteo_ERA5_Historical,https://archive-api.open-meteo.com/v1/archive?latitude=12.8698&longitude=74.8431
2024-06-26T17:00,12.8698,74.8431,Mangalore,2.1,8.200000000000001,75.89999999999999,92,24.4,16.9,1000.1,Open-Meteo_ERA5_Historical,https://archive-api.open-meteo.com/v1/archive?latitude=12.8698&longitude=74.8431
2024-06-26T18:00,12.8698,74.8431,Mangalore,2.7,8.3,75.39999999999999,92,25.2,13.7,1000.2,Open-Meteo_ERA5_Historical,https://archive-api.open-meteo.com/v1/archive?latitude=12.8698&longitude=74.8431
2024-06-26T19:00,12.8698,74.8431,Mangalore,1.7,6.5,66.4,93,24.9,18.4,1001.2,Open-Meteo_ERA5_Historical,https://archive-api.open-meteo.com/v1/archive?latitude=12.8698&longitude=74.8431
2024-06-26T20:00,12.8698,74.8431,Mangalore,4.2,8.600000000000001,64.4,94,24.8,15.6,1001.9,Open-Meteo_ERA5_Historical,https://archive-api.open-meteo.com/v1/archive?latitude=12.8698&longitude=74.8431
2024-06-26T21:00,12.8698,74.8431,Mangalore,1.2,7.1,61.1,93,25.2,11.5,1002.1,Open-Meteo_ERA5_Historical,https://archive-api.open-meteo.com/v1/archive?latitude=12.8698&longitude=74.8431
2024-06-26T22:00,12.8698,74.8431,Mangalore,1.6,7.0,55.4,92,25.2,17.7,1002.6,Open-Meteo_ERA5_Historical,https://archive-api.open-meteo.com/v1/archive?latitude=12.8698&longitude=74.8431
2024-06-26T23:00,12.8698,74.8431,Mangalore,2.8,5.6,54.2,94,24.8,15.9,1002.6,Open-Meteo_ERA5_Historical,https://archive-api.open-meteo.com/v1/archive?latitude=12.8698&longitude=74.8431
2024-06-27T00:00,12.8698,74.8431,Mangalore,1.8,6.199999999999999,54.2,93,25.0,16.8,1002.1,Open-Meteo_ERA5_Historical,https://archive-api.open-meteo.com/v1/archive?latitude=12.8698&longitude=74.8431
2024-06-27T01:00,12.8698,74.8431,Mangalore,1.6,6.2,55.099999999999994,93,25.4,18.4,1000.9,Open-Meteo_ERA5_Historical,https://archive-api.open-meteo.com/v1/archive?latitude=12.8698&longitude=74.8431
2024-06-27T02:00,12.8698,74.8431,Mangalore,3.9,7.3,57.7,93,24.8,17.6,1001.1,Open-Meteo_ERA5_Historical,https://archive-api.open-meteo.com/v1/archive?latitude=12.8698&longitude=74.8431
2024-06-27T03:00,12.8698,74.8431,Mangalore,1.6,7.1,55.8,92,24.8,21.7,1001.0,Open-Meteo_ERA5_Historical,https://archive-api.open-meteo.com/v1/archive?latitude=12.8698&longitude=74.8431
2024-06-27T04:00,12.8698,74.8431,Mangalore,2.4,7.8999999999999995,56.900000000000006,94,24.5,12.3,1000.8,Open-Meteo_ERA5_Historical,https://archive-api.open-meteo.com/v1/archive?latitude=12.8698&longitude=74.8431
2024-06-27T05:00,12.8698,74.8431,Mangalore,1.5,5.5,57.7,92,25.0,14.1,1001.1,Open-Meteo_ERA5_Historical,https://archive-api.open-meteo.com/v1/archive?latitude=12.8698&longitude=74.8431
2024-06-27T06:00,12.8698,74.8431,Mangalore,5.1,9.0,60.699999999999996,93,25.5,16.9,1001.5,Open-Meteo_ERA5_Historical,https://archive-api.open-meteo.com/v1/archive?latitude=12.8698&longitude=74.8431
2024-06-27T07:00,12.8698,74.8431,Mangalore,3.7,10.3,58.6,92,25.4,15.1,1002.1,Open-Meteo_ERA5_Historical,https://archive-api.open-meteo.com/v1/archive?latitude=12.8698&longitude=74.8431
2024-06-27T08:00,12.8698,74.8431,Mangalore,2.3,11.1,54.199999999999996,92,25.3,17.9,1002.9,Open-Meteo_ERA5_Historical,https://archive-api.open-meteo.com/v1/archive?latitude=12.8698&longitude=74.8431
2024-06-27T09:00,12.8698,74.8431,Mangalore,3.8,9.8,56.2,93,25.6,11.2,1002.9,Open-Meteo_ERA5_Historical,https://archive-api.open-meteo.com/v1/archive?latitude=12.8698&longitude=74.8431
2024-06-27T10:00,12.8698,74.8431,Mangalore,2.6,8.7,58.4,93,25.0,19.5,1003.3,Open-Meteo_ERA5_Historical,https://archive-api.open-meteo.com/v1/archive?latitude=12.8698&longitude=74.8431
2024-06-27T11:00,12.8698,74.8431,Mangalore,5.1,11.5,62.4,96,24.1,14.5,1003.5,Open-Meteo_ERA5_Historical,https://archive-api.open-meteo.com/v1/archive?latitude=12.8698&longitude=74.8431
2024-06-27T12:00,12.8698,74.8431,Mangalore,1.8,9.5,62.900000000000006,94,24.6,7.6,1002.6,Open-Meteo_ERA5_Historical,https://archive-api.open-meteo.com/v1/archive?latitude=12.8698&longitude=74.8431
2024-06-27T13:00,12.8698,74.8431,Mangalore,0.8,7.699999999999999,61.7,86,26.9,12.1,1002.1,Open-Meteo_ERA5_Historical,https://archive-api.open-meteo.com/v1/archive?latitude=12.8698&longitude=74.8431
2024-06-27T14:00,12.8698,74.8431,Mangalore,0.9,3.5,61.3,89,26.1,13.2,1002.0,Open-Meteo_ERA5_Historical,https://archive-api.open-meteo.com/v1/archive?latitude=12.8698&longitude=74.8431
2024-06-27T15:00,12.8698,74.8431,Mangalore,1.7,3.4000000000000004,60.4,93,25.0,12.0,1001.9,Open-Meteo_ERA5_Historical,https://archive-api.open-meteo.com/v1/archive?latitude=12.8698&longitude=74.8431
2024-06-27T16:00,12.8698,74.8431,Mangalore,2.9,5.5,59.8,94,23.5,7.2,1001.7,Open-Meteo_ERA5_Historical,https://archive-api.open-meteo.com/v1/archive?latitude=12.8698&longitude=74.8431
2024-06-27T17:00,12.8698,74.8431,Mangalore,1.5,6.1,59.199999999999996,96,23.5,5.0,1001.7,Open-Meteo_ERA5_Historical,https://archive-api.open-meteo.com/v1/archive?latitude=12.8698&longitude=74.8431
2024-06-27T18:00,12.8698,74.8431,Mangalore,0.6,5.0,57.1,93,25.3,12.6,1001.4,Open-Meteo_ERA5_Historical,https://archive-api.open-meteo.com/v1/archive?latitude=12.8698&longitude=74.8431
2024-06-27T19:00,12.8698,74.8431,Mangalore,1.0,3.1,56.4,91,25.4,8.9,1002.2,Open-Meteo_ERA5_Historical,https://archive-api.open-meteo.com/v1/archive?latitude=12.8698&longitude=74.8431
2024-06-27T20:00,12.8698,74.8431,Mangalore,0.5,2.1,52.7,93,25.5,11.7,1002.7,Open-Meteo_ERA5_Historical,https://archive-api.open-meteo.com/v1/archive?latitude=12.8698&longitude=74.8431
2024-06-27T21:00,12.8698,74.8431,Mangalore,0.1,1.6,51.6,93,25.5,10.2,1003.4,Open-Meteo_ERA5_Historical,https://archive-api.open-meteo.com/v1/archive?latitude=12.8698&longitude=74.8431
2024-06-27T22:00,12.8698,74.8431,Mangalore,1.1,1.7000000000000002,51.099999999999994,96,24.0,6.1,1004.5,Open-Meteo_ERA5_Historical,https://archive-api.open-meteo.com/v1/archive?latitude=12.8698&longitude=74.8431
2024-06-27T23:00,12.8698,74.8431,Mangalore,3.6,4.800000000000001,51.9,95,24.0,8.0,1004.2,Open-Meteo_ERA5_Historical,https://archive-api.open-meteo.com/v1/archive?latitude=12.8698&longitude=74.8431
2024-06-28T00:00,12.8698,74.8431,Mangalore,2.2,6.9,52.3,96,24.2,14.9,1003.7,Open-Meteo_ERA5_Historical,https://archive-api.open-meteo.com/v1/archive?latitude=12.8698&longitude=74.8431
2024-06-28T01:00,12.8698,74.8431,Mangalore,0.4,6.2,51.1,91,24.6,8.0,1002.9,Open-Meteo_ERA5_Historical,https://archive-api.open-meteo.com/v1/archive?latitude=12.8698&longitude=74.8431
2024-06-28T02:00,12.8698,74.8431,Mangalore,0.8,3.4000000000000004,48.0,97,24.0,9.7,1002.3,Open-Meteo_ERA5_Historical,https://archive-api.open-meteo.com/v1/archive?latitude=12.8698&longitude=74.8431
2024-06-28T03:00,12.8698,74.8431,Mangalore,1.7,2.9,48.1,96,23.4,5.7,1002.3,Open-Meteo_ERA5_Historical,https://archive-api.open-meteo.com/v1/archive?latitude=12.8698&longitude=74.8431
2024-06-28T04:00,12.8698,74.8431,Mangalore,1.1,3.6,46.800000000000004,97,23.5,6.0,1002.3,Open-Meteo_ERA5_Historical,https://archive-api.open-meteo.com/v1/archive?latitude=12.8698&longitude=74.8431
2024-06-28T05:00,12.8698,74.8431,Mangalore,0.7,3.5,45.99999999999999,97,23.2,9.0,1002.7,Open-Meteo_ERA5_Historical,https://archive-api.open-meteo.com/v1/archive?latitude=12.8698&longitude=74.8431
2024-06-28T06:00,12.8698,74.8431,Mangalore,1.7,3.5,42.6,95,23.9,4.0,1002.9,Open-Meteo_ERA5_Historical,https://archive-api.open-meteo.com/v1/archive?latitude=12.8698&longitude=74.8431
2024-06-28T07:00,12.8698,74.8431,Mangalore,0.8,3.2,39.699999999999996,95,24.3,7.9,1003.3,Open-Meteo_ERA5_Historical,https://archive-api.open-meteo.com/v1/archive?latitude=12.8698&longitude=74.8431
2024-06-28T08:00,12.8698,74.8431,Mangalore,0.2,2.6999999999999997,37.6,89,25.5,12.4,1003.5,Open-Meteo_ERA5_Historical,https://archive-api.open-meteo.com/v1/archive?latitude=12.8698&longitude=74.8431
2024-06-28T09:00,12.8698,74.8431,Mangalore,0.1,1.1,33.9,88,26.0,14.4,1003.8,Open-Meteo_ERA5_Historical,https://archive-api.open-meteo.com/v1/archive?latitude=12.8698&longitude=74.8431
2024-06-28T10:00,12.8698,74.8431,Mangalore,0.2,0.5,31.5,86,26.4,14.9,1003.8,Open-Meteo_ERA5_Historical,https://archive-api.open-meteo.com/v1/archive?latitude=12.8698&longitude=74.8431
2024-06-28T11:00,12.8698,74.8431,Mangalore,0.3,0.6000000000000001,26.7,85,27.0,17.8,1003.5,Open-Meteo_ERA5_Historical,https://archive-api.open-meteo.com/v1/archive?latitude=12.8698&longitude=74.8431
2024-06-28T12:00,12.8698,74.8431,Mangalore,0.2,0.7000000000000001,25.1,83,27.5,16.7,1002.7,Open-Meteo_ERA5_Historical,https://archive-api.open-meteo.com/v1/archive?latitude=12.8698&longitude=74.8431
2024-06-28T13:00,12.8698,74.8431,Mangalore,0.2,0.7,24.5,81,28.0,16.3,1002.0,Open-Meteo_ERA5_Historical,https://archive-api.open-meteo.com/v1/archive?latitude=12.8698&longitude=74.8431
2024-06-28T14:00,12.8698,74.8431,Mangalore,1.1,1.5,24.7,88,26.8,12.7,1001.7,Open-Meteo_ERA5_Historical,https://archive-api.open-meteo.com/v1/archive?latitude=12.8698&longitude=74.8431
2024-06-28T15:00,12.8698,74.8431,Mangalore,0.9,2.2,23.9,87,26.0,18.0,1001.5,Open-Meteo_ERA5_Historical,https://archive-api.open-meteo.com/v1/archive?latitude=12.8698&longitude=74.8431
2024-06-28T16:00,12.8698,74.8431,Mangalore,0.7,2.6999999999999997,21.7,92,25.1,11.3,1001.3,Open-Meteo_ERA5_Historical,https://archive-api.open-meteo.com/v1/archive?latitude=12.8698&longitude=74.8431
2024-06-28T17:00,12.8698,74.8431,Mangalore,0.7,2.3,20.900000000000002,94,24.6,9.1,1001.2,Open-Meteo_ERA5_Historical,https://archive-api.open-meteo.com/v1/archive?latitude=12.8698&longitude=74.8431
2024-06-28T18:00,12.8698,74.8431,Mangalore,0.0,1.4,20.3,86,26.4,8.9,1001.0,Open-Meteo_ERA5_Historical,https://archive-api.open-meteo.com/v1/archive?latitude=12.8698&longitude=74.8431
2024-06-28T19:00,12.8698,74.8431,Mangalore,1.2,1.8999999999999995,20.5,96,24.8,8.6,1002.1,Open-Meteo_ERA5_Historical,https://archive-api.open-meteo.com/v1/archive?latitude=12.8698&longitude=74.8431
2024-06-28T20:00,12.8698,74.8431,Mangalore,0.2,1.3999999999999995,20.2,93,25.1,11.8,1002.6,Open-Meteo_ERA5_Historical,https://archive-api.open-meteo.com/v1/archive?latitude=12.8698&longitude=74.8431
2024-06-28T21:00,12.8698,74.8431,Mangalore,1.5,2.8999999999999995,21.6,94,24.8,7.4,1003.6,Open-Meteo_ERA5_Historical,https://archive-api.open-meteo.com/v1/archive?latitude=12.8698&longitude=74.8431
2024-06-28T22:00,12.8698,74.8431,Mangalore,0.7,2.3999999999999995,21.2,96,24.6,11.2,1003.9,Open-Meteo_ERA5_Historical,https://archive-api.open-meteo.com/v1/archive?latitude=12.8698&longitude=74.8431
2024-06-28T23:00,12.8698,74.8431,Mangalore,0.1,2.2999999999999994,17.700000000000003,97,24.4,9.2,1003.7,Open-Meteo_ERA5_Historical,https://archive-api.open-meteo.com/v1/archive?latitude=12.8698&longitude=74.8431
2024-06-29T00:00,12.8698,74.8431,Mangalore,0.4,1.1999999999999995,15.899999999999999,96,24.5,7.9,1003.1,Open-Meteo_ERA5_Historical,https://archive-api.open-meteo.com/v1/archive?latitude=12.8698&longitude=74.8431
2024-06-29T01:00,12.8698,74.8431,Mangalore,0.7,1.1999999999999995,16.2,96,24.4,8.1,1002.4,Open-Meteo_ERA5_Historical,https://archive-api.open-meteo.com/v1/archive?latitude=12.8698&longitude=74.8431
2024-06-29T02:00,12.8698,74.8431,Mangalore,0.6,1.6999999999999993,16.0,97,24.2,7.7,1002.0,Open-Meteo_ERA5_Historical,https://archive-api.open-meteo.com/v1/archive?latitude=12.8698&longitude=74.8431
2024-06-29T03:00,12.8698,74.8431,Mangalore,3.3,4.6,17.6,96,24.3,7.1,1002.1,Open-Meteo_ERA5_Historical,https://archive-api.open-meteo.com/v1/archive?latitude=12.8698&longitude=74.8431
2024-06-29T04:00,12.8698,74.8431,Mangalore,0.7,4.599999999999999,17.2,96,24.1,8.0,1002.5,Open-Meteo_ERA5_Historical,https://archive-api.open-meteo.com/v1/archive?latitude=12.8698&longitude=74.8431
2024-06-29T05:00,12.8698,74.8431,Mangalore,1.1,5.1,17.599999999999998,96,24.0,6.6,1002.6,Open-Meteo_ERA5_Historical,https://archive-api.open-meteo.com/v1/archive?latitude=12.8698&longitude=74.8431
2024-06-29T06:00,12.8698,74.8431,Mangalore,1.6,3.3999999999999995,17.5,96,24.8,5.4,1002.6,Open-Meteo_ERA5_Historical,https://archive-api.open-meteo.com/v1/archive?latitude=12.8698&longitude=74.8431
2024-06-29T07:00,12.8698,74.8431,Mangalore,0.7,3.3999999999999995,17.4,95,25.0,5.9,1003.2,Open-Meteo_ERA5_Historical,https://archive-api.open-meteo.com/v1/archive?latitude=12.8698&longitude=74.8431
2024-06-29T08:00,12.8698,74.8431,Mangalore,0.6,2.9,17.8,93,25.5,10.2,1003.9,Open-Meteo_ERA5_Historical,https://archive-api.open-meteo.com/v1/archive?latitude=12.8698&longitude=74.8431
2024-06-29T09:00,12.8698,74.8431,Mangalore,0.4,1.6999999999999995,18.099999999999998,91,25.8,9.4,1004.1,Open-Meteo_ERA5_Historical,https://archive-api.open-meteo.com/v1/archive?latitude=12.8698&longitude=74.8431
2024-06-29T10:00,12.8698,74.8431,Mangalore,0.1,1.0999999999999996,18.0,88,26.8,10.5,1004.6,Open-Meteo_ERA5_Historical,https://archive-api.open-meteo.com/v1/archive?latitude=12.8698&longitude=74.8431
2024-06-29T11:00,12.8698,74.8431,Mangalore,1.4,1.8999999999999995,19.099999999999998,88,26.8,9.9,1004.0,Open-Meteo_ERA5_Historical,https://archive-api.open-meteo.com/v1/archive?latitude=12.8698&longitude=74.8431
2024-06-29T12:00,12.8698,74.8431,Mangalore,0.3,1.7999999999999996,19.2,83,27.3,15.0,1004.0,Open-Meteo_ERA5_Historical,https://archive-api.open-meteo.com/v1/archive?latitude=12.8698&longitude=74.8431
2024-06-29T13:00,12.8698,74.8431,Mangalore,0.4,2.0999999999999996,19.4,85,26.3,13.6,1003.6,Open-Meteo_ERA5_Historical,https://archive-api.open-meteo.com/v1/archive?latitude=12.8698&longitude=74.8431
2024-06-29T14:00,12.8698,74.8431,Mangalore,0.5,1.1999999999999995,18.799999999999997,81,27.2,14.6,1003.3,Open-Meteo_ERA5_Historical,https://archive-api.open-meteo.com/v1/archive?latitude=12.8698&longitude=74.8431
2024-06-29T15:00,12.8698,74.8431,Mangalore,0.3,1.1999999999999995,18.2,83,26.8,14.3,1002.9,Open-Meteo_ERA5_Historical,https://archive-api.open-meteo.com/v1/archive?latitude=12.8698&longitude=74.8431
2024-06-29T16:00,12.8698,74.8431,Mangalore,0.7,1.4999999999999996,18.2,86,26.5,11.4,1002.3,Open-Meteo_ERA5_Historical,https://archive-api.open-meteo.com/v1/archive?latitude=12.8698&longitude=74.8431
2024-06-29T17:00,12.8698,74.8431,Mangalore,0.1,1.0999999999999996,17.599999999999998,86,26.6,11.7,1002.2,Open-Meteo_ERA5_Historical,https://archive-api.open-meteo.com/v1/archive?latitude=12.8698&longitude=74.8431
2024-06-29T18:00,12.8698,74.8431,Mangalore,0.1,0.8999999999999995,17.7,86,26.9,10.6,1002.2,Open-Meteo_ERA5_Historical,https://archive-api.open-meteo.com/v1/archive?latitude=12.8698&longitude=74.8431
2024-06-29T19:00,12.8698,74.8431,Mangalore,0.2,0.3999999999999996,16.7,88,26.2,8.0,1002.8,Open-Meteo_ERA5_Historical,https://archive-api.open-meteo.com/v1/archive?latitude=12.8698&longitude=74.8431
2024-06-29T20:00,12.8698,74.8431,Mangalore,0.0,0.2999999999999996,16.5,89,26.2,5.3,1003.7,Open-Meteo_ERA5_Historical,https://archive-api.open-meteo.com/v1/archive?latitude=12.8698&longitude=74.8431
2024-06-29T21:00,12.8698,74.8431,Mangalore,0.1,0.2999999999999996,15.1,93,25.5,4.0,1004.2,Open-Meteo_ERA5_Historical,https://archive-api.open-meteo.com/v1/archive?latitude=12.8698&longitude=74.8431
2024-06-29T22:00,12.8698,74.8431,Mangalore,0.3,0.3999999999999995,14.7,94,25.2,4.8,1004.6,Open-Meteo_ERA5_Historical,https://archive-api.open-meteo.com/v1/archive?latitude=12.8698&longitude=74.8431
2024-06-29T23:00,12.8698,74.8431,Mangalore,0.3,0.6999999999999995,14.9,93,25.5,5.2,1004.7,Open-Meteo_ERA5_Historical,https://archive-api.open-meteo.com/v1/archive?latitude=12.8698&longitude=74.8431
2024-06-30T00:00,12.8698,74.8431,Mangalore,0.2,0.7999999999999996,14.7,94,25.6,4.8,1004.1,Open-Meteo_ERA5_Historical,https://archive-api.open-meteo.com/v1/archive?latitude=12.8698&longitude=74.8431
2024-06-30T01:00,12.8698,74.8431,Mangalore,0.5,0.9999999999999996,14.5,94,25.5,6.9,1003.5,Open-Meteo_ERA5_Historical,https://archive-api.open-meteo.com/v1/archive?latitude=12.8698&longitude=74.8431
2024-06-30T02:00,12.8698,74.8431,Mangalore,0.2,0.8999999999999995,14.1,94,25.5,5.6,1002.7,Open-Meteo_ERA5_Historical,https://archive-api.open-meteo.com/v1/archive?latitude=12.8698&longitude=74.8431
2024-06-30T03:00,12.8698,74.8431,Mangalore,0.3,0.9999999999999996,11.100000000000001,95,25.4,5.8,1002.5,Open-Meteo_ERA5_Historical,https://archive-api.open-meteo.com/v1/archive?latitude=12.8698&longitude=74.8431
2024-06-30T04:00,12.8698,74.8431,Mangalore,0.7,1.1999999999999995,11.1,95,25.1,7.3,1002.9,Open-Meteo_ERA5_Historical,https://archive-api.open-meteo.com/v1/archive?latitude=12.8698&longitude=74.8431
2024-06-30T05:00,12.8698,74.8431,Mangalore,2.8,3.7999999999999994,12.8,96,24.5,8.3,1003.2,Open-Meteo_ERA5_Historical,https://archive-api.open-meteo.com/v1/archive?latitude=12.8698&longitude=74.8431
2024-06-30T06:00,12.8698,74.8431,Mangalore,0.2,3.6999999999999993,11.4,96,25.3,4.5,1003.0,Open-Meteo_ERA5_Historical,https://archive-api.open-meteo.com/v1/archive?latitude=12.8698&longitude=74.8431
2024-06-30T07:00,12.8698,74.8431,Mangalore,0.9,3.8999999999999995,11.6,95,25.5,7.8,1003.7,Open-Meteo_ERA5_Historical,https://archive-api.open-meteo.com/v1/archive?latitude=12.8698&longitude=74.8431
2024-06-30T08:00,12.8698,74.8431,Mangalore,0.3,1.3999999999999997,11.299999999999999,90,26.0,13.3,1004.4,Open-Meteo_ERA5_Historical,https://archive-api.open-meteo.com/v1/archive?latitude=12.8698&longitude=74.8431
2024-06-30T09:00,12.8698,74.8431,Mangalore,9.1,10.299999999999999,20.0,94,25.1,11.5,1005.6,Open-Meteo_ERA5_Historical,https://archive-api.open-meteo.com/v1/archive?latitude=12.8698&longitude=74.8431
2024-06-30T10:00,12.8698,74.8431,Mangalore,1.1,10.499999999999998,21.0,87,26.5,9.4,1005.4,Open-Meteo_ERA5_Historical,https://archive-api.open-meteo.com/v1/archive?latitude=12.8698&longitude=74.8431
2024-06-30T11:00,12.8698,74.8431,Mangalore,0.1,10.299999999999999,19.7,86,27.0,11.9,1005.1,Open-Meteo_ERA5_Historical,https://archive-api.open-meteo.com/v1/archive?latitude=12.8698&longitude=74.8431
2024-06-30T12:00,12.8698,74.8431,Mangalore,2.2,3.4000000000000004,21.599999999999998,91,25.8,9.3,1005.1,Open-Meteo_ERA5_Historical,https://archive-api.open-meteo.com/v1/archive?latitude=12.8698&longitude=74.8431
2024-06-30T13:00,12.8698,74.8431,Mangalore,0.3,2.6,21.5,86,26.6,13.6,1004.2,Open-Meteo_ERA5_Historical,https://archive-api.open-meteo.com/v1/archive?latitude=12.8698&longitude=74.8431
2024-06-30T14:00,12.8698,74.8431,Mangalore,0.1,2.6,21.099999999999998,84,27.0,15.8,1003.6,Open-Meteo_ERA5_Historical,https://archive-api.open-meteo.com/v1/archive?latitude=12.8698&longitude=74.8431
2024-06-30T15:00,12.8698,74.8431,Mangalore,0.1,0.5,20.9,85,26.9,13.4,1002.8,Open-Meteo_ERA5_Historical,https://archive-api.open-meteo.com/v1/archive?latitude=12.8698&longitude=74.8431
2024-06-30T16:00,12.8698,74.8431,Mangalore,0.3,0.5,20.5,83,26.9,14.7,1002.5,Open-Meteo_ERA5_Historical,https://archive-api.open-meteo.com/v1/archive?latitude=12.8698&longitude=74.8431
2024-06-30T17:00,12.8698,74.8431,Mangalore,5.8,6.2,26.199999999999996,92,25.7,13.1,1003.1,Open-Meteo_ERA5_Historical,https://archive-api.open-meteo.com/v1/archive?latitude=12.8698&longitude=74.8431
2024-06-30T18:00,12.8698,74.8431,Mangalore,0.3,6.4,26.4,93,25.5,10.4,1003.0,Open-Meteo_ERA5_Historical,https://archive-api.open-meteo.com/v1/archive?latitude=12.8698&longitude=74.8431
2024-06-30T19:00,12.8698,74.8431,Mangalore,1.6,7.7,27.8,94,25.0,10.7,1003.8,Open-Meteo_ERA5_Historical,https://archive-api.open-meteo.com/v1/archive?latitude=12.8698&longitude=74.8431
2024-06-30T20:00,12.8698,74.8431,Mangalore,5.8,7.7,33.6,95,24.9,6.5,1004.8,Open-Meteo_ERA5_Historical,https://archive-api.open-meteo.com/v1/archive?latitude=12.8698&longitude=74.8431
2024-06-30T21:00,12.8698,74.8431,Mangalore,1.1,8.5,34.6,95,25.0,2.3,1005.0,Open-Meteo_ERA5_Historical,https://archive-api.open-meteo.com/v1/archive?latitude=12.8698&longitude=74.8431
2024-06-30T22:00,12.8698,74.8431,Mangalore,0.2,7.1,34.5,96,24.8,6.8,1005.5,Open-Meteo_ERA5_Historical,https://archive-api.open-meteo.com/v1/archive?latitude=12.8698&longitude=74.8431
2024-06-30T23:00,12.8698,74.8431,Mangalore,0.7,2.0,34.9,97,24.5,6.9,1005.4,Open-Meteo_ERA5_Historical,https://archive-api.open-meteo.com/v1/archive?latitude=12.8698&longitude=74.8431
2024-07-01T00:00,12.8698,74.8431,Mangalore,1.2,2.0999999999999996,35.9,97,24.0,7.7,1004.9,Open-Meteo_ERA5_Historical,https://archive-api.open-meteo.com/v1/archive?latitude=12.8698&longitude=74.8431
2024-07-01T01:00,12.8698,74.8431,Mangalore,11.8,13.700000000000001,47.2,97,24.0,5.7,1004.9,Open-Meteo_ERA5_Historical,https://archive-api.open-meteo.com/v1/archive?latitude=12.8698&longitude=74.8431
2024-07-01T02:00,12.8698,74.8431,Mangalore,7.6,20.6,54.6,96,24.1,4.1,1004.1,Open-Meteo_ERA5_Historical,https://archive-api.open-meteo.com/v1/archive?latitude=12.8698&longitude=74.8431
2024-07-01T03:00,12.8698,74.8431,Mangalore,4.4,23.800000000000004,58.7,95,24.2,2.4,1003.9,Open-Meteo_ERA5_Historical,https://archive-api.open-meteo.com/v1/archive?latitude=12.8698&longitude=74.8431
2024-07-01T04:00,12.8698,74.8431,Mangalore,3.3,15.3,61.3,97,24.1,5.6,1003.7,Open-Meteo_ERA5_Historical,https://archive-api.open-meteo.com/v1/archive?latitude=12.8698&longitude=74.8431
2024-07-01T05:00,12.8698,74.8431,Mangalore,2.2,9.9,60.7,97,23.8,5.0,1003.5,Open-Meteo_ERA5_Historical,https://archive-api.open-meteo.com/v1/archive?latitude=12.8698&longitude=74.8431
2024-07-01T06:00,12.8698,74.8431,Mangalore,0.5,6.0,61.0,95,24.5,5.8,1003.7,Open-Meteo_ERA5_Historical,https://archive-api.open-meteo.com/v1/archive?latitude=12.8698&longitude=74.8431
2024-07-01T07:00,12.8698,74.8431,Mangalore,2.6,5.300000000000001,62.7,95,24.4,5.7,1004.2,Open-Meteo_ERA5_Historical,https://archive-api.open-meteo.com/v1/archive?latitude=12.8698&longitude=74.8431
2024-07-01T08:00,12.8698,74.8431,Mangalore,2.1,5.2,64.5,95,24.5,3.9,1004.5,Open-Meteo_ERA5_Historical,https://archive-api.open-meteo.com/v1/archive?latitude=12.8698&longitude=74.8431
2024-07-01T09:00,12.8698,74.8431,Mangalore,0.6,5.3,56.0,93,25.1,8.0,1005.1,Open-Meteo_ERA5_Historical,https://archive-api.open-meteo.com/v1/archive?latitude=12.8698&longitude=74.8431
2024-07-01T10:00,12.8698,74.8431,Mangalore,0.1,2.8000000000000003,55.0,86,26.5,11.7,1005.2,Open-Meteo_ERA5_Historical,https://archive-api.open-meteo.com/v1/archive?latitude=12.8698&longitude=74.8431
2024-07-01T11:00,12.8698,74.8431,Mangalore,3.3,4.0,58.2,92,25.6,19.0,1005.8,Open-Meteo_ERA5_Historical,https://archive-api.open-meteo.com/v1/archive?latitude=12.8698&longitude=74.8431
2024-07-01T12:00,12.8698,74.8431,Mangalore,1.8,5.2,57.8,94,25.2,12.5,1005.1,Open-Meteo_ERA5_Historical,https://archive-api.open-meteo.com/v1/archive?latitude=12.8698&longitude=74.8431
2024-07-01T13:00,12.8698,74.8431,Mangalore,2.2,7.300000000000001,59.7,90,26.2,13.0,1004.4,Open-Meteo_ERA5_Historical,https://archive-api.open-meteo.com/v1/archive?latitude=12.8698&longitude=74.8431
2024-07-01T14:00,12.8698,74.8431,Mangalore,0.4,4.4,60.0,89,26.3,10.8,1003.5,Open-Meteo_ERA5_Historical,https://archive-api.open-meteo.com/v1/archive?latitude=12.8698&longitude=74.8431
2024-07-01T15:00,12.8698,74.8431,Mangalore,0.2,2.8000000000000003,60.1,85,27.1,13.9,1002.9,Open-Meteo_ERA5_Historical,https://archive-api.open-meteo.com/v1/archive?latitude=12.8698&longitude=74.8431
2024-07-01T16:00,12.8698,74.8431,Mangalore,2.2,2.8000000000000003,62.0,91,25.4,11.0,1003.1,Open-Meteo_ERA5_Historical,https://archive-api.open-meteo.com/v1/archive?latitude=12.8698&longitude=74.8431
2024-07-01T17:00,12.8698,74.8431,Mangalore,0.4,2.8000000000000003,56.6,94,25.3,8.8,1003.2,Open-Meteo_ERA5_Historical,https://archive-api.open-meteo.com/v1/archive?latitude=12.8698&longitude=74.8431
2024-07-01T18:00,12.8698,74.8431,Mangalore,0.7,3.3000000000000003,57.0,92,24.9,15.9,1004.2,Open-Meteo_ERA5_Historical,https://archive-api.open-meteo.com/v1/archive?latitude=12.8698&longitude=74.8431
2024-07-01T19:00,12.8698,74.8431,Mangalore,0.2,1.3,55.6,93,24.6,10.1,1004.4,Open-Meteo_ERA5_Historical,https://archive-api.open-meteo.com/v1/archive?latitude=12.8698&longitude=74.8431
2024-07-01T20:00,12.8698,74.8431,Mangalore,1.3,2.2,51.1,97,24.0,4.8,1005.4,Open-Meteo_ERA5_Historical,https://archive-api.open-meteo.com/v1/archive?latitude=12.8698&longitude=74.8431
2024-07-01T21:00,12.8698,74.8431,Mangalore,0.4,1.9,50.4,96,24.0,5.1,1005.4,Open-Meteo_ERA5_Historical,https://archive-api.open-meteo.com/v1/archive?latitude=12.8698&longitude=74.8431
2024-07-01T22:00,12.8698,74.8431,Mangalore,0.3,2.0,50.5,97,24.1,2.7,1006.0,Open-Meteo_ERA5_Historical,https://archive-api.open-meteo.com/v1/archive?latitude=12.8698&longitude=74.8431
2024-07-01T23:00,12.8698,74.8431,Mangalore,0.2,0.9,50.0,97,24.3,2.9,1005.3,Open-Meteo_ERA5_Historical,https://archive-api.open-meteo.com/v1/archive?latitude=12.8698&longitude=74.8431
2024-07-02T00:00,12.8698,74.8431,Mangalore,0.1,0.6,48.900000000000006,97,24.2,6.1,1004.5,Open-Meteo_ERA5_Historical,https://archive-api.open-meteo.com/v1/archive?latitude=12.8698&longitude=74.8431
2024-07-02T01:00,12.8698,74.8431,Mangalore,0.5,0.8,37.6,97,23.9,3.6,1004.0,Open-Meteo_ERA5_Historical,https://archive-api.open-meteo.com/v1/archive?latitude=12.8698&longitude=74.8431
2024-07-02T02:00,12.8698,74.8431,Mangalore,0.3,0.9000000000000001,30.3,97,23.9,6.3,1002.9,Open-Meteo_ERA5_Historical,https://archive-api.open-meteo.com/v1/archive?latitude=12.8698&longitude=74.8431
2024-07-02T03:00,12.8698,74.8431,Mangalore,0.3,1.1,26.2,96,24.0,5.1,1002.7,Open-Meteo_ERA5_Historical,https://archive-api.open-meteo.com/v1/archive?latitude=12.8698&longitude=74.8431
2024-07-02T04:00,12.8698,74.8431,Mangalore,0.4,1.0,23.3,96,24.3,6.6,1002.4,Open-Meteo_ERA5_Historical,https://archive-api.open-meteo.com/v1/archive?latitude=12.8698&longitude=74.8431
2024-07-02T05:00,12.8698,74.8431,Mangalore,0.3,1.0,21.400000000000002,97,24.5,7.6,1002.4,Open-Meteo_ERA5_Historical,https://archive-api.open-meteo.com/v1/archive?latitude=12.8698&longitude=74.8431
2024-07-02T06:00,12.8698,74.8431,Mangalore,0.1,0.8,21.0,95,25.0,5.9,1002.6,Open-Meteo_ERA5_Historical,https://archive-api.open-meteo.com/v1/archive?latitude=12.8698&longitude=74.8431
2024-07-02T07:00,12.8698,74.8431,Mangalore,0.2,0.6,18.599999999999998,94,25.3,8.7,1003.2,Open-Meteo_ERA5_Historical,https://archive-api.open-meteo.com/v1/archive?latitude=12.8698&longitude=74.8431
2024-07-02T08:00,12.8698,74.8431,Mangalore,0.2,0.5,16.700000000000003,91,26.0,9.5,1003.6,Open-Meteo_ERA5_Historical,https://archive-api.open-meteo.com/v1/archive?latitude=12.8698&longitude=74.8431
2024-07-02T09:00,12.8698,74.8431,Mangalore,0.6,1.0,16.7,86,26.5,13.7,1003.9,Open-Meteo_ERA5_Historical,https://archive-api.open-meteo.com/v1/archive?latitude=12.8698&longitude=74.8431
2024-07-02T10:00,12.8698,74.8431,Mangalore,3.6,4.4,20.200000000000003,89,26.5,12.9,1004.5,Open-Meteo_ERA5_Historical,https://archive-api.open-meteo.com/v1/archive?latitude=12.8698&longitude=74.8431
2024-07-02T11:00,12.8698,74.8431,Mangalore,0.0,4.199999999999999,16.900000000000002,85,27.5,11.9,1004.2,Open-Meteo_ERA5_Historical,https://archive-api.open-meteo.com/v1/archive?latitude=12.8698&longitude=74.8431
2024-07-02T12:00,12.8698,74.8431,Mangalore,0.1,3.7,15.200000000000001,84,27.5,14.6,1003.8,Open-Meteo_ERA5_Historical,https://archive-api.open-meteo.com/v1/archive?latitude=12.8698&longitude=74.8431
2024-07-02T13:00,12.8698,74.8431,Mangalore,0.1,0.2,13.1,83,27.6,12.0,1003.1,Open-Meteo_ERA5_Historical,https://archive-api.open-meteo.com/v1/archive?latitude=12.8698&longitude=74.8431
2024-07-02T14:00,12.8698,74.8431,Mangalore,0.2,0.4,12.9,82,28.1,13.8,1002.4,Open-Meteo_ERA5_Historical,https://archive-api.open-meteo.com/v1/archive?latitude=12.8698&longitude=74.8431
2024-07-02T15:00,12.8698,74.8431,Mangalore,0.1,0.4,12.8,85,27.5,14.9,1001.9,Open-Meteo_ERA5_Historical,https://archive-api.open-meteo.com/v1/archive?latitude=12.8698&longitude=74.8431
2024-07-02T16:00,12.8698,74.8431,Mangalore,1.7,2.0,12.3,88,26.2,12.9,1001.6,Open-Meteo_ERA5_Historical,https://archive-api.open-meteo.com/v1/archive?latitude=12.8698&longitude=74.8431
2024-07-02T17:00,12.8698,74.8431,Mangalore,0.0,1.8,11.9,86,26.4,11.0,1001.6,Open-Meteo_ERA5_Historical,https://archive-api.open-meteo.com/v1/archive?latitude=12.8698&longitude=74.8431
2024-07-02T18:00,12.8698,74.8431,Mangalore,0.0,1.7,11.200000000000001,92,26.1,6.2,1001.7,Open-Meteo_ERA5_Historical,https://archive-api.open-meteo.com/v1/archive?latitude=12.8698&longitude=74.8431
2024-07-02T19:00,12.8698,74.8431,Mangalore,0.1,0.1,11.1,93,25.6,8.1,1002.2,Open-Meteo_ERA5_Historical,https://archive-api.open-meteo.com/v1/archive?latitude=12.8698&longitude=74.8431
2024-07-02T20:00,12.8698,74.8431,Mangalore,0.3,0.4,10.100000000000001,95,25.1,5.6,1003.3,Open-Meteo_ERA5_Historical,https://archive-api.open-meteo.com/v1/archive?latitude=12.8698&longitude=74.8431
2024-07-02T21:00,12.8698,74.8431,Mangalore,0.1,0.5,9.8,96,24.9,6.4,1004.1,Open-Meteo_ERA5_Historical,https://archive-api.open-meteo.com/v1/archive?latitude=12.8698&longitude=74.8431
2024-07-02T22:00,12.8698,74.8431,Mangalore,0.1,0.5,9.6,96,24.6,8.6,1004.4,Open-Meteo_ERA5_Historical,https://archive-api.open-meteo.com/v1/archive?latitude=12.8698&longitude=74.8431
2024-07-02T23:00,12.8698,74.8431,Mangalore,0.3,0.49999999999999994,9.700000000000001,96,24.5,7.5,1004.0,Open-Meteo_ERA5_Historical,https://archive-api.open-meteo.com/v1/archive?latitude=12.8698&longitude=74.8431
2024-07-03T00:00,12.8698,74.8431,Mangalore,1.5,1.9,11.1,96,24.1,5.8,1003.5,Open-Meteo_ERA5_Historical,https://archive-api.open-meteo.com/v1/archive?latitude=12.8698&longitude=74.8431
2024-07-03T01:00,12.8698,74.8431,Mangalore,1.3,3.0999999999999996,11.9,97,23.8,11.1,1002.2,Open-Meteo_ERA5_Historical,https://archive-api.open-meteo.com/v1/archive?latitude=12.8698&longitude=74.8431
2024-07-03T02:00,12.8698,74.8431,Mangalore,0.0,2.8,11.6,97,23.6,10.8,1001.7,Open-Meteo_ERA5_Historical,https://archive-api.open-meteo.com/v1/archive?latitude=12.8698&longitude=74.8431
2024-07-03T03:00,12.8698,74.8431,Mangalore,0.0,1.3,11.299999999999999,96,24.0,8.7,1001.6,Open-Meteo_ERA5_Historical,https://archive-api.open-meteo.com/v1/archive?latitude=12.8698&longitude=74.8431
2024-07-03T04:00,12.8698,74.8431,Mangalore,1.0,1.0,11.899999999999999,97,24.0,5.4,1002.1,Open-Meteo_ERA5_Historical,https://archive-api.open-meteo.com/v1/archive?latitude=12.8698&longitude=74.8431
2024-07-03T05:00,12.8698,74.8431,Mangalore,0.5,1.5,12.1,96,24.0,5.1,1002.6,Open-Meteo_ERA5_Historical,https://archive-api.open-meteo.com/v1/archive?latitude=12.8698&longitude=74.8431
2024-07-03T06:00,12.8698,74.8431,Mangalore,0.6,2.1,12.600000000000001,95,24.6,7.3,1002.8,Open-Meteo_ERA5_Historical,https://archive-api.open-meteo.com/v1/archive?latitude=12.8698&longitude=74.8431
2024-07-03T07:00,12.8698,74.8431,Mangalore,2.6,3.7,15.0,94,24.4,5.5,1003.5,Open-Meteo_ERA5_Historical,https://archive-api.open-meteo.com/v1/archive?latitude=12.8698&longitude=74.8431
2024-07-03T08:00,12.8698,74.8431,Mangalore,0.2,3.4000000000000004,15.0,93,25.0,3.2,1004.3,Open-Meteo_ERA5_Historical,https://archive-api.open-meteo.com/v1/archive?latitude=12.8698&longitude=74.8431
2024-07-03T09:00,12.8698,74.8431,Mangalore,0.6,3.4000000000000004,15.0,87,26.0,2.6,1004.9,Open-Meteo_ERA5_Historical,https://archive-api.open-meteo.com/v1/archive?latitude=12.8698&longitude=74.8431
2024-07-03T10:00,12.8698,74.8431,Mangalore,1.1,1.9000000000000001,12.5,89,26.1,4.4,1004.7,Open-Meteo_ERA5_Historical,https://archive-api.open-meteo.com/v1/archive?latitude=12.8698&longitude=74.8431
2024-07-03T11:00,12.8698,74.8431,Mangalore,0.0,1.7000000000000002,12.5,83,27.8,3.6,1004.5,Open-Meteo_ERA5_Historical,https://archive-api.open-meteo.com/v1/archive?latitude=12.8698&longitude=74.8431
2024-07-03T12:00,12.8698,74.8431,Mangalore,0.3,1.4000000000000001,12.7,82,28.4,6.2,1003.8,Open-Meteo_ERA5_Historical,https://archive-api.open-meteo.com/v1/archive?latitude=12.8698&longitude=74.8431
2024-07-03T13:00,12.8698,74.8431,Mangalore,0.1,0.4,12.7,80,28.8,9.9,1002.9,Open-Meteo_ERA5_Historical,https://archive-api.open-meteo.com/v1/archive?latitude=12.8698&longitude=74.8431
2024-07-03T14:00,12.8698,74.8431,Mangalore,0.1,0.5,12.600000000000001,84,27.9,10.1,1002.5,Open-Meteo_ERA5_Historical,https://archive-api.open-meteo.com/v1/archive?latitude=12.8698&longitude=74.8431
2024-07-03T15:00,12.8698,74.8431,Mangalore,1.2,1.4,13.7,82,27.2,13.8,1002.1,Open-Meteo_ERA5_Historical,https://archive-api.open-meteo.com/v1/archive?latitude=12.8698&longitude=74.8431
2024-07-03T16:00,12.8698,74.8431,Mangalore,1.0,2.3,13.0,88,26.4,9.1,1002.2,Open-Meteo_ERA5_Historical,https://archive-api.open-meteo.com/v1/archive?latitude=12.8698&longitude=74.8431
2024-07-03T17:00,12.8698,74.8431,Mangalore,0.1,2.3,13.1,88,26.5,10.1,1002.5,Open-Meteo_ERA5_Historical,https://archive-api.open-meteo.com/v1/archive?latitude=12.8698&longitude=74.8431
2024-07-03T18:00,12.8698,74.8431,Mangalore,0.5,1.6,13.6,90,25.8,6.4,1002.7,Open-Meteo_ERA5_Historical,https://archive-api.open-meteo.com/v1/archive?latitude=12.8698&longitude=74.8431
2024-07-03T19:00,12.8698,74.8431,Mangalore,0.1,0.7,13.6,96,24.9,3.3,1003.4,Open-Meteo_ERA5_Historical,https://archive-api.open-meteo.com/v1/archive?latitude=12.8698&longitude=74.8431
2024-07-03T20:00,12.8698,74.8431,Mangalore,0.3,0.9,13.6,92,25.1,7.3,1004.6,Open-Meteo_ERA5_Historical,https://archive-api.open-meteo.com/v1/archive?latitude=12.8698&longitude=74.8431
2024-07-03T21:00,12.8698,74.8431,Mangalore,3.1,3.5,16.6,94,24.3,2.5,1005.5,Open-Meteo_ERA5_Historical,https://archive-api.open-meteo.com/v1/archive?latitude=12.8698&longitude=74.8431
2024-07-03T22:00,12.8698,74.8431,Mangalore,1.3,4.7,17.799999999999997,96,24.0,4.8,1005.4,Open-Meteo_ERA5_Historical,https://archive-api.open-meteo.com/v1/archive?latitude=12.8698&longitude=74.8431
2024-07-03T23:00,12.8698,74.8431,Mangalore,0.5,4.9,18.0,96,23.9,6.5,1005.2,Open-Meteo_ERA5_Historical,https://archive-api.open-meteo.com/v1/archive?latitude=12.8698&longitude=74.8431
2024-07-04T00:00,12.8698,74.8431,Mangalore,0.5,2.3,17.0,96,24.0,5.4,1004.6,Open-Meteo_ERA5_Historical,https://archive-api.open-meteo.com/v1/archive?latitude=12.8698&longitude=74.8431
2024-07-04T01:00,12.8698,74.8431,Mangalore,0.5,1.5,16.2,96,24.0,5.2,1003.8,Open-Meteo_ERA5_Historical,https://archive-api.open-meteo.com/v1/archive?latitude=12.8698&longitude=74.8431
2024-07-04T02:00,12.8698,74.8431,Mangalore,0.2,1.2,16.400000000000002,97,24.1,6.8,1003.4,Open-Meteo_ERA5_Historical,https://archive-api.open-meteo.com/v1/archive?latitude=12.8698&longitude=74.8431
2024-07-04T03:00,12.8698,74.8431,Mangalore,0.7,1.4,17.1,97,24.2,3.1,1003.2,Open-Meteo_ERA5_Historical,https://archive-api.open-meteo.com/v1/archive?latitude=12.8698&longitude=74.8431
2024-07-04T04:00,12.8698,74.8431,Mangalore,0.4,1.2999999999999998,16.5,98,24.5,2.2,1003.2,Open-Meteo_ERA5_Historical,https://archive-api.open-meteo.com/v1/archive?latitude=12.8698&longitude=74.8431
2024-07-04T05:00,12.8698,74.8431,Mangalore,0.5,1.6,16.5,95,24.5,6.4,1003.6,Open-Meteo_ERA5_Historical,https://archive-api.open-meteo.com/v1/archive?latitude=12.8698&longitude=74.8431
2024-07-04T06:00,12.8698,74.8431,Mangalore,2.9,3.8,18.8,96,24.2,2.4,1004.0,Open-Meteo_ERA5_Historical,https://archive-api.open-meteo.com/v1/archive?latitude=12.8698&longitude=74.8431
2024-07-04T07:00,12.8698,74.8431,Mangalore,3.2,6.6000000000000005,19.400000000000002,96,24.5,3.4,1004.7,Open-Meteo_ERA5_Historical,https://archive-api.open-meteo.com/v1/archive?latitude=12.8698&longitude=74.8431
2024-07-04T08:00,12.8698,74.8431,Mangalore,2.5,8.600000000000001,21.7,94,24.8,3.9,1005.6,Open-Meteo_ERA5_Historical,https://archive-api.open-meteo.com/v1/archive?latitude=12.8698&longitude=74.8431
2024-07-04T09:00,12.8698,74.8431,Mangalore,2.4,8.1,23.5,93,25.0,3.6,1006.1,Open-Meteo_ERA5_Historical,https://archive-api.open-meteo.com/v1/archive?latitude=12.8698&longitude=74.8431
2024-07-04T10:00,12.8698,74.8431,Mangalore,2.2,7.100000000000001,24.6,94,25.0,7.4,1005.8,Open-Meteo_ERA5_Historical,https://archive-api.open-meteo.com/v1/archive?latitude=12.8698&longitude=74.8431
2024-07-04T11:00,12.8698,74.8431,Mangalore,1.2,5.800000000000001,25.8,93,25.2,8.3,1005.8,Open-Meteo_ERA5_Historical,https://archive-api.open-meteo.com/v1/archive?latitude=12.8698&longitude=74.8431
2024-07-04T12:00,12.8698,74.8431,Mangalore,0.4,3.8000000000000007,25.9,89,25.9,7.3,1005.1,Open-Meteo_ERA5_Historical,https://archive-api.open-meteo.com/v1/archive?latitude=12.8698&longitude=74.8431
2024-07-04T13:00,12.8698,74.8431,Mangalore,0.2,1.8000000000000005,26.0,85,26.7,4.3,1004.3,Open-Meteo_ERA5_Historical,https://archive-api.open-meteo.com/v1/archive?latitude=12.8698&longitude=74.8431
2024-07-04T14:00,12.8698,74.8431,Mangalore,0.2,0.8000000000000005,26.1,84,27.0,4.2,1003.5,Open-Meteo_ERA5_Historical,https://archive-api.open-meteo.com/v1/archive?latitude=12.8698&longitude=74.8431
2024-07-04T15:00,12.8698,74.8431,Mangalore,0.1,0.5000000000000004,25.0,84,27.0,5.9,1003.1,Open-Meteo_ERA5_Historical,https://archive-api.open-meteo.com/v1/archive?latitude=12.8698&longitude=74.8431
2024-07-04T16:00,12.8698,74.8431,Mangalore,0.0,0.3000000000000005,24.0,84,27.0,6.1,1002.9,Open-Meteo_ERA5_Historical,https://archive-api.open-meteo.com/v1/archive?latitude=12.8698&longitude=74.8431
2024-07-04T17:00,12.8698,74.8431,Mangalore,0.0,0.10000000000000045,23.9,84,26.9,6.9,1003.2,Open-Meteo_ERA5_Historical,https://archive-api.open-meteo.com/v1/archive?latitude=12.8698&longitude=74.8431
2024-07-04T18:00,12.8698,74.8431,Mangalore,0.3,0.30000000000000043,23.7,90,26.0,4.4,1003.1,Open-Meteo_ERA5_Historical,https://archive-api.open-meteo.com/v1/archive?latitude=12.8698&longitude=74.8431
2024-07-04T19:00,12.8698,74.8431,Mangalore,0.1,0.40000000000000047,23.700000000000003,92,25.5,4.3,1003.5,Open-Meteo_ERA5_Historical,https://archive-api.open-meteo.com/v1/archive?latitude=12.8698&longitude=74.8431
2024-07-04T20:00,12.8698,74.8431,Mangalore,0.1,0.5000000000000004,23.5,91,25.5,5.1,1003.9,Open-Meteo_ERA5_Historical,https://archive-api.open-meteo.com/v1/archive?latitude=12.8698&longitude=74.8431
2024-07-04T21:00,12.8698,74.8431,Mangalore,0.1,0.30000000000000004,20.5,94,25.3,3.6,1004.7,Open-Meteo_ERA5_Historical,https://archive-api.open-meteo.com/v1/archive?latitude=12.8698&longitude=74.8431
2024-07-04T22:00,12.8698,74.8431,Mangalore,0.2,0.40000000000000047,19.400000000000002,94,25.1,6.2,1005.1,Open-Meteo_ERA5_Historical,https://archive-api.open-meteo.com/v1/archive?latitude=12.8698&longitude=74.8431
2024-07-04T23:00,12.8698,74.8431,Mangalore,0.4,0.7000000000000005,19.3,95,25.1,6.4,1004.9,Open-Meteo_ERA5_Historical,https://archive-api.open-meteo.com/v1/archive?latitude=12.8698&longitude=74.8431
2024-07-05T00:00,12.8698,74.8431,Mangalore,0.1,0.7000000000000005,18.900000000000002,95,25.2,6.6,1004.2,Open-Meteo_ERA5_Historical,https://archive-api.open-meteo.com/v1/archive?latitude=12.8698&longitude=74.8431
2024-07-05T01:00,12.8698,74.8431,Mangalore,0.9,1.4000000000000004,19.3,94,24.8,5.9,1003.6,Open-Meteo_ERA5_Historical,https://archive-api.open-meteo.com/v1/archive?latitude=12.8698&longitude=74.8431
2024-07-05T02:00,12.8698,74.8431,Mangalore,0.4,1.4000000000000006,19.5,95,24.8,3.4,1003.0,Open-Meteo_ERA5_Historical,https://archive-api.open-meteo.com/v1/archive?latitude=12.8698&longitude=74.8431
2024-07-05T03:00,12.8698,74.8431,Mangalore,0.2,1.5000000000000004,19.0,97,24.5,4.7,1002.7,Open-Meteo_ERA5_Historical,https://archive-api.open-meteo.com/v1/archive?latitude=12.8698&longitude=74.8431
2024-07-05T04:00,12.8698,74.8431,Mangalore,0.6,1.2000000000000006,19.200000000000003,96,24.6,4.3,1002.7,Open-Meteo_ERA5_Historical,https://archive-api.open-meteo.com/v1/archive?latitude=12.8698&longitude=74.8431
2024-07-05T05:00,12.8698,74.8431,Mangalore,0.2,1.0000000000000004,18.900000000000002,96,24.8,5.4,1002.6,Open-Meteo_ERA5_Historical,https://archive-api.open-meteo.com/v1/archive?latitude=12.8698&longitude=74.8431
2024-07-05T06:00,12.8698,74.8431,Mangalore,0.3,1.1000000000000005,16.299999999999997,94,25.0,5.7,1003.0,Open-Meteo_ERA5_Historical,https://archive-api.open-meteo.com/v1/archive?latitude=12.8698&longitude=74.8431
2024-07-05T07:00,12.8698,74.8431,Mangalore,0.5,1.0000000000000004,13.6,94,25.2,4.9,1003.3,Open-Meteo_ERA5_Historical,https://archive-api.open-meteo.com/v1/archive?latitude=12.8698&longitude=74.8431
2024-07-05T08:00,12.8698,74.8431,Mangalore,0.1,0.9000000000000005,11.2,90,25.8,8.6,1003.5,Open-Meteo_ERA5_Historical,https://archive-api.open-meteo.com/v1/archive?latitude=12.8698&longitude=74.8431
2024-07-05T09:00,12.8698,74.8431,Mangalore,1.6,2.2000000000000006,10.400000000000002,91,26.1,7.9,1004.5,Open-Meteo_ERA5_Historical,https://archive-api.open-meteo.com/v1/archive?latitude=12.8698&longitude=74.8431
2024-07-05T10:00,12.8698,74.8431,Mangalore,0.3,2.0000000000000004,8.5,89,26.3,11.0,1004.3,Open-Meteo_ERA5_Historical,https://archive-api.open-meteo.com/v1/archive?latitude=12.8698&longitude=74.8431
2024-07-05T11:00,12.8698,74.8431,Mangalore,0.2,2.1000000000000005,7.5,90,26.1,7.5,1004.0,Open-Meteo_ERA5_Historical,https://archive-api.open-meteo.com/v1/archive?latitude=12.8698&longitude=74.8431
2024-07-05T12:00,12.8698,74.8431,Mangalore,0.3,0.8000000000000005,7.4,86,27.1,12.8,1003.5,Open-Meteo_ERA5_Historical,https://archive-api.open-meteo.com/v1/archive?latitude=12.8698&longitude=74.8431
2024-07-05T13:00,12.8698,74.8431,Mangalore,2.9,3.4000000000000004,10.1,87,26.2,13.3,1002.8,Open-Meteo_ERA5_Historical,https://archive-api.open-meteo.com/v1/archive?latitude=12.8698&longitude=74.8431
2024-07-05T14:00,12.8698,74.8431,Mangalore,2.5,5.7,12.399999999999999,87,26.1,18.0,1002.5,Open-Meteo_ERA5_Historical,https://archive-api.open-meteo.com/v1/archive?latitude=12.8698&longitude=74.8431
2024-07-05T15:00,12.8698,74.8431,Mangalore,1.1,6.5,13.399999999999999,89,25.8,11.6,1001.5,Open-Meteo_ERA5_Historical,https://archive-api.open-meteo.com/v1/archive?latitude=12.8698&longitude=74.8431
2024-07-05T16:00,12.8698,74.8431,Mangalore,6.5,10.1,19.9,91,25.1,11.4,1001.4,Open-Meteo_ERA5_Historical,https://archive-api.open-meteo.com/v1/archive?latitude=12.8698&longitude=74.8431
2024-07-05T17:00,12.8698,74.8431,Mangalore,4.2,11.8,24.1,93,24.7,6.9,1001.2,Open-Meteo_ERA5_Historical,https://archive-api.open-meteo.com/v1/archive?latitude=12.8698&longitude=74.8431
2024-07-05T18:00,12.8698,74.8431,Mangalore,0.3,11.0,24.099999999999998,90,25.7,10.7,1001.6,Open-Meteo_ERA5_Historical,https://archive-api.open-meteo.com/v1/archive?latitude=12.8698&longitude=74.8431
2024-07-05T19:00,12.8698,74.8431,Mangalore,0.2,4.7,24.200000000000003,93,25.3,10.6,1002.1,Open-Meteo_ERA5_Historical,https://archive-api.open-meteo.com/v1/archive?latitude=12.8698&longitude=74.8431
2024-07-05T20:00,12.8698,74.8431,Mangalore,0.7,1.2,24.8,93,25.1,7.6,1002.8,Open-Meteo_ERA5_Historical,https://archive-api.open-meteo.com/v1/archive?latitude=12.8698&longitude=74.8431
2024-07-05T21:00,12.8698,74.8431,Mangalore,1.5,2.4,26.200000000000003,94,24.7,8.7,1003.9,Open-Meteo_ERA5_Historical,https://archive-api.open-meteo.com/v1/archive?latitude=12.8698&longitude=74.8431
2024-07-05T22:00,12.8698,74.8431,Mangalore,1.1,3.3000000000000003,27.099999999999998,92,25.1,10.0,1004.1,Open-Meteo_ERA5_Historical,https://archive-api.open-meteo.com/v1/archive?latitude=12.8698&longitude=74.8431
2024-07-05T23:00,12.8698,74.8431,Mangalore,0.4,3.0,27.1,94,24.9,9.2,1003.8,Open-Meteo_ERA5_Historical,https://archive-api.open-meteo.com/v1/archive?latitude=12.8698&longitude=74.8431
2024-07-06T00:00,12.8698,74.8431,Mangalore,0.9,2.4000000000000004,27.9,93,24.6,9.7,1003.7,Open-Meteo_ERA5_Historical,https://archive-api.open-meteo.com/v1/archive?latitude=12.8698&longitude=74.8431
2024-07-06T01:00,12.8698,74.8431,Mangalore,0.3,1.6,27.3,95,24.2,7.1,1002.5,Open-Meteo_ERA5_Historical,https://archive-api.open-meteo.com/v1/archive?latitude=12.8698&longitude=74.8431
2024-07-06T02:00,12.8698,74.8431,Mangalore,0.3,1.5,27.200000000000003,96,23.8,4.0,1001.9,Open-Meteo_ERA5_Historical,https://archive-api.open-meteo.com/v1/archive?latitude=12.8698&longitude=74.8431
2024-07-06T03:00,12.8698,74.8431,Mangalore,0.7,1.2999999999999998,27.7,95,24.2,9.1,1001.5,Open-Meteo_ERA5_Historical,https://archive-api.open-meteo.com/v1/archive?latitude=12.8698&longitude=74.8431
2024-07-06T04:00,12.8698,74.8431,Mangalore,0.3,1.2999999999999998,27.400000000000002,92,24.8,8.6,1001.3,Open-Meteo_ERA5_Historical,https://archive-api.open-meteo.com/v1/archive?latitude=12.8698&longitude=74.8431
2024-07-06T05:00,12.8698,74.8431,Mangalore,0.6,1.6,27.8,94,24.5,8.0,1001.4,Open-Meteo_ERA5_Historical,https://archive-api.open-meteo.com/v1/archive?latitude=12.8698&longitude=74.8431
2024-07-06T06:00,12.8698,74.8431,Mangalore,0.3,1.2,27.8,96,24.5,10.7,1001.9,Open-Meteo_ERA5_Historical,https://archive-api.open-meteo.com/v1/archive?latitude=12.8698&longitude=74.8431
2024-07-06T07:00,12.8698,74.8431,Mangalore,0.6,1.5,27.900000000000002,95,24.8,11.4,1002.8,Open-Meteo_ERA5_Historical,https://archive-api.open-meteo.com/v1/archive?latitude=12.8698&longitude=74.8431
2024-07-06T08:00,12.8698,74.8431,Mangalore,1.2,2.1,29.0,91,25.0,9.8,1003.2,Open-Meteo_ERA5_Historical,https://archive-api.open-meteo.com/v1/archive?latitude=12.8698&longitude=74.8431
2024-07-06T09:00,12.8698,74.8431,Mangalore,1.7,3.5,29.099999999999998,92,25.0,11.2,1004.0,Open-Meteo_ERA5_Historical,https://archive-api.open-meteo.com/v1/archive?latitude=12.8698&longitude=74.8431
2024-07-06T10:00,12.8698,74.8431,Mangalore,0.2,3.1000000000000005,29.0,87,25.5,11.8,1004.2,Open-Meteo_ERA5_Historical,https://archive-api.open-meteo.com/v1/archive?latitude=12.8698&longitude=74.8431
2024-07-06T11:00,12.8698,74.8431,Mangalore,0.4,2.3000000000000003,29.2,87,25.6,8.0,1003.7,Open-Meteo_ERA5_Historical,https://archive-api.open-meteo.com/v1/archive?latitude=12.8698&longitude=74.8431
2024-07-06T12:00,12.8698,74.8431,Mangalore,0.5,1.1000000000000003,29.400000000000002,85,26.9,9.2,1003.3,Open-Meteo_ERA5_Historical,https://archive-api.open-meteo.com/v1/archive?latitude=12.8698&longitude=74.8431
2024-07-06T13:00,12.8698,74.8431,Mangalore,0.2,1.1000000000000003,26.7,82,27.6,12.9,1002.4,Open-Meteo_ERA5_Historical,https://archive-api.open-meteo.com/v1/archive?latitude=12.8698&longitude=74.8431
2024-07-06T14:00,12.8698,74.8431,Mangalore,0.1,0.8000000000000002,24.299999999999997,79,27.9,13.9,1001.5,Open-Meteo_ERA5_Historical,https://archive-api.open-meteo.com/v1/archive?latitude=12.8698&longitude=74.8431
2024-07-06T15:00,12.8698,74.8431,Mangalore,0.3,0.6000000000000003,23.5,83,27.0,14.5,1000.9,Open-Meteo_ERA5_Historical,https://archive-api.open-meteo.com/v1/archive?latitude=12.8698&longitude=74.8431
2024-07-06T16:00,12.8698,74.8431,Mangalore,0.3,0.7000000000000002,17.3,87,26.4,11.8,1000.6,Open-Meteo_ERA5_Historical,https://archive-api.open-meteo.com/v1/archive?latitude=12.8698&longitude=74.8431
2024-07-06T17:00,12.8698,74.8431,Mangalore,0.7,1.3000000000000003,13.8,90,25.7,12.3,1000.9,Open-Meteo_ERA5_Historical,https://archive-api.open-meteo.com/v1/archive?latitude=12.8698&longitude=74.8431
2024-07-06T18:00,12.8698,74.8431,Mangalore,0.5,1.5,14.0,94,24.6,10.1,1001.5,Open-Meteo_ERA5_Historical,https://archive-api.open-meteo.com/v1/archive?latitude=12.8698&longitude=74.8431
2024-07-06T19:00,12.8698,74.8431,Mangalore,0.4,1.6,14.2,93,24.8,10.5,1002.0,Open-Meteo_ERA5_Historical,https://archive-api.open-meteo.com/v1/archive?latitude=12.8698&longitude=74.8431
2024-07-06T20:00,12.8698,74.8431,Mangalore,1.3,2.2,14.8,95,24.5,9.2,1003.1,Open-Meteo_ERA5_Historical,https://archive-api.open-meteo.com/v1/archive?latitude=12.8698&longitude=74.8431
2024-07-06T21:00,12.8698,74.8431,Mangalore,1.4,3.1,14.700000000000001,94,24.6,8.1,1003.1,Open-Meteo_ERA5_Historical,https://archive-api.open-meteo.com/v1/archive?latitude=12.8698&longitude=74.8431
2024-07-06T22:00,12.8698,74.8431,Mangalore,0.3,3.0,13.899999999999999,95,24.5,6.1,1003.2,Open-Meteo_ERA5_Historical,https://archive-api.open-meteo.com/v1/archive?latitude=12.8698&longitude=74.8431
2024-07-06T23:00,12.8698,74.8431,Mangalore,0.3,2.0,13.8,96,24.6,6.5,1002.9,Open-Meteo_ERA5_Historical,https://archive-api.open-meteo.com/v1/archive?latitude=12.8698&longitude=74.8431
2024-07-07T00:00,12.8698,74.8431,Mangalore,0.4,1.0,13.3,96,24.6,4.0,1002.4,Open-Meteo_ERA5_Historical,https://archive-api.open-meteo.com/v1/archive?latitude=12.8698&longitude=74.8431
2024-07-07T01:00,12.8698,74.8431,Mangalore,2.1,2.8,15.1,94,24.5,2.3,1001.9,Open-Meteo_ERA5_Historical,https://archive-api.open-meteo.com/v1/archive?latitude=12.8698&longitude=74.8431
2024-07-07T02:00,12.8698,74.8431,Mangalore,2.7,5.200000000000001,17.5,96,24.2,9.0,1001.4,Open-Meteo_ERA5_Historical,https://archive-api.open-meteo.com/v1/archive?latitude=12.8698&longitude=74.8431
2024-07-07T03:00,12.8698,74.8431,Mangalore,1.5,6.300000000000001,18.3,98,23.9,10.8,1001.2,Open-Meteo_ERA5_Historical,https://archive-api.open-meteo.com/v1/archive?latitude=12.8698&longitude=74.8431
2024-07-07T04:00,12.8698,74.8431,Mangalore,1.5,5.700000000000001,19.5,96,24.1,4.7,1001.2,Open-Meteo_ERA5_Historical,https://archive-api.open-meteo.com/v1/archive?latitude=12.8698&longitude=74.8431
2024-07-07T05:00,12.8698,74.8431,Mangalore,0.5,3.5000000000000004,19.4,96,24.0,9.1,1001.5,Open-Meteo_ERA5_Historical,https://archive-api.open-meteo.com/v1/archive?latitude=12.8698&longitude=74.8431
2024-07-07T06:00,12.8698,74.8431,Mangalore,0.6,2.6000000000000005,19.7,93,24.5,9.4,1001.9,Open-Meteo_ERA5_Historical,https://archive-api.open-meteo.com/v1/archive?latitude=12.8698&longitude=74.8431
2024-07-07T07:00,12.8698,74.8431,Mangalore,0.1,1.2000000000000004,19.2,93,25.0,8.2,1002.8,Open-Meteo_ERA5_Historical,https://archive-api.open-meteo.com/v1/archive?latitude=12.8698&longitude=74.8431
2024-07-07T08:00,12.8698,74.8431,Mangalore,0.4,1.1000000000000005,18.400000000000002,92,24.9,7.8,1003.2,Open-Meteo_ERA5_Historical,https://archive-api.open-meteo.com/v1/archive?latitude=12.8698&longitude=74.8431
2024-07-07T09:00,12.8698,74.8431,Mangalore,0.4,0.9000000000000005,17.099999999999998,92,25.0,6.2,1003.5,Open-Meteo_ERA5_Historical,https://archive-api.open-meteo.com/v1/archive?latitude=12.8698&longitude=74.8431
2024-07-07T10:00,12.8698,74.8431,Mangalore,0.8,1.6000000000000005,17.7,93,25.1,6.2,1003.7,Open-Meteo_ERA5_Historical,https://archive-api.open-meteo.com/v1/archive?latitude=12.8698&longitude=74.8431
2024-07-07T11:00,12.8698,74.8431,Mangalore,0.3,1.5000000000000007,17.6,93,25.5,8.0,1003.2,Open-Meteo_ERA5_Historical,https://archive-api.open-meteo.com/v1/archive?latitude=12.8698&longitude=74.8431
2024-07-07T12:00,12.8698,74.8431,Mangalore,0.4,1.5000000000000004,17.5,84,26.4,14.8,1002.8,Open-Meteo_ERA5_Historical,https://archive-api.open-meteo.com/v1/archive?latitude=12.8698&longitude=74.8431
2024-07-07T13:00,12.8698,74.8431,Mangalore,0.3,1.0000000000000004,17.6,89,25.9,13.8,1002.2,Open-Meteo_ERA5_Historical,https://archive-api.open-meteo.com/v1/archive?latitude=12.8698&longitude=74.8431
2024-07-07T14:00,12.8698,74.8431,Mangalore,0.4,1.1000000000000005,17.9,86,26.0,15.5,1001.9,Open-Meteo_ERA5_Historical,https://archive-api.open-meteo.com/v1/archive?latitude=12.8698&longitude=74.8431
2024-07-07T15:00,12.8698,74.8431,Mangalore,0.5,1.2000000000000006,18.099999999999998,89,25.5,9.7,1001.2,Open-Meteo_ERA5_Historical,https://archive-api.open-meteo.com/v1/archive?latitude=12.8698&longitude=74.8431
2024-07-07T16:00,12.8698,74.8431,Mangalore,0.4,1.3000000000000005,18.2,91,25.2,6.6,1001.0,Open-Meteo_ERA5_Historical,https://archive-api.open-meteo.com/v1/archive?latitude=12.8698&longitude=74.8431
2024-07-07T17:00,12.8698,74.8431,Mangalore,1.0,1.9000000000000004,18.5,94,25.0,9.5,1001.0,Open-Meteo_ERA5_Historical,https://archive-api.open-meteo.com/v1/archive?latitude=12.8698&longitude=74.8431
2024-07-07T18:00,12.8698,74.8431,Mangalore,0.6,2.0000000000000004,18.599999999999998,93,24.9,3.3,1001.3,Open-Meteo_ERA5_Historical,https://archive-api.open-meteo.com/v1/archive?latitude=12.8698&longitude=74.8431
2024-07-07T19:00,12.8698,74.8431,Mangalore,0.6,2.2000000000000006,18.8,96,24.5,6.6,1001.9,Open-Meteo_ERA5_Historical,https://archive-api.open-meteo.com/v1/archive?latitude=12.8698&longitude=74.8431
2024-07-07T20:00,12.8698,74.8431,Mangalore,0.8,2.0000000000000004,18.3,95,24.3,7.3,1002.6,Open-Meteo_ERA5_Historical,https://archive-api.open-meteo.com/v1/archive?latitude=12.8698&longitude=74.8431
2024-07-07T21:00,12.8698,74.8431,Mangalore,1.1,2.5000000000000004,18.0,96,24.1,1.8,1003.4,Open-Meteo_ERA5_Historical,https://archive-api.open-meteo.com/v1/archive?latitude=12.8698&longitude=74.8431
2024-07-07T22:00,12.8698,74.8431,Mangalore,0.3,2.2000000000000006,18.0,95,24.2,2.9,1003.6,Open-Meteo_ERA5_Historical,https://archive-api.open-meteo.com/v1/archive?latitude=12.8698&longitude=74.8431
2024-07-07T23:00,12.8698,74.8431,Mangalore,0.4,1.8000000000000005,18.1,96,24.0,3.9,1003.1,Open-Meteo_ERA5_Historical,https://archive-api.open-meteo.com/v1/archive?latitude=12.8698&longitude=74.8431
2024-07-08T00:00,12.8698,74.8431,Mangalore,0.2,0.9000000000000005,17.900000000000002,97,23.7,8.4,1002.5,Open-Meteo_ERA5_Historical,https://archive-api.open-meteo.com/v1/archive?latitude=12.8698&longitude=74.8431
2024-07-08T01:00,12.8698,74.8431,Mangalore,0.8,1.4000000000000006,16.6,96,23.6,5.6,1002.1,Open-Meteo_ERA5_Historical,https://archive-api.open-meteo.com/v1/archive?latitude=12.8698&longitude=74.8431
2024-07-08T02:00,12.8698,74.8431,Mangalore,0.4,1.4000000000000004,14.3,97,23.6,5.5,1001.4,Open-Meteo_ERA5_Historical,https://archive-api.open-meteo.com/v1/archive?latitude=12.8698&longitude=74.8431
2024-07-08T03:00,12.8698,74.8431,Mangalore,0.3,1.5000000000000004,13.100000000000001,96,23.8,4.7,1001.1,Open-Meteo_ERA5_Historical,https://archive-api.open-meteo.com/v1/archive?latitude=12.8698&longitude=74.8431
2024-07-08T04:00,12.8698,74.8431,Mangalore,0.2,0.9000000000000005,11.8,96,23.9,5.2,1001.0,Open-Meteo_ERA5_Historical,https://archive-api.open-meteo.com/v1/archive?latitude=12.8698&longitude=74.8431
2024-07-08T05:00,12.8698,74.8431,Mangalore,0.0,0.5000000000000004,11.3,97,23.8,8.0,1001.1,Open-Meteo_ERA5_Historical,https://archive-api.open-meteo.com/v1/archive?latitude=12.8698&longitude=74.8431
2024-07-08T06:00,12.8698,74.8431,Mangalore,0.0,0.20000000000000046,10.7,95,23.2,10.0,1001.3,Open-Meteo_ERA5_Historical,https://archive-api.open-meteo.com/v1/archive?latitude=12.8698&longitude=74.8431
2024-07-08T07:00,12.8698,74.8431,Mangalore,0.0,0.0,10.6,94,23.7,9.7,1001.9,Open-Meteo_ERA5_Historical,https://archive-api.open-meteo.com/v1/archive?latitude=12.8698&longitude=74.8431
2024-07-08T08:00,12.8698,74.8431,Mangalore,1.4,1.4000000000000004,11.6,91,24.5,9.5,1002.2,Open-Meteo_ERA5_Historical,https://archive-api.open-meteo.com/v1/archive?latitude=12.8698&longitude=74.8431
2024-07-08T09:00,12.8698,74.8431,Mangalore,1.0,2.4000000000000004,12.2,89,25.1,10.7,1002.7,Open-Meteo_ERA5_Historical,https://archive-api.open-meteo.com/v1/archive?latitude=12.8698&longitude=74.8431
2024-07-08T10:00,12.8698,74.8431,Mangalore,0.3,2.7,11.700000000000001,90,25.4,10.7,1002.8,Open-Meteo_ERA5_Historical,https://archive-api.open-meteo.com/v1/archive?latitude=12.8698&longitude=74.8431
2024-07-08T11:00,12.8698,74.8431,Mangalore,0.5,1.8000000000000005,11.9,89,25.4,13.6,1002.8,Open-Meteo_ERA5_Historical,https://archive-api.open-meteo.com/v1/archive?latitude=12.8698&longitude=74.8431
2024-07-08T12:00,12.8698,74.8431,Mangalore,0.2,1.0000000000000004,11.7,88,25.6,13.4,1002.3,Open-Meteo_ERA5_Historical,https://archive-api.open-meteo.com/v1/archive?latitude=12.8698&longitude=74.8431
2024-07-08T13:00,12.8698,74.8431,Mangalore,0.1,0.8000000000000005,11.5,87,26.2,11.9,1001.8,Open-Meteo_ERA5_Historical,https://archive-api.open-meteo.com/v1/archive?latitude=12.8698&longitude=74.8431
2024-07-08T14:00,12.8698,74.8431,Mangalore,0.3,0.6000000000000005,11.4,88,26.0,13.5,1001.2,Open-Meteo_ERA5_Historical,https://archive-api.open-meteo.com/v1/archive?latitude=12.8698&longitude=74.8431
2024-07-08T15:00,12.8698,74.8431,Mangalore,0.2,0.6000000000000005,11.1,86,26.1,13.8,1000.8,Open-Meteo_ERA5_Historical,https://archive-api.open-meteo.com/v1/archive?latitude=12.8698&longitude=74.8431
2024-07-08T16:00,12.8698,74.8431,Mangalore,0.1,0.6000000000000005,10.799999999999999,87,25.6,14.0,1000.5,Open-Meteo_ERA5_Historical,https://archive-api.open-meteo.com/v1/archive?latitude=12.8698&longitude=74.8431
2024-07-08T17:00,12.8698,74.8431,Mangalore,0.6,0.9000000000000005,10.4,88,25.6,13.0,1000.8,Open-Meteo_ERA5_Historical,https://archive-api.open-meteo.com/v1/archive?latitude=12.8698&longitude=74.8431
2024-07-08T18:00,12.8698,74.8431,Mangalore,0.7,1.4000000000000004,10.5,92,24.8,9.4,1001.3,Open-Meteo_ERA5_Historical,https://archive-api.open-meteo.com/v1/archive?latitude=12.8698&longitude=74.8431
2024-07-08T19:00,12.8698,74.8431,Mangalore,0.5,1.8000000000000005,10.4,93,24.8,8.9,1002.0,Open-Meteo_ERA5_Historical,https://archive-api.open-meteo.com/v1/archive?latitude=12.8698&longitude=74.8431
2024-07-08T20:00,12.8698,74.8431,Mangalore,0.3,1.5000000000000004,9.9,92,24.8,10.0,1002.5,Open-Meteo_ERA5_Historical,https://archive-api.open-meteo.com/v1/archive?latitude=12.8698&longitude=74.8431
2024-07-08T21:00,12.8698,74.8431,Mangalore,0.2,1.0000000000000004,9.0,93,24.7,8.1,1003.0,Open-Meteo_ERA5_Historical,https://archive-api.open-meteo.com/v1/archive?latitude=12.8698&longitude=74.8431
2024-07-08T22:00,12.8698,74.8431,Mangalore,1.0,1.5000000000000004,9.7,93,24.7,7.9,1003.4,Open-Meteo_ERA5_Historical,https://archive-api.open-meteo.com/v1/archive?latitude=12.8698&longitude=74.8431
2024-07-08T23:00,12.8698,74.8431,Mangalore,0.7,1.9000000000000004,10.0,94,24.2,11.7,1003.1,Open-Meteo_ERA5_Historical,https://archive-api.open-meteo.com/v1/archive?latitude=12.8698&longitude=74.8431
2024-07-09T00:00,12.8698,74.8431,Mangalore,1.0,2.7,10.799999999999999,95,23.6,8.0,1002.5,Open-Meteo_ERA5_Historical,https://archive-api.open-meteo.com/v1/archive?latitude=12.8698&longitude=74.8431
2024-07-09T01:00,12.8698,74.8431,Mangalore,1.1,2.8000000000000007,11.100000000000001,96,23.5,6.3,1001.9,Open-Meteo_ERA5_Historical,https://archive-api.open-meteo.com/v1/archive?latitude=12.8698&longitude=74.8431
2024-07-09T02:00,12.8698,74.8431,Mangalore,1.0,3.1000000000000005,11.700000000000001,96,23.9,8.8,1001.6,Open-Meteo_ERA5_Historical,https://archive-api.open-meteo.com/v1/archive?latitude=12.8698&longitude=74.8431
2024-07-09T03:00,12.8698,74.8431,Mangalore,0.7,2.8000000000000003,12.1,97,23.8,5.9,1001.2,Open-Meteo_ERA5_Historical,https://archive-api.open-meteo.com/v1/archive?latitude=12.8698&longitude=74.8431
2024-07-09T04:00,12.8698,74.8431,Mangalore,0.5,2.2,12.4,96,24.0,5.1,1001.2,Open-Meteo_ERA5_Historical,https://archive-api.open-meteo.com/v1/archive?latitude=12.8698&longitude=74.8431
2024-07-09T05:00,12.8698,74.8431,Mangalore,1.0,2.2,13.4,97,23.7,4.7,1001.4,Open-Meteo_ERA5_Historical,https://archive-api.open-meteo.com/v1/archive?latitude=12.8698&longitude=74.8431
2024-07-09T06:00,12.8698,74.8431,Mangalore,2.2,3.7,15.600000000000001,96,23.5,6.0,1002.1,Open-Meteo_ERA5_Historical,https://archive-api.open-meteo.com/v1/archive?latitude=12.8698&longitude=74.8431
2024-07-09T07:00,12.8698,74.8431,Mangalore,0.4,3.6,16.0,95,23.4,8.4,1002.2,Open-Meteo_ERA5_Historical,https://archive-api.open-meteo.com/v1/archive?latitude=12.8698&longitude=74.8431
2024-07-09T08:00,12.8698,74.8431,Mangalore,1.2,3.8000000000000003,15.8,94,23.7,10.6,1002.9,Open-Meteo_ERA5_Historical,https://archive-api.open-meteo.com/v1/archive?latitude=12.8698&longitude=74.8431
2024-07-09T09:00,12.8698,74.8431,Mangalore,0.0,1.6,14.8,92,24.3,9.5,1003.5,Open-Meteo_ERA5_Historical,https://archive-api.open-meteo.com/v1/archive?latitude=12.8698&longitude=74.8431
2024-07-09T10:00,12.8698,74.8431,Mangalore,0.0,1.2000000000000002,14.5,90,25.0,7.6,1003.8,Open-Meteo_ERA5_Historical,https://archive-api.open-meteo.com/v1/archive?latitude=12.8698&longitude=74.8431
2024-07-09T11:00,12.8698,74.8431,Mangalore,0.1,0.1,14.1,86,26.0,9.7,1003.6,Open-Meteo_ERA5_Historical,https://archive-api.open-meteo.com/v1/archive?latitude=12.8698&longitude=74.8431
2024-07-09T12:00,12.8698,74.8431,Mangalore,0.2,0.30000000000000004,14.1,84,26.4,14.3,1003.4,Open-Meteo_ERA5_Historical,https://archive-api.open-meteo.com/v1/archive?latitude=12.8698&longitude=74.8431
2024-07-09T13:00,12.8698,74.8431,Mangalore,0.4,0.7000000000000001,14.4,84,27.0,13.4,1002.7,Open-Meteo_ERA5_Historical,https://archive-api.open-meteo.com/v1/archive?latitude=12.8698&longitude=74.8431
2024-07-09T14:00,12.8698,74.8431,Mangalore,1.6,2.2,15.7,87,26.6,12.0,1002.3,Open-Meteo_ERA5_Historical,https://archive-api.open-meteo.com/v1/archive?latitude=12.8698&longitude=74.8431
2024-07-09T15:00,12.8698,74.8431,Mangalore,1.3,3.3,16.8,89,25.0,15.1,1001.9,Open-Meteo_ERA5_Historical,https://archive-api.open-meteo.com/v1/archive?latitude=12.8698&longitude=74.8431
2024-07-09T16:00,12.8698,74.8431,Mangalore,0.4,3.3000000000000003,17.099999999999998,88,25.4,14.0,1001.9,Open-Meteo_ERA5_Historical,https://archive-api.open-meteo.com/v1/archive?latitude=12.8698&longitude=74.8431
2024-07-09T17:00,12.8698,74.8431,Mangalore,2.1,3.8000000000000003,18.6,93,25.0,10.2,1001.8,Open-Meteo_ERA5_Historical,https://archive-api.open-meteo.com/v1/archive?latitude=12.8698&longitude=74.8431
2024-07-09T18:00,12.8698,74.8431,Mangalore,0.3,2.8,18.2,90,25.0,10.4,1002.8,Open-Meteo_ERA5_Historical,https://archive-api.open-meteo.com/v1/archive?latitude=12.8698&longitude=74.8431
2024-07-09T19:00,12.8698,74.8431,Mangalore,0.4,2.8000000000000003,18.1,92,24.9,8.0,1003.5,Open-Meteo_ERA5_Historical,https://archive-api.open-meteo.com/v1/archive?latitude=12.8698&longitude=74.8431
2024-07-09T20:00,12.8698,74.8431,Mangalore,0.2,0.9,18.000000000000004,94,24.8,5.4,1004.1,Open-Meteo_ERA5_Historical,https://archive-api.open-meteo.com/v1/archive?latitude=12.8698&longitude=74.8431
2024-07-09T21:00,12.8698,74.8431,Mangalore,0.2,0.8,18.000000000000004,94,24.5,6.9,1004.6,Open-Meteo_ERA5_Historical,https://archive-api.open-meteo.com/v1/archive?latitude=12.8698&longitude=74.8431
2024-07-09T22:00,12.8698,74.8431,Mangalore,0.5,0.8999999999999999,17.5,95,24.3,6.0,1004.8,Open-Meteo_ERA5_Historical,https://archive-api.open-meteo.com/v1/archive?latitude=12.8698&longitude=74.8431
2024-07-09T23:00,12.8698,74.8431,Mangalore,0.2,0.9,17.0,95,24.1,4.2,1005.2,Open-Meteo_ERA5_Historical,https://archive-api.open-meteo.com/v1/archive?latitude=12.8698&longitude=74.8431
2024-07-10T00:00,12.8698,74.8431,Mangalore,0.2,0.8999999999999999,16.2,96,24.0,6.7,1004.5,Open-Meteo_ERA5_Historical,https://archive-api.open-meteo.com/v1/archive?latitude=12.8698&longitude=74.8431
2024-07-10T01:00,12.8698,74.8431,Mangalore,0.5,0.8999999999999999,15.6,97,23.9,6.9,1003.9,Open-Meteo_ERA5_Historical,https://archive-api.open-meteo.com/v1/archive?latitude=12.8698&longitude=74.8431
2024-07-10T02:00,12.8698,74.8431,Mangalore,0.8,1.5,15.4,96,24.0,6.1,1003.5,Open-Meteo_ERA5_Historical,https://archive-api.open-meteo.com/v1/archive?latitude=12.8698&longitude=74.8431
2024-07-10T03:00,12.8698,74.8431,Mangalore,0.7,1.9999999999999998,15.4,96,24.0,6.9,1003.5,Open-Meteo_ERA5_Historical,https://archive-api.open-meteo.com/v1/archive?latitude=12.8698&longitude=74.8431
2024-07-10T04:00,12.8698,74.8431,Mangalore,0.6,2.1,15.5,96,24.2,9.0,1003.7,Open-Meteo_ERA5_Historical,https://archive-api.open-meteo.com/v1/archive?latitude=12.8698&longitude=74.8431
2024-07-10T05:00,12.8698,74.8431,Mangalore,1.3,2.5999999999999996,15.8,96,24.0,11.1,1004.0,Open-Meteo_ERA5_Historical,https://archive-api.open-meteo.com/v1/archive?latitude=12.8698&longitude=74.8431
2024-07-10T06:00,12.8698,74.8431,Mangalore,0.9,2.8,14.500000000000002,97,23.9,8.3,1004.4,Open-Meteo_ERA5_Historical,https://archive-api.open-meteo.com/v1/archive?latitude=12.8698&longitude=74.8431
2024-07-10T07:00,12.8698,74.8431,Mangalore,0.8,3.0,14.9,96,24.3,7.9,1005.1,Open-Meteo_ERA5_Historical,https://archive-api.open-meteo.com/v1/archive?latitude=12.8698&longitude=74.8431
2024-07-10T08:00,12.8698,74.8431,Mangalore,0.2,1.9,13.9,93,24.9,10.9,1005.7,Open-Meteo_ERA5_Historical,https://archive-api.open-meteo.com/v1/archive?latitude=12.8698&longitude=74.8431
2024-07-10T09:00,12.8698,74.8431,Mangalore,0.1,1.0999999999999999,14.0,89,25.6,10.3,1006.3,Open-Meteo_ERA5_Historical,https://archive-api.open-meteo.com/v1/archive?latitude=12.8698&longitude=74.8431
2024-07-10T10:00,12.8698,74.8431,Mangalore,0.1,0.3999999999999998,14.1,86,26.4,14.6,1006.4,Open-Meteo_ERA5_Historical,https://archive-api.open-meteo.com/v1/archive?latitude=12.8698&longitude=74.8431
2024-07-10T11:00,12.8698,74.8431,Mangalore,0.2,0.3999999999999998,14.200000000000001,86,26.1,12.3,1006.1,Open-Meteo_ERA5_Historical,https://archive-api.open-meteo.com/v1/archive?latitude=12.8698&longitude=74.8431
2024-07-10T12:00,12.8698,74.8431,Mangalore,0.6,0.8999999999999998,14.600000000000001,84,26.1,17.4,1005.9,Open-Meteo_ERA5_Historical,https://archive-api.open-meteo.com/v1/archive?latitude=12.8698&longitude=74.8431
2024-07-10T13:00,12.8698,74.8431,Mangalore,0.2,0.9999999999999998,14.4,87,26.0,13.8,1005.2,Open-Meteo_ERA5_Historical,https://archive-api.open-meteo.com/v1/archive?latitude=12.8698&longitude=74.8431
2024-07-10T14:00,12.8698,74.8431,Mangalore,0.1,0.8999999999999998,12.9,85,26.6,16.0,1004.7,Open-Meteo_ERA5_Historical,https://archive-api.open-meteo.com/v1/archive?latitude=12.8698&longitude=74.8431
2024-07-10T15:00,12.8698,74.8431,Mangalore,0.2,0.4999999999999998,11.8,88,25.8,17.8,1004.2,Open-Meteo_ERA5_Historical,https://archive-api.open-meteo.com/v1/archive?latitude=12.8698&longitude=74.8431
2024-07-10T16:00,12.8698,74.8431,Mangalore,0.8,1.0999999999999999,12.2,89,25.5,15.3,1004.0,Open-Meteo_ERA5_Historical,https://archive-api.open-meteo.com/v1/archive?latitude=12.8698&longitude=74.8431
2024-07-10T17:00,12.8698,74.8431,Mangalore,1.1,2.1,11.200000000000001,93,25.2,12.2,1004.2,Open-Meteo_ERA5_Historical,https://archive-api.open-meteo.com/v1/archive?latitude=12.8698&longitude=74.8431
2024-07-10T18:00,12.8698,74.8431,Mangalore,0.3,2.2,11.2,94,24.9,7.9,1004.9,Open-Meteo_ERA5_Historical,https://archive-api.open-meteo.com/v1/archive?latitude=12.8698&longitude=74.8431
2024-07-10T19:00,12.8698,74.8431,Mangalore,0.6,1.9999999999999998,11.399999999999999,93,24.8,6.9,1005.3,Open-Meteo_ERA5_Historical,https://archive-api.open-meteo.com/v1/archive?latitude=12.8698&longitude=74.8431
2024-07-10T20:00,12.8698,74.8431,Mangalore,0.3,1.1999999999999997,11.5,94,24.7,5.4,1006.0,Open-Meteo_ERA5_Historical,https://archive-api.open-meteo.com/v1/archive?latitude=12.8698&longitude=74.8431
2024-07-10T21:00,12.8698,74.8431,Mangalore,0.1,0.9999999999999997,11.4,92,25.0,3.3,1006.4,Open-Meteo_ERA5_Historical,https://archive-api.open-meteo.com/v1/archive?latitude=12.8698&longitude=74.8431
2024-07-10T22:00,12.8698,74.8431,Mangalore,0.0,0.3999999999999998,10.899999999999999,92,24.9,2.3,1006.6,Open-Meteo_ERA5_Historical,https://archive-api.open-meteo.com/v1/archive?latitude=12.8698&longitude=74.8431
2024-07-10T23:00,12.8698,74.8431,Mangalore,0.0,0.09999999999999978,10.7,96,24.1,3.3,1006.5,Open-Meteo_ERA5_Historical,https://archive-api.open-meteo.com/v1/archive?latitude=12.8698&longitude=74.8431
2024-07-11T00:00,12.8698,74.8431,Mangalore,0.0,0.0,10.5,96,24.1,4.9,1006.1,Open-Meteo_ERA5_Historical,https://archive-api.open-meteo.com/v1/archive?latitude=12.8698&longitude=74.8431
2024-07-11T01:00,12.8698,74.8431,Mangalore,0.5,0.4999999999999998,10.5,97,23.7,8.0,1005.6,Open-Meteo_ERA5_Historical,https://archive-api.open-meteo.com/v1/archive?latitude=12.8698&longitude=74.8431
2024-07-11T02:00,12.8698,74.8431,Mangalore,1.2,1.6999999999999997,10.9,97,23.8,7.7,1005.1,Open-Meteo_ERA5_Historical,https://archive-api.open-meteo.com/v1/archive?latitude=12.8698&longitude=74.8431
2024-07-11T03:00,12.8698,74.8431,Mangalore,2.2,3.9,12.4,97,23.6,5.9,1004.8,Open-Meteo_ERA5_Historical,https://archive-api.open-meteo.com/v1/archive?latitude=12.8698&longitude=74.8431
2024-07-11T04:00,12.8698,74.8431,Mangalore,1.0,4.4,12.8,98,23.6,6.2,1004.7,Open-Meteo_ERA5_Historical,https://archive-api.open-meteo.com/v1/archive?latitude=12.8698&longitude=74.8431
2024-07-11T05:00,12.8698,74.8431,Mangalore,0.2,3.4,11.700000000000001,97,23.8,4.3,1004.7,Open-Meteo_ERA5_Historical,https://archive-api.open-meteo.com/v1/archive?latitude=12.8698&longitude=74.8431
2024-07-11T06:00,12.8698,74.8431,Mangalore,0.2,1.3999999999999995,11.0,96,23.9,4.0,1005.0,Open-Meteo_ERA5_Historical,https://archive-api.open-meteo.com/v1/archive?latitude=12.8698&longitude=74.8431
2024-07-11T07:00,12.8698,74.8431,Mangalore,0.0,0.3999999999999996,10.2,94,24.5,1.0,1005.5,Open-Meteo_ERA5_Historical,https://archive-api.open-meteo.com/v1/archive?latitude=12.8698&longitude=74.8431
2024-07-11T08:00,12.8698,74.8431,Mangalore,0.0,0.19999999999999957,10.0,88,25.5,0.8,1005.9,Open-Meteo_ERA5_Historical,https://archive-api.open-meteo.com/v1/archive?latitude=12.8698&longitude=74.8431
2024-07-11T09:00,12.8698,74.8431,Mangalore,0.0,0.0,9.9,84,26.6,2.6,1005.8,Open-Meteo_ERA5_Historical,https://archive-api.open-meteo.com/v1/archive?latitude=12.8698&longitude=74.8431
2024-07-11T10:00,12.8698,74.8431,Mangalore,0.1,0.09999999999999956,9.9,80,27.5,8.5,1006.1,Open-Meteo_ERA5_Historical,https://archive-api.open-meteo.com/v1/archive?latitude=12.8698&longitude=74.8431
2024-07-11T11:00,12.8698,74.8431,Mangalore,0.2,0.2999999999999996,9.9,81,27.6,11.8,1005.4,Open-Meteo_ERA5_Historical,https://archive-api.open-meteo.com/v1/archive?latitude=12.8698&longitude=74.8431
2024-07-11T12:00,12.8698,74.8431,Mangalore,0.1,0.3999999999999996,9.4,79,28.0,12.4,1004.9,Open-Meteo_ERA5_Historical,https://archive-api.open-meteo.com/v1/archive?latitude=12.8698&longitude=74.8431
2024-07-11T13:00,12.8698,74.8431,Mangalore,0.2,0.4999999999999996,9.4,82,28.1,11.5,1004.1,Open-Meteo_ERA5_Historical,https://archive-api.open-meteo.com/v1/archive?latitude=12.8698&longitude=74.8431
2024-07-11T14:00,12.8698,74.8431,Mangalore,0.1,0.3999999999999996,9.399999999999999,81,27.9,11.9,1003.3,Open-Meteo_ERA5_Historical,https://archive-api.open-meteo.com/v1/archive?latitude=12.8698&longitude=74.8431
2024-07-11T15:00,12.8698,74.8431,Mangalore,0.1,0.3999999999999996,9.3,81,27.9,11.3,1002.7,Open-Meteo_ERA5_Historical,https://archive-api.open-meteo.com/v1/archive?latitude=12.8698&longitude=74.8431
2024-07-11T16:00,12.8698,74.8431,Mangalore,0.5,0.6999999999999995,9.0,84,27.0,14.8,1002.3,Open-Meteo_ERA5_Historical,https://archive-api.open-meteo.com/v1/archive?latitude=12.8698&longitude=74.8431
2024-07-11T17:00,12.8698,74.8431,Mangalore,1.4,1.9999999999999996,9.3,87,26.0,18.7,1002.5,Open-Meteo_ERA5_Historical,https://archive-api.open-meteo.com/v1/archive?latitude=12.8698&longitude=74.8431
2024-07-11T18:00,12.8698,74.8431,Mangalore,0.1,1.9999999999999996,9.100000000000001,86,26.4,11.0,1002.5,Open-Meteo_ERA5_Historical,https://archive-api.open-meteo.com/v1/archive?latitude=12.8698&longitude=74.8431
2024-07-11T19:00,12.8698,74.8431,Mangalore,0.3,1.7999999999999994,8.799999999999999,91,25.3,12.4,1003.3,Open-Meteo_ERA5_Historical,https://archive-api.open-meteo.com/v1/archive?latitude=12.8698&longitude=74.8431
2024-07-11T20:00,12.8698,74.8431,Mangalore,0.3,0.6999999999999995,8.8,91,25.2,7.3,1003.7,Open-Meteo_ERA5_Historical,https://archive-api.open-meteo.com/v1/archive?latitude=12.8698&longitude=74.8431
2024-07-11T21:00,12.8698,74.8431,Mangalore,0.2,0.7999999999999996,8.9,92,25.1,3.6,1004.4,Open-Meteo_ERA5_Historical,https://archive-api.open-meteo.com/v1/archive?latitude=12.8698&longitude=74.8431
2024-07-11T22:00,12.8698,74.8431,Mangalore,0.5,0.9999999999999996,9.4,93,25.1,7.6,1005.0,Open-Meteo_ERA5_Historical,https://archive-api.open-meteo.com/v1/archive?latitude=12.8698&longitude=74.8431
2024-07-11T23:00,12.8698,74.8431,Mangalore,0.4,1.0999999999999996,9.8,94,24.9,7.2,1004.5,Open-Meteo_ERA5_Historical,https://archive-api.open-meteo.com/v1/archive?latitude=12.8698&longitude=74.8431
2024-07-12T00:00,12.8698,74.8431,Mangalore,1.8,2.6999999999999993,11.600000000000001,96,24.5,9.4,1004.0,Open-Meteo_ERA5_Historical,https://archive-api.open-meteo.com/v1/archive?latitude=12.8698&longitude=74.8431
2024-07-12T01:00,12.8698,74.8431,Mangalore,0.7,2.8999999999999995,11.8,95,24.5,6.8,1003.1,Open-Meteo_ERA5_Historical,https://archive-api.open-meteo.com/v1/archive?latitude=12.8698&longitude=74.8431
2024-07-12T02:00,12.8698,74.8431,Mangalore,0.8,3.3,11.4,96,24.4,2.3,1002.5,Open-Meteo_ERA5_Historical,https://archive-api.open-meteo.com/v1/archive?latitude=12.8698&longitude=74.8431
2024-07-12T03:00,12.8698,74.8431,Mangalore,0.3,1.7999999999999994,9.5,96,24.5,2.5,1002.0,Open-Meteo_ERA5_Historical,https://archive-api.open-meteo.com/v1/archive?latitude=12.8698&longitude=74.8431
2024-07-12T04:00,12.8698,74.8431,Mangalore,0.2,1.2999999999999994,8.700000000000001,96,24.5,1.8,1002.0,Open-Meteo_ERA5_Historical,https://archive-api.open-meteo.com/v1/archive?latitude=12.8698&longitude=74.8431
2024-07-12T05:00,12.8698,74.8431,Mangalore,0.1,0.5999999999999993,8.6,97,24.4,6.0,1002.3,Open-Meteo_ERA5_Historical,https://archive-api.open-meteo.com/v1/archive?latitude=12.8698&longitude=74.8431
2024-07-12T06:00,12.8698,74.8431,Mangalore,0.5,0.7999999999999994,8.9,96,24.6,9.6,1002.7,Open-Meteo_ERA5_Historical,https://archive-api.open-meteo.com/v1/archive?latitude=12.8698&longitude=74.8431
2024-07-12T07:00,12.8698,74.8431,Mangalore,1.9,2.499999999999999,10.8,96,24.6,16.1,1003.6,Open-Meteo_ERA5_Historical,https://archive-api.open-meteo.com/v1/archive?latitude=12.8698&longitude=74.8431
2024-07-12T08:00,12.8698,74.8431,Mangalore,2.6,5.0,13.4,92,25.1,10.1,1004.1,Open-Meteo_ERA5_Historical,https://archive-api.open-meteo.com/v1/archive?latitude=12.8698&longitude=74.8431
2024-07-12T09:00,12.8698,74.8431,Mangalore,0.1,4.6,13.5,88,25.9,8.9,1004.2,Open-Meteo_ERA5_Historical,https://archive-api.open-meteo.com/v1/archive?latitude=12.8698&longitude=74.8431
2024-07-12T10:00,12.8698,74.8431,Mangalore,0.1,2.8,13.5,87,26.2,8.0,1004.1,Open-Meteo_ERA5_Historical,https://archive-api.open-meteo.com/v1/archive?latitude=12.8698&longitude=74.8431
2024-07-12T11:00,12.8698,74.8431,Mangalore,0.2,0.3999999999999996,13.5,84,27.0,10.5,1003.6,Open-Meteo_ERA5_Historical,https://archive-api.open-meteo.com/v1/archive?latitude=12.8698&longitude=74.8431
2024-07-12T12:00,12.8698,74.8431,Mangalore,2.2,2.5,15.6,91,25.5,14.5,1003.4,Open-Meteo_ERA5_Historical,https://archive-api.open-meteo.com/v1/archive?latitude=12.8698&longitude=74.8431
2024-07-12T13:00,12.8698,74.8431,Mangalore,0.9,3.3,16.3,90,25.5,12.9,1002.9,Open-Meteo_ERA5_Historical,https://archive-api.open-meteo.com/v1/archive?latitude=12.8698&longitude=74.8431
2024-07-12T14:00,12.8698,74.8431,Mangalore,0.3,3.4,16.5,86,26.3,15.9,1002.3,Open-Meteo_ERA5_Historical,https://archive-api.open-meteo.com/v1/archive?latitude=12.8698&longitude=74.8431
2024-07-12T15:00,12.8698,74.8431,Mangalore,0.8,1.9999999999999996,17.200000000000003,90,25.8,12.5,1001.9,Open-Meteo_ERA5_Historical,https://archive-api.open-meteo.com/v1/archive?latitude=12.8698&longitude=74.8431
2024-07-12T16:00,12.8698,74.8431,Mangalore,0.1,1.1999999999999997,16.8,88,26.1,10.5,1001.5,Open-Meteo_ERA5_Historical,https://archive-api.open-meteo.com/v1/archive?latitude=12.8698&longitude=74.8431
2024-07-12T17:00,12.8698,74.8431,Mangalore,0.4,1.2999999999999996,15.799999999999999,90,25.6,8.0,1001.7,Open-Meteo_ERA5_Historical,https://archive-api.open-meteo.com/v1/archive?latitude=12.8698&longitude=74.8431
2024-07-12T18:00,12.8698,74.8431,Mangalore,0.6,1.0999999999999996,16.3,92,24.8,8.6,1002.4,Open-Meteo_ERA5_Historical,https://archive-api.open-meteo.com/v1/archive?latitude=12.8698&longitude=74.8431
2024-07-12T19:00,12.8698,74.8431,Mangalore,3.1,4.1,19.099999999999998,94,24.5,11.5,1003.3,Open-Meteo_ERA5_Historical,https://archive-api.open-meteo.com/v1/archive?latitude=12.8698&longitude=74.8431
2024-07-12T20:00,12.8698,74.8431,Mangalore,0.7,4.3999999999999995,19.500000000000004,94,24.5,4.8,1003.9,Open-Meteo_ERA5_Historical,https://archive-api.open-meteo.com/v1/archive?latitude=12.8698&longitude=74.8431
2024-07-12T21:00,12.8698,74.8431,Mangalore,5.5,9.299999999999999,24.799999999999997,97,23.9,6.4,1004.6,Open-Meteo_ERA5_Historical,https://archive-api.open-meteo.com/v1/archive?latitude=12.8698&longitude=74.8431
2024-07-12T22:00,12.8698,74.8431,Mangalore,1.7,7.8999999999999995,26.0,96,23.8,2.8,1004.8,Open-Meteo_ERA5_Historical,https://archive-api.open-meteo.com/v1/archive?latitude=12.8698&longitude=74.8431
2024-07-12T23:00,12.8698,74.8431,Mangalore,1.4,8.6,27.0,96,23.8,2.9,1004.6,Open-Meteo_ERA5_Historical,https://archive-api.open-meteo.com/v1/archive?latitude=12.8698&longitude=74.8431
2024-07-13T00:00,12.8698,74.8431,Mangalore,0.9,3.999999999999999,26.099999999999998,96,24.1,6.6,1003.7,Open-Meteo_ERA5_Historical,https://archive-api.open-meteo.com/v1/archive?latitude=12.8698&longitude=74.8431
2024-07-13T01:00,12.8698,74.8431,Mangalore,1.4,3.699999999999999,26.8,94,24.2,8.8,1003.2,Open-Meteo_ERA5_Historical,https://archive-api.open-meteo.com/v1/archive?latitude=12.8698&longitude=74.8431
2024-07-13T02:00,12.8698,74.8431,Mangalore,1.3,3.5999999999999988,27.3,95,24.1,6.2,1002.6,Open-Meteo_ERA5_Historical,https://archive-api.open-meteo.com/v1/archive?latitude=12.8698&longitude=74.8431
2024-07-13T03:00,12.8698,74.8431,Mangalore,3.3,5.999999999999998,30.299999999999997,96,23.8,4.5,1002.2,Open-Meteo_ERA5_Historical,https://archive-api.open-meteo.com/v1/archive?latitude=12.8698&longitude=74.8431
2024-07-13T04:00,12.8698,74.8431,Mangalore,1.0,5.599999999999998,31.1,96,23.8,1.5,1002.2,Open-Meteo_ERA5_Historical,https://archive-api.open-meteo.com/v1/archive?latitude=12.8698&longitude=74.8431
2024-07-13T05:00,12.8698,74.8431,Mangalore,0.5,4.799999999999999,31.5,96,23.8,3.6,1002.4,Open-Meteo_ERA5_Historical,https://archive-api.open-meteo.com/v1/archive?latitude=12.8698&longitude=74.8431
2024-07-13T06:00,12.8698,74.8431,Mangalore,1.5,2.9999999999999987,32.5,98,23.5,7.9,1003.4,Open-Meteo_ERA5_Historical,https://archive-api.open-meteo.com/v1/archive?latitude=12.8698&longitude=74.8431
2024-07-13T07:00,12.8698,74.8431,Mangalore,3.2,5.199999999999999,33.8,97,23.4,5.4,1003.7,Open-Meteo_ERA5_Historical,https://archive-api.open-meteo.com/v1/archive?latitude=12.8698&longitude=74.8431
2024-07-13T08:00,12.8698,74.8431,Mangalore,0.8,5.499999999999999,32.0,94,24.0,0.4,1004.6,Open-Meteo_ERA5_Historical,https://archive-api.open-meteo.com/v1/archive?latitude=12.8698&longitude=74.8431
2024-07-13T09:00,12.8698,74.8431,Mangalore,1.1,5.099999999999999,33.0,90,25.0,9.7,1004.9,Open-Meteo_ERA5_Historical,https://archive-api.open-meteo.com/v1/archive?latitude=12.8698&longitude=74.8431
2024-07-13T10:00,12.8698,74.8431,Mangalore,0.6,2.4999999999999987,33.5,89,25.5,6.5,1004.6,Open-Meteo_ERA5_Historical,https://archive-api.open-meteo.com/v1/archive?latitude=12.8698&longitude=74.8431
2024-07-13T11:00,12.8698,74.8431,Mangalore,0.1,1.7999999999999987,33.400000000000006,85,26.1,5.7,1004.2,Open-Meteo_ERA5_Historical,https://archive-api.open-meteo.com/v1/archive?latitude=12.8698&longitude=74.8431
2024-07-13T12:00,12.8698,74.8431,Mangalore,0.0,0.6999999999999986,31.2,88,26.0,6.3,1003.7,Open-Meteo_ERA5_Historical,https://archive-api.open-meteo.com/v1/archive?latitude=12.8698&longitude=74.8431
2024-07-13T13:00,12.8698,74.8431,Mangalore,0.3,0.3999999999999987,30.599999999999998,90,25.9,11.3,1003.2,Open-Meteo_ERA5_Historical,https://archive-api.open-meteo.com/v1/archive?latitude=12.8698&longitude=74.8431
2024-07-13T14:00,12.8698,74.8431,Mangalore,2.8,3.0999999999999988,33.1,92,24.4,20.9,1003.0,Open-Meteo_ERA5_Historical,https://archive-api.open-meteo.com/v1/archive?latitude=12.8698&longitude=74.8431
2024-07-13T15:00,12.8698,74.8431,Mangalore,4.7,7.799999999999999,37.0,92,24.4,5.2,1002.5,Open-Meteo_ERA5_Historical,https://archive-api.open-meteo.com/v1/archive?latitude=12.8698&longitude=74.8431
2024-07-13T16:00,12.8698,74.8431,Mangalore,1.3,8.799999999999999,38.2,95,24.2,14.1,1002.7,Open-Meteo_ERA5_Historical,https://archive-api.open-meteo.com/v1/archive?latitude=12.8698&longitude=74.8431
2024-07-13T17:00,12.8698,74.8431,Mangalore,1.4,7.3999999999999995,39.199999999999996,93,23.9,5.4,1002.4,Open-Meteo_ERA5_Historical,https://archive-api.open-meteo.com/v1/archive?latitude=12.8698&longitude=74.8431
2024-07-13T18:00,12.8698,74.8431,Mangalore,4.1,6.799999999999999,42.7,95,24.4,8.9,1002.4,Open-Meteo_ERA5_Historical,https://archive-api.open-meteo.com/v1/archive?latitude=12.8698&longitude=74.8431
2024-07-13T19:00,12.8698,74.8431,Mangalore,0.5,5.999999999999999,40.1,95,24.3,9.9,1003.0,Open-Meteo_ERA5_Historical,https://archive-api.open-meteo.com/v1/archive?latitude=12.8698&longitude=74.8431
2024-07-13T20:00,12.8698,74.8431,Mangalore,1.4,5.999999999999998,40.8,96,24.1,4.8,1003.6,Open-Meteo_ERA5_Historical,https://archive-api.open-meteo.com/v1/archive?latitude=12.8698&longitude=74.8431
2024-07-13T21:00,12.8698,74.8431,Mangalore,7.1,8.999999999999998,42.4,96,23.6,7.2,1004.3,Open-Meteo_ERA5_Historical,https://archive-api.open-meteo.com/v1/archive?latitude=12.8698&longitude=74.8431
2024-07-13T22:00,12.8698,74.8431,Mangalore,1.7,10.199999999999998,42.400000000000006,96,23.5,6.6,1005.0,Open-Meteo_ERA5_Historical,https://archive-api.open-meteo.com/v1/archive?latitude=12.8698&longitude=74.8431
2024-07-13T23:00,12.8698,74.8431,Mangalore,2.7,11.499999999999998,43.699999999999996,96,23.8,9.8,1004.6,Open-Meteo_ERA5_Historical,https://archive-api.open-meteo.com/v1/archive?latitude=12.8698&longitude=74.8431
2024-07-14T00:00,12.8698,74.8431,Mangalore,1.3,5.699999999999998,44.1,96,23.6,4.6,1003.8,Open-Meteo_ERA5_Historical,https://archive-api.open-meteo.com/v1/archive?latitude=12.8698&longitude=74.8431
2024-07-14T01:00,12.8698,74.8431,Mangalore,0.7,4.699999999999998,43.4,96,23.7,1.8,1002.9,Open-Meteo_ERA5_Historical,https://archive-api.open-meteo.com/v1/archive?latitude=12.8698&longitude=74.8431
2024-07-14T02:00,12.8698,74.8431,Mangalore,0.3,2.299999999999998,42.400000000000006,96,23.5,2.3,1002.3,Open-Meteo_ERA5_Historical,https://archive-api.open-meteo.com/v1/archive?latitude=12.8698&longitude=74.8431
2024-07-14T03:00,12.8698,74.8431,Mangalore,1.1,2.0999999999999983,40.199999999999996,97,23.2,3.3,1002.0,Open-Meteo_ERA5_Historical,https://archive-api.open-meteo.com/v1/archive?latitude=12.8698&longitude=74.8431
2024-07-14T04:00,12.8698,74.8431,Mangalore,1.7,3.0999999999999983,40.9,97,23.0,6.2,1002.0,Open-Meteo_ERA5_Historical,https://archive-api.open-meteo.com/v1/archive?latitude=12.8698&longitude=74.8431
2024-07-14T05:00,12.8698,74.8431,Mangalore,0.9,3.6999999999999984,41.3,97,23.1,3.0,1001.9,Open-Meteo_ERA5_Historical,https://archive-api.open-meteo.com/v1/archive?latitude=12.8698&longitude=74.8431
2024-07-14T06:00,12.8698,74.8431,Mangalore,0.4,2.9999999999999982,40.199999999999996,95,24.3,1.3,1002.1,Open-Meteo_ERA5_Historical,https://archive-api.open-meteo.com/v1/archive?latitude=12.8698&longitude=74.8431
2024-07-14T07:00,12.8698,74.8431,Mangalore,0.3,1.5999999999999983,37.300000000000004,94,24.5,2.9,1002.6,Open-Meteo_ERA5_Historical,https://archive-api.open-meteo.com/v1/archive?latitude=12.8698&longitude=74.8431
2024-07-14T08:00,12.8698,74.8431,Mangalore,0.8,1.4999999999999982,37.3,95,24.5,13.0,1002.9,Open-Meteo_ERA5_Historical,https://archive-api.open-meteo.com/v1/archive?latitude=12.8698&longitude=74.8431
2024-07-14T09:00,12.8698,74.8431,Mangalore,1.3,2.3999999999999986,37.5,87,25.8,14.6,1002.9,Open-Meteo_ERA5_Historical,https://archive-api.open-meteo.com/v1/archive?latitude=12.8698&longitude=74.8431
2024-07-14T10:00,12.8698,74.8431,Mangalore,0.8,2.8999999999999986,37.7,91,25.2,16.0,1003.1,Open-Meteo_ERA5_Historical,https://archive-api.open-meteo.com/v1/archive?latitude=12.8698&longitude=74.8431
2024-07-14T11:00,12.8698,74.8431,Mangalore,0.4,2.4999999999999987,38.0,89,25.9,11.7,1002.8,Open-Meteo_ERA5_Historical,https://archive-api.open-meteo.com/v1/archive?latitude=12.8698&longitude=74.8431
2024-07-14T12:00,12.8698,74.8431,Mangalore,0.4,1.5999999999999985,38.400000000000006,87,26.2,10.7,1002.1,Open-Meteo_ERA5_Historical,https://archive-api.open-meteo.com/v1/archive?latitude=12.8698&longitude=74.8431
2024-07-14T13:00,12.8698,74.8431,Mangalore,0.7,1.4999999999999984,38.8,87,25.7,14.7,1001.3,Open-Meteo_ERA5_Historical,https://archive-api.open-meteo.com/v1/archive?latitude=12.8698&longitude=74.8431
2024-07-14T14:00,12.8698,74.8431,Mangalore,3.8,4.899999999999999,39.8,94,24.5,17.5,1001.3,Open-Meteo_ERA5_Historical,https://archive-api.open-meteo.com/v1/archive?latitude=12.8698&longitude=74.8431
2024-07-14T15:00,12.8698,74.8431,Mangalore,3.7,8.199999999999998,38.8,93,24.6,17.6,1000.6,Open-Meteo_ERA5_Historical,https://archive-api.open-meteo.com/v1/archive?latitude=12.8698&longitude=74.8431
2024-07-14T16:00,12.8698,74.8431,Mangalore,1.3,8.799999999999999,38.800000000000004,92,25.1,15.9,1000.4,Open-Meteo_ERA5_Historical,https://archive-api.open-meteo.com/v1/archive?latitude=12.8698&longitude=74.8431
2024-07-14T17:00,12.8698,74.8431,Mangalore,3.5,8.5,40.900000000000006,94,24.0,10.8,1000.7,Open-Meteo_ERA5_Historical,https://archive-api.open-meteo.com/v1/archive?latitude=12.8698&longitude=74.8431
2024-07-14T18:00,12.8698,74.8431,Mangalore,3.5,8.299999999999999,40.3,93,25.0,16.5,1000.4,Open-Meteo_ERA5_Historical,https://archive-api.open-meteo.com/v1/archive?latitude=12.8698&longitude=74.8431
2024-07-14T19:00,12.8698,74.8431,Mangalore,2.2,9.2,42.0,94,24.7,11.3,1000.9,Open-Meteo_ERA5_Historical,https://archive-api.open-meteo.com/v1/archive?latitude=12.8698&longitude=74.8431
2024-07-14T20:00,12.8698,74.8431,Mangalore,1.6,7.299999999999999,42.2,93,25.0,8.8,1001.2,Open-Meteo_ERA5_Historical,https://archive-api.open-meteo.com/v1/archive?latitude=12.8698&longitude=74.8431
2024-07-14T21:00,12.8698,74.8431,Mangalore,1.3,5.1,36.4,94,24.8,13.7,1002.1,Open-Meteo_ERA5_Historical,https://archive-api.open-meteo.com/v1/archive?latitude=12.8698&longitude=74.8431
2024-07-14T22:00,12.8698,74.8431,Mangalore,1.7,4.6,36.4,92,25.3,9.8,1002.5,Open-Meteo_ERA5_Historical,https://archive-api.open-meteo.com/v1/archive?latitude=12.8698&longitude=74.8431
2024-07-14T23:00,12.8698,74.8431,Mangalore,0.9,3.899999999999999,34.6,96,24.5,11.2,1002.4,Open-Meteo_ERA5_Historical,https://archive-api.open-meteo.com/v1/archive?latitude=12.8698&longitude=74.8431
2024-07-15T00:00,12.8698,74.8431,Mangalore,1.2,3.799999999999999,34.5,93,25.4,10.2,1001.8,Open-Meteo_ERA5_Historical,https://archive-api.open-meteo.com/v1/archive?latitude=12.8698&longitude=74.8431
2024-07-15T01:00,12.8698,74.8431,Mangalore,2.2,4.299999999999999,36.0,93,24.5,15.2,1001.2,Open-Meteo_ERA5_Historical,https://archive-api.open-meteo.com/v1/archive?latitude=12.8698&longitude=74.8431
2024-07-15T02:00,12.8698,74.8431,Mangalore,2.4,5.799999999999999,38.1,93,24.6,17.9,1000.8,Open-Meteo_ERA5_Historical,https://archive-api.open-meteo.com/v1/archive?latitude=12.8698&longitude=74.8431
2024-07-15T03:00,12.8698,74.8431,Mangalore,3.2,7.799999999999999,40.2,93,24.9,21.3,1000.5,Open-Meteo_ERA5_Historical,https://archive-api.open-meteo.com/v1/archive?latitude=12.8698&longitude=74.8431
2024-07-15T04:00,12.8698,74.8431,Mangalore,2.6,8.2,41.1,93,24.4,16.3,1000.5,Open-Meteo_ERA5_Historical,https://archive-api.open-meteo.com/v1/archive?latitude=12.8698&longitude=74.8431
2024-07-15T05:00,12.8698,74.8431,Mangalore,1.9,7.699999999999999,42.1,93,24.6,17.0,1000.7,Open-Meteo_ERA5_Historical,https://archive-api.open-meteo.com/v1/archive?latitude=12.8698&longitude=74.8431
2024-07-15T06:00,12.8698,74.8431,Mangalore,1.5,6.0,43.2,94,25.1,15.7,1000.4,Open-Meteo_ERA5_Historical,https://archive-api.open-meteo.com/v1/archive?latitude=12.8698&longitude=74.8431
2024-07-15T07:00,12.8698,74.8431,Mangalore,4.1,7.499999999999999,47.0,92,25.4,16.6,1001.0,Open-Meteo_ERA5_Historical,https://archive-api.open-meteo.com/v1/archive?latitude=12.8698&longitude=74.8431
2024-07-15T08:00,12.8698,74.8431,Mangalore,4.9,10.5,51.1,91,25.5,17.3,1001.2,Open-Meteo_ERA5_Historical,https://archive-api.open-meteo.com/v1/archive?latitude=12.8698&longitude=74.8431
2024-07-15T09:00,12.8698,74.8431,Mangalore,2.7,11.7,52.5,93,25.5,21.7,1001.8,Open-Meteo_ERA5_Historical,https://archive-api.open-meteo.com/v1/archive?latitude=12.8698&longitude=74.8431
2024-07-15T10:00,12.8698,74.8431,Mangalore,2.5,10.100000000000001,54.2,93,25.7,18.7,1001.8,Open-Meteo_ERA5_Historical,https://archive-api.open-meteo.com/v1/archive?latitude=12.8698&longitude=74.8431
2024-07-15T11:00,12.8698,74.8431,Mangalore,2.3,7.5,56.1,93,25.8,21.3,1002.2,Open-Meteo_ERA5_Historical,https://archive-api.open-meteo.com/v1/archive?latitude=12.8698&longitude=74.8431
2024-07-15T12:00,12.8698,74.8431,Mangalore,4.6,9.399999999999999,60.300000000000004,91,25.5,25.6,1001.5,Open-Meteo_ERA5_Historical,https://archive-api.open-meteo.com/v1/archive?latitude=12.8698&longitude=74.8431
2024-07-15T13:00,12.8698,74.8431,Mangalore,3.9,10.799999999999999,63.5,93,25.5,27.4,1000.9,Open-Meteo_ERA5_Historical,https://archive-api.open-meteo.com/v1/archive?latitude=12.8698&longitude=74.8431
2024-07-15T14:00,12.8698,74.8431,Mangalore,1.5,10.0,61.2,93,25.8,22.8,999.8,Open-Meteo_ERA5_Historical,https://archive-api.open-meteo.com/v1/archive?latitude=12.8698&longitude=74.8431
2024-07-15T15:00,12.8698,74.8431,Mangalore,2.0,7.4,59.5,92,25.6,24.7,999.9,Open-Meteo_ERA5_Historical,https://archive-api.open-meteo.com/v1/archive?latitude=12.8698&longitude=74.8431
2024-07-15T16:00,12.8698,74.8431,Mangalore,1.7,5.2,59.9,91,25.6,21.3,999.5,Open-Meteo_ERA5_Historical,https://archive-api.open-meteo.com/v1/archive?latitude=12.8698&longitude=74.8431
2024-07-15T17:00,12.8698,74.8431,Mangalore,3.0,6.7,59.400000000000006,92,25.5,26.1,1000.0,Open-Meteo_ERA5_Historical,https://archive-api.open-meteo.com/v1/archive?latitude=12.8698&longitude=74.8431
2024-07-15T18:00,12.8698,74.8431,Mangalore,8.1,12.8,64.0,92,25.5,32.5,999.5,Open-Meteo_ERA5_Historical,https://archive-api.open-meteo.com/v1/archive?latitude=12.8698&longitude=74.8431
2024-07-15T19:00,12.8698,74.8431,Mangalore,4.5,15.6,66.3,91,25.5,29.0,1000.5,Open-Meteo_ERA5_Historical,https://archive-api.open-meteo.com/v1/archive?latitude=12.8698&longitude=74.8431
2024-07-15T20:00,12.8698,74.8431,Mangalore,5.9,18.5,70.60000000000001,92,25.4,27.9,1001.5,Open-Meteo_ERA5_Historical,https://archive-api.open-meteo.com/v1/archive?latitude=12.8698&longitude=74.8431
2024-07-15T21:00,12.8698,74.8431,Mangalore,4.4,14.8,73.69999999999999,91,25.4,23.4,1002.3,Open-Meteo_ERA5_Historical,https://archive-api.open-meteo.com/v1/archive?latitude=12.8698&longitude=74.8431
2024-07-15T22:00,12.8698,74.8431,Mangalore,3.0,13.3,75.0,91,25.2,23.2,1002.5,Open-Meteo_ERA5_Historical,https://archive-api.open-meteo.com/v1/archive?latitude=12.8698&longitude=74.8431
2024-07-15T23:00,12.8698,74.8431,Mangalore,3.9,11.3,78.0,91,25.4,21.7,1002.6,Open-Meteo_ERA5_Historical,https://archive-api.open-meteo.com/v1/archive?latitude=12.8698&longitude=74.8431
2024-07-16T00:00,12.8698,74.8431,Mangalore,4.0,10.9,80.8,92,25.2,21.7,1001.4,Open-Meteo_ERA5_Historical,https://archive-api.open-meteo.com/v1/archive?latitude=12.8698&longitude=74.8431
2024-07-16T01:00,12.8698,74.8431,Mangalore,2.9,10.8,81.5,92,24.8,23.6,1001.2,Open-Meteo_ERA5_Historical,https://archive-api.open-meteo.com/v1/archive?latitude=12.8698&longitude=74.8431
2024-07-16T02:00,12.8698,74.8431,Mangalore,3.7,10.6,82.80000000000001,91,25.2,26.3,1000.3,Open-Meteo_ERA5_Historical,https://archive-api.open-meteo.com/v1/archive?latitude=12.8698&longitude=74.8431
2024-07-16T03:00,12.8698,74.8431,Mangalore,3.0,9.6,82.60000000000001,94,24.9,25.1,1000.5,Open-Meteo_ERA5_Historical,https://archive-api.open-meteo.com/v1/archive?latitude=12.8698&longitude=74.8431
2024-07-16T04:00,12.8698,74.8431,Mangalore,4.0,10.7,84.0,93,25.2,23.5,1000.4,Open-Meteo_ERA5_Historical,https://archive-api.open-meteo.com/v1/archive?latitude=12.8698&longitude=74.8431
2024-07-16T05:00,12.8698,74.8431,Mangalore,2.1,9.1,84.2,91,25.5,23.1,1000.5,Open-Meteo_ERA5_Historical,https://archive-api.open-meteo.com/v1/archive?latitude=12.8698&longitude=74.8431
2024-07-16T06:00,12.8698,74.8431,Mangalore,3.2,9.3,85.9,93,25.1,21.1,1000.7,Open-Meteo_ERA5_Historical,https://archive-api.open-meteo.com/v1/archive?latitude=12.8698&longitude=74.8431
2024-07-16T07:00,12.8698,74.8431,Mangalore,1.8,7.1000000000000005,83.60000000000001,91,25.0,20.6,1001.2,Open-Meteo_ERA5_Historical,https://archive-api.open-meteo.com/v1/archive?latitude=12.8698&longitude=74.8431
2024-07-16T08:00,12.8698,74.8431,Mangalore,1.8,6.8,80.5,93,24.9,22.5,1002.2,Open-Meteo_ERA5_Historical,https://archive-api.open-meteo.com/v1/archive?latitude=12.8698&longitude=74.8431
2024-07-16T09:00,12.8698,74.8431,Mangalore,1.0,4.6,78.8,92,25.6,19.2,1002.3,Open-Meteo_ERA5_Historical,https://archive-api.open-meteo.com/v1/archive?latitude=12.8698&longitude=74.8431
2024-07-16T10:00,12.8698,74.8431,Mangalore,2.4,5.2,78.7,91,25.5,18.9,1002.8,Open-Meteo_ERA5_Historical,https://archive-api.open-meteo.com/v1/archive?latitude=12.8698&longitude=74.8431
2024-07-16T11:00,12.8698,74.8431,Mangalore,1.4,4.8,77.8,91,26.2,18.2,1002.7,Open-Meteo_ERA5_Historical,https://archive-api.open-meteo.com/v1/archive?latitude=12.8698&longitude=74.8431
2024-07-16T12:00,12.8698,74.8431,Mangalore,3.0,6.8,76.19999999999999,93,25.0,20.5,1002.4,Open-Meteo_ERA5_Historical,https://archive-api.open-meteo.com/v1/archive?latitude=12.8698&longitude=74.8431
2024-07-16T13:00,12.8698,74.8431,Mangalore,0.9,5.300000000000001,73.2,91,26.1,22.3,1001.6,Open-Meteo_ERA5_Historical,https://archive-api.open-meteo.com/v1/archive?latitude=12.8698&longitude=74.8431
2024-07-16T14:00,12.8698,74.8431,Mangalore,1.9,5.8,73.60000000000001,86,27.0,20.1,1000.9,Open-Meteo_ERA5_Historical,https://archive-api.open-meteo.com/v1/archive?latitude=12.8698&longitude=74.8431
2024-07-16T15:00,12.8698,74.8431,Mangalore,3.2,6.0,74.8,90,25.7,23.1,1000.5,Open-Meteo_ERA5_Historical,https://archive-api.open-meteo.com/v1/archive?latitude=12.8698&longitude=74.8431
2024-07-16T16:00,12.8698,74.8431,Mangalore,2.5,7.6,75.6,90,25.6,19.2,1000.2,Open-Meteo_ERA5_Historical,https://archive-api.open-meteo.com/v1/archive?latitude=12.8698&longitude=74.8431
2024-07-16T17:00,12.8698,74.8431,Mangalore,1.8,7.5,74.4,94,24.5,20.2,1000.9,Open-Meteo_ERA5_Historical,https://archive-api.open-meteo.com/v1/archive?latitude=12.8698&longitude=74.8431
2024-07-16T18:00,12.8698,74.8431,Mangalore,0.7,5.0,67.0,92,24.8,18.1,1000.4,Open-Meteo_ERA5_Historical,https://archive-api.open-meteo.com/v1/archive?latitude=12.8698&longitude=74.8431
2024-07-16T19:00,12.8698,74.8431,Mangalore,0.1,2.6,62.6,91,25.3,15.3,1001.0,Open-Meteo_ERA5_Historical,https://archive-api.open-meteo.com/v1/archive?latitude=12.8698&longitude=74.8431
2024-07-16T20:00,12.8698,74.8431,Mangalore,0.7,1.5,57.4,91,25.2,17.9,1001.6,Open-Meteo_ERA5_Historical,https://archive-api.open-meteo.com/v1/archive?latitude=12.8698&longitude=74.8431
2024-07-16T21:00,12.8698,74.8431,Mangalore,0.8,1.6,53.8,92,25.1,16.1,1002.2,Open-Meteo_ERA5_Historical,https://archive-api.open-meteo.com/v1/archive?latitude=12.8698&longitude=74.8431
2024-07-16T22:00,12.8698,74.8431,Mangalore,0.4,1.9,51.2,92,24.5,13.4,1002.9,Open-Meteo_ERA5_Historical,https://archive-api.open-meteo.com/v1/archive?latitude=12.8698&longitude=74.8431
2024-07-16T23:00,12.8698,74.8431,Mangalore,1.2,2.4000000000000004,48.5,94,24.3,21.6,1003.1,Open-Meteo_ERA5_Historical,https://archive-api.open-meteo.com/v1/archive?latitude=12.8698&longitude=74.8431
2024-07-17T00:00,12.8698,74.8431,Mangalore,7.3,8.9,51.800000000000004,95,23.7,14.0,1002.4,Open-Meteo_ERA5_Historical,https://archive-api.open-meteo.com/v1/archive?latitude=12.8698&longitude=74.8431
2024-07-17T01:00,12.8698,74.8431,Mangalore,6.6,15.099999999999998,55.5,93,24.4,18.7,1001.8,Open-Meteo_ERA5_Historical,https://archive-api.open-meteo.com/v1/archive?latitude=12.8698&longitude=74.8431
2024-07-17T02:00,12.8698,74.8431,Mangalore,0.1,14.0,51.9,91,25.0,22.0,1001.3,Open-Meteo_ERA5_Historical,https://archive-api.open-meteo.com/v1/archive?latitude=12.8698&longitude=74.8431
2024-07-17T03:00,12.8698,74.8431,Mangalore,5.4,12.1,54.3,94,24.1,19.9,1001.0,Open-Meteo_ERA5_Historical,https://archive-api.open-meteo.com/v1/archive?latitude=12.8698&longitude=74.8431
2024-07-17T04:00,12.8698,74.8431,Mangalore,0.9,6.4,51.2,92,24.7,16.3,1001.0,Open-Meteo_ERA5_Historical,https://archive-api.open-meteo.com/v1/archive?latitude=12.8698&longitude=74.8431
2024-07-17T05:00,12.8698,74.8431,Mangalore,1.4,7.7,50.5,92,24.7,24.5,1001.8,Open-Meteo_ERA5_Historical,https://archive-api.open-meteo.com/v1/archive?latitude=12.8698&longitude=74.8431
2024-07-17T06:00,12.8698,74.8431,Mangalore,2.0,4.3,49.300000000000004,93,24.5,17.8,1002.0,Open-Meteo_ERA5_Historical,https://archive-api.open-meteo.com/v1/archive?latitude=12.8698&longitude=74.8431
2024-07-17T07:00,12.8698,74.8431,Mangalore,0.4,3.8,47.9,92,25.0,12.8,1002.8,Open-Meteo_ERA5_Historical,https://archive-api.open-meteo.com/v1/archive?latitude=12.8698&longitude=74.8431
2024-07-17T08:00,12.8698,74.8431,Mangalore,0.3,2.7,46.4,89,25.9,17.1,1003.3,Open-Meteo_ERA5_Historical,https://archive-api.open-meteo.com/v1/archive?latitude=12.8698&longitude=74.8431
2024-07-17T09:00,12.8698,74.8431,Mangalore,8.3,9.0,53.7,90,26.3,15.3,1003.5,Open-Meteo_ERA5_Historical,https://archive-api.open-meteo.com/v1/archive?latitude=12.8698&longitude=74.8431
2024-07-17T10:00,12.8698,74.8431,Mangalore,18.0,26.6,69.30000000000001,91,26.0,18.1,1004.2,Open-Meteo_ERA5_Historical,https://archive-api.open-meteo.com/v1/archive?latitude=12.8698&longitude=74.8431
2024-07-17T11:00,12.8698,74.8431,Mangalore,3.6,29.900000000000002,71.5,92,25.7,18.3,1004.3,Open-Meteo_ERA5_Historical,https://archive-api.open-meteo.com/v1/archive?latitude=12.8698&longitude=74.8431
2024-07-17T12:00,12.8698,74.8431,Mangalore,3.5,25.1,72.0,91,25.6,20.7,1003.8,Open-Meteo_ERA5_Historical,https://archive-api.open-meteo.com/v1/archive?latitude=12.8698&longitude=74.8431
2024-07-17T13:00,12.8698,74.8431,Mangalore,5.4,12.5,76.5,92,25.1,17.2,1003.5,Open-Meteo_ERA5_Historical,https://archive-api.open-meteo.com/v1/archive?latitude=12.8698&longitude=74.8431
2024-07-17T14:00,12.8698,74.8431,Mangalore,1.7,10.6,76.3,93,25.2,16.9,1002.8,Open-Meteo_ERA5_Historical,https://archive-api.open-meteo.com/v1/archive?latitude=12.8698&longitude=74.8431
2024-07-17T15:00,12.8698,74.8431,Mangalore,1.9,9.0,75.0,93,25.5,17.9,1002.2,Open-Meteo_ERA5_Historical,https://archive-api.open-meteo.com/v1/archive?latitude=12.8698&longitude=74.8431
2024-07-17T16:00,12.8698,74.8431,Mangalore,2.8,6.3999999999999995,75.3,94,24.7,17.7,1001.9,Open-Meteo_ERA5_Historical,https://archive-api.open-meteo.com/v1/archive?latitude=12.8698&longitude=74.8431
2024-07-17T17:00,12.8698,74.8431,Mangalore,4.9,9.6,78.4,93,25.0,14.6,1002.6,Open-Meteo_ERA5_Historical,https://archive-api.open-meteo.com/v1/archive?latitude=12.8698&longitude=74.8431
2024-07-17T18:00,12.8698,74.8431,Mangalore,2.6,10.3,80.3,92,24.6,15.3,1002.6,Open-Meteo_ERA5_Historical,https://archive-api.open-meteo.com/v1/archive?latitude=12.8698&longitude=74.8431
2024-07-17T19:00,12.8698,74.8431,Mangalore,2.9,10.4,83.10000000000001,94,24.5,11.9,1003.1,Open-Meteo_ERA5_Historical,https://archive-api.open-meteo.com/v1/archive?latitude=12.8698&longitude=74.8431
2024-07-17T20:00,12.8698,74.8431,Mangalore,2.4,7.9,84.8,93,24.8,16.3,1004.0,Open-Meteo_ERA5_Historical,https://archive-api.open-meteo.com/v1/archive?latitude=12.8698&longitude=74.8431
2024-07-17T21:00,12.8698,74.8431,Mangalore,1.1,6.4,85.10000000000001,93,25.1,12.7,1004.1,Open-Meteo_ERA5_Historical,https://archive-api.open-meteo.com/v1/archive?latitude=12.8698&longitude=74.8431
2024-07-17T22:00,12.8698,74.8431,Mangalore,2.7,6.2,87.4,93,24.8,14.8,1005.0,Open-Meteo_ERA5_Historical,https://archive-api.open-meteo.com/v1/archive?latitude=12.8698&longitude=74.8431
2024-07-17T23:00,12.8698,74.8431,Mangalore,1.6,5.4,87.8,92,24.8,17.7,1005.0,Open-Meteo_ERA5_Historical,https://archive-api.open-meteo.com/v1/archive?latitude=12.8698&longitude=74.8431
2024-07-18T00:00,12.8698,74.8431,Mangalore,2.9,7.200000000000001,83.4,93,24.7,15.0,1004.4,Open-Meteo_ERA5_Historical,https://archive-api.open-meteo.com/v1/archive?latitude=12.8698&longitude=74.8431
2024-07-18T01:00,12.8698,74.8431,Mangalore,2.6,7.1,79.4,95,24.3,17.4,1003.5,Open-Meteo_ERA5_Historical,https://archive-api.open-meteo.com/v1/archive?latitude=12.8698&longitude=74.8431
2024-07-18T02:00,12.8698,74.8431,Mangalore,3.6,9.1,82.89999999999999,92,24.7,12.6,1002.7,Open-Meteo_ERA5_Historical,https://archive-api.open-meteo.com/v1/archive?latitude=12.8698&longitude=74.8431
2024-07-18T03:00,12.8698,74.8431,Mangalore,1.7,7.8999999999999995,79.2,91,25.0,16.6,1002.6,Open-Meteo_ERA5_Historical,https://archive-api.open-meteo.com/v1/archive?latitude=12.8698&longitude=74.8431
2024-07-18T04:00,12.8698,74.8431,Mangalore,1.4,6.7,79.7,91,24.9,20.9,1002.3,Open-Meteo_ERA5_Historical,https://archive-api.open-meteo.com/v1/archive?latitude=12.8698&longitude=74.8431
2024-07-18T05:00,12.8698,74.8431,Mangalore,0.9,4.0,79.2,91,25.1,15.5,1002.3,Open-Meteo_ERA5_Historical,https://archive-api.open-meteo.com/v1/archive?latitude=12.8698&longitude=74.8431
2024-07-18T06:00,12.8698,74.8431,Mangalore,1.7,3.9999999999999996,78.9,94,24.4,19.1,1003.0,Open-Meteo_ERA5_Historical,https://archive-api.open-meteo.com/v1/archive?latitude=12.8698&longitude=74.8431
2024-07-18T07:00,12.8698,74.8431,Mangalore,1.8,4.3999999999999995,80.3,96,24.4,14.4,1004.0,Open-Meteo_ERA5_Historical,https://archive-api.open-meteo.com/v1/archive?latitude=12.8698&longitude=74.8431
2024-07-18T08:00,12.8698,74.8431,Mangalore,2.2,5.699999999999999,82.2,94,24.9,13.5,1004.6,Open-Meteo_ERA5_Historical,https://archive-api.open-meteo.com/v1/archive?latitude=12.8698&longitude=74.8431
2024-07-18T09:00,12.8698,74.8431,Mangalore,2.0,6.0,75.9,93,25.5,18.2,1004.6,Open-Meteo_ERA5_Historical,https://archive-api.open-meteo.com/v1/archive?latitude=12.8698&longitude=74.8431
2024-07-18T10:00,12.8698,74.8431,Mangalore,1.8,6.0,59.7,94,25.2,17.5,1004.8,Open-Meteo_ERA5_Historical,https://archive-api.open-meteo.com/v1/archive?latitude=12.8698&longitude=74.8431
2024-07-18T11:00,12.8698,74.8431,Mangalore,1.6,5.4,57.699999999999996,93,25.3,16.3,1005.1,Open-Meteo_ERA5_Historical,https://archive-api.open-meteo.com/v1/archive?latitude=12.8698&longitude=74.8431
2024-07-18T12:00,12.8698,74.8431,Mangalore,4.4,7.800000000000001,58.6,93,25.0,19.4,1004.3,Open-Meteo_ERA5_Historical,https://archive-api.open-meteo.com/v1/archive?latitude=12.8698&longitude=74.8431
2024-07-18T13:00,12.8698,74.8431,Mangalore,3.0,9.0,56.2,93,25.4,19.8,1004.1,Open-Meteo_ERA5_Historical,https://archive-api.open-meteo.com/v1/archive?latitude=12.8698&longitude=74.8431
2024-07-18T14:00,12.8698,74.8431,Mangalore,2.9,10.3,57.4,94,25.1,15.1,1002.8,Open-Meteo_ERA5_Historical,https://archive-api.open-meteo.com/v1/archive?latitude=12.8698&longitude=74.8431
2024-07-18T15:00,12.8698,74.8431,Mangalore,0.8,6.7,56.3,91,26.0,17.0,1002.1,Open-Meteo_ERA5_Historical,https://archive-api.open-meteo.com/v1/archive?latitude=12.8698&longitude=74.8431
2024-07-18T16:00,12.8698,74.8431,Mangalore,0.7,4.4,54.2,92,25.6,18.0,1001.7,Open-Meteo_ERA5_Historical,https://archive-api.open-meteo.com/v1/archive?latitude=12.8698&longitude=74.8431
2024-07-18T17:00,12.8698,74.8431,Mangalore,1.3,2.8,50.6,92,25.1,17.0,1002.0,Open-Meteo_ERA5_Historical,https://archive-api.open-meteo.com/v1/archive?latitude=12.8698&longitude=74.8431
2024-07-18T18:00,12.8698,74.8431,Mangalore,2.9,4.9,50.900000000000006,92,25.1,17.3,1002.7,Open-Meteo_ERA5_Historical,https://archive-api.open-meteo.com/v1/archive?latitude=12.8698&longitude=74.8431
2024-07-18T19:00,12.8698,74.8431,Mangalore,3.6,7.800000000000001,51.6,94,24.7,17.3,1003.1,Open-Meteo_ERA5_Historical,https://archive-api.open-meteo.com/v1/archive?latitude=12.8698&longitude=74.8431
2024-07-18T20:00,12.8698,74.8431,Mangalore,2.8,9.3,52.0,93,24.8,17.7,1003.6,Open-Meteo_ERA5_Historical,https://archive-api.open-meteo.com/v1/archive?latitude=12.8698&longitude=74.8431
2024-07-18T21:00,12.8698,74.8431,Mangalore,1.4,7.8,52.300000000000004,94,24.9,14.1,1003.8,Open-Meteo_ERA5_Historical,https://archive-api.open-meteo.com/v1/archive?latitude=12.8698&longitude=74.8431
2024-07-18T22:00,12.8698,74.8431,Mangalore,2.3,6.5,51.9,93,24.6,17.4,1004.0,Open-Meteo_ERA5_Historical,https://archive-api.open-meteo.com/v1/archive?latitude=12.8698&longitude=74.8431
2024-07-18T23:00,12.8698,74.8431,Mangalore,1.9,5.6,52.199999999999996,94,24.5,13.9,1003.8,Open-Meteo_ERA5_Historical,https://archive-api.open-meteo.com/v1/archive?latitude=12.8698&longitude=74.8431
2024-07-19T00:00,12.8698,74.8431,Mangalore,1.8,6.0,51.1,94,24.4,15.5,1003.4,Open-Meteo_ERA5_Historical,https://archive-api.open-meteo.com/v1/archive?latitude=12.8698&longitude=74.8431
2024-07-19T01:00,12.8698,74.8431,Mangalore,3.5,7.200000000000001,52.0,93,25.0,19.9,1002.5,Open-Meteo_ERA5_Historical,https://archive-api.open-meteo.com/v1/archive?latitude=12.8698&longitude=74.8431
2024-07-19T02:00,12.8698,74.8431,Mangalore,2.9,8.2,51.3,92,24.9,16.8,1001.8,Open-Meteo_ERA5_Historical,https://archive-api.open-meteo.com/v1/archive?latitude=12.8698&longitude=74.8431
2024-07-19T03:00,12.8698,74.8431,Mangalore,2.5,8.9,52.1,93,25.0,17.5,1001.7,Open-Meteo_ERA5_Historical,https://archive-api.open-meteo.com/v1/archive?latitude=12.8698&longitude=74.8431
2024-07-19T04:00,12.8698,74.8431,Mangalore,5.0,10.4,55.7,93,25.0,24.4,1001.4,Open-Meteo_ERA5_Historical,https://archive-api.open-meteo.com/v1/archive?latitude=12.8698&longitude=74.8431
2024-07-19T05:00,12.8698,74.8431,Mangalore,3.7,11.2,58.5,93,25.0,22.5,1002.1,Open-Meteo_ERA5_Historical,https://archive-api.open-meteo.com/v1/archive?latitude=12.8698&longitude=74.8431
2024-07-19T06:00,12.8698,74.8431,Mangalore,1.9,10.6,58.7,94,24.6,13.3,1001.9,Open-Meteo_ERA5_Historical,https://archive-api.open-meteo.com/v1/archive?latitude=12.8698&longitude=74.8431
2024-07-19T07:00,12.8698,74.8431,Mangalore,2.7,8.3,59.599999999999994,93,24.7,20.9,1002.8,Open-Meteo_ERA5_Historical,https://archive-api.open-meteo.com/v1/archive?latitude=12.8698&longitude=74.8431
2024-07-19T08:00,12.8698,74.8431,Mangalore,3.5,8.1,60.9,94,24.6,19.5,1003.2,Open-Meteo_ERA5_Historical,https://archive-api.open-meteo.com/v1/archive?latitude=12.8698&longitude=74.8431
2024-07-19T09:00,12.8698,74.8431,Mangalore,2.5,8.7,61.4,93,24.9,19.1,1003.3,Open-Meteo_ERA5_Historical,https://archive-api.open-meteo.com/v1/archive?latitude=12.8698&longitude=74.8431
2024-07-19T10:00,12.8698,74.8431,Mangalore,3.6,9.600000000000001,63.199999999999996,92,25.1,17.3,1003.9,Open-Meteo_ERA5_Historical,https://archive-api.open-meteo.com/v1/archive?latitude=12.8698&longitude=74.8431
2024-07-19T11:00,12.8698,74.8431,Mangalore,1.7,7.800000000000001,63.300000000000004,92,25.6,16.0,1003.6,Open-Meteo_ERA5_Historical,https://archive-api.open-meteo.com/v1/archive?latitude=12.8698&longitude=74.8431
2024-07-19T12:00,12.8698,74.8431,Mangalore,1.6,6.9,60.5,92,25.6,15.0,1002.9,Open-Meteo_ERA5_Historical,https://archive-api.open-meteo.com/v1/archive?latitude=12.8698&longitude=74.8431
2024-07-19T13:00,12.8698,74.8431,Mangalore,3.0,6.3,60.5,92,25.2,16.6,1002.2,Open-Meteo_ERA5_Historical,https://archive-api.open-meteo.com/v1/archive?latitude=12.8698&longitude=74.8431
2024-07-19T14:00,12.8698,74.8431,Mangalore,1.0,5.6,58.6,93,25.9,17.1,1001.3,Open-Meteo_ERA5_Historical,https://archive-api.open-meteo.com/v1/archive?latitude=12.8698&longitude=74.8431
2024-07-19T15:00,12.8698,74.8431,Mangalore,2.2,6.2,60.0,94,24.9,19.4,1000.9,Open-Meteo_ERA5_Historical,https://archive-api.open-meteo.com/v1/archive?latitude=12.8698&longitude=74.8431
2024-07-19T16:00,12.8698,74.8431,Mangalore,2.2,5.4,61.5,93,25.2,15.9,1000.8,Open-Meteo_ERA5_Historical,https://archive-api.open-meteo.com/v1/archive?latitude=12.8698&longitude=74.8431
2024-07-19T17:00,12.8698,74.8431,Mangalore,1.7,6.1000000000000005,61.9,94,24.9,17.3,1000.9,Open-Meteo_ERA5_Historical,https://archive-api.open-meteo.com/v1/archive?latitude=12.8698&longitude=74.8431
2024-07-19T18:00,12.8698,74.8431,Mangalore,8.3,12.200000000000001,67.30000000000001,95,23.5,12.5,1001.6,Open-Meteo_ERA5_Historical,https://archive-api.open-meteo.com/v1/archive?latitude=12.8698&longitude=74.8431
2024-07-19T19:00,12.8698,74.8431,Mangalore,5.7,15.7,69.4,93,23.6,8.3,1002.1,Open-Meteo_ERA5_Historical,https://archive-api.open-meteo.com/v1/archive?latitude=12.8698&longitude=74.8431
2024-07-19T20:00,12.8698,74.8431,Mangalore,5.4,19.400000000000002,72.0,93,23.8,7.6,1002.6,Open-Meteo_ERA5_Historical,https://archive-api.open-meteo.com/v1/archive?latitude=12.8698&longitude=74.8431
2024-07-19T21:00,12.8698,74.8431,Mangalore,7.2,18.3,77.8,92,23.7,8.3,1003.2,Open-Meteo_ERA5_Historical,https://archive-api.open-meteo.com/v1/archive?latitude=12.8698&longitude=74.8431
2024-07-19T22:00,12.8698,74.8431,Mangalore,2.1,14.700000000000001,77.60000000000001,94,24.0,3.7,1003.3,Open-Meteo_ERA5_Historical,https://archive-api.open-meteo.com/v1/archive?latitude=12.8698&longitude=74.8431
2024-07-19T23:00,12.8698,74.8431,Mangalore,0.7,10.000000000000002,76.39999999999999,96,23.6,4.0,1003.2,Open-Meteo_ERA5_Historical,https://archive-api.open-meteo.com/v1/archive?latitude=12.8698&longitude=74.8431
2024-07-20T00:00,12.8698,74.8431,Mangalore,0.7,3.5,75.3,95,23.6,3.5,1002.5,Open-Meteo_ERA5_Historical,https://archive-api.open-meteo.com/v1/archive?latitude=12.8698&longitude=74.8431
2024-07-20T01:00,12.8698,74.8431,Mangalore,0.8,2.2,72.6,96,23.5,10.1,1001.9,Open-Meteo_ERA5_Historical,https://archive-api.open-meteo.com/v1/archive?latitude=12.8698&longitude=74.8431
2024-07-20T02:00,12.8698,74.8431,Mangalore,0.7,2.2,70.39999999999999,92,24.6,11.2,1001.0,Open-Meteo_ERA5_Historical,https://archive-api.open-meteo.com/v1/archive?latitude=12.8698&longitude=74.8431
2024-07-20T03:00,12.8698,74.8431,Mangalore,0.6,2.1,68.5,89,25.0,17.2,1000.9,Open-Meteo_ERA5_Historical,https://archive-api.open-meteo.com/v1/archive?latitude=12.8698&longitude=74.8431
2024-07-20T04:00,12.8698,74.8431,Mangalore,1.2,2.5,64.7,90,24.4,16.8,1001.0,Open-Meteo_ERA5_Historical,https://archive-api.open-meteo.com/v1/archive?latitude=12.8698&longitude=74.8431
2024-07-20T05:00,12.8698,74.8431,Mangalore,3.4,5.199999999999999,64.4,94,23.6,18.9,1001.6,Open-Meteo_ERA5_Historical,https://archive-api.open-meteo.com/v1/archive?latitude=12.8698&longitude=74.8431
2024-07-20T06:00,12.8698,74.8431,Mangalore,0.3,4.8999999999999995,62.8,91,25.2,11.5,1001.7,Open-Meteo_ERA5_Historical,https://archive-api.open-meteo.com/v1/archive?latitude=12.8698&longitude=74.8431
2024-07-20T07:00,12.8698,74.8431,Mangalore,0.0,3.6999999999999993,60.1,90,25.9,13.9,1002.2,Open-Meteo_ERA5_Historical,https://archive-api.open-meteo.com/v1/archive?latitude=12.8698&longitude=74.8431
2024-07-20T08:00,12.8698,74.8431,Mangalore,0.1,0.3999999999999996,56.7,88,26.5,12.8,1002.7,Open-Meteo_ERA5_Historical,https://archive-api.open-meteo.com/v1/archive?latitude=12.8698&longitude=74.8431
2024-07-20T09:00,12.8698,74.8431,Mangalore,2.8,2.8999999999999995,57.00000000000001,92,24.8,21.3,1004.1,Open-Meteo_ERA5_Historical,https://archive-api.open-meteo.com/v1/archive?latitude=12.8698&longitude=74.8431
2024-07-20T10:00,12.8698,74.8431,Mangalore,0.6,3.4999999999999996,54.0,91,25.4,14.1,1003.8,Open-Meteo_ERA5_Historical,https://archive-api.open-meteo.com/v1/archive?latitude=12.8698&longitude=74.8431
2024-07-20T11:00,12.8698,74.8431,Mangalore,0.1,3.4999999999999996,52.4,86,26.6,16.2,1003.5,Open-Meteo_ERA5_Historical,https://archive-api.open-meteo.com/v1/archive?latitude=12.8698&longitude=74.8431
2024-07-20T12:00,12.8698,74.8431,Mangalore,1.8,2.4999999999999996,52.6,88,25.5,11.4,1003.7,Open-Meteo_ERA5_Historical,https://archive-api.open-meteo.com/v1/archive?latitude=12.8698&longitude=74.8431
2024-07-20T13:00,12.8698,74.8431,Mangalore,0.5,2.3999999999999995,50.1,90,25.9,10.5,1003.0,Open-Meteo_ERA5_Historical,https://archive-api.open-meteo.com/v1/archive?latitude=12.8698&longitude=74.8431
2024-07-20T14:00,12.8698,74.8431,Mangalore,0.0,2.2999999999999994,49.1,87,26.5,12.9,1002.2,Open-Meteo_ERA5_Historical,https://archive-api.open-meteo.com/v1/archive?latitude=12.8698&longitude=74.8431
2024-07-20T15:00,12.8698,74.8431,Mangalore,1.4,1.8999999999999995,48.300000000000004,87,26.4,13.6,1001.5,Open-Meteo_ERA5_Historical,https://archive-api.open-meteo.com/v1/archive?latitude=12.8698&longitude=74.8431
2024-07-20T16:00,12.8698,74.8431,Mangalore,0.2,1.5999999999999994,46.3,87,26.8,11.5,1001.1,Open-Meteo_ERA5_Historical,https://archive-api.open-meteo.com/v1/archive?latitude=12.8698&longitude=74.8431
2024-07-20T17:00,12.8698,74.8431,Mangalore,0.1,1.6999999999999995,44.7,87,26.5,13.7,1001.1,Open-Meteo_ERA5_Historical,https://archive-api.open-meteo.com/v1/archive?latitude=12.8698&longitude=74.8431
2024-07-20T18:00,12.8698,74.8431,Mangalore,0.2,0.49999999999999956,36.6,86,26.5,11.2,1002.0,Open-Meteo_ERA5_Historical,https://archive-api.open-meteo.com/v1/archive?latitude=12.8698&longitude=74.8431
2024-07-20T19:00,12.8698,74.8431,Mangalore,0.1,0.3999999999999996,31.0,88,25.7,11.5,1002.7,Open-Meteo_ERA5_Historical,https://archive-api.open-meteo.com/v1/archive?latitude=12.8698&longitude=74.8431
2024-07-20T20:00,12.8698,74.8431,Mangalore,0.0,0.2999999999999996,25.599999999999998,89,25.5,9.0,1003.1,Open-Meteo_ERA5_Historical,https://archive-api.open-meteo.com/v1/archive?latitude=12.8698&longitude=74.8431
2024-07-20T21:00,12.8698,74.8431,Mangalore,0.7,0.7999999999999995,19.099999999999998,90,25.3,6.6,1003.5,Open-Meteo_ERA5_Historical,https://archive-api.open-meteo.com/v1/archive?latitude=12.8698&longitude=74.8431
2024-07-20T22:00,12.8698,74.8431,Mangalore,0.6,1.2999999999999994,17.599999999999998,94,24.6,10.5,1003.8,Open-Meteo_ERA5_Historical,https://archive-api.open-meteo.com/v1/archive?latitude=12.8698&longitude=74.8431
2024-07-20T23:00,12.8698,74.8431,Mangalore,1.1,2.3999999999999995,18.0,93,24.5,6.2,1003.3,Open-Meteo_ERA5_Historical,https://archive-api.open-meteo.com/v1/archive?latitude=12.8698&longitude=74.8431
2024-07-21T00:00,12.8698,74.8431,Mangalore,0.4,2.0999999999999996,17.7,94,24.2,11.4,1002.8,Open-Meteo_ERA5_Historical,https://archive-api.open-meteo.com/v1/archive?latitude=12.8698&longitude=74.8431
2024-07-21T01:00,12.8698,74.8431,Mangalore,1.1,2.5999999999999996,18.0,90,25.0,12.4,1002.1,Open-Meteo_ERA5_Historical,https://archive-api.open-meteo.com/v1/archive?latitude=12.8698&longitude=74.8431
2024-07-21T02:00,12.8698,74.8431,Mangalore,1.6,3.0999999999999996,18.9,90,24.7,19.1,1001.9,Open-Meteo_ERA5_Historical,https://archive-api.open-meteo.com/v1/archive?latitude=12.8698&longitude=74.8431
2024-07-21T03:00,12.8698,74.8431,Mangalore,1.0,3.6999999999999997,19.299999999999997,94,24.4,17.3,1001.7,Open-Meteo_ERA5_Historical,https://archive-api.open-meteo.com/v1/archive?latitude=12.8698&longitude=74.8431
2024-07-21T04:00,12.8698,74.8431,Mangalore,0.9,3.4999999999999996,19.0,94,24.2,19.5,1001.8,Open-Meteo_ERA5_Historical,https://archive-api.open-meteo.com/v1/archive?latitude=12.8698&longitude=74.8431
2024-07-21T05:00,12.8698,74.8431,Mangalore,0.6,2.4999999999999996,16.2,91,25.2,15.4,1001.5,Open-Meteo_ERA5_Historical,https://archive-api.open-meteo.com/v1/archive?latitude=12.8698&longitude=74.8431
2024-07-21T06:00,12.8698,74.8431,Mangalore,1.4,2.8999999999999995,17.3,93,24.6,18.5,1001.9,Open-Meteo_ERA5_Historical,https://archive-api.open-meteo.com/v1/archive?latitude=12.8698&longitude=74.8431
2024-07-21T07:00,12.8698,74.8431,Mangalore,2.3,4.299999999999999,19.599999999999998,92,25.1,14.8,1002.7,Open-Meteo_ERA5_Historical,https://archive-api.open-meteo.com/v1/archive?latitude=12.8698&longitude=74.8431
2024-07-21T08:00,12.8698,74.8431,Mangalore,0.1,3.7999999999999994,19.599999999999998,87,26.2,16.7,1003.2,Open-Meteo_ERA5_Historical,https://archive-api.open-meteo.com/v1/archive?latitude=12.8698&longitude=74.8431
2024-07-21T09:00,12.8698,74.8431,Mangalore,2.2,4.6,19.0,85,26.3,18.6,1003.9,Open-Meteo_ERA5_Historical,https://archive-api.open-meteo.com/v1/archive?latitude=12.8698&longitude=74.8431
2024-07-21T10:00,12.8698,74.8431,Mangalore,1.1,3.4,19.5,89,26.3,15.1,1003.9,Open-Meteo_ERA5_Historical,https://archive-api.open-meteo.com/v1/archive?latitude=12.8698&longitude=74.8431
2024-07-21T11:00,12.8698,74.8431,Mangalore,1.4,4.699999999999999,20.8,83,27.1,22.2,1003.7,Open-Meteo_ERA5_Historical,https://archive-api.open-meteo.com/v1/archive?latitude=12.8698&longitude=74.8431
2024-07-21T12:00,12.8698,74.8431,Mangalore,0.5,2.9999999999999996,19.5,82,27.7,20.4,1003.2,Open-Meteo_ERA5_Historical,https://archive-api.open-meteo.com/v1/archive?latitude=12.8698&longitude=74.8431
2024-07-21T13:00,12.8698,74.8431,Mangalore,1.2,3.0999999999999996,20.2,87,27.2,16.6,1003.0,Open-Meteo_ERA5_Historical,https://archive-api.open-meteo.com/v1/archive?latitude=12.8698&longitude=74.8431
2024-07-21T14:00,12.8698,74.8431,Mangalore,0.1,1.7999999999999996,20.3,81,28.0,18.9,1002.2,Open-Meteo_ERA5_Historical,https://archive-api.open-meteo.com/v1/archive?latitude=12.8698&longitude=74.8431
2024-07-21T15:00,12.8698,74.8431,Mangalore,1.1,2.3999999999999995,20.0,83,27.5,19.8,1002.0,Open-Meteo_ERA5_Historical,https://archive-api.open-meteo.com/v1/archive?latitude=12.8698&longitude=74.8431
2024-07-21T16:00,12.8698,74.8431,Mangalore,2.1,3.3,21.9,82,27.1,21.0,1001.6,Open-Meteo_ERA5_Historical,https://archive-api.open-meteo.com/v1/archive?latitude=12.8698&longitude=74.8431
2024-07-21T17:00,12.8698,74.8431,Mangalore,3.2,6.4,25.0,90,25.9,23.2,1002.4,Open-Meteo_ERA5_Historical,https://archive-api.open-meteo.com/v1/archive?latitude=12.8698&longitude=74.8431
2024-07-21T18:00,12.8698,74.8431,Mangalore,0.4,5.7,25.2,86,26.0,14.0,1002.8,Open-Meteo_ERA5_Historical,https://archive-api.open-meteo.com/v1/archive?latitude=12.8698&longitude=74.8431
2024-07-21T19:00,12.8698,74.8431,Mangalore,0.0,3.5999999999999996,25.1,88,25.7,9.7,1003.0,Open-Meteo_ERA5_Historical,https://archive-api.open-meteo.com/v1/archive?latitude=12.8698&longitude=74.8431
2024-07-21T20:00,12.8698,74.8431,Mangalore,0.2,0.5999999999999996,25.3,91,25.5,5.4,1003.6,Open-Meteo_ERA5_Historical,https://archive-api.open-meteo.com/v1/archive?latitude=12.8698&longitude=74.8431
2024-07-21T21:00,12.8698,74.8431,Mangalore,0.0,0.19999999999999957,24.6,94,25.0,5.3,1004.4,Open-Meteo_ERA5_Historical,https://archive-api.open-meteo.com/v1/archive?latitude=12.8698&longitude=74.8431
2024-07-21T22:00,12.8698,74.8431,Mangalore,0.0,0.19999999999999957,24.0,93,25.3,5.2,1004.3,Open-Meteo_ERA5_Historical,https://archive-api.open-meteo.com/v1/archive?latitude=12.8698&longitude=74.8431
2024-07-21T23:00,12.8698,74.8431,Mangalore,0.7,0.6999999999999995,23.599999999999998,90,25.5,8.6,1004.4,Open-Meteo_ERA5_Historical,https://archive-api.open-meteo.com/v1/archive?latitude=12.8698&longitude=74.8431
2024-07-22T00:00,12.8698,74.8431,Mangalore,0.5,1.1999999999999995,23.7,93,25.3,9.5,1003.8,Open-Meteo_ERA5_Historical,https://archive-api.open-meteo.com/v1/archive?latitude=12.8698&longitude=74.8431
2024-07-22T01:00,12.8698,74.8431,Mangalore,0.1,1.2999999999999996,22.7,90,25.8,11.0,1003.4,Open-Meteo_ERA5_Historical,https://archive-api.open-meteo.com/v1/archive?latitude=12.8698&longitude=74.8431
2024-07-22T02:00,12.8698,74.8431,Mangalore,0.5,1.0999999999999996,21.6,90,25.5,13.0,1003.1,Open-Meteo_ERA5_Historical,https://archive-api.open-meteo.com/v1/archive?latitude=12.8698&longitude=74.8431
2024-07-22T03:00,12.8698,74.8431,Mangalore,0.0,0.5999999999999995,20.6,90,25.9,13.5,1002.6,Open-Meteo_ERA5_Historical,https://archive-api.open-meteo.com/v1/archive?latitude=12.8698&longitude=74.8431
2024-07-22T04:00,12.8698,74.8431,Mangalore,0.2,0.6999999999999995,19.9,88,25.9,11.8,1002.5,Open-Meteo_ERA5_Historical,https://archive-api.open-meteo.com/v1/archive?latitude=12.8698&longitude=74.8431
2024-07-22T05:00,12.8698,74.8431,Mangalore,0.0,0.19999999999999957,19.3,89,26.0,13.8,1002.8,Open-Meteo_ERA5_Historical,https://archive-api.open-meteo.com/v1/archive?latitude=12.8698&longitude=74.8431
2024-07-22T06:00,12.8698,74.8431,Mangalore,0.1,0.2999999999999996,18.0,94,25.2,3.0,1003.0,Open-Meteo_ERA5_Historical,https://archive-api.open-meteo.com/v1/archive?latitude=12.8698&longitude=74.8431
2024-07-22T07:00,12.8698,74.8431,Mangalore,0.1,0.19999999999999957,15.8,91,26.2,3.4,1003.8,Open-Meteo_ERA5_Historical,https://archive-api.open-meteo.com/v1/archive?latitude=12.8698&longitude=74.8431
2024-07-22T08:00,12.8698,74.8431,Mangalore,3.5,3.6999999999999997,19.2,87,26.0,11.7,1004.8,Open-Meteo_ERA5_Historical,https://archive-api.open-meteo.com/v1/archive?latitude=12.8698&longitude=74.8431
2024-07-22T09:00,12.8698,74.8431,Mangalore,2.6,6.199999999999999,19.6,91,25.1,15.5,1006.2,Open-Meteo_ERA5_Historical,https://archive-api.open-meteo.com/v1/archive?latitude=12.8698&longitude=74.8431
2024-07-22T10:00,12.8698,74.8431,Mangalore,2.3,8.4,20.8,88,26.0,14.5,1006.6,Open-Meteo_ERA5_Historical,https://archive-api.open-meteo.com/v1/archive?latitude=12.8698&longitude=74.8431
2024-07-22T11:00,12.8698,74.8431,Mangalore,0.2,5.1,19.6,85,26.9,8.1,1006.3,Open-Meteo_ERA5_Historical,https://archive-api.open-meteo.com/v1/archive?latitude=12.8698&longitude=74.8431
2024-07-22T12:00,12.8698,74.8431,Mangalore,0.3,2.7999999999999994,19.400000000000002,85,27.9,14.1,1005.6,Open-Meteo_ERA5_Historical,https://archive-api.open-meteo.com/v1/archive?latitude=12.8698&longitude=74.8431
2024-07-22T13:00,12.8698,74.8431,Mangalore,2.6,3.0999999999999996,20.8,88,26.1,22.4,1005.8,Open-Meteo_ERA5_Historical,https://archive-api.open-meteo.com/v1/archive?latitude=12.8698&longitude=74.8431
2024-07-22T14:00,12.8698,74.8431,Mangalore,0.4,3.2999999999999994,21.1,87,26.4,15.2,1004.9,Open-Meteo_ERA5_Historical,https://archive-api.open-meteo.com/v1/archive?latitude=12.8698&longitude=74.8431
2024-07-22T15:00,12.8698,74.8431,Mangalore,0.0,2.9999999999999996,20.0,85,27.2,11.5,1004.4,Open-Meteo_ERA5_Historical,https://archive-api.open-meteo.com/v1/archive?latitude=12.8698&longitude=74.8431
2024-07-22T16:00,12.8698,74.8431,Mangalore,0.0,0.3999999999999996,17.900000000000002,85,27.5,9.0,1003.8,Open-Meteo_ERA5_Historical,https://archive-api.open-meteo.com/v1/archive?latitude=12.8698&longitude=74.8431
2024-07-22T17:00,12.8698,74.8431,Mangalore,0.0,0.0,14.7,85,27.2,9.8,1003.7,Open-Meteo_ERA5_Historical,https://archive-api.open-meteo.com/v1/archive?latitude=12.8698&longitude=74.8431
2024-07-22T18:00,12.8698,74.8431,Mangalore,0.1,0.09999999999999956,14.4,87,26.4,12.7,1004.4,Open-Meteo_ERA5_Historical,https://archive-api.open-meteo.com/v1/archive?latitude=12.8698&longitude=74.8431
2024-07-22T19:00,12.8698,74.8431,Mangalore,0.2,0.2999999999999996,14.6,91,25.8,11.0,1005.0,Open-Meteo_ERA5_Historical,https://archive-api.open-meteo.com/v1/archive?latitude=12.8698&longitude=74.8431
2024-07-22T20:00,12.8698,74.8431,Mangalore,0.4,0.6999999999999996,14.8,92,25.7,6.9,1005.9,Open-Meteo_ERA5_Historical,https://archive-api.open-meteo.com/v1/archive?latitude=12.8698&longitude=74.8431
2024-07-22T21:00,12.8698,74.8431,Mangalore,0.4,0.9999999999999997,15.200000000000001,92,25.6,7.6,1006.4,Open-Meteo_ERA5_Historical,https://archive-api.open-meteo.com/v1/archive?latitude=12.8698&longitude=74.8431
2024-07-22T22:00,12.8698,74.8431,Mangalore,0.2,0.9999999999999996,15.4,93,25.6,8.0,1006.9,Open-Meteo_ERA5_Historical,https://archive-api.open-meteo.com/v1/archive?latitude=12.8698&longitude=74.8431
2024-07-22T23:00,12.8698,74.8431,Mangalore,0.0,0.5999999999999996,14.7,91,25.7,6.4,1006.6,Open-Meteo_ERA5_Historical,https://archive-api.open-meteo.com/v1/archive?latitude=12.8698&longitude=74.8431
2024-07-23T00:00,12.8698,74.8431,Mangalore,1.2,1.3999999999999995,15.399999999999999,94,25.0,8.1,1006.1,Open-Meteo_ERA5_Historical,https://archive-api.open-meteo.com/v1/archive?latitude=12.8698&longitude=74.8431
2024-07-23T01:00,12.8698,74.8431,Mangalore,0.5,1.6999999999999997,15.799999999999999,94,24.8,11.4,1005.4,Open-Meteo_ERA5_Historical,https://archive-api.open-meteo.com/v1/archive?latitude=12.8698&longitude=74.8431
2024-07-23T02:00,12.8698,74.8431,Mangalore,0.5,2.1999999999999997,15.799999999999999,91,25.5,13.0,1004.8,Open-Meteo_ERA5_Historical,https://archive-api.open-meteo.com/v1/archive?latitude=12.8698&longitude=74.8431
2024-07-23T03:00,12.8698,74.8431,Mangalore,0.5,1.5,16.3,93,25.0,15.6,1004.8,Open-Meteo_ERA5_Historical,https://archive-api.open-meteo.com/v1/archive?latitude=12.8698&longitude=74.8431
2024-07-23T04:00,12.8698,74.8431,Mangalore,3.4,4.3999999999999995,19.5,93,25.0,12.3,1004.7,Open-Meteo_ERA5_Historical,https://archive-api.open-meteo.com/v1/archive?latitude=12.8698&longitude=74.8431
2024-07-23T05:00,12.8698,74.8431,Mangalore,0.3,4.2,19.8,94,25.1,9.6,1004.7,Open-Meteo_ERA5_Historical,https://archive-api.open-meteo.com/v1/archive?latitude=12.8698&longitude=74.8431
2024-07-23T06:00,12.8698,74.8431,Mangalore,0.7,4.4,20.4,94,24.6,8.4,1004.9,Open-Meteo_ERA5_Historical,https://archive-api.open-meteo.com/v1/archive?latitude=12.8698&longitude=74.8431
2024-07-23T07:00,12.8698,74.8431,Mangalore,2.1,3.1,22.400000000000002,93,25.2,10.0,1005.3,Open-Meteo_ERA5_Historical,https://archive-api.open-meteo.com/v1/archive?latitude=12.8698&longitude=74.8431
2024-07-23T08:00,12.8698,74.8431,Mangalore,0.8,3.6000000000000005,19.7,93,25.7,13.7,1006.3,Open-Meteo_ERA5_Historical,https://archive-api.open-meteo.com/v1/archive?latitude=12.8698&longitude=74.8431
2024-07-23T09:00,12.8698,74.8431,Mangalore,2.6,5.5,19.7,91,25.5,18.3,1006.7,Open-Meteo_ERA5_Historical,https://archive-api.open-meteo.com/v1/archive?latitude=12.8698&longitude=74.8431
2024-07-23T10:00,12.8698,74.8431,Mangalore,0.2,3.6,17.599999999999998,86,26.8,12.8,1007.1,Open-Meteo_ERA5_Historical,https://archive-api.open-meteo.com/v1/archive?latitude=12.8698&longitude=74.8431
2024-07-23T11:00,12.8698,74.8431,Mangalore,0.1,2.8999999999999995,17.5,85,27.1,13.4,1006.6,Open-Meteo_ERA5_Historical,https://archive-api.open-meteo.com/v1/archive?latitude=12.8698&longitude=74.8431
2024-07-23T12:00,12.8698,74.8431,Mangalore,2.4,2.6999999999999997,19.599999999999998,88,26.1,12.0,1006.1,Open-Meteo_ERA5_Historical,https://archive-api.open-meteo.com/v1/archive?latitude=12.8698&longitude=74.8431
2024-07-23T13:00,12.8698,74.8431,Mangalore,0.1,2.5999999999999996,17.1,85,27.4,11.8,1005.5,Open-Meteo_ERA5_Historical,https://archive-api.open-meteo.com/v1/archive?latitude=12.8698&longitude=74.8431
2024-07-23T14:00,12.8698,74.8431,Mangalore,1.6,4.1,18.299999999999997,91,25.5,16.9,1005.0,Open-Meteo_ERA5_Historical,https://archive-api.open-meteo.com/v1/archive?latitude=12.8698&longitude=74.8431
2024-07-23T15:00,12.8698,74.8431,Mangalore,0.8,2.5,19.099999999999998,84,27.5,13.4,1003.9,Open-Meteo_ERA5_Historical,https://archive-api.open-meteo.com/v1/archive?latitude=12.8698&longitude=74.8431
2024-07-23T16:00,12.8698,74.8431,Mangalore,10.9,13.3,30.0,88,25.7,19.8,1004.4,Open-Meteo_ERA5_Historical,https://archive-api.open-meteo.com/v1/archive?latitude=12.8698&longitude=74.8431
2024-07-23T17:00,12.8698,74.8431,Mangalore,1.4,13.100000000000001,31.4,92,25.5,16.9,1004.5,Open-Meteo_ERA5_Historical,https://archive-api.open-meteo.com/v1/archive?latitude=12.8698&longitude=74.8431
2024-07-23T18:00,12.8698,74.8431,Mangalore,0.1,12.4,31.4,89,26.5,11.4,1004.3,Open-Meteo_ERA5_Historical,https://archive-api.open-meteo.com/v1/archive?latitude=12.8698&longitude=74.8431
2024-07-23T19:00,12.8698,74.8431,Mangalore,1.8,3.3,33.0,89,25.6,10.1,1004.8,Open-Meteo_ERA5_Historical,https://archive-api.open-meteo.com/v1/archive?latitude=12.8698&longitude=74.8431
2024-07-23T20:00,12.8698,74.8431,Mangalore,0.3,2.2,32.900000000000006,91,25.8,9.5,1005.0,Open-Meteo_ERA5_Historical,https://archive-api.open-meteo.com/v1/archive?latitude=12.8698&longitude=74.8431
2024-07-23T21:00,12.8698,74.8431,Mangalore,1.0,3.1,33.5,93,25.0,10.9,1006.0,Open-Meteo_ERA5_Historical,https://archive-api.open-meteo.com/v1/archive?latitude=12.8698&longitude=74.8431
2024-07-23T22:00,12.8698,74.8431,Mangalore,0.4,1.7000000000000002,33.7,92,25.3,7.6,1006.2,Open-Meteo_ERA5_Historical,https://archive-api.open-meteo.com/v1/archive?latitude=12.8698&longitude=74.8431
2024-07-23T23:00,12.8698,74.8431,Mangalore,1.4,2.8,35.1,93,24.5,10.9,1006.3,Open-Meteo_ERA5_Historical,https://archive-api.open-meteo.com/v1/archive?latitude=12.8698&longitude=74.8431
2024-07-24T00:00,12.8698,74.8431,Mangalore,0.2,2.0,34.1,93,25.0,12.1,1005.3,Open-Meteo_ERA5_Historical,https://archive-api.open-meteo.com/v1/archive?latitude=12.8698&longitude=74.8431
2024-07-24T01:00,12.8698,74.8431,Mangalore,0.7,2.3,34.3,91,25.3,12.3,1004.4,Open-Meteo_ERA5_Historical,https://archive-api.open-meteo.com/v1/archive?latitude=12.8698&longitude=74.8431
2024-07-24T02:00,12.8698,74.8431,Mangalore,0.0,0.9000000000000001,33.8,90,25.9,12.2,1003.7,Open-Meteo_ERA5_Historical,https://archive-api.open-meteo.com/v1/archive?latitude=12.8698&longitude=74.8431
2024-07-24T03:00,12.8698,74.8431,Mangalore,2.1,2.8000000000000003,35.4,92,24.8,11.7,1003.7,Open-Meteo_ERA5_Historical,https://archive-api.open-meteo.com/v1/archive?latitude=12.8698&longitude=74.8431
2024-07-24T04:00,12.8698,74.8431,Mangalore,0.7,2.8000000000000007,32.7,93,24.4,11.9,1003.7,Open-Meteo_ERA5_Historical,https://archive-api.open-meteo.com/v1/archive?latitude=12.8698&longitude=74.8431
2024-07-24T05:00,12.8698,74.8431,Mangalore,0.3,3.1000000000000005,32.7,93,24.9,9.4,1003.6,Open-Meteo_ERA5_Historical,https://archive-api.open-meteo.com/v1/archive?latitude=12.8698&longitude=74.8431
2024-07-24T06:00,12.8698,74.8431,Mangalore,0.7,1.7,32.7,96,24.0,3.6,1003.8,Open-Meteo_ERA5_Historical,https://archive-api.open-meteo.com/v1/archive?latitude=12.8698&longitude=74.8431
2024-07-24T07:00,12.8698,74.8431,Mangalore,2.5,3.5,33.099999999999994,94,24.3,3.3,1004.2,Open-Meteo_ERA5_Historical,https://archive-api.open-meteo.com/v1/archive?latitude=12.8698&longitude=74.8431
2024-07-24T08:00,12.8698,74.8431,Mangalore,0.4,3.6,32.7,91,25.0,2.6,1004.6,Open-Meteo_ERA5_Historical,https://archive-api.open-meteo.com/v1/archive?latitude=12.8698&longitude=74.8431
2024-07-24T09:00,12.8698,74.8431,Mangalore,0.8,3.7,30.9,95,25.4,6.6,1005.1,Open-Meteo_ERA5_Historical,https://archive-api.open-meteo.com/v1/archive?latitude=12.8698&longitude=74.8431
2024-07-24T10:00,12.8698,74.8431,Mangalore,0.3,1.5,31.0,89,26.9,7.0,1004.8,Open-Meteo_ERA5_Historical,https://archive-api.open-meteo.com/v1/archive?latitude=12.8698&longitude=74.8431
2024-07-24T11:00,12.8698,74.8431,Mangalore,1.8,2.9000000000000004,32.699999999999996,82,27.4,13.0,1004.3,Open-Meteo_ERA5_Historical,https://archive-api.open-meteo.com/v1/archive?latitude=12.8698&longitude=74.8431
2024-07-24T12:00,12.8698,74.8431,Mangalore,3.0,5.1,33.3,87,27.0,11.6,1004.0,Open-Meteo_ERA5_Historical,https://archive-api.open-meteo.com/v1/archive?latitude=12.8698&longitude=74.8431
2024-07-24T13:00,12.8698,74.8431,Mangalore,1.5,6.300000000000001,34.699999999999996,82,27.1,15.2,1003.1,Open-Meteo_ERA5_Historical,https://archive-api.open-meteo.com/v1/archive?latitude=12.8698&longitude=74.8431
2024-07-24T14:00,12.8698,74.8431,Mangalore,10.4,14.900000000000002,43.5,86,26.2,21.4,1002.7,Open-Meteo_ERA5_Historical,https://archive-api.open-meteo.com/v1/archive?latitude=12.8698&longitude=74.8431
2024-07-24T15:00,12.8698,74.8431,Mangalore,2.0,13.9,44.7,88,26.0,16.7,1002.6,Open-Meteo_ERA5_Historical,https://archive-api.open-meteo.com/v1/archive?latitude=12.8698&longitude=74.8431
2024-07-24T16:00,12.8698,74.8431,Mangalore,0.4,12.8,34.2,90,25.4,12.7,1002.0,Open-Meteo_ERA5_Historical,https://archive-api.open-meteo.com/v1/archive?latitude=12.8698&longitude=74.8431
2024-07-24T17:00,12.8698,74.8431,Mangalore,1.8,4.2,34.6,92,25.3,6.8,1001.9,Open-Meteo_ERA5_Historical,https://archive-api.open-meteo.com/v1/archive?latitude=12.8698&longitude=74.8431
2024-07-24T18:00,12.8698,74.8431,Mangalore,0.2,2.4000000000000004,34.7,91,25.5,4.0,1001.5,Open-Meteo_ERA5_Historical,https://archive-api.open-meteo.com/v1/archive?latitude=12.8698&longitude=74.8431
2024-07-24T19:00,12.8698,74.8431,Mangalore,5.3,7.300000000000001,38.199999999999996,94,24.4,12.3,1002.2,Open-Meteo_ERA5_Historical,https://archive-api.open-meteo.com/v1/archive?latitude=12.8698&longitude=74.8431
2024-07-24T20:00,12.8698,74.8431,Mangalore,2.4,7.899999999999999,40.3,94,24.6,12.3,1003.0,Open-Meteo_ERA5_Historical,https://archive-api.open-meteo.com/v1/archive?latitude=12.8698&longitude=74.8431
2024-07-24T21:00,12.8698,74.8431,Mangalore,0.1,7.8,39.4,93,25.0,11.4,1003.4,Open-Meteo_ERA5_Historical,https://archive-api.open-meteo.com/v1/archive?latitude=12.8698&longitude=74.8431
2024-07-24T22:00,12.8698,74.8431,Mangalore,1.5,4.0,40.5,94,24.7,21.1,1004.2,Open-Meteo_ERA5_Historical,https://archive-api.open-meteo.com/v1/archive?latitude=12.8698&longitude=74.8431
2024-07-24T23:00,12.8698,74.8431,Mangalore,3.3,4.9,42.400000000000006,94,24.5,21.6,1003.8,Open-Meteo_ERA5_Historical,https://archive-api.open-meteo.com/v1/archive?latitude=12.8698&longitude=74.8431
2024-07-25T00:00,12.8698,74.8431,Mangalore,3.6,8.4,45.8,91,25.2,17.9,1003.0,Open-Meteo_ERA5_Historical,https://archive-api.open-meteo.com/v1/archive?latitude=12.8698&longitude=74.8431
2024-07-25T01:00,12.8698,74.8431,Mangalore,0.1,7.0,45.199999999999996,92,25.3,16.3,1001.8,Open-Meteo_ERA5_Historical,https://archive-api.open-meteo.com/v1/archive?latitude=12.8698&longitude=74.8431
2024-07-25T02:00,12.8698,74.8431,Mangalore,1.3,5.0,46.5,90,25.3,15.1,1001.6,Open-Meteo_ERA5_Historical,https://archive-api.open-meteo.com/v1/archive?latitude=12.8698&longitude=74.8431
2024-07-25T03:00,12.8698,74.8431,Mangalore,3.7,5.1,48.1,95,24.8,21.1,1001.5,Open-Meteo_ERA5_Historical,https://archive-api.open-meteo.com/v1/archive?latitude=12.8698&longitude=74.8431
2024-07-25T04:00,12.8698,74.8431,Mangalore,3.9,8.9,51.3,91,25.1,18.7,1001.7,Open-Meteo_ERA5_Historical,https://archive-api.open-meteo.com/v1/archive?latitude=12.8698&longitude=74.8431
2024-07-25T05:00,12.8698,74.8431,Mangalore,0.0,7.6,51.0,91,25.4,18.4,1001.2,Open-Meteo_ERA5_Historical,https://archive-api.open-meteo.com/v1/archive?latitude=12.8698&longitude=74.8431
2024-07-25T06:00,12.8698,74.8431,Mangalore,0.2,4.1,50.5,90,25.4,14.0,1001.5,Open-Meteo_ERA5_Historical,https://archive-api.open-meteo.com/v1/archive?latitude=12.8698&longitude=74.8431
2024-07-25T07:00,12.8698,74.8431,Mangalore,0.7,0.8999999999999995,48.7,91,25.5,16.9,1002.0,Open-Meteo_ERA5_Historical,https://archive-api.open-meteo.com/v1/archive?latitude=12.8698&longitude=74.8431
2024-07-25T08:00,12.8698,74.8431,Mangalore,0.5,1.3999999999999995,48.8,93,25.8,16.6,1002.5,Open-Meteo_ERA5_Historical,https://archive-api.open-meteo.com/v1/archive?latitude=12.8698&longitude=74.8431
2024-07-25T09:00,12.8698,74.8431,Mangalore,1.8,2.9999999999999996,49.8,89,26.7,17.9,1003.2,Open-Meteo_ERA5_Historical,https://archive-api.open-meteo.com/v1/archive?latitude=12.8698&longitude=74.8431
2024-07-25T10:00,12.8698,74.8431,Mangalore,5.2,7.5,54.7,89,26.0,15.9,1003.6,Open-Meteo_ERA5_Historical,https://archive-api.open-meteo.com/v1/archive?latitude=12.8698&longitude=74.8431
2024-07-25T11:00,12.8698,74.8431,Mangalore,2.0,9.0,54.900000000000006,89,25.9,15.7,1003.5,Open-Meteo_ERA5_Historical,https://archive-api.open-meteo.com/v1/archive?latitude=12.8698&longitude=74.8431
2024-07-25T12:00,12.8698,74.8431,Mangalore,1.9,9.1,53.800000000000004,87,26.6,17.2,1003.3,Open-Meteo_ERA5_Historical,https://archive-api.open-meteo.com/v1/archive?latitude=12.8698&longitude=74.8431
2024-07-25T13:00,12.8698,74.8431,Mangalore,7.6,11.5,59.900000000000006,91,25.5,21.7,1002.7,Open-Meteo_ERA5_Historical,https://archive-api.open-meteo.com/v1/archive?latitude=12.8698&longitude=74.8431
2024-07-25T14:00,12.8698,74.8431,Mangalore,2.6,12.1,52.099999999999994,93,25.1,28.5,1002.2,Open-Meteo_ERA5_Historical,https://archive-api.open-meteo.com/v1/archive?latitude=12.8698&longitude=74.8431
2024-07-25T15:00,12.8698,74.8431,Mangalore,1.4,11.6,51.5,92,25.5,18.4,1001.8,Open-Meteo_ERA5_Historical,https://archive-api.open-meteo.com/v1/archive?latitude=12.8698&longitude=74.8431
2024-07-25T16:00,12.8698,74.8431,Mangalore,1.6,5.6,52.699999999999996,92,25.9,17.2,1001.7,Open-Meteo_ERA5_Historical,https://archive-api.open-meteo.com/v1/archive?latitude=12.8698&longitude=74.8431
2024-07-25T17:00,12.8698,74.8431,Mangalore,2.0,5.0,52.9,92,25.5,15.9,1001.3,Open-Meteo_ERA5_Historical,https://archive-api.open-meteo.com/v1/archive?latitude=12.8698&longitude=74.8431
2024-07-25T18:00,12.8698,74.8431,Mangalore,2.1,5.7,54.8,94,24.8,15.7,1001.3,Open-Meteo_ERA5_Historical,https://archive-api.open-meteo.com/v1/archive?latitude=12.8698&longitude=74.8431
2024-07-25T19:00,12.8698,74.8431,Mangalore,0.7,4.8,50.2,93,24.8,11.2,1002.1,Open-Meteo_ERA5_Historical,https://archive-api.open-meteo.com/v1/archive?latitude=12.8698&longitude=74.8431
2024-07-25T20:00,12.8698,74.8431,Mangalore,0.7,3.5,48.5,91,25.5,14.9,1002.1,Open-Meteo_ERA5_Historical,https://archive-api.open-meteo.com/v1/archive?latitude=12.8698&longitude=74.8431
2024-07-25T21:00,12.8698,74.8431,Mangalore,0.9,2.3,49.300000000000004,90,25.4,15.2,1003.1,Open-Meteo_ERA5_Historical,https://archive-api.open-meteo.com/v1/archive?latitude=12.8698&longitude=74.8431
2024-07-25T22:00,12.8698,74.8431,Mangalore,4.4,6.0,52.2,94,25.0,21.6,1003.6,Open-Meteo_ERA5_Historical,https://archive-api.open-meteo.com/v1/archive?latitude=12.8698&longitude=74.8431
2024-07-25T23:00,12.8698,74.8431,Mangalore,1.5,6.8,50.400000000000006,92,25.1,14.8,1003.5,Open-Meteo_ERA5_Historical,https://archive-api.open-meteo.com/v1/archive?latitude=12.8698&longitude=74.8431
2024-07-26T00:00,12.8698,74.8431,Mangalore,2.1,8.0,48.900000000000006,94,24.2,18.4,1003.0,Open-Meteo_ERA5_Historical,https://archive-api.open-meteo.com/v1/archive?latitude=12.8698&longitude=74.8431
2024-07-26T01:00,12.8698,74.8431,Mangalore,1.0,4.6,49.800000000000004,91,25.2,14.1,1002.5,Open-Meteo_ERA5_Historical,https://archive-api.open-meteo.com/v1/archive?latitude=12.8698&longitude=74.8431
2024-07-26T02:00,12.8698,74.8431,Mangalore,2.5,5.6,51.0,92,24.8,20.9,1002.5,Open-Meteo_ERA5_Historical,https://archive-api.open-meteo.com/v1/archive?latitude=12.8698&longitude=74.8431
2024-07-26T03:00,12.8698,74.8431,Mangalore,2.7,6.2,50.0,94,24.7,23.4,1002.0,Open-Meteo_ERA5_Historical,https://archive-api.open-meteo.com/v1/archive?latitude=12.8698&longitude=74.8431
2024-07-26T04:00,12.8698,74.8431,Mangalore,0.6,5.8,46.7,94,24.9,14.5,1001.7,Open-Meteo_ERA5_Historical,https://archive-api.open-meteo.com/v1/archive?latitude=12.8698&longitude=74.8431
2024-07-26T05:00,12.8698,74.8431,Mangalore,1.1,4.4,47.800000000000004,92,24.8,15.6,1001.9,Open-Meteo_ERA5_Historical,https://archive-api.open-meteo.com/v1/archive?latitude=12.8698&longitude=74.8431
2024-07-26T06:00,12.8698,74.8431,Mangalore,1.8,3.5,49.4,91,25.0,20.6,1002.0,Open-Meteo_ERA5_Historical,https://archive-api.open-meteo.com/v1/archive?latitude=12.8698&longitude=74.8431
2024-07-26T07:00,12.8698,74.8431,Mangalore,0.2,3.1,48.900000000000006,90,26.0,13.3,1002.4,Open-Meteo_ERA5_Historical,https://archive-api.open-meteo.com/v1/archive?latitude=12.8698&longitude=74.8431
2024-07-26T08:00,12.8698,74.8431,Mangalore,0.6,2.6,49.00000000000001,91,25.6,12.4,1003.1,Open-Meteo_ERA5_Historical,https://archive-api.open-meteo.com/v1/archive?latitude=12.8698&longitude=74.8431
2024-07-26T09:00,12.8698,74.8431,Mangalore,3.1,3.9000000000000004,50.3,87,26.4,13.7,1003.3,Open-Meteo_ERA5_Historical,https://archive-api.open-meteo.com/v1/archive?latitude=12.8698&longitude=74.8431
2024-07-26T10:00,12.8698,74.8431,Mangalore,4.2,7.8999999999999995,49.3,91,25.8,17.4,1003.8,Open-Meteo_ERA5_Historical,https://archive-api.open-meteo.com/v1/archive?latitude=12.8698&longitude=74.8431
2024-07-26T11:00,12.8698,74.8431,Mangalore,0.3,7.6,47.599999999999994,84,27.0,15.8,1003.8,Open-Meteo_ERA5_Historical,https://archive-api.open-meteo.com/v1/archive?latitude=12.8698&longitude=74.8431
2024-07-26T12:00,12.8698,74.8431,Mangalore,1.3,5.799999999999999,47.0,83,27.2,18.1,1003.4,Open-Meteo_ERA5_Historical,https://archive-api.open-meteo.com/v1/archive?latitude=12.8698&longitude=74.8431
2024-07-26T13:00,12.8698,74.8431,Mangalore,1.7,3.299999999999999,41.1,84,27.5,16.6,1002.8,Open-Meteo_ERA5_Historical,https://archive-api.open-meteo.com/v1/archive?latitude=12.8698&longitude=74.8431
2024-07-26T14:00,12.8698,74.8431,Mangalore,2.7,5.699999999999999,41.2,87,26.0,22.0,1002.2,Open-Meteo_ERA5_Historical,https://archive-api.open-meteo.com/v1/archive?latitude=12.8698&longitude=74.8431
2024-07-26T15:00,12.8698,74.8431,Mangalore,0.4,4.799999999999999,40.199999999999996,86,27.0,16.6,1001.7,Open-Meteo_ERA5_Historical,https://archive-api.open-meteo.com/v1/archive?latitude=12.8698&longitude=74.8431
2024-07-26T16:00,12.8698,74.8431,Mangalore,8.9,12.0,47.5,88,25.6,27.1,1001.8,Open-Meteo_ERA5_Historical,https://archive-api.open-meteo.com/v1/archive?latitude=12.8698&longitude=74.8431
2024-07-26T17:00,12.8698,74.8431,Mangalore,0.4,9.700000000000001,45.900000000000006,90,25.8,18.9,1001.9,Open-Meteo_ERA5_Historical,https://archive-api.open-meteo.com/v1/archive?latitude=12.8698&longitude=74.8431
2024-07-26T18:00,12.8698,74.8431,Mangalore,6.7,16.0,50.5,96,24.4,17.6,1002.7,Open-Meteo_ERA5_Historical,https://archive-api.open-meteo.com/v1/archive?latitude=12.8698&longitude=74.8431
2024-07-26T19:00,12.8698,74.8431,Mangalore,6.2,13.3,56.0,95,24.1,20.2,1003.2,Open-Meteo_ERA5_Historical,https://archive-api.open-meteo.com/v1/archive?latitude=12.8698&longitude=74.8431
2024-07-26T20:00,12.8698,74.8431,Mangalore,5.5,18.4,60.800000000000004,91,25.1,17.7,1003.9,Open-Meteo_ERA5_Historical,https://archive-api.open-meteo.com/v1/archive?latitude=12.8698&longitude=74.8431
2024-07-26T21:00,12.8698,74.8431,Mangalore,1.2,12.9,61.1,90,25.3,15.9,1004.1,Open-Meteo_ERA5_Historical,https://archive-api.open-meteo.com/v1/archive?latitude=12.8698&longitude=74.8431
2024-07-26T22:00,12.8698,74.8431,Mangalore,3.0,9.7,59.7,92,25.3,16.3,1004.8,Open-Meteo_ERA5_Historical,https://archive-api.open-meteo.com/v1/archive?latitude=12.8698&longitude=74.8431
2024-07-26T23:00,12.8698,74.8431,Mangalore,5.6,9.8,63.8,93,25.2,14.0,1004.6,Open-Meteo_ERA5_Historical,https://archive-api.open-meteo.com/v1/archive?latitude=12.8698&longitude=74.8431
2024-07-27T00:00,12.8698,74.8431,Mangalore,3.3,11.9,65.0,92,25.0,21.4,1004.5,Open-Meteo_ERA5_Historical,https://archive-api.open-meteo.com/v1/archive?latitude=12.8698&longitude=74.8431
2024-07-27T01:00,12.8698,74.8431,Mangalore,1.6,10.499999999999998,65.6,93,25.0,18.4,1003.5,Open-Meteo_ERA5_Historical,https://archive-api.open-meteo.com/v1/archive?latitude=12.8698&longitude=74.8431
2024-07-27T02:00,12.8698,74.8431,Mangalore,0.8,5.7,63.9,93,24.8,20.2,1003.2,Open-Meteo_ERA5_Historical,https://archive-api.open-meteo.com/v1/archive?latitude=12.8698&longitude=74.8431
2024-07-27T03:00,12.8698,74.8431,Mangalore,2.3,4.7,63.5,92,25.0,18.8,1002.8,Open-Meteo_ERA5_Historical,https://archive-api.open-meteo.com/v1/archive?latitude=12.8698&longitude=74.8431
2024-07-27T04:00,12.8698,74.8431,Mangalore,7.8,10.9,70.7,93,25.1,17.0,1003.1,Open-Meteo_ERA5_Historical,https://archive-api.open-meteo.com/v1/archive?latitude=12.8698&longitude=74.8431
2024-07-27T05:00,12.8698,74.8431,Mangalore,0.3,10.399999999999999,69.9,92,25.2,16.8,1003.3,Open-Meteo_ERA5_Historical,https://archive-api.open-meteo.com/v1/archive?latitude=12.8698&longitude=74.8431
2024-07-27T06:00,12.8698,74.8431,Mangalore,0.1,8.2,68.19999999999999,92,25.1,9.4,1003.4,Open-Meteo_ERA5_Historical,https://archive-api.open-meteo.com/v1/archive?latitude=12.8698&longitude=74.8431
2024-07-27T07:00,12.8698,74.8431,Mangalore,0.1,0.5,68.10000000000001,94,25.1,9.7,1004.1,Open-Meteo_ERA5_Historical,https://archive-api.open-meteo.com/v1/archive?latitude=12.8698&longitude=74.8431
2024-07-27T08:00,12.8698,74.8431,Mangalore,0.2,0.4,67.7,89,26.4,6.8,1004.7,Open-Meteo_ERA5_Historical,https://archive-api.open-meteo.com/v1/archive?latitude=12.8698&longitude=74.8431
2024-07-27T09:00,12.8698,74.8431,Mangalore,0.2,0.5,64.8,88,27.0,8.0,1005.0,Open-Meteo_ERA5_Historical,https://archive-api.open-meteo.com/v1/archive?latitude=12.8698&longitude=74.8431
2024-07-27T10:00,12.8698,74.8431,Mangalore,0.0,0.4,60.6,83,28.2,13.4,1005.0,Open-Meteo_ERA5_Historical,https://archive-api.open-meteo.com/v1/archive?latitude=12.8698&longitude=74.8431
2024-07-27T11:00,12.8698,74.8431,Mangalore,0.0,0.2,60.300000000000004,83,27.9,16.4,1004.6,Open-Meteo_ERA5_Historical,https://archive-api.open-meteo.com/v1/archive?latitude=12.8698&longitude=74.8431
2024-07-27T12:00,12.8698,74.8431,Mangalore,0.1,0.1,59.1,78,28.9,19.3,1004.0,Open-Meteo_ERA5_Historical,https://archive-api.open-meteo.com/v1/archive?latitude=12.8698&longitude=74.8431
2024-07-27T13:00,12.8698,74.8431,Mangalore,0.4,0.5,57.800000000000004,79,28.0,20.0,1003.6,Open-Meteo_ERA5_Historical,https://archive-api.open-meteo.com/v1/archive?latitude=12.8698&longitude=74.8431
2024-07-27T14:00,12.8698,74.8431,Mangalore,0.0,0.5,55.1,75,28.5,17.4,1003.2,Open-Meteo_ERA5_Historical,https://archive-api.open-meteo.com/v1/archive?latitude=12.8698&longitude=74.8431
2024-07-27T15:00,12.8698,74.8431,Mangalore,0.0,0.4,54.7,76,28.5,14.1,1002.7,Open-Meteo_ERA5_Historical,https://archive-api.open-meteo.com/v1/archive?latitude=12.8698&longitude=74.8431
2024-07-27T16:00,12.8698,74.8431,Mangalore,0.0,0.0,45.8,76,28.5,14.6,1002.3,Open-Meteo_ERA5_Historical,https://archive-api.open-meteo.com/v1/archive?latitude=12.8698&longitude=74.8431
2024-07-27T17:00,12.8698,74.8431,Mangalore,0.0,0.0,45.4,80,28.0,12.2,1002.3,Open-Meteo_ERA5_Historical,https://archive-api.open-meteo.com/v1/archive?latitude=12.8698&longitude=74.8431
2024-07-27T18:00,12.8698,74.8431,Mangalore,0.0,0.0,38.7,80,27.5,12.9,1002.2,Open-Meteo_ERA5_Historical,https://archive-api.open-meteo.com/v1/archive?latitude=12.8698&longitude=74.8431
2024-07-27T19:00,12.8698,74.8431,Mangalore,0.0,0.0,32.5,78,27.3,12.6,1003.0,Open-Meteo_ERA5_Historical,https://archive-api.open-meteo.com/v1/archive?latitude=12.8698&longitude=74.8431
2024-07-27T20:00,12.8698,74.8431,Mangalore,0.0,0.0,27.0,75,27.5,15.0,1003.8,Open-Meteo_ERA5_Historical,https://archive-api.open-meteo.com/v1/archive?latitude=12.8698&longitude=74.8431
2024-07-27T21:00,12.8698,74.8431,Mangalore,0.0,0.0,25.8,77,27.5,13.8,1004.4,Open-Meteo_ERA5_Historical,https://archive-api.open-meteo.com/v1/archive?latitude=12.8698&longitude=74.8431
2024-07-27T22:00,12.8698,74.8431,Mangalore,0.0,0.0,22.8,76,27.8,15.6,1004.9,Open-Meteo_ERA5_Historical,https://archive-api.open-meteo.com/v1/archive?latitude=12.8698&longitude=74.8431
2024-07-27T23:00,12.8698,74.8431,Mangalore,0.1,0.1,17.3,83,26.8,19.9,1004.4,Open-Meteo_ERA5_Historical,https://archive-api.open-meteo.com/v1/archive?latitude=12.8698&longitude=74.8431
2024-07-28T00:00,12.8698,74.8431,Mangalore,0.2,0.30000000000000004,14.2,79,26.4,19.8,1004.0,Open-Meteo_ERA5_Historical,https://archive-api.open-meteo.com/v1/archive?latitude=12.8698&longitude=74.8431
2024-07-28T01:00,12.8698,74.8431,Mangalore,0.0,0.30000000000000004,12.6,78,26.6,16.7,1003.4,Open-Meteo_ERA5_Historical,https://archive-api.open-meteo.com/v1/archive?latitude=12.8698&longitude=74.8431
2024-07-28T02:00,12.8698,74.8431,Mangalore,0.0,0.2,11.799999999999999,78,26.5,15.0,1002.7,Open-Meteo_ERA5_Historical,https://archive-api.open-meteo.com/v1/archive?latitude=12.8698&longitude=74.8431
2024-07-28T03:00,12.8698,74.8431,Mangalore,0.0,0.0,9.5,80,26.5,13.6,1002.1,Open-Meteo_ERA5_Historical,https://archive-api.open-meteo.com/v1/archive?latitude=12.8698&longitude=74.8431
2024-07-28T04:00,12.8698,74.8431,Mangalore,0.0,0.0,1.7,82,26.3,10.6,1001.5,Open-Meteo_ERA5_Historical,https://archive-api.open-meteo.com/v1/archive?latitude=12.8698&longitude=74.8431
2024-07-28T05:00,12.8698,74.8431,Mangalore,0.0,0.0,1.4,81,26.4,10.5,1001.8,Open-Meteo_ERA5_Historical,https://archive-api.open-meteo.com/v1/archive?latitude=12.8698&longitude=74.8431
2024-07-28T06:00,12.8698,74.8431,Mangalore,0.8,0.8,2.1,83,26.1,9.5,1002.1,Open-Meteo_ERA5_Historical,https://archive-api.open-meteo.com/v1/archive?latitude=12.8698&longitude=74.8431
2024-07-28T07:00,12.8698,74.8431,Mangalore,2.2,3.0,4.2,81,26.2,5.8,1002.8,Open-Meteo_ERA5_Historical,https://archive-api.open-meteo.com/v1/archive?latitude=12.8698&longitude=74.8431
2024-07-28T08:00,12.8698,74.8431,Mangalore,0.3,3.3,4.3,87,27.5,10.1,1003.2,Open-Meteo_ERA5_Historical,https://archive-api.open-meteo.com/v1/archive?latitude=12.8698&longitude=74.8431
2024-07-28T09:00,12.8698,74.8431,Mangalore,0.1,2.6,4.2,79,28.5,14.9,1003.2,Open-Meteo_ERA5_Historical,https://archive-api.open-meteo.com/v1/archive?latitude=12.8698&longitude=74.8431
2024-07-28T10:00,12.8698,74.8431,Mangalore,0.0,0.4,4.2,73,29.3,18.8,1003.0,Open-Meteo_ERA5_Historical,https://archive-api.open-meteo.com/v1/archive?latitude=12.8698&longitude=74.8431
2024-07-28T11:00,12.8698,74.8431,Mangalore,2.1,2.2,6.3,82,28.2,20.2,1002.4,Open-Meteo_ERA5_Historical,https://archive-api.open-meteo.com/v1/archive?latitude=12.8698&longitude=74.8431
2024-07-28T12:00,12.8698,74.8431,Mangalore,0.1,2.2,6.3,78,28.6,24.9,1001.8,Open-Meteo_ERA5_Historical,https://archive-api.open-meteo.com/v1/archive?latitude=12.8698&longitude=74.8431
2024-07-28T13:00,12.8698,74.8431,Mangalore,1.6,3.8000000000000003,7.5,84,28.0,20.3,1001.5,Open-Meteo_ERA5_Historical,https://archive-api.open-meteo.com/v1/archive?latitude=12.8698&longitude=74.8431
2024-07-28T14:00,12.8698,74.8431,Mangalore,0.7,2.4000000000000004,8.2,86,27.4,20.5,1000.9,Open-Meteo_ERA5_Historical,https://archive-api.open-meteo.com/v1/archive?latitude=12.8698&longitude=74.8431
2024-07-28T15:00,12.8698,74.8431,Mangalore,0.1,2.4,8.3,81,28.0,18.4,1000.6,Open-Meteo_ERA5_Historical,https://archive-api.open-meteo.com/v1/archive?latitude=12.8698&longitude=74.8431
2024-07-28T16:00,12.8698,74.8431,Mangalore,0.5,1.2999999999999998,8.8,83,27.6,16.8,1000.0,Open-Meteo_ERA5_Historical,https://archive-api.open-meteo.com/v1/archive?latitude=12.8698&longitude=74.8431
2024-07-28T17:00,12.8698,74.8431,Mangalore,1.4,1.9999999999999998,10.2,82,27.1,15.2,1000.2,Open-Meteo_ERA5_Historical,https://archive-api.open-meteo.com/v1/archive?latitude=12.8698&longitude=74.8431
2024-07-28T18:00,12.8698,74.8431,Mangalore,0.0,1.8999999999999997,10.2,84,27.2,11.5,999.7,Open-Meteo_ERA5_Historical,https://archive-api.open-meteo.com/v1/archive?latitude=12.8698&longitude=74.8431
2024-07-28T19:00,12.8698,74.8431,Mangalore,0.0,1.4,10.2,85,27.0,12.7,1000.0,Open-Meteo_ERA5_Historical,https://archive-api.open-meteo.com/v1/archive?latitude=12.8698&longitude=74.8431
2024-07-28T20:00,12.8698,74.8431,Mangalore,0.2,0.2,10.4,87,26.2,11.9,1000.6,Open-Meteo_ERA5_Historical,https://archive-api.open-meteo.com/v1/archive?latitude=12.8698&longitude=74.8431
2024-07-28T21:00,12.8698,74.8431,Mangalore,0.7,0.8999999999999999,11.1,85,26.2,16.2,1001.2,Open-Meteo_ERA5_Historical,https://archive-api.open-meteo.com/v1/archive?latitude=12.8698&longitude=74.8431
2024-07-28T22:00,12.8698,74.8431,Mangalore,1.5,2.4,12.6,90,25.1,11.5,1002.1,Open-Meteo_ERA5_Historical,https://archive-api.open-meteo.com/v1/archive?latitude=12.8698&longitude=74.8431
2024-07-28T23:00,12.8698,74.8431,Mangalore,1.6,3.8,14.1,92,24.8,9.8,1001.5,Open-Meteo_ERA5_Historical,https://archive-api.open-meteo.com/v1/archive?latitude=12.8698&longitude=74.8431
2024-07-29T00:00,12.8698,74.8431,Mangalore,1.3,4.4,15.200000000000001,90,25.1,11.0,1000.6,Open-Meteo_ERA5_Historical,https://archive-api.open-meteo.com/v1/archive?latitude=12.8698&longitude=74.8431
2024-07-29T01:00,12.8698,74.8431,Mangalore,1.0,3.9000000000000004,16.2,94,24.3,15.1,1000.2,Open-Meteo_ERA5_Historical,https://archive-api.open-meteo.com/v1/archive?latitude=12.8698&longitude=74.8431
2024-07-29T02:00,12.8698,74.8431,Mangalore,2.2,4.5,18.400000000000002,92,24.2,11.6,999.9,Open-Meteo_ERA5_Historical,https://archive-api.open-meteo.com/v1/archive?latitude=12.8698&longitude=74.8431
2024-07-29T03:00,12.8698,74.8431,Mangalore,2.1,5.300000000000001,20.5,93,24.5,18.4,999.9,Open-Meteo_ERA5_Historical,https://archive-api.open-meteo.com/v1/archive?latitude=12.8698&longitude=74.8431
2024-07-29T04:00,12.8698,74.8431,Mangalore,0.8,5.1000000000000005,21.3,94,24.2,8.8,999.6,Open-Meteo_ERA5_Historical,https://archive-api.open-meteo.com/v1/archive?latitude=12.8698&longitude=74.8431
2024-07-29T05:00,12.8698,74.8431,Mangalore,2.9,5.800000000000001,24.200000000000003,93,24.5,12.7,999.8,Open-Meteo_ERA5_Historical,https://archive-api.open-meteo.com/v1/archive?latitude=12.8698&longitude=74.8431
2024-07-29T06:00,12.8698,74.8431,Mangalore,1.1,4.800000000000001,24.5,93,24.8,20.5,999.7,Open-Meteo_ERA5_Historical,https://archive-api.open-meteo.com/v1/archive?latitude=12.8698&longitude=74.8431
2024-07-29T07:00,12.8698,74.8431,Mangalore,1.5,5.500000000000001,23.8,94,24.4,8.5,1000.2,Open-Meteo_ERA5_Historical,https://archive-api.open-meteo.com/v1/archive?latitude=12.8698&longitude=74.8431
2024-07-29T08:00,12.8698,74.8431,Mangalore,0.8,3.4000000000000004,24.3,90,26.0,15.0,1000.7,Open-Meteo_ERA5_Historical,https://archive-api.open-meteo.com/v1/archive?latitude=12.8698&longitude=74.8431
2024-07-29T09:00,12.8698,74.8431,Mangalore,4.5,6.800000000000001,28.7,91,25.4,18.4,1001.4,Open-Meteo_ERA5_Historical,https://archive-api.open-meteo.com/v1/archive?latitude=12.8698&longitude=74.8431
2024-07-29T10:00,12.8698,74.8431,Mangalore,2.8,8.100000000000001,31.5,87,25.9,16.1,1001.5,Open-Meteo_ERA5_Historical,https://archive-api.open-meteo.com/v1/archive?latitude=12.8698&longitude=74.8431
2024-07-29T11:00,12.8698,74.8431,Mangalore,0.9,8.200000000000001,30.3,93,25.3,13.8,1001.4,Open-Meteo_ERA5_Historical,https://archive-api.open-meteo.com/v1/archive?latitude=12.8698&longitude=74.8431
2024-07-29T12:00,12.8698,74.8431,Mangalore,0.7,4.4,30.9,91,26.0,9.7,1000.6,Open-Meteo_ERA5_Historical,https://archive-api.open-meteo.com/v1/archive?latitude=12.8698&longitude=74.8431
2024-07-29T13:00,12.8698,74.8431,Mangalore,0.9,2.500000000000001,30.2,88,26.0,16.5,1000.2,Open-Meteo_ERA5_Historical,https://archive-api.open-meteo.com/v1/archive?latitude=12.8698&longitude=74.8431
2024-07-29T14:00,12.8698,74.8431,Mangalore,2.4,4.000000000000001,31.9,91,25.4,9.7,999.6,Open-Meteo_ERA5_Historical,https://archive-api.open-meteo.com/v1/archive?latitude=12.8698&longitude=74.8431
2024-07-29T15:00,12.8698,74.8431,Mangalore,2.9,6.200000000000001,34.7,95,25.0,13.5,999.7,Open-Meteo_ERA5_Historical,https://archive-api.open-meteo.com/v1/archive?latitude=12.8698&longitude=74.8431
2024-07-29T16:00,12.8698,74.8431,Mangalore,4.6,9.9,38.8,90,25.5,17.3,999.6,Open-Meteo_ERA5_Historical,https://archive-api.open-meteo.com/v1/archive?latitude=12.8698&longitude=74.8431
2024-07-29T17:00,12.8698,74.8431,Mangalore,7.7,15.200000000000001,45.1,93,24.9,9.3,999.6,Open-Meteo_ERA5_Historical,https://archive-api.open-meteo.com/v1/archive?latitude=12.8698&longitude=74.8431
2024-07-29T18:00,12.8698,74.8431,Mangalore,3.6,15.9,48.7,97,24.1,9.7,999.6,Open-Meteo_ERA5_Historical,https://archive-api.open-meteo.com/v1/archive?latitude=12.8698&longitude=74.8431
2024-07-29T19:00,12.8698,74.8431,Mangalore,7.8,19.1,56.5,96,24.3,9.4,1000.6,Open-Meteo_ERA5_Historical,https://archive-api.open-meteo.com/v1/archive?latitude=12.8698&longitude=74.8431
2024-07-29T20:00,12.8698,74.8431,Mangalore,6.5,17.900000000000002,62.8,96,24.2,14.0,1001.0,Open-Meteo_ERA5_Historical,https://archive-api.open-meteo.com/v1/archive?latitude=12.8698&longitude=74.8431
2024-07-29T21:00,12.8698,74.8431,Mangalore,6.4,20.700000000000003,68.5,94,24.6,12.3,1001.8,Open-Meteo_ERA5_Historical,https://archive-api.open-meteo.com/v1/archive?latitude=12.8698&longitude=74.8431
2024-07-29T22:00,12.8698,74.8431,Mangalore,4.6,17.5,71.6,94,24.2,9.6,1002.8,Open-Meteo_ERA5_Historical,https://archive-api.open-meteo.com/v1/archive?latitude=12.8698&longitude=74.8431
2024-07-29T23:00,12.8698,74.8431,Mangalore,2.6,13.600000000000001,72.60000000000001,96,24.0,6.6,1002.4,Open-Meteo_ERA5_Historical,https://archive-api.open-meteo.com/v1/archive?latitude=12.8698&longitude=74.8431
2024-07-30T00:00,12.8698,74.8431,Mangalore,3.1,10.3,74.4,96,24.0,3.8,1002.3,Open-Meteo_ERA5_Historical,https://archive-api.open-meteo.com/v1/archive?latitude=12.8698&longitude=74.8431
2024-07-30T01:00,12.8698,74.8431,Mangalore,3.1,8.800000000000002,76.5,97,23.9,7.0,1002.0,Open-Meteo_ERA5_Historical,https://archive-api.open-meteo.com/v1/archive?latitude=12.8698&longitude=74.8431
2024-07-30T02:00,12.8698,74.8431,Mangalore,11.0,17.200000000000003,85.3,96,23.6,5.7,1001.5,Open-Meteo_ERA5_Historical,https://archive-api.open-meteo.com/v1/archive?latitude=12.8698&longitude=74.8431
2024-07-30T03:00,12.8698,74.8431,Mangalore,6.1,20.200000000000003,89.3,96,23.9,4.5,1001.6,Open-Meteo_ERA5_Historical,https://archive-api.open-meteo.com/v1/archive?latitude=12.8698&longitude=74.8431
2024-07-30T04:00,12.8698,74.8431,Mangalore,3.6,20.700000000000003,92.1,96,23.9,9.9,1001.5,Open-Meteo_ERA5_Historical,https://archive-api.open-meteo.com/v1/archive?latitude=12.8698&longitude=74.8431
2024-07-30T05:00,12.8698,74.8431,Mangalore,8.4,18.1,97.60000000000001,96,23.9,2.9,1002.1,Open-Meteo_ERA5_Historical,https://archive-api.open-meteo.com/v1/archive?latitude=12.8698&longitude=74.8431
2024-07-30T06:00,12.8698,74.8431,Mangalore,1.2,13.200000000000001,97.7,93,25.0,11.2,1001.9,Open-Meteo_ERA5_Historical,https://archive-api.open-meteo.com/v1/archive?latitude=12.8698&longitude=74.8431
2024-07-30T07:00,12.8698,74.8431,Mangalore,2.1,11.700000000000003,98.3,94,24.4,12.4,1003.0,Open-Meteo_ERA5_Historical,https://archive-api.open-meteo.com/v1/archive?latitude=12.8698&longitude=74.8431
2024-07-30T08:00,12.8698,74.8431,Mangalore,3.1,6.400000000000002,100.6,94,24.3,5.6,1003.9,Open-Meteo_ERA5_Historical,https://archive-api.open-meteo.com/v1/archive?latitude=12.8698&longitude=74.8431
2024-07-30T09:00,12.8698,74.8431,Mangalore,3.9,9.100000000000001,100.0,92,24.6,2.5,1004.7,Open-Meteo_ERA5_Historical,https://archive-api.open-meteo.com/v1/archive?latitude=12.8698&longitude=74.8431
2024-07-30T10:00,12.8698,74.8431,Mangalore,0.8,7.800000000000002,98.0,92,24.9,9.7,1005.1,Open-Meteo_ERA5_Historical,https://archive-api.open-meteo.com/v1/archive?latitude=12.8698&longitude=74.8431
2024-07-30T11:00,12.8698,74.8431,Mangalore,0.7,5.400000000000001,97.8,93,24.8,8.8,1005.1,Open-Meteo_ERA5_Historical,https://archive-api.open-meteo.com/v1/archive?latitude=12.8698&longitude=74.8431
2024-07-30T12:00,12.8698,74.8431,Mangalore,0.7,2.200000000000002,97.8,93,25.1,10.7,1004.9,Open-Meteo_ERA5_Historical,https://archive-api.open-meteo.com/v1/archive?latitude=12.8698&longitude=74.8431
2024-07-30T13:00,12.8698,74.8431,Mangalore,1.3,2.700000000000002,98.2,93,24.9,9.0,1004.2,Open-Meteo_ERA5_Historical,https://archive-api.open-meteo.com/v1/archive?latitude=12.8698&longitude=74.8431
2024-07-30T14:00,12.8698,74.8431,Mangalore,1.9,3.9000000000000012,97.7,91,25.1,7.6,1003.3,Open-Meteo_ERA5_Historical,https://archive-api.open-meteo.com/v1/archive?latitude=12.8698&longitude=74.8431
2024-07-30T15:00,12.8698,74.8431,Mangalore,0.6,3.8000000000000016,95.4,87,26.0,7.5,1002.8,Open-Meteo_ERA5_Historical,https://archive-api.open-meteo.com/v1/archive?latitude=12.8698&longitude=74.8431
2024-07-30T16:00,12.8698,74.8431,Mangalore,0.8,3.300000000000002,91.6,92,25.4,11.6,1002.9,Open-Meteo_ERA5_Historical,https://archive-api.open-meteo.com/v1/archive?latitude=12.8698&longitude=74.8431
2024-07-30T17:00,12.8698,74.8431,Mangalore,2.3,3.700000000000002,86.19999999999999,95,24.8,12.3,1003.0,Open-Meteo_ERA5_Historical,https://archive-api.open-meteo.com/v1/archive?latitude=12.8698&longitude=74.8431
2024-07-30T18:00,12.8698,74.8431,Mangalore,3.0,6.100000000000001,85.6,96,24.2,10.6,1003.7,Open-Meteo_ERA5_Historical,https://archive-api.open-meteo.com/v1/archive?latitude=12.8698&longitude=74.8431
2024-07-30T19:00,12.8698,74.8431,Mangalore,4.9,10.200000000000003,82.7,95,24.1,7.3,1004.2,Open-Meteo_ERA5_Historical,https://archive-api.open-meteo.com/v1/archive?latitude=12.8698&longitude=74.8431
2024-07-30T20:00,12.8698,74.8431,Mangalore,3.1,11.000000000000002,79.3,95,24.0,11.9,1004.8,Open-Meteo_ERA5_Historical,https://archive-api.open-meteo.com/v1/archive?latitude=12.8698&longitude=74.8431
2024-07-30T21:00,12.8698,74.8431,Mangalore,2.9,10.900000000000002,75.8,95,23.8,8.2,1005.5,Open-Meteo_ERA5_Historical,https://archive-api.open-meteo.com/v1/archive?latitude=12.8698&longitude=74.8431
2024-07-30T22:00,12.8698,74.8431,Mangalore,2.7,8.700000000000003,73.9,96,24.0,7.0,1006.1,Open-Meteo_ERA5_Historical,https://archive-api.open-meteo.com/v1/archive?latitude=12.8698&longitude=74.8431
2024-07-30T23:00,12.8698,74.8431,Mangalore,3.4,9.000000000000002,74.69999999999999,96,24.0,7.1,1005.6,Open-Meteo_ERA5_Historical,https://archive-api.open-meteo.com/v1/archive?latitude=12.8698&longitude=74.8431
2024-07-31T00:00,12.8698,74.8431,Mangalore,4.8,10.900000000000002,76.4,96,24.0,4.5,1005.0,Open-Meteo_ERA5_Historical,https://archive-api.open-meteo.com/v1/archive?latitude=12.8698&longitude=74.8431
2024-07-31T01:00,12.8698,74.8431,Mangalore,6.8,15.000000000000004,80.10000000000001,96,24.1,10.2,1004.7,Open-Meteo_ERA5_Historical,https://archive-api.open-meteo.com/v1/archive?latitude=12.8698&longitude=74.8431
2024-07-31T02:00,12.8698,74.8431,Mangalore,6.0,17.6,75.10000000000001,96,24.1,5.4,1004.3,Open-Meteo_ERA5_Historical,https://archive-api.open-meteo.com/v1/archive?latitude=12.8698&longitude=74.8431
2024-07-31T03:00,12.8698,74.8431,Mangalore,5.9,18.700000000000003,74.89999999999999,96,24.0,7.2,1004.0,Open-Meteo_ERA5_Historical,https://archive-api.open-meteo.com/v1/archive?latitude=12.8698&longitude=74.8431
2024-07-31T04:00,12.8698,74.8431,Mangalore,4.3,16.200000000000003,75.6,95,24.2,8.7,1004.0,Open-Meteo_ERA5_Historical,https://archive-api.open-meteo.com/v1/archive?latitude=12.8698&longitude=74.8431
2024-07-31T05:00,12.8698,74.8431,Mangalore,4.0,14.200000000000001,71.19999999999999,94,24.1,7.6,1004.2,Open-Meteo_ERA5_Historical,https://archive-api.open-meteo.com/v1/archive?latitude=12.8698&longitude=74.8431
2024-07-31T06:00,12.8698,74.8431,Mangalore,1.0,9.3,71.0,96,24.2,3.1,1003.9,Open-Meteo_ERA5_Historical,https://archive-api.open-meteo.com/v1/archive?latitude=12.8698&longitude=74.8431
2024-07-31T07:00,12.8698,74.8431,Mangalore,0.8,5.800000000000002,69.7,93,25.1,3.1,1004.8,Open-Meteo_ERA5_Historical,https://archive-api.open-meteo.com/v1/archive?latitude=12.8698&longitude=74.8431
2024-07-31T08:00,12.8698,74.8431,Mangalore,0.6,2.4000000000000017,67.2,92,25.6,10.2,1005.3,Open-Meteo_ERA5_Historical,https://archive-api.open-meteo.com/v1/archive?latitude=12.8698&longitude=74.8431
2024-07-31T09:00,12.8698,74.8431,Mangalore,1.9,3.3000000000000016,65.2,91,25.4,14.6,1005.7,Open-Meteo_ERA5_Historical,https://archive-api.open-meteo.com/v1/archive?latitude=12.8698&longitude=74.8431
2024-07-31T10:00,12.8698,74.8431,Mangalore,1.1,3.600000000000002,65.5,92,25.2,14.4,1006.1,Open-Meteo_ERA5_Historical,https://archive-api.open-meteo.com/v1/archive?latitude=12.8698&longitude=74.8431
2024-07-31T11:00,12.8698,74.8431,Mangalore,0.8,3.8000000000000016,65.6,91,25.4,12.3,1006.1,Open-Meteo_ERA5_Historical,https://archive-api.open-meteo.com/v1/archive?latitude=12.8698&longitude=74.8431
2024-07-31T12:00,12.8698,74.8431,Mangalore,1.1,3.0000000000000018,66.0,93,25.2,13.0,1005.6,Open-Meteo_ERA5_Historical,https://archive-api.open-meteo.com/v1/archive?latitude=12.8698&longitude=74.8431
2024-07-31T13:00,12.8698,74.8431,Mangalore,1.1,3.0000000000000018,65.8,93,25.3,12.3,1004.9,Open-Meteo_ERA5_Historical,https://archive-api.open-meteo.com/v1/archive?latitude=12.8698&longitude=74.8431
2024-07-31T14:00,12.8698,74.8431,Mangalore,0.9,3.1000000000000023,64.8,90,25.2,10.0,1004.2,Open-Meteo_ERA5_Historical,https://archive-api.open-meteo.com/v1/archive?latitude=12.8698&longitude=74.8431
2024-07-31T15:00,12.8698,74.8431,Mangalore,0.7,2.7000000000000015,64.9,94,25.2,7.1,1003.6,Open-Meteo_ERA5_Historical,https://archive-api.open-meteo.com/v1/archive?latitude=12.8698&longitude=74.8431
2024-07-31T16:00,12.8698,74.8431,Mangalore,1.4,3.0000000000000018,65.5,92,25.2,12.0,1003.2,Open-Meteo_ERA5_Historical,https://archive-api.open-meteo.com/v1/archive?latitude=12.8698&longitude=74.8431
2024-07-31T17:00,12.8698,74.8431,Mangalore,2.3,4.400000000000002,65.5,93,25.0,9.1,1003.6,Open-Meteo_ERA5_Historical,https://archive-api.open-meteo.com/v1/archive?latitude=12.8698&longitude=74.8431
2024-07-31T18:00,12.8698,74.8431,Mangalore,0.9,4.600000000000001,63.4,95,24.5,9.0,1003.8,Open-Meteo_ERA5_Historical,https://archive-api.open-meteo.com/v1/archive?latitude=12.8698&longitude=74.8431
2024-07-31T19:00,12.8698,74.8431,Mangalore,2.7,5.900000000000002,61.199999999999996,96,24.0,3.4,1004.4,Open-Meteo_ERA5_Historical,https://archive-api.open-meteo.com/v1/archive?latitude=12.8698&longitude=74.8431
2024-07-31T20:00,12.8698,74.8431,Mangalore,3.5,7.100000000000001,61.599999999999994,96,24.0,1.4,1005.2,Open-Meteo_ERA5_Historical,https://archive-api.open-meteo.com/v1/archive?latitude=12.8698&longitude=74.8431
2024-07-31T21:00,12.8698,74.8431,Mangalore,4.9,11.100000000000001,63.6,95,24.0,1.5,1005.8,Open-Meteo_ERA5_Historical,https://archive-api.open-meteo.com/v1/archive?latitude=12.8698&longitude=74.8431
2024-07-31T22:00,12.8698,74.8431,Mangalore,4.2,12.600000000000001,65.10000000000001,97,23.9,3.9,1005.8,Open-Meteo_ERA5_Historical,https://archive-api.open-meteo.com/v1/archive?latitude=12.8698&longitude=74.8431
2024-07-31T23:00,12.8698,74.8431,Mangalore,4.1,13.200000000000003,65.8,98,24.0,4.5,1005.6,Open-Meteo_ERA5_Historical,https://archive-api.open-meteo.com/v1/archive?latitude=12.8698&longitude=74.8431
2024-08-01T00:00,12.8698,74.8431,Mangalore,3.1,11.400000000000002,64.1,96,24.3,3.1,1005.2,Open-Meteo_ERA5_Historical,https://archive-api.open-meteo.com/v1/archive?latitude=12.8698&longitude=74.8431
2024-08-01T01:00,12.8698,74.8431,Mangalore,2.2,9.400000000000002,59.5,95,24.3,4.2,1004.1,Open-Meteo_ERA5_Historical,https://archive-api.open-meteo.com/v1/archive?latitude=12.8698&longitude=74.8431
2024-08-01T02:00,12.8698,74.8431,Mangalore,2.6,7.900000000000002,56.1,96,24.1,9.6,1003.4,Open-Meteo_ERA5_Historical,https://archive-api.open-meteo.com/v1/archive?latitude=12.8698&longitude=74.8431
2024-08-01T03:00,12.8698,74.8431,Mangalore,4.1,8.900000000000002,54.3,94,24.5,16.6,1003.5,Open-Meteo_ERA5_Historical,https://archive-api.open-meteo.com/v1/archive?latitude=12.8698&longitude=74.8431
2024-08-01T04:00,12.8698,74.8431,Mangalore,2.7,9.400000000000002,52.7,94,24.4,11.5,1003.1,Open-Meteo_ERA5_Historical,https://archive-api.open-meteo.com/v1/archive?latitude=12.8698&longitude=74.8431
2024-08-01T05:00,12.8698,74.8431,Mangalore,1.8,8.600000000000001,50.5,95,24.5,15.6,1003.4,Open-Meteo_ERA5_Historical,https://archive-api.open-meteo.com/v1/archive?latitude=12.8698&longitude=74.8431
2024-08-01T06:00,12.8698,74.8431,Mangalore,0.9,5.400000000000002,50.4,94,24.8,2.5,1003.6,Open-Meteo_ERA5_Historical,https://archive-api.open-meteo.com/v1/archive?latitude=12.8698&longitude=74.8431
2024-08-01T07:00,12.8698,74.8431,Mangalore,0.8,3.5000000000000018,50.400000000000006,94,25.2,3.1,1004.4,Open-Meteo_ERA5_Historical,https://archive-api.open-meteo.com/v1/archive?latitude=12.8698&longitude=74.8431
2024-08-01T08:00,12.8698,74.8431,Mangalore,2.7,4.400000000000002,52.5,91,25.0,11.7,1005.0,Open-Meteo_ERA5_Historical,https://archive-api.open-meteo.com/v1/archive?latitude=12.8698&longitude=74.8431
2024-08-01T09:00,12.8698,74.8431,Mangalore,0.8,4.3000000000000025,51.400000000000006,90,25.9,10.9,1005.5,Open-Meteo_ERA5_Historical,https://archive-api.open-meteo.com/v1/archive?latitude=12.8698&longitude=74.8431
2024-08-01T10:00,12.8698,74.8431,Mangalore,2.9,6.400000000000002,53.2,90,25.7,12.2,1005.8,Open-Meteo_ERA5_Historical,https://archive-api.open-meteo.com/v1/archive?latitude=12.8698&longitude=74.8431
2024-08-01T11:00,12.8698,74.8431,Mangalore,0.2,3.9000000000000017,52.599999999999994,85,26.7,11.6,1005.6,Open-Meteo_ERA5_Historical,https://archive-api.open-meteo.com/v1/archive?latitude=12.8698&longitude=74.8431
2024-08-01T12:00,12.8698,74.8431,Mangalore,2.1,5.200000000000001,53.6,84,26.0,13.4,1005.3,Open-Meteo_ERA5_Historical,https://archive-api.open-meteo.com/v1/archive?latitude=12.8698&longitude=74.8431
2024-08-01T13:00,12.8698,74.8431,Mangalore,1.6,3.900000000000002,54.1,92,25.0,16.0,1004.9,Open-Meteo_ERA5_Historical,https://archive-api.open-meteo.com/v1/archive?latitude=12.8698&longitude=74.8431
2024-08-01T14:00,12.8698,74.8431,Mangalore,0.7,4.400000000000002,53.900000000000006,93,24.8,14.9,1004.4,Open-Meteo_ERA5_Historical,https://archive-api.open-meteo.com/v1/archive?latitude=12.8698&longitude=74.8431
2024-08-01T15:00,12.8698,74.8431,Mangalore,3.6,5.900000000000002,56.8,92,24.5,12.1,1003.9,Open-Meteo_ERA5_Historical,https://archive-api.open-meteo.com/v1/archive?latitude=12.8698&longitude=74.8431
2024-08-01T16:00,12.8698,74.8431,Mangalore,2.6,6.900000000000002,58.0,92,24.5,10.1,1003.9,Open-Meteo_ERA5_Historical,https://archive-api.open-meteo.com/v1/archive?latitude=12.8698&longitude=74.8431
2024-08-01T17:00,12.8698,74.8431,Mangalore,1.1,7.3000000000000025,56.8,93,24.5,5.4,1003.8,Open-Meteo_ERA5_Historical,https://archive-api.open-meteo.com/v1/archive?latitude=12.8698&longitude=74.8431
2024-08-01T18:00,12.8698,74.8431,Mangalore,1.3,5.000000000000002,57.2,95,24.5,8.0,1004.1,Open-Meteo_ERA5_Historical,https://archive-api.open-meteo.com/v1/archive?latitude=12.8698&longitude=74.8431
2024-08-01T19:00,12.8698,74.8431,Mangalore,1.0,3.4000000000000012,55.50000000000001,95,24.5,9.4,1004.6,Open-Meteo_ERA5_Historical,https://archive-api.open-meteo.com/v1/archive?latitude=12.8698&longitude=74.8431
2024-08-01T20:00,12.8698,74.8431,Mangalore,1.4,3.700000000000001,53.400000000000006,95,24.4,4.7,1005.2,Open-Meteo_ERA5_Historical,https://archive-api.open-meteo.com/v1/archive?latitude=12.8698&longitude=74.8431
2024-08-01T21:00,12.8698,74.8431,Mangalore,1.4,3.8000000000000016,49.9,96,24.3,1.1,1006.1,Open-Meteo_ERA5_Historical,https://archive-api.open-meteo.com/v1/archive?latitude=12.8698&longitude=74.8431
2024-08-01T22:00,12.8698,74.8431,Mangalore,1.5,4.300000000000002,47.2,97,24.0,2.2,1006.7,Open-Meteo_ERA5_Historical,https://archive-api.open-meteo.com/v1/archive?latitude=12.8698&longitude=74.8431
2024-08-01T23:00,12.8698,74.8431,Mangalore,0.5,3.4000000000000012,43.6,96,24.0,1.1,1006.5,Open-Meteo_ERA5_Historical,https://archive-api.open-meteo.com/v1/archive?latitude=12.8698&longitude=74.8431
2024-08-02T00:00,12.8698,74.8431,Mangalore,0.6,2.6000000000000014,41.1,97,23.8,6.6,1005.8,Open-Meteo_ERA5_Historical,https://archive-api.open-meteo.com/v1/archive?latitude=12.8698&longitude=74.8431
2024-08-02T01:00,12.8698,74.8431,Mangalore,0.4,1.5000000000000013,39.300000000000004,97,23.8,3.1,1005.2,Open-Meteo_ERA5_Historical,https://archive-api.open-meteo.com/v1/archive?latitude=12.8698&longitude=74.8431
2024-08-02T02:00,12.8698,74.8431,Mangalore,1.3,2.3000000000000016,38.0,97,23.7,0.8,1004.9,Open-Meteo_ERA5_Historical,https://archive-api.open-meteo.com/v1/archive?latitude=12.8698&longitude=74.8431
2024-08-02T03:00,12.8698,74.8431,Mangalore,0.7,2.4000000000000012,34.6,97,23.6,2.2,1004.4,Open-Meteo_ERA5_Historical,https://archive-api.open-meteo.com/v1/archive?latitude=12.8698&longitude=74.8431
2024-08-02T04:00,12.8698,74.8431,Mangalore,0.4,2.4000000000000012,32.300000000000004,98,23.5,5.0,1004.2,Open-Meteo_ERA5_Historical,https://archive-api.open-meteo.com/v1/archive?latitude=12.8698&longitude=74.8431
2024-08-02T05:00,12.8698,74.8431,Mangalore,0.2,1.3000000000000014,30.7,98,23.3,5.8,1004.3,Open-Meteo_ERA5_Historical,https://archive-api.open-meteo.com/v1/archive?latitude=12.8698&longitude=74.8431
2024-08-02T06:00,12.8698,74.8431,Mangalore,1.7,2.3000000000000016,31.500000000000004,93,24.9,12.4,1004.3,Open-Meteo_ERA5_Historical,https://archive-api.open-meteo.com/v1/archive?latitude=12.8698&longitude=74.8431
2024-08-02T07:00,12.8698,74.8431,Mangalore,1.3,3.2000000000000015,32.0,94,24.8,5.7,1004.8,Open-Meteo_ERA5_Historical,https://archive-api.open-meteo.com/v1/archive?latitude=12.8698&longitude=74.8431
2024-08-02T08:00,12.8698,74.8431,Mangalore,1.0,4.000000000000002,30.299999999999997,91,25.3,9.3,1005.2,Open-Meteo_ERA5_Historical,https://archive-api.open-meteo.com/v1/archive?latitude=12.8698&longitude=74.8431
2024-08-02T09:00,12.8698,74.8431,Mangalore,0.7,3.000000000000001,30.200000000000003,92,25.0,10.5,1006.0,Open-Meteo_ERA5_Historical,https://archive-api.open-meteo.com/v1/archive?latitude=12.8698&longitude=74.8431
2024-08-02T10:00,12.8698,74.8431,Mangalore,3.2,4.900000000000001,30.5,94,24.5,11.9,1006.4,Open-Meteo_ERA5_Historical,https://archive-api.open-meteo.com/v1/archive?latitude=12.8698&longitude=74.8431
2024-08-02T11:00,12.8698,74.8431,Mangalore,0.7,4.600000000000001,31.0,92,24.7,10.3,1005.7,Open-Meteo_ERA5_Historical,https://archive-api.open-meteo.com/v1/archive?latitude=12.8698&longitude=74.8431
2024-08-02T12:00,12.8698,74.8431,Mangalore,0.5,4.400000000000001,29.4,89,25.1,8.1,1004.8,Open-Meteo_ERA5_Historical,https://archive-api.open-meteo.com/v1/archive?latitude=12.8698&longitude=74.8431
2024-08-02T13:00,12.8698,74.8431,Mangalore,0.2,1.4000000000000008,28.0,85,26.0,9.5,1004.6,Open-Meteo_ERA5_Historical,https://archive-api.open-meteo.com/v1/archive?latitude=12.8698&longitude=74.8431
2024-08-02T14:00,12.8698,74.8431,Mangalore,0.2,0.9000000000000009,27.5,86,26.0,9.8,1003.8,Open-Meteo_ERA5_Historical,https://archive-api.open-meteo.com/v1/archive?latitude=12.8698&longitude=74.8431
2024-08-02T15:00,12.8698,74.8431,Mangalore,0.3,0.7000000000000008,24.2,88,25.6,11.3,1003.6,Open-Meteo_ERA5_Historical,https://archive-api.open-meteo.com/v1/archive?latitude=12.8698&longitude=74.8431
2024-08-02T16:00,12.8698,74.8431,Mangalore,0.3,0.8000000000000009,21.9,89,25.5,9.4,1003.3,Open-Meteo_ERA5_Historical,https://archive-api.open-meteo.com/v1/archive?latitude=12.8698&longitude=74.8431
2024-08-02T17:00,12.8698,74.8431,Mangalore,0.2,0.8000000000000009,21.0,88,25.6,7.9,1003.4,Open-Meteo_ERA5_Historical,https://archive-api.open-meteo.com/v1/archive?latitude=12.8698&longitude=74.8431
2024-08-02T18:00,12.8698,74.8431,Mangalore,0.1,0.6000000000000009,19.8,92,25.2,3.3,1003.9,Open-Meteo_ERA5_Historical,https://archive-api.open-meteo.com/v1/archive?latitude=12.8698&longitude=74.8431
2024-08-02T19:00,12.8698,74.8431,Mangalore,0.2,0.5000000000000009,19.0,96,24.4,3.5,1004.1,Open-Meteo_ERA5_Historical,https://archive-api.open-meteo.com/v1/archive?latitude=12.8698&longitude=74.8431
2024-08-02T20:00,12.8698,74.8431,Mangalore,0.1,0.4000000000000009,17.700000000000003,96,24.5,3.2,1005.0,Open-Meteo_ERA5_Historical,https://archive-api.open-meteo.com/v1/archive?latitude=12.8698&longitude=74.8431
2024-08-02T21:00,12.8698,74.8431,Mangalore,0.3,0.600000000000001,16.599999999999998,97,24.1,4.3,1005.9,Open-Meteo_ERA5_Historical,https://archive-api.open-meteo.com/v1/archive?latitude=12.8698&longitude=74.8431
2024-08-02T22:00,12.8698,74.8431,Mangalore,0.4,0.8000000000000009,15.5,97,24.0,3.1,1006.6,Open-Meteo_ERA5_Historical,https://archive-api.open-meteo.com/v1/archive?latitude=12.8698&longitude=74.8431
2024-08-02T23:00,12.8698,74.8431,Mangalore,0.4,1.100000000000001,15.4,96,24.1,8.0,1006.7,Open-Meteo_ERA5_Historical,https://archive-api.open-meteo.com/v1/archive?latitude=12.8698&longitude=74.8431
2024-08-03T00:00,12.8698,74.8431,Mangalore,0.1,0.9000000000000009,14.9,96,24.0,6.2,1006.0,Open-Meteo_ERA5_Historical,https://archive-api.open-meteo.com/v1/archive?latitude=12.8698&longitude=74.8431
2024-08-03T01:00,12.8698,74.8431,Mangalore,0.0,0.5000000000000009,14.5,97,23.6,3.4,1005.1,Open-Meteo_ERA5_Historical,https://archive-api.open-meteo.com/v1/archive?latitude=12.8698&longitude=74.8431
2024-08-03T02:00,12.8698,74.8431,Mangalore,0.1,0.2000000000000009,13.3,96,23.9,4.0,1004.5,Open-Meteo_ERA5_Historical,https://archive-api.open-meteo.com/v1/archive?latitude=12.8698&longitude=74.8431
2024-08-03T03:00,12.8698,74.8431,Mangalore,0.5,0.6000000000000009,13.1,94,24.2,9.5,1004.5,Open-Meteo_ERA5_Historical,https://archive-api.open-meteo.com/v1/archive?latitude=12.8698&longitude=74.8431
2024-08-03T04:00,12.8698,74.8431,Mangalore,0.2,0.8000000000000009,12.9,93,24.2,6.6,1004.4,Open-Meteo_ERA5_Historical,https://archive-api.open-meteo.com/v1/archive?latitude=12.8698&longitude=74.8431
2024-08-03T05:00,12.8698,74.8431,Mangalore,0.0,0.7000000000000008,12.7,94,24.0,3.7,1004.5,Open-Meteo_ERA5_Historical,https://archive-api.open-meteo.com/v1/archive?latitude=12.8698&longitude=74.8431
2024-08-03T06:00,12.8698,74.8431,Mangalore,0.8,1.0000000000000009,11.8,98,23.4,7.4,1004.2,Open-Meteo_ERA5_Historical,https://archive-api.open-meteo.com/v1/archive?latitude=12.8698&longitude=74.8431
2024-08-03T07:00,12.8698,74.8431,Mangalore,8.8,9.600000000000001,19.3,99,23.5,7.4,1004.7,Open-Meteo_ERA5_Historical,https://archive-api.open-meteo.com/v1/archive?latitude=12.8698&longitude=74.8431
2024-08-03T08:00,12.8698,74.8431,Mangalore,1.9,11.500000000000002,20.2,95,24.4,6.9,1005.8,Open-Meteo_ERA5_Historical,https://archive-api.open-meteo.com/v1/archive?latitude=12.8698&longitude=74.8431
2024-08-03T09:00,12.8698,74.8431,Mangalore,0.5,11.200000000000001,20.0,94,24.9,11.3,1006.5,Open-Meteo_ERA5_Historical,https://archive-api.open-meteo.com/v1/archive?latitude=12.8698&longitude=74.8431
2024-08-03T10:00,12.8698,74.8431,Mangalore,1.3,3.7,18.1,91,24.7,12.6,1006.8,Open-Meteo_ERA5_Historical,https://archive-api.open-meteo.com/v1/archive?latitude=12.8698&longitude=74.8431
2024-08-03T11:00,12.8698,74.8431,Mangalore,2.8,4.6,20.2,92,25.2,8.8,1006.5,Open-Meteo_ERA5_Historical,https://archive-api.open-meteo.com/v1/archive?latitude=12.8698&longitude=74.8431
2024-08-03T12:00,12.8698,74.8431,Mangalore,0.5,4.6,20.2,87,26.8,9.2,1005.8,Open-Meteo_ERA5_Historical,https://archive-api.open-meteo.com/v1/archive?latitude=12.8698&longitude=74.8431
2024-08-03T13:00,12.8698,74.8431,Mangalore,0.1,3.4000000000000004,20.1,85,27.1,9.4,1005.0,Open-Meteo_ERA5_Historical,https://archive-api.open-meteo.com/v1/archive?latitude=12.8698&longitude=74.8431
2024-08-03T14:00,12.8698,74.8431,Mangalore,0.1,0.7000000000000004,20.0,85,27.1,9.9,1004.3,Open-Meteo_ERA5_Historical,https://archive-api.open-meteo.com/v1/archive?latitude=12.8698&longitude=74.8431
2024-08-03T15:00,12.8698,74.8431,Mangalore,0.2,0.40000000000000047,19.9,81,27.3,13.2,1003.6,Open-Meteo_ERA5_Historical,https://archive-api.open-meteo.com/v1/archive?latitude=12.8698&longitude=74.8431
2024-08-03T16:00,12.8698,74.8431,Mangalore,1.8,2.1000000000000005,21.4,86,25.5,16.9,1003.8,Open-Meteo_ERA5_Historical,https://archive-api.open-meteo.com/v1/archive?latitude=12.8698&longitude=74.8431
2024-08-03T17:00,12.8698,74.8431,Mangalore,1.7,3.7,22.9,94,24.5,14.0,1004.5,Open-Meteo_ERA5_Historical,https://archive-api.open-meteo.com/v1/archive?latitude=12.8698&longitude=74.8431
2024-08-03T18:00,12.8698,74.8431,Mangalore,0.3,3.8000000000000003,23.1,91,24.9,11.8,1004.6,Open-Meteo_ERA5_Historical,https://archive-api.open-meteo.com/v1/archive?latitude=12.8698&longitude=74.8431
2024-08-03T19:00,12.8698,74.8431,Mangalore,0.1,2.1000000000000005,23.0,95,24.4,4.6,1005.1,Open-Meteo_ERA5_Historical,https://archive-api.open-meteo.com/v1/archive?latitude=12.8698&longitude=74.8431
2024-08-03T20:00,12.8698,74.8431,Mangalore,0.1,0.5000000000000004,23.0,90,25.0,2.1,1006.1,Open-Meteo_ERA5_Historical,https://archive-api.open-meteo.com/v1/archive?latitude=12.8698&longitude=74.8431
2024-08-03T21:00,12.8698,74.8431,Mangalore,0.9,1.1000000000000005,23.6,94,24.4,10.3,1006.9,Open-Meteo_ERA5_Historical,https://archive-api.open-meteo.com/v1/archive?latitude=12.8698&longitude=74.8431
2024-08-03T22:00,12.8698,74.8431,Mangalore,0.4,1.4000000000000004,23.6,94,24.3,6.5,1007.4,Open-Meteo_ERA5_Historical,https://archive-api.open-meteo.com/v1/archive?latitude=12.8698&longitude=74.8431
2024-08-03T23:00,12.8698,74.8431,Mangalore,0.8,2.1000000000000005,24.0,95,23.5,11.5,1007.6,Open-Meteo_ERA5_Historical,https://archive-api.open-meteo.com/v1/archive?latitude=12.8698&longitude=74.8431
2024-08-04T00:00,12.8698,74.8431,Mangalore,4.1,5.3,28.0,96,23.0,5.0,1006.7,Open-Meteo_ERA5_Historical,https://archive-api.open-meteo.com/v1/archive?latitude=12.8698&longitude=74.8431
2024-08-04T01:00,12.8698,74.8431,Mangalore,0.5,5.3999999999999995,28.5,95,23.2,2.2,1006.1,Open-Meteo_ERA5_Historical,https://archive-api.open-meteo.com/v1/archive?latitude=12.8698&longitude=74.8431
2024-08-04T02:00,12.8698,74.8431,Mangalore,0.3,4.8999999999999995,28.7,96,23.3,4.0,1005.5,Open-Meteo_ERA5_Historical,https://archive-api.open-meteo.com/v1/archive?latitude=12.8698&longitude=74.8431
2024-08-04T03:00,12.8698,74.8431,Mangalore,0.4,1.2,28.6,96,23.4,6.0,1005.6,Open-Meteo_ERA5_Historical,https://archive-api.open-meteo.com/v1/archive?latitude=12.8698&longitude=74.8431
2024-08-04T04:00,12.8698,74.8431,Mangalore,6.2,6.9,34.6,97,23.1,4.3,1005.8,Open-Meteo_ERA5_Historical,https://archive-api.open-meteo.com/v1/archive?latitude=12.8698&longitude=74.8431
2024-08-04T05:00,12.8698,74.8431,Mangalore,6.2,12.8,40.800000000000004,97,23.1,4.1,1005.7,Open-Meteo_ERA5_Historical,https://archive-api.open-meteo.com/v1/archive?latitude=12.8698&longitude=74.8431
2024-08-04T06:00,12.8698,74.8431,Mangalore,0.8,13.200000000000001,40.8,96,23.8,6.4,1005.2,Open-Meteo_ERA5_Historical,https://archive-api.open-meteo.com/v1/archive?latitude=12.8698&longitude=74.8431
2024-08-04T07:00,12.8698,74.8431,Mangalore,0.6,7.6000000000000005,32.6,96,23.8,6.6,1005.8,Open-Meteo_ERA5_Historical,https://archive-api.open-meteo.com/v1/archive?latitude=12.8698&longitude=74.8431
2024-08-04T08:00,12.8698,74.8431,Mangalore,0.1,1.5,30.8,92,25.2,6.3,1006.6,Open-Meteo_ERA5_Historical,https://archive-api.open-meteo.com/v1/archive?latitude=12.8698&longitude=74.8431
2024-08-04T09:00,12.8698,74.8431,Mangalore,0.1,0.8,30.400000000000002,88,26.0,7.3,1007.0,Open-Meteo_ERA5_Historical,https://archive-api.open-meteo.com/v1/archive?latitude=12.8698&longitude=74.8431
2024-08-04T10:00,12.8698,74.8431,Mangalore,0.0,0.2,29.1,86,27.0,7.6,1007.3,Open-Meteo_ERA5_Historical,https://archive-api.open-meteo.com/v1/archive?latitude=12.8698&longitude=74.8431
2024-08-04T11:00,12.8698,74.8431,Mangalore,0.0,0.1,26.3,82,28.0,11.0,1006.6,Open-Meteo_ERA5_Historical,https://archive-api.open-meteo.com/v1/archive?latitude=12.8698&longitude=74.8431
2024-08-04T12:00,12.8698,74.8431,Mangalore,0.1,0.1,25.9,85,27.2,10.9,1005.9,Open-Meteo_ERA5_Historical,https://archive-api.open-meteo.com/v1/archive?latitude=12.8698&longitude=74.8431
2024-08-04T13:00,12.8698,74.8431,Mangalore,0.1,0.2,25.9,84,27.7,10.8,1005.0,Open-Meteo_ERA5_Historical,https://archive-api.open-meteo.com/v1/archive?latitude=12.8698&longitude=74.8431
2024-08-04T14:00,12.8698,74.8431,Mangalore,0.0,0.2,25.8,82,27.9,9.6,1004.0,Open-Meteo_ERA5_Historical,https://archive-api.open-meteo.com/v1/archive?latitude=12.8698&longitude=74.8431
2024-08-04T15:00,12.8698,74.8431,Mangalore,0.0,0.1,25.6,82,27.8,12.4,1003.5,Open-Meteo_ERA5_Historical,https://archive-api.open-meteo.com/v1/archive?latitude=12.8698&longitude=74.8431
2024-08-04T16:00,12.8698,74.8431,Mangalore,0.5,0.5,24.3,80,27.1,12.6,1003.3,Open-Meteo_ERA5_Historical,https://archive-api.open-meteo.com/v1/archive?latitude=12.8698&longitude=74.8431
2024-08-04T17:00,12.8698,74.8431,Mangalore,0.1,0.6,22.700000000000003,87,26.2,10.1,1003.4,Open-Meteo_ERA5_Historical,https://archive-api.open-meteo.com/v1/archive?latitude=12.8698&longitude=74.8431
2024-08-04T18:00,12.8698,74.8431,Mangalore,0.0,0.6,22.400000000000002,84,26.1,5.9,1003.5,Open-Meteo_ERA5_Historical,https://archive-api.open-meteo.com/v1/archive?latitude=12.8698&longitude=74.8431
2024-08-04T19:00,12.8698,74.8431,Mangalore,0.0,0.1,22.3,88,25.4,4.5,1004.4,Open-Meteo_ERA5_Historical,https://archive-api.open-meteo.com/v1/archive?latitude=12.8698&longitude=74.8431
2024-08-04T20:00,12.8698,74.8431,Mangalore,0.1,0.1,22.3,91,25.2,3.6,1005.2,Open-Meteo_ERA5_Historical,https://archive-api.open-meteo.com/v1/archive?latitude=12.8698&longitude=74.8431
2024-08-04T21:00,12.8698,74.8431,Mangalore,0.0,0.1,21.4,86,25.8,1.5,1006.0,Open-Meteo_ERA5_Historical,https://archive-api.open-meteo.com/v1/archive?latitude=12.8698&longitude=74.8431
2024-08-04T22:00,12.8698,74.8431,Mangalore,0.9,1.0,21.900000000000002,91,24.9,1.4,1006.7,Open-Meteo_ERA5_Historical,https://archive-api.open-meteo.com/v1/archive?latitude=12.8698&longitude=74.8431
2024-08-04T23:00,12.8698,74.8431,Mangalore,0.4,1.3,21.5,94,24.5,2.7,1006.7,Open-Meteo_ERA5_Historical,https://archive-api.open-meteo.com/v1/archive?latitude=12.8698&longitude=74.8431
2024-08-05T00:00,12.8698,74.8431,Mangalore,0.2,1.5,17.599999999999998,96,24.3,3.3,1006.2,Open-Meteo_ERA5_Historical,https://archive-api.open-meteo.com/v1/archive?latitude=12.8698&longitude=74.8431
2024-08-05T01:00,12.8698,74.8431,Mangalore,0.1,0.7000000000000001,17.200000000000003,98,24.1,5.8,1005.5,Open-Meteo_ERA5_Historical,https://archive-api.open-meteo.com/v1/archive?latitude=12.8698&longitude=74.8431
2024-08-05T02:00,12.8698,74.8431,Mangalore,0.0,0.30000000000000004,16.900000000000002,98,23.9,7.0,1004.7,Open-Meteo_ERA5_Historical,https://archive-api.open-meteo.com/v1/archive?latitude=12.8698&longitude=74.8431
2024-08-05T03:00,12.8698,74.8431,Mangalore,0.0,0.1,16.5,98,23.6,5.0,1004.2,Open-Meteo_ERA5_Historical,https://archive-api.open-meteo.com/v1/archive?latitude=12.8698&longitude=74.8431
2024-08-05T04:00,12.8698,74.8431,Mangalore,0.2,0.2,10.5,98,23.6,5.0,1004.4,Open-Meteo_ERA5_Historical,https://archive-api.open-meteo.com/v1/archive?latitude=12.8698&longitude=74.8431
2024-08-05T05:00,12.8698,74.8431,Mangalore,0.3,0.5,4.6000000000000005,97,23.5,5.5,1004.6,Open-Meteo_ERA5_Historical,https://archive-api.open-meteo.com/v1/archive?latitude=12.8698&longitude=74.8431
2024-08-05T06:00,12.8698,74.8431,Mangalore,0.0,0.5,3.8000000000000003,96,24.1,7.3,1004.9,Open-Meteo_ERA5_Historical,https://archive-api.open-meteo.com/v1/archive?latitude=12.8698&longitude=74.8431
2024-08-05T07:00,12.8698,74.8431,Mangalore,0.0,0.3,3.2,96,24.6,8.3,1005.1,Open-Meteo_ERA5_Historical,https://archive-api.open-meteo.com/v1/archive?latitude=12.8698&longitude=74.8431
2024-08-05T08:00,12.8698,74.8431,Mangalore,0.1,0.1,3.2,91,25.8,7.3,1005.7,Open-Meteo_ERA5_Historical,https://archive-api.open-meteo.com/v1/archive?latitude=12.8698&longitude=74.8431
2024-08-05T09:00,12.8698,74.8431,Mangalore,0.1,0.2,3.2,83,27.2,1.5,1005.7,Open-Meteo_ERA5_Historical,https://archive-api.open-meteo.com/v1/archive?latitude=12.8698&longitude=74.8431
2024-08-05T10:00,12.8698,74.8431,Mangalore,0.3,0.5,3.5,81,28.0,6.0,1006.1,Open-Meteo_ERA5_Historical,https://archive-api.open-meteo.com/v1/archive?latitude=12.8698&longitude=74.8431
2024-08-05T11:00,12.8698,74.8431,Mangalore,0.1,0.5,3.6,82,28.4,9.1,1006.1,Open-Meteo_ERA5_Historical,https://archive-api.open-meteo.com/v1/archive?latitude=12.8698&longitude=74.8431
2024-08-05T12:00,12.8698,74.8431,Mangalore,2.1,2.5,5.6,83,27.6,11.2,1005.7,Open-Meteo_ERA5_Historical,https://archive-api.open-meteo.com/v1/archive?latitude=12.8698&longitude=74.8431
2024-08-05T13:00,12.8698,74.8431,Mangalore,0.3,2.5,5.800000000000001,84,27.5,10.8,1004.7,Open-Meteo_ERA5_Historical,https://archive-api.open-meteo.com/v1/archive?latitude=12.8698&longitude=74.8431
2024-08-05T14:00,12.8698,74.8431,Mangalore,0.1,2.5,5.9,85,27.4,10.9,1003.8,Open-Meteo_ERA5_Historical,https://archive-api.open-meteo.com/v1/archive?latitude=12.8698&longitude=74.8431
2024-08-05T15:00,12.8698,74.8431,Mangalore,0.1,0.5,6.0,82,27.6,12.0,1003.5,Open-Meteo_ERA5_Historical,https://archive-api.open-meteo.com/v1/archive?latitude=12.8698&longitude=74.8431
2024-08-05T16:00,12.8698,74.8431,Mangalore,0.3,0.5,5.800000000000001,85,26.6,11.4,1003.2,Open-Meteo_ERA5_Historical,https://archive-api.open-meteo.com/v1/archive?latitude=12.8698&longitude=74.8431
2024-08-05T17:00,12.8698,74.8431,Mangalore,0.0,0.4,5.7,84,26.5,10.5,1003.7,Open-Meteo_ERA5_Historical,https://archive-api.open-meteo.com/v1/archive?latitude=12.8698&longitude=74.8431
2024-08-05T18:00,12.8698,74.8431,Mangalore,0.5,0.8,6.2,90,25.5,5.2,1003.7,Open-Meteo_ERA5_Historical,https://archive-api.open-meteo.com/v1/archive?latitude=12.8698&longitude=74.8431
2024-08-05T19:00,12.8698,74.8431,Mangalore,0.1,0.6,6.3,95,25.2,1.6,1004.4,Open-Meteo_ERA5_Historical,https://archive-api.open-meteo.com/v1/archive?latitude=12.8698&longitude=74.8431
2024-08-05T20:00,12.8698,74.8431,Mangalore,1.1,1.7000000000000002,7.300000000000001,93,25.1,2.7,1005.2,Open-Meteo_ERA5_Historical,https://archive-api.open-meteo.com/v1/archive?latitude=12.8698&longitude=74.8431
2024-08-05T21:00,12.8698,74.8431,Mangalore,2.7,3.9000000000000004,10.0,96,24.6,7.1,1006.0,Open-Meteo_ERA5_Historical,https://archive-api.open-meteo.com/v1/archive?latitude=12.8698&longitude=74.8431
2024-08-05T22:00,12.8698,74.8431,Mangalore,2.3,6.1,11.4,96,24.2,6.9,1006.8,Open-Meteo_ERA5_Historical,https://archive-api.open-meteo.com/v1/archive?latitude=12.8698&longitude=74.8431
2024-08-05T23:00,12.8698,74.8431,Mangalore,1.0,6.0,12.0,96,24.0,4.0,1006.2,Open-Meteo_ERA5_Historical,https://archive-api.open-meteo.com/v1/archive?latitude=12.8698&longitude=74.8431
2024-08-06T00:00,12.8698,74.8431,Mangalore,3.1,6.4,14.9,97,23.6,5.6,1006.1,Open-Meteo_ERA5_Historical,https://archive-api.open-meteo.com/v1/archive?latitude=12.8698&longitude=74.8431
2024-08-06T01:00,12.8698,74.8431,Mangalore,7.4,11.5,22.200000000000003,96,23.4,1.1,1005.5,Open-Meteo_ERA5_Historical,https://archive-api.open-meteo.com/v1/archive?latitude=12.8698&longitude=74.8431
2024-08-06T02:00,12.8698,74.8431,Mangalore,1.8,12.3,24.0,96,23.5,2.4,1004.8,Open-Meteo_ERA5_Historical,https://archive-api.open-meteo.com/v1/archive?latitude=12.8698&longitude=74.8431
2024-08-06T03:00,12.8698,74.8431,Mangalore,0.7,9.900000000000002,24.700000000000003,96,23.6,3.2,1004.3,Open-Meteo_ERA5_Historical,https://archive-api.open-meteo.com/v1/archive?latitude=12.8698&longitude=74.8431
2024-08-06T04:00,12.8698,74.8431,Mangalore,0.8,3.3000000000000007,25.3,98,23.5,6.4,1004.0,Open-Meteo_ERA5_Historical,https://archive-api.open-meteo.com/v1/archive?latitude=12.8698&longitude=74.8431
2024-08-06T05:00,12.8698,74.8431,Mangalore,0.2,1.7000000000000008,25.200000000000003,98,23.4,6.5,1004.2,Open-Meteo_ERA5_Historical,https://archive-api.open-meteo.com/v1/archive?latitude=12.8698&longitude=74.8431
2024-08-06T06:00,12.8698,74.8431,Mangalore,0.3,1.300000000000001,25.5,95,24.5,6.2,1004.1,Open-Meteo_ERA5_Historical,https://archive-api.open-meteo.com/v1/archive?latitude=12.8698&longitude=74.8431
2024-08-06T07:00,12.8698,74.8431,Mangalore,0.0,0.5000000000000009,25.5,93,24.9,5.6,1004.8,Open-Meteo_ERA5_Historical,https://archive-api.open-meteo.com/v1/archive?latitude=12.8698&longitude=74.8431
2024-08-06T08:00,12.8698,74.8431,Mangalore,0.0,0.3000000000000009,25.4,90,25.9,2.4,1005.3,Open-Meteo_ERA5_Historical,https://archive-api.open-meteo.com/v1/archive?latitude=12.8698&longitude=74.8431
2024-08-06T09:00,12.8698,74.8431,Mangalore,0.1,0.1000000000000009,25.400000000000002,83,27.0,5.1,1005.9,Open-Meteo_ERA5_Historical,https://archive-api.open-meteo.com/v1/archive?latitude=12.8698&longitude=74.8431
2024-08-06T10:00,12.8698,74.8431,Mangalore,7.0,7.1000000000000005,32.1,88,25.6,10.1,1005.7,Open-Meteo_ERA5_Historical,https://archive-api.open-meteo.com/v1/archive?latitude=12.8698&longitude=74.8431
2024-08-06T11:00,12.8698,74.8431,Mangalore,0.2,7.300000000000001,32.2,88,26.5,9.8,1005.6,Open-Meteo_ERA5_Historical,https://archive-api.open-meteo.com/v1/archive?latitude=12.8698&longitude=74.8431
2024-08-06T12:00,12.8698,74.8431,Mangalore,0.3,7.500000000000001,30.400000000000002,86,26.5,10.9,1004.8,Open-Meteo_ERA5_Historical,https://archive-api.open-meteo.com/v1/archive?latitude=12.8698&longitude=74.8431
2024-08-06T13:00,12.8698,74.8431,Mangalore,0.2,0.7000000000000008,30.3,82,27.4,11.8,1003.6,Open-Meteo_ERA5_Historical,https://archive-api.open-meteo.com/v1/archive?latitude=12.8698&longitude=74.8431
2024-08-06T14:00,12.8698,74.8431,Mangalore,0.1,0.600000000000001,30.3,81,27.5,12.0,1002.9,Open-Meteo_ERA5_Historical,https://archive-api.open-meteo.com/v1/archive?latitude=12.8698&longitude=74.8431
2024-08-06T15:00,12.8698,74.8431,Mangalore,0.0,0.30000000000000093,30.200000000000003,81,27.5,12.8,1002.3,Open-Meteo_ERA5_Historical,https://archive-api.open-meteo.com/v1/archive?latitude=12.8698&longitude=74.8431
2024-08-06T16:00,12.8698,74.8431,Mangalore,0.0,0.1000000000000009,29.900000000000002,85,26.8,13.7,1001.9,Open-Meteo_ERA5_Historical,https://archive-api.open-meteo.com/v1/archive?latitude=12.8698&longitude=74.8431
2024-08-06T17:00,12.8698,74.8431,Mangalore,0.0,0.0,29.900000000000002,86,26.2,11.3,1002.1,Open-Meteo_ERA5_Historical,https://archive-api.open-meteo.com/v1/archive?latitude=12.8698&longitude=74.8431
2024-08-06T18:00,12.8698,74.8431,Mangalore,0.1,0.1000000000000009,29.5,88,25.6,6.6,1003.1,Open-Meteo_ERA5_Historical,https://archive-api.open-meteo.com/v1/archive?latitude=12.8698&longitude=74.8431
2024-08-06T19:00,12.8698,74.8431,Mangalore,0.6,0.7000000000000008,30.0,89,25.1,7.2,1003.9,Open-Meteo_ERA5_Historical,https://archive-api.open-meteo.com/v1/archive?latitude=12.8698&longitude=74.8431
2024-08-06T20:00,12.8698,74.8431,Mangalore,0.0,0.7000000000000008,28.900000000000002,91,25.0,6.5,1004.6,Open-Meteo_ERA5_Historical,https://archive-api.open-meteo.com/v1/archive?latitude=12.8698&longitude=74.8431
2024-08-06T21:00,12.8698,74.8431,Mangalore,0.0,0.6000000000000009,26.2,93,24.8,4.6,1005.1,Open-Meteo_ERA5_Historical,https://archive-api.open-meteo.com/v1/archive?latitude=12.8698&longitude=74.8431
2024-08-06T22:00,12.8698,74.8431,Mangalore,0.0,0.0,23.9,96,24.3,4.3,1005.6,Open-Meteo_ERA5_Historical,https://archive-api.open-meteo.com/v1/archive?latitude=12.8698&longitude=74.8431
2024-08-06T23:00,12.8698,74.8431,Mangalore,0.0,0.0,22.9,96,24.1,4.0,1005.4,Open-Meteo_ERA5_Historical,https://archive-api.open-meteo.com/v1/archive?latitude=12.8698&longitude=74.8431
2024-08-07T00:00,12.8698,74.8431,Mangalore,0.1,0.1000000000000009,19.900000000000002,94,24.5,5.4,1004.9,Open-Meteo_ERA5_Historical,https://archive-api.open-meteo.com/v1/archive?latitude=12.8698&longitude=74.8431
2024-08-07T01:00,12.8698,74.8431,Mangalore,0.6,0.7000000000000008,13.1,94,24.5,4.3,1004.3,Open-Meteo_ERA5_Historical,https://archive-api.open-meteo.com/v1/archive?latitude=12.8698&longitude=74.8431
2024-08-07T02:00,12.8698,74.8431,Mangalore,0.3,1.0000000000000009,11.6,94,24.5,7.2,1003.6,Open-Meteo_ERA5_Historical,https://archive-api.open-meteo.com/v1/archive?latitude=12.8698&longitude=74.8431
2024-08-07T03:00,12.8698,74.8431,Mangalore,0.8,1.700000000000001,11.700000000000001,94,24.5,8.5,1003.3,Open-Meteo_ERA5_Historical,https://archive-api.open-meteo.com/v1/archive?latitude=12.8698&longitude=74.8431
2024-08-07T04:00,12.8698,74.8431,Mangalore,2.4,3.500000000000001,13.3,96,23.8,10.8,1003.7,Open-Meteo_ERA5_Historical,https://archive-api.open-meteo.com/v1/archive?latitude=12.8698&longitude=74.8431
2024-08-07T05:00,12.8698,74.8431,Mangalore,1.7,4.900000000000001,14.8,95,23.6,7.1,1003.9,Open-Meteo_ERA5_Historical,https://archive-api.open-meteo.com/v1/archive?latitude=12.8698&longitude=74.8431
2024-08-07T06:00,12.8698,74.8431,Mangalore,3.2,7.300000000000002,17.7,97,24.0,2.3,1004.1,Open-Meteo_ERA5_Historical,https://archive-api.open-meteo.com/v1/archive?latitude=12.8698&longitude=74.8431
2024-08-07T07:00,12.8698,74.8431,Mangalore,0.9,5.800000000000002,18.6,96,24.1,3.2,1004.4,Open-Meteo_ERA5_Historical,https://archive-api.open-meteo.com/v1/archive?latitude=12.8698&longitude=74.8431
2024-08-07T08:00,12.8698,74.8431,Mangalore,0.2,4.300000000000001,18.8,92,24.7,6.0,1005.4,Open-Meteo_ERA5_Historical,https://archive-api.open-meteo.com/v1/archive?latitude=12.8698&longitude=74.8431
2024-08-07T09:00,12.8698,74.8431,Mangalore,0.3,1.4000000000000008,19.000000000000004,90,25.2,5.9,1005.6,Open-Meteo_ERA5_Historical,https://archive-api.open-meteo.com/v1/archive?latitude=12.8698&longitude=74.8431
2024-08-07T10:00,12.8698,74.8431,Mangalore,0.2,0.7000000000000008,12.200000000000001,88,25.5,10.0,1005.5,Open-Meteo_ERA5_Historical,https://archive-api.open-meteo.com/v1/archive?latitude=12.8698&longitude=74.8431
2024-08-07T11:00,12.8698,74.8431,Mangalore,0.3,0.8000000000000009,12.3,85,25.8,10.9,1005.4,Open-Meteo_ERA5_Historical,https://archive-api.open-meteo.com/v1/archive?latitude=12.8698&longitude=74.8431
2024-08-07T12:00,12.8698,74.8431,Mangalore,0.7,1.2000000000000008,12.700000000000001,92,24.6,13.9,1005.0,Open-Meteo_ERA5_Historical,https://archive-api.open-meteo.com/v1/archive?latitude=12.8698&longitude=74.8431
2024-08-07T13:00,12.8698,74.8431,Mangalore,0.5,1.5000000000000009,13.000000000000002,90,25.0,8.3,1004.1,Open-Meteo_ERA5_Historical,https://archive-api.open-meteo.com/v1/archive?latitude=12.8698&longitude=74.8431
2024-08-07T14:00,12.8698,74.8431,Mangalore,0.1,1.300000000000001,13.0,85,25.7,10.3,1003.4,Open-Meteo_ERA5_Historical,https://archive-api.open-meteo.com/v1/archive?latitude=12.8698&longitude=74.8431
2024-08-07T15:00,12.8698,74.8431,Mangalore,0.2,0.8000000000000009,13.2,84,26.0,11.5,1002.8,Open-Meteo_ERA5_Historical,https://archive-api.open-meteo.com/v1/archive?latitude=12.8698&longitude=74.8431
2024-08-07T16:00,12.8698,74.8431,Mangalore,0.7,1.0000000000000009,13.9,89,25.4,8.5,1003.0,Open-Meteo_ERA5_Historical,https://archive-api.open-meteo.com/v1/archive?latitude=12.8698&longitude=74.8431
2024-08-07T17:00,12.8698,74.8431,Mangalore,0.9,1.800000000000001,14.8,93,25.2,7.5,1003.4,Open-Meteo_ERA5_Historical,https://archive-api.open-meteo.com/v1/archive?latitude=12.8698&longitude=74.8431
2024-08-07T18:00,12.8698,74.8431,Mangalore,0.0,1.600000000000001,14.7,87,25.8,9.7,1003.8,Open-Meteo_ERA5_Historical,https://archive-api.open-meteo.com/v1/archive?latitude=12.8698&longitude=74.8431
2024-08-07T19:00,12.8698,74.8431,Mangalore,0.1,1.0000000000000009,14.200000000000001,89,25.4,7.3,1004.6,Open-Meteo_ERA5_Historical,https://archive-api.open-meteo.com/v1/archive?latitude=12.8698&longitude=74.8431
2024-08-07T20:00,12.8698,74.8431,Mangalore,0.1,0.2000000000000009,14.3,92,25.0,4.8,1005.3,Open-Meteo_ERA5_Historical,https://archive-api.open-meteo.com/v1/archive?latitude=12.8698&longitude=74.8431
2024-08-07T21:00,12.8698,74.8431,Mangalore,0.1,0.30000000000000004,14.4,94,24.8,4.0,1005.9,Open-Meteo_ERA5_Historical,https://archive-api.open-meteo.com/v1/archive?latitude=12.8698&longitude=74.8431
2024-08-07T22:00,12.8698,74.8431,Mangalore,0.9,1.100000000000001,15.3,94,24.5,4.1,1006.4,Open-Meteo_ERA5_Historical,https://archive-api.open-meteo.com/v1/archive?latitude=12.8698&longitude=74.8431
2024-08-07T23:00,12.8698,74.8431,Mangalore,1.1,2.100000000000001,16.400000000000002,94,24.4,7.9,1006.4,Open-Meteo_ERA5_Historical,https://archive-api.open-meteo.com/v1/archive?latitude=12.8698&longitude=74.8431
2024-08-08T00:00,12.8698,74.8431,Mangalore,0.6,2.600000000000001,16.9,94,24.3,5.6,1005.9,Open-Meteo_ERA5_Historical,https://archive-api.open-meteo.com/v1/archive?latitude=12.8698&longitude=74.8431
2024-08-08T01:00,12.8698,74.8431,Mangalore,0.2,1.900000000000001,16.5,93,24.5,6.9,1004.8,Open-Meteo_ERA5_Historical,https://archive-api.open-meteo.com/v1/archive?latitude=12.8698&longitude=74.8431
2024-08-08T02:00,12.8698,74.8431,Mangalore,0.2,1.0000000000000009,16.400000000000002,94,24.2,7.9,1004.2,Open-Meteo_ERA5_Historical,https://archive-api.open-meteo.com/v1/archive?latitude=12.8698&longitude=74.8431
2024-08-08T03:00,12.8698,74.8431,Mangalore,0.2,0.6000000000000001,15.8,94,24.0,3.6,1003.9,Open-Meteo_ERA5_Historical,https://archive-api.open-meteo.com/v1/archive?latitude=12.8698&longitude=74.8431
2024-08-08T04:00,12.8698,74.8431,Mangalore,0.4,0.8000000000000009,13.8,95,24.0,3.1,1004.0,Open-Meteo_ERA5_Historical,https://archive-api.open-meteo.com/v1/archive?latitude=12.8698&longitude=74.8431
2024-08-08T05:00,12.8698,74.8431,Mangalore,0.3,0.900000000000001,12.4,96,24.0,3.5,1004.4,Open-Meteo_ERA5_Historical,https://archive-api.open-meteo.com/v1/archive?latitude=12.8698&longitude=74.8431
2024-08-08T06:00,12.8698,74.8431,Mangalore,1.1,1.8000000000000012,10.299999999999999,96,23.9,3.3,1004.7,Open-Meteo_ERA5_Historical,https://archive-api.open-meteo.com/v1/archive?latitude=12.8698&longitude=74.8431
2024-08-08T07:00,12.8698,74.8431,Mangalore,1.9,3.300000000000001,11.3,96,24.2,5.1,1005.5,Open-Meteo_ERA5_Historical,https://archive-api.open-meteo.com/v1/archive?latitude=12.8698&longitude=74.8431
2024-08-08T08:00,12.8698,74.8431,Mangalore,0.4,3.400000000000001,11.5,94,24.8,3.7,1005.9,Open-Meteo_ERA5_Historical,https://archive-api.open-meteo.com/v1/archive?latitude=12.8698&longitude=74.8431
2024-08-08T09:00,12.8698,74.8431,Mangalore,0.3,2.600000000000001,11.5,90,25.8,0.4,1006.6,Open-Meteo_ERA5_Historical,https://archive-api.open-meteo.com/v1/archive?latitude=12.8698&longitude=74.8431
2024-08-08T10:00,12.8698,74.8431,Mangalore,0.2,0.9000000000000011,11.5,88,26.3,5.2,1006.5,Open-Meteo_ERA5_Historical,https://archive-api.open-meteo.com/v1/archive?latitude=12.8698&longitude=74.8431
2024-08-08T11:00,12.8698,74.8431,Mangalore,0.5,1.000000000000001,11.700000000000001,90,25.9,11.1,1005.8,Open-Meteo_ERA5_Historical,https://archive-api.open-meteo.com/v1/archive?latitude=12.8698&longitude=74.8431
2024-08-08T12:00,12.8698,74.8431,Mangalore,0.1,0.800000000000001,11.1,87,26.6,8.8,1005.3,Open-Meteo_ERA5_Historical,https://archive-api.open-meteo.com/v1/archive?latitude=12.8698&longitude=74.8431
2024-08-08T13:00,12.8698,74.8431,Mangalore,0.0,0.6000000000000011,10.6,83,27.5,11.4,1004.5,Open-Meteo_ERA5_Historical,https://archive-api.open-meteo.com/v1/archive?latitude=12.8698&longitude=74.8431
2024-08-08T14:00,12.8698,74.8431,Mangalore,0.1,0.20000000000000112,10.6,85,26.9,12.7,1003.9,Open-Meteo_ERA5_Historical,https://archive-api.open-meteo.com/v1/archive?latitude=12.8698&longitude=74.8431
2024-08-08T15:00,12.8698,74.8431,Mangalore,0.0,0.10000000000000112,10.4,86,26.5,13.3,1003.3,Open-Meteo_ERA5_Historical,https://archive-api.open-meteo.com/v1/archive?latitude=12.8698&longitude=74.8431
2024-08-08T16:00,12.8698,74.8431,Mangalore,0.0,0.10000000000000112,9.7,84,26.6,14.0,1003.3,Open-Meteo_ERA5_Historical,https://archive-api.open-meteo.com/v1/archive?latitude=12.8698&longitude=74.8431
2024-08-08T17:00,12.8698,74.8431,Mangalore,0.0,0.0,8.8,84,26.5,10.4,1003.9,Open-Meteo_ERA5_Historical,https://archive-api.open-meteo.com/v1/archive?latitude=12.8698&longitude=74.8431
2024-08-08T18:00,12.8698,74.8431,Mangalore,0.0,0.0,8.8,91,25.1,5.2,1004.9,Open-Meteo_ERA5_Historical,https://archive-api.open-meteo.com/v1/archive?latitude=12.8698&longitude=74.8431
2024-08-08T19:00,12.8698,74.8431,Mangalore,0.2,0.20000000000000112,8.9,93,24.8,3.4,1005.5,Open-Meteo_ERA5_Historical,https://archive-api.open-meteo.com/v1/archive?latitude=12.8698&longitude=74.8431
2024-08-08T20:00,12.8698,74.8431,Mangalore,0.8,1.000000000000001,9.6,94,24.7,3.7,1006.3,Open-Meteo_ERA5_Historical,https://archive-api.open-meteo.com/v1/archive?latitude=12.8698&longitude=74.8431
2024-08-08T21:00,12.8698,74.8431,Mangalore,0.7,1.700000000000001,10.200000000000001,93,24.6,3.7,1006.9,Open-Meteo_ERA5_Historical,https://archive-api.open-meteo.com/v1/archive?latitude=12.8698&longitude=74.8431
2024-08-08T22:00,12.8698,74.8431,Mangalore,0.2,1.700000000000001,9.5,94,24.5,5.6,1007.1,Open-Meteo_ERA5_Historical,https://archive-api.open-meteo.com/v1/archive?latitude=12.8698&longitude=74.8431
2024-08-08T23:00,12.8698,74.8431,Mangalore,0.4,1.3000000000000012,8.8,95,24.2,8.2,1006.7,Open-Meteo_ERA5_Historical,https://archive-api.open-meteo.com/v1/archive?latitude=12.8698&longitude=74.8431
2024-08-09T00:00,12.8698,74.8431,Mangalore,1.3,1.9000000000000012,9.5,95,24.2,5.9,1005.9,Open-Meteo_ERA5_Historical,https://archive-api.open-meteo.com/v1/archive?latitude=12.8698&longitude=74.8431
2024-08-09T01:00,12.8698,74.8431,Mangalore,2.3,4.000000000000001,11.6,96,24.1,4.3,1005.4,Open-Meteo_ERA5_Historical,https://archive-api.open-meteo.com/v1/archive?latitude=12.8698&longitude=74.8431
2024-08-09T02:00,12.8698,74.8431,Mangalore,0.3,3.900000000000001,11.700000000000001,95,24.3,4.1,1004.8,Open-Meteo_ERA5_Historical,https://archive-api.open-meteo.com/v1/archive?latitude=12.8698&longitude=74.8431
2024-08-09T03:00,12.8698,74.8431,Mangalore,1.5,4.1000000000000005,13.0,94,24.4,5.0,1004.6,Open-Meteo_ERA5_Historical,https://archive-api.open-meteo.com/v1/archive?latitude=12.8698&longitude=74.8431
2024-08-09T04:00,12.8698,74.8431,Mangalore,0.4,2.200000000000001,13.0,95,24.2,4.8,1004.9,Open-Meteo_ERA5_Historical,https://archive-api.open-meteo.com/v1/archive?latitude=12.8698&longitude=74.8431
2024-08-09T05:00,12.8698,74.8431,Mangalore,0.3,2.200000000000001,13.0,97,24.0,6.8,1005.2,Open-Meteo_ERA5_Historical,https://archive-api.open-meteo.com/v1/archive?latitude=12.8698&longitude=74.8431
2024-08-09T06:00,12.8698,74.8431,Mangalore,0.0,0.7000000000000008,11.9,89,24.4,1.8,1005.4,Open-Meteo_ERA5_Historical,https://archive-api.open-meteo.com/v1/archive?latitude=12.8698&longitude=74.8431
2024-08-09T07:00,12.8698,74.8431,Mangalore,0.0,0.3000000000000009,10.0,92,24.5,2.2,1006.1,Open-Meteo_ERA5_Historical,https://archive-api.open-meteo.com/v1/archive?latitude=12.8698&longitude=74.8431
2024-08-09T08:00,12.8698,74.8431,Mangalore,0.0,0.0,9.6,90,25.2,1.5,1006.7,Open-Meteo_ERA5_Historical,https://archive-api.open-meteo.com/v1/archive?latitude=12.8698&longitude=74.8431
2024-08-09T09:00,12.8698,74.8431,Mangalore,0.1,0.1000000000000009,9.4,86,26.4,0.0,1007.0,Open-Meteo_ERA5_Historical,https://archive-api.open-meteo.com/v1/archive?latitude=12.8698&longitude=74.8431
2024-08-09T10:00,12.8698,74.8431,Mangalore,0.2,0.30000000000000093,9.4,81,27.4,6.8,1006.6,Open-Meteo_ERA5_Historical,https://archive-api.open-meteo.com/v1/archive?latitude=12.8698&longitude=74.8431
2024-08-09T11:00,12.8698,74.8431,Mangalore,0.1,0.4000000000000009,9.0,79,28.0,10.1,1006.2,Open-Meteo_ERA5_Historical,https://archive-api.open-meteo.com/v1/archive?latitude=12.8698&longitude=74.8431
2024-08-09T12:00,12.8698,74.8431,Mangalore,0.0,0.30000000000000093,8.9,82,27.6,13.0,1005.6,Open-Meteo_ERA5_Historical,https://archive-api.open-meteo.com/v1/archive?latitude=12.8698&longitude=74.8431
2024-08-09T13:00,12.8698,74.8431,Mangalore,0.0,0.1000000000000009,8.9,85,27.6,13.8,1004.8,Open-Meteo_ERA5_Historical,https://archive-api.open-meteo.com/v1/archive?latitude=12.8698&longitude=74.8431
2024-08-09T14:00,12.8698,74.8431,Mangalore,0.0,0.0,8.8,84,27.5,16.5,1004.1,Open-Meteo_ERA5_Historical,https://archive-api.open-meteo.com/v1/archive?latitude=12.8698&longitude=74.8431
2024-08-09T15:00,12.8698,74.8431,Mangalore,0.0,0.0,8.8,84,27.1,15.9,1003.7,Open-Meteo_ERA5_Historical,https://archive-api.open-meteo.com/v1/archive?latitude=12.8698&longitude=74.8431
2024-08-09T16:00,12.8698,74.8431,Mangalore,0.1,0.1000000000000009,8.9,83,27.2,16.8,1003.6,Open-Meteo_ERA5_Historical,https://archive-api.open-meteo.com/v1/archive?latitude=12.8698&longitude=74.8431
2024-08-09T17:00,12.8698,74.8431,Mangalore,0.4,0.5000000000000009,9.3,81,26.9,15.9,1003.9,Open-Meteo_ERA5_Historical,https://archive-api.open-meteo.com/v1/archive?latitude=12.8698&longitude=74.8431
2024-08-09T18:00,12.8698,74.8431,Mangalore,0.0,0.5000000000000009,9.3,85,25.9,11.7,1004.4,Open-Meteo_ERA5_Historical,https://archive-api.open-meteo.com/v1/archive?latitude=12.8698&longitude=74.8431
2024-08-09T19:00,12.8698,74.8431,Mangalore,0.0,0.4000000000000009,9.1,87,25.5,10.0,1005.3,Open-Meteo_ERA5_Historical,https://archive-api.open-meteo.com/v1/archive?latitude=12.8698&longitude=74.8431
2024-08-09T20:00,12.8698,74.8431,Mangalore,0.0,0.0,8.3,89,25.4,9.6,1005.9,Open-Meteo_ERA5_Historical,https://archive-api.open-meteo.com/v1/archive?latitude=12.8698&longitude=74.8431
2024-08-09T21:00,12.8698,74.8431,Mangalore,0.0,0.0,7.6000000000000005,90,25.2,7.1,1006.3,Open-Meteo_ERA5_Historical,https://archive-api.open-meteo.com/v1/archive?latitude=12.8698&longitude=74.8431
2024-08-09T22:00,12.8698,74.8431,Mangalore,0.1,0.1000000000000009,7.5,91,25.1,6.3,1006.7,Open-Meteo_ERA5_Historical,https://archive-api.open-meteo.com/v1/archive?latitude=12.8698&longitude=74.8431
2024-08-09T23:00,12.8698,74.8431,Mangalore,0.1,0.2000000000000009,7.2,92,24.9,6.1,1006.3,Open-Meteo_ERA5_Historical,https://archive-api.open-meteo.com/v1/archive?latitude=12.8698&longitude=74.8431
2024-08-10T00:00,12.8698,74.8431,Mangalore,0.2,0.4000000000000009,6.1,93,24.8,3.7,1006.0,Open-Meteo_ERA5_Historical,https://archive-api.open-meteo.com/v1/archive?latitude=12.8698&longitude=74.8431
2024-08-10T01:00,12.8698,74.8431,Mangalore,0.1,0.4000000000000009,3.9000000000000004,95,24.5,4.7,1005.5,Open-Meteo_ERA5_Historical,https://archive-api.open-meteo.com/v1/archive?latitude=12.8698&longitude=74.8431
2024-08-10T02:00,12.8698,74.8431,Mangalore,0.5,0.8000000000000009,4.1000000000000005,95,24.5,5.4,1005.2,Open-Meteo_ERA5_Historical,https://archive-api.open-meteo.com/v1/archive?latitude=12.8698&longitude=74.8431
2024-08-10T03:00,12.8698,74.8431,Mangalore,0.8,1.400000000000001,3.4000000000000004,95,24.3,3.1,1005.1,Open-Meteo_ERA5_Historical,https://archive-api.open-meteo.com/v1/archive?latitude=12.8698&longitude=74.8431
2024-08-10T04:00,12.8698,74.8431,Mangalore,0.3,1.600000000000001,3.3,95,24.5,2.1,1005.1,Open-Meteo_ERA5_Historical,https://archive-api.open-meteo.com/v1/archive?latitude=12.8698&longitude=74.8431
2024-08-10T05:00,12.8698,74.8431,Mangalore,0.6,1.7000000000000008,3.6,96,24.4,3.5,1005.6,Open-Meteo_ERA5_Historical,https://archive-api.open-meteo.com/v1/archive?latitude=12.8698&longitude=74.8431
2024-08-10T06:00,12.8698,74.8431,Mangalore,2.1,3.000000000000001,5.7,97,24.6,11.3,1005.4,Open-Meteo_ERA5_Historical,https://archive-api.open-meteo.com/v1/archive?latitude=12.8698&longitude=74.8431
2024-08-10T07:00,12.8698,74.8431,Mangalore,2.1,4.800000000000001,7.800000000000001,96,24.6,10.9,1005.9,Open-Meteo_ERA5_Historical,https://archive-api.open-meteo.com/v1/archive?latitude=12.8698&longitude=74.8431
2024-08-10T08:00,12.8698,74.8431,Mangalore,2.6,6.800000000000002,10.4,96,24.8,8.4,1006.8,Open-Meteo_ERA5_Historical,https://archive-api.open-meteo.com/v1/archive?latitude=12.8698&longitude=74.8431
2024-08-10T09:00,12.8698,74.8431,Mangalore,1.9,6.600000000000001,12.200000000000001,94,25.0,8.0,1007.0,Open-Meteo_ERA5_Historical,https://archive-api.open-meteo.com/v1/archive?latitude=12.8698&longitude=74.8431
2024-08-10T10:00,12.8698,74.8431,Mangalore,0.9,5.400000000000001,12.9,96,25.2,6.8,1007.0,Open-Meteo_ERA5_Historical,https://archive-api.open-meteo.com/v1/archive?latitude=12.8698&longitude=74.8431
2024-08-10T11:00,12.8698,74.8431,Mangalore,1.1,3.900000000000001,13.9,95,25.4,9.7,1007.1,Open-Meteo_ERA5_Historical,https://archive-api.open-meteo.com/v1/archive?latitude=12.8698&longitude=74.8431
2024-08-10T12:00,12.8698,74.8431,Mangalore,1.7,3.700000000000001,15.6,95,25.2,11.8,1005.5,Open-Meteo_ERA5_Historical,https://archive-api.open-meteo.com/v1/archive?latitude=12.8698&longitude=74.8431
2024-08-10T13:00,12.8698,74.8431,Mangalore,3.1,5.9,18.7,94,25.2,11.1,1005.2,Open-Meteo_ERA5_Historical,https://archive-api.open-meteo.com/v1/archive?latitude=12.8698&longitude=74.8431
2024-08-10T14:00,12.8698,74.8431,Mangalore,3.6,8.400000000000002,22.3,91,25.9,16.1,1004.0,Open-Meteo_ERA5_Historical,https://archive-api.open-meteo.com/v1/archive?latitude=12.8698&longitude=74.8431
2024-08-10T15:00,12.8698,74.8431,Mangalore,1.5,8.200000000000001,23.8,88,26.5,15.9,1003.8,Open-Meteo_ERA5_Historical,https://archive-api.open-meteo.com/v1/archive?latitude=12.8698&longitude=74.8431
2024-08-10T16:00,12.8698,74.8431,Mangalore,0.5,5.6000000000000005,24.2,88,26.4,15.8,1003.4,Open-Meteo_ERA5_Historical,https://archive-api.open-meteo.com/v1/archive?latitude=12.8698&longitude=74.8431
2024-08-10T17:00,12.8698,74.8431,Mangalore,0.1,2.1000000000000005,23.9,89,26.2,13.3,1003.5,Open-Meteo_ERA5_Historical,https://archive-api.open-meteo.com/v1/archive?latitude=12.8698&longitude=74.8431
2024-08-10T18:00,12.8698,74.8431,Mangalore,0.0,0.6000000000000004,23.9,88,26.0,12.5,1003.7,Open-Meteo_ERA5_Historical,https://archive-api.open-meteo.com/v1/archive?latitude=12.8698&longitude=74.8431
2024-08-10T19:00,12.8698,74.8431,Mangalore,0.0,0.10000000000000045,23.9,89,25.7,11.8,1004.4,Open-Meteo_ERA5_Historical,https://archive-api.open-meteo.com/v1/archive?latitude=12.8698&longitude=74.8431
2024-08-10T20:00,12.8698,74.8431,Mangalore,0.0,0.0,23.9,89,25.6,11.1,1005.2,Open-Meteo_ERA5_Historical,https://archive-api.open-meteo.com/v1/archive?latitude=12.8698&longitude=74.8431
2024-08-10T21:00,12.8698,74.8431,Mangalore,0.0,0.0,23.9,90,25.5,10.2,1005.8,Open-Meteo_ERA5_Historical,https://archive-api.open-meteo.com/v1/archive?latitude=12.8698&longitude=74.8431
2024-08-10T22:00,12.8698,74.8431,Mangalore,0.0,0.0,23.799999999999997,92,25.3,9.4,1006.1,Open-Meteo_ERA5_Historical,https://archive-api.open-meteo.com/v1/archive?latitude=12.8698&longitude=74.8431
2024-08-10T23:00,12.8698,74.8431,Mangalore,0.0,0.0,23.7,93,25.1,10.1,1005.9,Open-Meteo_ERA5_Historical,https://archive-api.open-meteo.com/v1/archive?latitude=12.8698&longitude=74.8431
2024-08-11T00:00,12.8698,74.8431,Mangalore,0.1,0.10000000000000045,23.6,90,25.4,12.4,1005.1,Open-Meteo_ERA5_Historical,https://archive-api.open-meteo.com/v1/archive?latitude=12.8698&longitude=74.8431
2024-08-11T01:00,12.8698,74.8431,Mangalore,0.1,0.20000000000000046,23.6,89,25.4,13.2,1004.5,Open-Meteo_ERA5_Historical,https://archive-api.open-meteo.com/v1/archive?latitude=12.8698&longitude=74.8431
2024-08-11T02:00,12.8698,74.8431,Mangalore,0.1,0.30000000000000004,23.2,90,25.3,10.5,1003.9,Open-Meteo_ERA5_Historical,https://archive-api.open-meteo.com/v1/archive?latitude=12.8698&longitude=74.8431
2024-08-11T03:00,12.8698,74.8431,Mangalore,0.2,0.40000000000000047,22.599999999999998,91,24.9,11.3,1003.6,Open-Meteo_ERA5_Historical,https://archive-api.open-meteo.com/v1/archive?latitude=12.8698&longitude=74.8431
2024-08-11T04:00,12.8698,74.8431,Mangalore,0.1,0.40000000000000047,22.4,92,24.8,10.9,1003.1,Open-Meteo_ERA5_Historical,https://archive-api.open-meteo.com/v1/archive?latitude=12.8698&longitude=74.8431
2024-08-11T05:00,12.8698,74.8431,Mangalore,0.0,0.3000000000000005,21.8,94,24.5,10.1,1003.4,Open-Meteo_ERA5_Historical,https://archive-api.open-meteo.com/v1/archive?latitude=12.8698&longitude=74.8431
2024-08-11T06:00,12.8698,74.8431,Mangalore,0.0,0.10000000000000045,19.7,94,24.2,4.6,1003.9,Open-Meteo_ERA5_Historical,https://archive-api.open-meteo.com/v1/archive?latitude=12.8698&longitude=74.8431
2024-08-11T07:00,12.8698,74.8431,Mangalore,0.0,0.0,17.6,94,25.1,10.4,1004.3,Open-Meteo_ERA5_Historical,https://archive-api.open-meteo.com/v1/archive?latitude=12.8698&longitude=74.8431
2024-08-11T08:00,12.8698,74.8431,Mangalore,0.0,0.0,15.0,89,26.0,14.3,1004.9,Open-Meteo_ERA5_Historical,https://archive-api.open-meteo.com/v1/archive?latitude=12.8698&longitude=74.8431
2024-08-11T09:00,12.8698,74.8431,Mangalore,0.0,0.0,13.1,85,27.0,12.6,1005.1,Open-Meteo_ERA5_Historical,https://archive-api.open-meteo.com/v1/archive?latitude=12.8698&longitude=74.8431
2024-08-11T10:00,12.8698,74.8431,Mangalore,0.0,0.0,12.2,78,28.2,14.1,1004.6,Open-Meteo_ERA5_Historical,https://archive-api.open-meteo.com/v1/archive?latitude=12.8698&longitude=74.8431
2024-08-11T11:00,12.8698,74.8431,Mangalore,0.0,0.0,11.1,78,28.5,17.6,1003.7,Open-Meteo_ERA5_Historical,https://archive-api.open-meteo.com/v1/archive?latitude=12.8698&longitude=74.8431
2024-08-11T12:00,12.8698,74.8431,Mangalore,0.0,0.0,9.4,79,28.5,18.6,1003.2,Open-Meteo_ERA5_Historical,https://archive-api.open-meteo.com/v1/archive?latitude=12.8698&longitude=74.8431
2024-08-11T13:00,12.8698,74.8431,Mangalore,0.0,0.0,6.3,80,28.2,19.9,1002.5,Open-Meteo_ERA5_Historical,https://archive-api.open-meteo.com/v1/archive?latitude=12.8698&longitude=74.8431
2024-08-11T14:00,12.8698,74.8431,Mangalore,0.0,0.0,2.7,81,28.0,21.4,1001.6,Open-Meteo_ERA5_Historical,https://archive-api.open-meteo.com/v1/archive?latitude=12.8698&longitude=74.8431
2024-08-11T15:00,12.8698,74.8431,Mangalore,0.0,0.0,1.2,82,27.8,22.9,1001.1,Open-Meteo_ERA5_Historical,https://archive-api.open-meteo.com/v1/archive?latitude=12.8698&longitude=74.8431
2024-08-11T16:00,12.8698,74.8431,Mangalore,0.0,0.0,0.7000000000000001,79,27.8,22.9,1000.7,Open-Meteo_ERA5_Historical,https://archive-api.open-meteo.com/v1/archive?latitude=12.8698&longitude=74.8431
2024-08-11T17:00,12.8698,74.8431,Mangalore,0.0,0.0,0.6000000000000001,81,27.4,21.9,1000.5,Open-Meteo_ERA5_Historical,https://archive-api.open-meteo.com/v1/archive?latitude=12.8698&longitude=74.8431
2024-08-11T18:00,12.8698,74.8431,Mangalore,0.0,0.0,0.6000000000000001,83,26.6,18.8,1001.5,Open-Meteo_ERA5_Historical,https://archive-api.open-meteo.com/v1/archive?latitude=12.8698&longitude=74.8431
2024-08-11T19:00,12.8698,74.8431,Mangalore,0.0,0.0,0.6000000000000001,85,26.4,15.8,1002.4,Open-Meteo_ERA5_Historical,https://archive-api.open-meteo.com/v1/archive?latitude=12.8698&longitude=74.8431
2024-08-11T20:00,12.8698,74.8431,Mangalore,0.0,0.0,0.6000000000000001,86,26.3,13.9,1003.0,Open-Meteo_ERA5_Historical,https://archive-api.open-meteo.com/v1/archive?latitude=12.8698&longitude=74.8431
2024-08-11T21:00,12.8698,74.8431,Mangalore,0.0,0.0,0.6000000000000001,87,26.0,12.6,1003.3,Open-Meteo_ERA5_Historical,https://archive-api.open-meteo.com/v1/archive?latitude=12.8698&longitude=74.8431
2024-08-11T22:00,12.8698,74.8431,Mangalore,0.0,0.0,0.6000000000000001,88,25.9,11.3,1003.3,Open-Meteo_ERA5_Historical,https://archive-api.open-meteo.com/v1/archive?latitude=12.8698&longitude=74.8431
2024-08-11T23:00,12.8698,74.8431,Mangalore,0.0,0.0,0.6000000000000001,90,25.5,9.4,1003.4,Open-Meteo_ERA5_Historical,https://archive-api.open-meteo.com/v1/archive?latitude=12.8698&longitude=74.8431
2024-08-12T00:00,12.8698,74.8431,Mangalore,0.0,0.0,0.5,92,25.1,9.0,1003.2,Open-Meteo_ERA5_Historical,https://archive-api.open-meteo.com/v1/archive?latitude=12.8698&longitude=74.8431
2024-08-12T01:00,12.8698,74.8431,Mangalore,0.0,0.0,0.4,91,25.1,11.8,1002.4,Open-Meteo_ERA5_Historical,https://archive-api.open-meteo.com/v1/archive?latitude=12.8698&longitude=74.8431
2024-08-12T02:00,12.8698,74.8431,Mangalore,0.0,0.0,0.30000000000000004,91,25.0,11.5,1001.8,Open-Meteo_ERA5_Historical,https://archive-api.open-meteo.com/v1/archive?latitude=12.8698&longitude=74.8431
2024-08-12T03:00,12.8698,74.8431,Mangalore,0.0,0.0,0.1,91,25.0,9.5,1001.4,Open-Meteo_ERA5_Historical,https://archive-api.open-meteo.com/v1/archive?latitude=12.8698&longitude=74.8431
2024-08-12T04:00,12.8698,74.8431,Mangalore,0.0,0.0,0.0,91,24.8,8.8,1001.5,Open-Meteo_ERA5_Historical,https://archive-api.open-meteo.com/v1/archive?latitude=12.8698&longitude=74.8431
2024-08-12T05:00,12.8698,74.8431,Mangalore,0.0,0.0,0.0,91,24.8,10.6,1002.0,Open-Meteo_ERA5_Historical,https://archive-api.open-meteo.com/v1/archive?latitude=12.8698&longitude=74.8431
2024-08-12T06:00,12.8698,74.8431,Mangalore,0.0,0.0,0.0,88,25.9,11.2,1002.7,Open-Meteo_ERA5_Historical,https://archive-api.open-meteo.com/v1/archive?latitude=12.8698&longitude=74.8431
2024-08-12T07:00,12.8698,74.8431,Mangalore,0.0,0.0,0.0,87,26.6,11.7,1003.2,Open-Meteo_ERA5_Historical,https://archive-api.open-meteo.com/v1/archive?latitude=12.8698&longitude=74.8431
2024-08-12T08:00,12.8698,74.8431,Mangalore,0.0,0.0,0.0,83,27.8,12.9,1003.5,Open-Meteo_ERA5_Historical,https://archive-api.open-meteo.com/v1/archive?latitude=12.8698&longitude=74.8431
2024-08-12T09:00,12.8698,74.8431,Mangalore,0.2,0.20000000000000046,0.2,77,28.7,17.3,1003.6,Open-Meteo_ERA5_Historical,https://archive-api.open-meteo.com/v1/archive?latitude=12.8698&longitude=74.8431
2024-08-12T10:00,12.8698,74.8431,Mangalore,0.1,0.3000000000000005,0.30000000000000004,73,29.5,16.5,1003.3,Open-Meteo_ERA5_Historical,https://archive-api.open-meteo.com/v1/archive?latitude=12.8698&longitude=74.8431
2024-08-12T11:00,12.8698,74.8431,Mangalore,0.0,0.3000000000000005,0.30000000000000004,72,29.8,18.4,1002.6,Open-Meteo_ERA5_Historical,https://archive-api.open-meteo.com/v1/archive?latitude=12.8698&longitude=74.8431
2024-08-12T12:00,12.8698,74.8431,Mangalore,0.0,0.10000000000000045,0.30000000000000004,76,29.3,22.4,1001.7,Open-Meteo_ERA5_Historical,https://archive-api.open-meteo.com/v1/archive?latitude=12.8698&longitude=74.8431
2024-08-12T13:00,12.8698,74.8431,Mangalore,0.0,0.0,0.30000000000000004,79,28.8,22.8,1000.9,Open-Meteo_ERA5_Historical,https://archive-api.open-meteo.com/v1/archive?latitude=12.8698&longitude=74.8431
2024-08-12T14:00,12.8698,74.8431,Mangalore,0.0,0.0,0.30000000000000004,82,28.5,23.4,1000.4,Open-Meteo_ERA5_Historical,https://archive-api.open-meteo.com/v1/archive?latitude=12.8698&longitude=74.8431
2024-08-12T15:00,12.8698,74.8431,Mangalore,0.0,0.0,0.30000000000000004,82,28.1,23.0,1000.2,Open-Meteo_ERA5_Historical,https://archive-api.open-meteo.com/v1/archive?latitude=12.8698&longitude=74.8431
2024-08-12T16:00,12.8698,74.8431,Mangalore,0.0,0.0,0.30000000000000004,82,27.8,22.9,1000.3,Open-Meteo_ERA5_Historical,https://archive-api.open-meteo.com/v1/archive?latitude=12.8698&longitude=74.8431
2024-08-12T17:00,12.8698,74.8431,Mangalore,0.0,0.0,0.30000000000000004,82,27.4,21.9,1000.5,Open-Meteo_ERA5_Historical,https://archive-api.open-meteo.com/v1/archive?latitude=12.8698&longitude=74.8431
2024-08-12T18:00,12.8698,74.8431,Mangalore,0.0,0.0,0.30000000000000004,86,26.6,17.5,1000.8,Open-Meteo_ERA5_Historical,https://archive-api.open-meteo.com/v1/archive?latitude=12.8698&longitude=74.8431
2024-08-12T19:00,12.8698,74.8431,Mangalore,0.0,0.0,0.30000000000000004,87,26.4,16.7,1001.5,Open-Meteo_ERA5_Historical,https://archive-api.open-meteo.com/v1/archive?latitude=12.8698&longitude=74.8431
2024-08-12T20:00,12.8698,74.8431,Mangalore,0.0,0.0,0.30000000000000004,87,26.4,15.1,1002.4,Open-Meteo_ERA5_Historical,https://archive-api.open-meteo.com/v1/archive?latitude=12.8698&longitude=74.8431
2024-08-12T21:00,12.8698,74.8431,Mangalore,0.2,0.20000000000000046,0.5,88,26.2,14.2,1003.4,Open-Meteo_ERA5_Historical,https://archive-api.open-meteo.com/v1/archive?latitude=12.8698&longitude=74.8431
2024-08-12T22:00,12.8698,74.8431,Mangalore,0.2,0.40000000000000047,0.7000000000000001,88,26.1,15.3,1003.9,Open-Meteo_ERA5_Historical,https://archive-api.open-meteo.com/v1/archive?latitude=12.8698&longitude=74.8431
2024-08-12T23:00,12.8698,74.8431,Mangalore,0.1,0.5000000000000004,0.8,89,26.0,13.2,1003.3,Open-Meteo_ERA5_Historical,https://archive-api.open-meteo.com/v1/archive?latitude=12.8698&longitude=74.8431
2024-08-13T00:00,12.8698,74.8431,Mangalore,0.0,0.3000000000000005,0.8,90,25.9,10.9,1003.0,Open-Meteo_ERA5_Historical,https://archive-api.open-meteo.com/v1/archive?latitude=12.8698&longitude=74.8431
2024-08-13T01:00,12.8698,74.8431,Mangalore,0.0,0.10000000000000045,0.8,91,25.8,11.7,1002.5,Open-Meteo_ERA5_Historical,https://archive-api.open-meteo.com/v1/archive?latitude=12.8698&longitude=74.8431
2024-08-13T02:00,12.8698,74.8431,Mangalore,0.0,0.0,0.8,91,25.6,14.1,1001.7,Open-Meteo_ERA5_Historical,https://archive-api.open-meteo.com/v1/archive?latitude=12.8698&longitude=74.8431
2024-08-13T03:00,12.8698,74.8431,Mangalore,0.0,0.0,0.8,92,25.5,11.6,1001.9,Open-Meteo_ERA5_Historical,https://archive-api.open-meteo.com/v1/archive?latitude=12.8698&longitude=74.8431
2024-08-13T04:00,12.8698,74.8431,Mangalore,0.1,0.10000000000000045,0.9,91,25.4,9.7,1002.2,Open-Meteo_ERA5_Historical,https://archive-api.open-meteo.com/v1/archive?latitude=12.8698&longitude=74.8431
2024-08-13T05:00,12.8698,74.8431,Mangalore,0.0,0.10000000000000045,0.9,91,25.3,9.7,1002.6,Open-Meteo_ERA5_Historical,https://archive-api.open-meteo.com/v1/archive?latitude=12.8698&longitude=74.8431
2024-08-13T06:00,12.8698,74.8431,Mangalore,0.0,0.10000000000000045,0.9,86,26.0,14.4,1002.2,Open-Meteo_ERA5_Historical,https://archive-api.open-meteo.com/v1/archive?latitude=12.8698&longitude=74.8431
2024-08-13T07:00,12.8698,74.8431,Mangalore,0.0,0.0,0.9,84,26.8,13.1,1002.5,Open-Meteo_ERA5_Historical,https://archive-api.open-meteo.com/v1/archive?latitude=12.8698&longitude=74.8431
2024-08-13T08:00,12.8698,74.8431,Mangalore,0.0,0.0,0.9,81,27.8,13.4,1002.8,Open-Meteo_ERA5_Historical,https://archive-api.open-meteo.com/v1/archive?latitude=12.8698&longitude=74.8431
2024-08-13T09:00,12.8698,74.8431,Mangalore,0.0,0.0,0.7,77,28.6,14.8,1003.0,Open-Meteo_ERA5_Historical,https://archive-api.open-meteo.com/v1/archive?latitude=12.8698&longitude=74.8431
2024-08-13T10:00,12.8698,74.8431,Mangalore,0.0,0.0,0.6,75,29.3,17.5,1002.8,Open-Meteo_ERA5_Historical,https://archive-api.open-meteo.com/v1/archive?latitude=12.8698&longitude=74.8431
2024-08-13T11:00,12.8698,74.8431,Mangalore,0.1,0.10000000000000045,0.7,76,29.5,18.1,1002.3,Open-Meteo_ERA5_Historical,https://archive-api.open-meteo.com/v1/archive?latitude=12.8698&longitude=74.8431
2024-08-13T12:00,12.8698,74.8431,Mangalore,0.1,0.20000000000000046,0.8,83,28.6,20.7,1001.5,Open-Meteo_ERA5_Historical,https://archive-api.open-meteo.com/v1/archive?latitude=12.8698&longitude=74.8431
2024-08-13T13:00,12.8698,74.8431,Mangalore,0.1,0.30000000000000004,0.9,81,28.2,22.0,1001.1,Open-Meteo_ERA5_Historical,https://archive-api.open-meteo.com/v1/archive?latitude=12.8698&longitude=74.8431
2024-08-13T14:00,12.8698,74.8431,Mangalore,0.0,0.20000000000000046,0.9,80,28.5,22.2,1000.2,Open-Meteo_ERA5_Historical,https://archive-api.open-meteo.com/v1/archive?latitude=12.8698&longitude=74.8431
2024-08-13T15:00,12.8698,74.8431,Mangalore,0.0,0.10000000000000045,0.9,83,28.1,21.4,999.8,Open-Meteo_ERA5_Historical,https://archive-api.open-meteo.com/v1/archive?latitude=12.8698&longitude=74.8431
2024-08-13T16:00,12.8698,74.8431,Mangalore,0.0,0.0,0.9,82,28.1,21.1,999.7,Open-Meteo_ERA5_Historical,https://archive-api.open-meteo.com/v1/archive?latitude=12.8698&longitude=74.8431
2024-08-13T17:00,12.8698,74.8431,Mangalore,0.0,0.0,0.9,83,27.6,19.0,999.8,Open-Meteo_ERA5_Historical,https://archive-api.open-meteo.com/v1/archive?latitude=12.8698&longitude=74.8431
2024-08-13T18:00,12.8698,74.8431,Mangalore,0.0,0.0,0.9,87,27.2,15.1,1000.5,Open-Meteo_ERA5_Historical,https://archive-api.open-meteo.com/v1/archive?latitude=12.8698&longitude=74.8431
2024-08-13T19:00,12.8698,74.8431,Mangalore,1.8,1.8000000000000005,2.7,91,26.2,12.9,1001.5,Open-Meteo_ERA5_Historical,https://archive-api.open-meteo.com/v1/archive?latitude=12.8698&longitude=74.8431
2024-08-13T20:00,12.8698,74.8431,Mangalore,5.1,6.9,7.8,94,25.6,13.6,1002.3,Open-Meteo_ERA5_Historical,https://archive-api.open-meteo.com/v1/archive?latitude=12.8698&longitude=74.8431
2024-08-13T21:00,12.8698,74.8431,Mangalore,0.2,7.1000000000000005,7.8,94,25.6,12.6,1002.9,Open-Meteo_ERA5_Historical,https://archive-api.open-meteo.com/v1/archive?latitude=12.8698&longitude=74.8431
2024-08-13T22:00,12.8698,74.8431,Mangalore,5.9,11.200000000000001,13.5,95,25.0,10.4,1003.8,Open-Meteo_ERA5_Historical,https://archive-api.open-meteo.com/v1/archive?latitude=12.8698&longitude=74.8431
2024-08-13T23:00,12.8698,74.8431,Mangalore,5.6,11.700000000000001,19.0,96,25.1,10.8,1003.3,Open-Meteo_ERA5_Historical,https://archive-api.open-meteo.com/v1/archive?latitude=12.8698&longitude=74.8431
2024-08-14T00:00,12.8698,74.8431,Mangalore,0.3,11.800000000000002,19.3,95,25.1,10.1,1002.9,Open-Meteo_ERA5_Historical,https://archive-api.open-meteo.com/v1/archive?latitude=12.8698&longitude=74.8431
2024-08-14T01:00,12.8698,74.8431,Mangalore,10.0,15.900000000000002,29.3,96,24.9,11.5,1002.5,Open-Meteo_ERA5_Historical,https://archive-api.open-meteo.com/v1/archive?latitude=12.8698&longitude=74.8431
2024-08-14T02:00,12.8698,74.8431,Mangalore,2.6,12.900000000000002,31.900000000000002,94,24.9,8.6,1001.4,Open-Meteo_ERA5_Historical,https://archive-api.open-meteo.com/v1/archive?latitude=12.8698&longitude=74.8431
2024-08-14T03:00,12.8698,74.8431,Mangalore,8.9,21.5,40.8,95,24.7,5.2,1001.2,Open-Meteo_ERA5_Historical,https://archive-api.open-meteo.com/v1/archive?latitude=12.8698&longitude=74.8431
2024-08-14T04:00,12.8698,74.8431,Mangalore,3.7,15.200000000000003,44.4,96,24.8,4.8,1001.4,Open-Meteo_ERA5_Historical,https://archive-api.open-meteo.com/v1/archive?latitude=12.8698&longitude=74.8431
2024-08-14T05:00,12.8698,74.8431,Mangalore,1.2,13.800000000000002,45.6,96,24.6,8.5,1001.4,Open-Meteo_ERA5_Historical,https://archive-api.open-meteo.com/v1/archive?latitude=12.8698&longitude=74.8431
2024-08-14T06:00,12.8698,74.8431,Mangalore,0.0,4.900000000000002,45.6,94,25.6,12.5,1001.0,Open-Meteo_ERA5_Historical,https://archive-api.open-meteo.com/v1/archive?latitude=12.8698&longitude=74.8431
2024-08-14T07:00,12.8698,74.8431,Mangalore,2.4,3.6000000000000014,48.0,92,25.8,15.6,1001.8,Open-Meteo_ERA5_Historical,https://archive-api.open-meteo.com/v1/archive?latitude=12.8698&longitude=74.8431
2024-08-14T08:00,12.8698,74.8431,Mangalore,0.1,2.5000000000000013,48.1,88,26.8,13.8,1002.4,Open-Meteo_ERA5_Historical,https://archive-api.open-meteo.com/v1/archive?latitude=12.8698&longitude=74.8431
2024-08-14T09:00,12.8698,74.8431,Mangalore,0.0,2.5000000000000018,48.1,84,27.6,10.8,1002.8,Open-Meteo_ERA5_Historical,https://archive-api.open-meteo.com/v1/archive?latitude=12.8698&longitude=74.8431
2024-08-14T10:00,12.8698,74.8431,Mangalore,0.0,0.10000000000000134,48.1,80,29.0,6.4,1002.3,Open-Meteo_ERA5_Historical,https://archive-api.open-meteo.com/v1/archive?latitude=12.8698&longitude=74.8431
2024-08-14T11:00,12.8698,74.8431,Mangalore,0.0,0.0,48.0,79,29.6,8.7,1001.4,Open-Meteo_ERA5_Historical,https://archive-api.open-meteo.com/v1/archive?latitude=12.8698&longitude=74.8431
2024-08-14T12:00,12.8698,74.8431,Mangalore,0.0,0.0,47.900000000000006,81,29.1,12.8,1000.8,Open-Meteo_ERA5_Historical,https://archive-api.open-meteo.com/v1/archive?latitude=12.8698&longitude=74.8431
2024-08-14T13:00,12.8698,74.8431,Mangalore,0.0,0.0,47.800000000000004,80,28.6,14.7,1000.1,Open-Meteo_ERA5_Historical,https://archive-api.open-meteo.com/v1/archive?latitude=12.8698&longitude=74.8431
2024-08-14T14:00,12.8698,74.8431,Mangalore,0.4,0.40000000000000135,48.2,84,27.8,16.3,999.5,Open-Meteo_ERA5_Historical,https://archive-api.open-meteo.com/v1/archive?latitude=12.8698&longitude=74.8431
2024-08-14T15:00,12.8698,74.8431,Mangalore,0.2,0.6000000000000014,48.4,82,28.8,19.1,999.2,Open-Meteo_ERA5_Historical,https://archive-api.open-meteo.com/v1/archive?latitude=12.8698&longitude=74.8431
2024-08-14T16:00,12.8698,74.8431,Mangalore,0.6,1.2000000000000013,49.0,85,27.7,17.1,999.4,Open-Meteo_ERA5_Historical,https://archive-api.open-meteo.com/v1/archive?latitude=12.8698&longitude=74.8431
2024-08-14T17:00,12.8698,74.8431,Mangalore,0.5,1.3000000000000012,49.5,88,26.8,19.3,999.8,Open-Meteo_ERA5_Historical,https://archive-api.open-meteo.com/v1/archive?latitude=12.8698&longitude=74.8431
2024-08-14T18:00,12.8698,74.8431,Mangalore,4.4,5.500000000000002,53.900000000000006,92,26.2,12.2,1000.1,Open-Meteo_ERA5_Historical,https://archive-api.open-meteo.com/v1/archive?latitude=12.8698&longitude=74.8431
2024-08-14T19:00,12.8698,74.8431,Mangalore,1.7,6.600000000000002,53.8,92,25.9,16.1,1001.2,Open-Meteo_ERA5_Historical,https://archive-api.open-meteo.com/v1/archive?latitude=12.8698&longitude=74.8431
2024-08-14T20:00,12.8698,74.8431,Mangalore,4.2,10.3,52.900000000000006,93,26.0,12.4,1001.8,Open-Meteo_ERA5_Historical,https://archive-api.open-meteo.com/v1/archive?latitude=12.8698&longitude=74.8431
2024-08-14T21:00,12.8698,74.8431,Mangalore,1.6,7.500000000000002,54.300000000000004,94,25.7,13.4,1002.5,Open-Meteo_ERA5_Historical,https://archive-api.open-meteo.com/v1/archive?latitude=12.8698&longitude=74.8431
2024-08-14T22:00,12.8698,74.8431,Mangalore,0.6,6.400000000000001,49.0,94,25.8,14.4,1002.7,Open-Meteo_ERA5_Historical,https://archive-api.open-meteo.com/v1/archive?latitude=12.8698&longitude=74.8431
2024-08-14T23:00,12.8698,74.8431,Mangalore,0.5,2.700000000000001,43.9,96,25.3,13.6,1002.7,Open-Meteo_ERA5_Historical,https://archive-api.open-meteo.com/v1/archive?latitude=12.8698&longitude=74.8431
2024-08-15T00:00,12.8698,74.8431,Mangalore,1.3,2.400000000000001,44.900000000000006,95,24.9,11.3,1001.9,Open-Meteo_ERA5_Historical,https://archive-api.open-meteo.com/v1/archive?latitude=12.8698&longitude=74.8431
2024-08-15T01:00,12.8698,74.8431,Mangalore,0.3,2.1000000000000005,35.2,95,25.0,7.9,1001.4,Open-Meteo_ERA5_Historical,https://archive-api.open-meteo.com/v1/archive?latitude=12.8698&longitude=74.8431
2024-08-15T02:00,12.8698,74.8431,Mangalore,0.1,1.7000000000000006,32.7,94,25.0,11.9,1000.9,Open-Meteo_ERA5_Historical,https://archive-api.open-meteo.com/v1/archive?latitude=12.8698&longitude=74.8431
2024-08-15T03:00,12.8698,74.8431,Mangalore,0.0,0.4000000000000009,23.8,94,25.1,13.0,1000.3,Open-Meteo_ERA5_Historical,https://archive-api.open-meteo.com/v1/archive?latitude=12.8698&longitude=74.8431
2024-08-15T04:00,12.8698,74.8431,Mangalore,0.0,0.1000000000000009,20.1,95,24.7,10.4,1000.1,Open-Meteo_ERA5_Historical,https://archive-api.open-meteo.com/v1/archive?latitude=12.8698&longitude=74.8431
2024-08-15T05:00,12.8698,74.8431,Mangalore,0.0,0.0,18.900000000000002,98,23.9,5.0,1000.6,Open-Meteo_ERA5_Historical,https://archive-api.open-meteo.com/v1/archive?latitude=12.8698&longitude=74.8431
2024-08-15T06:00,12.8698,74.8431,Mangalore,0.4,0.4000000000000009,19.3,96,24.4,2.7,1000.7,Open-Meteo_ERA5_Historical,https://archive-api.open-meteo.com/v1/archive?latitude=12.8698&longitude=74.8431
2024-08-15T07:00,12.8698,74.8431,Mangalore,0.1,0.5000000000000009,17.0,93,25.0,5.7,1001.6,Open-Meteo_ERA5_Historical,https://archive-api.open-meteo.com/v1/archive?latitude=12.8698&longitude=74.8431
2024-08-15T08:00,12.8698,74.8431,Mangalore,0.0,0.5000000000000009,16.900000000000002,86,26.1,8.1,1002.6,Open-Meteo_ERA5_Historical,https://archive-api.open-meteo.com/v1/archive?latitude=12.8698&longitude=74.8431
2024-08-15T09:00,12.8698,74.8431,Mangalore,0.0,0.1000000000000009,16.900000000000002,83,27.1,5.2,1002.6,Open-Meteo_ERA5_Historical,https://archive-api.open-meteo.com/v1/archive?latitude=12.8698&longitude=74.8431
2024-08-15T10:00,12.8698,74.8431,Mangalore,0.1,0.1000000000000009,17.000000000000004,83,27.8,7.7,1002.6,Open-Meteo_ERA5_Historical,https://archive-api.open-meteo.com/v1/archive?latitude=12.8698&longitude=74.8431
2024-08-15T11:00,12.8698,74.8431,Mangalore,0.2,0.30000000000000093,17.200000000000003,83,27.8,10.5,1002.1,Open-Meteo_ERA5_Historical,https://archive-api.open-meteo.com/v1/archive?latitude=12.8698&longitude=74.8431
2024-08-15T12:00,12.8698,74.8431,Mangalore,0.1,0.4000000000000009,17.3,84,27.8,13.7,1001.5,Open-Meteo_ERA5_Historical,https://archive-api.open-meteo.com/v1/archive?latitude=12.8698&longitude=74.8431
2024-08-15T13:00,12.8698,74.8431,Mangalore,0.1,0.4000000000000009,17.400000000000002,85,27.4,14.0,1000.6,Open-Meteo_ERA5_Historical,https://archive-api.open-meteo.com/v1/archive?latitude=12.8698&longitude=74.8431
2024-08-15T14:00,12.8698,74.8431,Mangalore,0.0,0.2000000000000009,17.0,84,27.4,12.7,1000.0,Open-Meteo_ERA5_Historical,https://archive-api.open-meteo.com/v1/archive?latitude=12.8698&longitude=74.8431
2024-08-15T15:00,12.8698,74.8431,Mangalore,0.0,0.1000000000000009,16.8,84,27.4,12.8,999.3,Open-Meteo_ERA5_Historical,https://archive-api.open-meteo.com/v1/archive?latitude=12.8698&longitude=74.8431
2024-08-15T16:00,12.8698,74.8431,Mangalore,0.0,0.0,16.2,84,27.2,14.0,998.9,Open-Meteo_ERA5_Historical,https://archive-api.open-meteo.com/v1/archive?latitude=12.8698&longitude=74.8431
2024-08-15T17:00,12.8698,74.8431,Mangalore,0.0,0.0,15.700000000000001,85,26.9,14.5,999.6,Open-Meteo_ERA5_Historical,https://archive-api.open-meteo.com/v1/archive?latitude=12.8698&longitude=74.8431
2024-08-15T18:00,12.8698,74.8431,Mangalore,0.0,0.0,11.3,86,26.9,11.8,999.6,Open-Meteo_ERA5_Historical,https://archive-api.open-meteo.com/v1/archive?latitude=12.8698&longitude=74.8431
2024-08-15T19:00,12.8698,74.8431,Mangalore,0.0,0.0,9.600000000000001,87,26.4,12.1,1000.1,Open-Meteo_ERA5_Historical,https://archive-api.open-meteo.com/v1/archive?latitude=12.8698&longitude=74.8431
2024-08-15T20:00,12.8698,74.8431,Mangalore,0.0,0.0,5.4,87,26.5,13.3,1000.5,Open-Meteo_ERA5_Historical,https://archive-api.open-meteo.com/v1/archive?latitude=12.8698&longitude=74.8431
2024-08-15T21:00,12.8698,74.8431,Mangalore,0.0,0.0,3.8,87,26.4,11.5,1001.2,Open-Meteo_ERA5_Historical,https://archive-api.open-meteo.com/v1/archive?latitude=12.8698&longitude=74.8431
2024-08-15T22:00,12.8698,74.8431,Mangalore,0.0,0.0,3.1999999999999997,89,26.2,10.2,1001.6,Open-Meteo_ERA5_Historical,https://archive-api.open-meteo.com/v1/archive?latitude=12.8698&longitude=74.8431
2024-08-15T23:00,12.8698,74.8431,Mangalore,0.0,0.0,2.6999999999999997,91,26.1,9.1,1001.4,Open-Meteo_ERA5_Historical,https://archive-api.open-meteo.com/v1/archive?latitude=12.8698&longitude=74.8431
2024-08-16T00:00,12.8698,74.8431,Mangalore,0.0,0.0,1.4000000000000001,92,26.0,8.9,1000.7,Open-Meteo_ERA5_Historical,https://archive-api.open-meteo.com/v1/archive?latitude=12.8698&longitude=74.8431
2024-08-16T01:00,12.8698,74.8431,Mangalore,0.0,0.0,1.1,93,25.9,9.0,1000.1,Open-Meteo_ERA5_Historical,https://archive-api.open-meteo.com/v1/archive?latitude=12.8698&longitude=74.8431
2024-08-16T02:00,12.8698,74.8431,Mangalore,0.0,0.0,1.0000000000000002,93,25.8,8.0,999.7,Open-Meteo_ERA5_Historical,https://archive-api.open-meteo.com/v1/archive?latitude=12.8698&longitude=74.8431
2024-08-16T03:00,12.8698,74.8431,Mangalore,0.0,0.0,1.0000000000000002,94,25.5,7.9,999.3,Open-Meteo_ERA5_Historical,https://archive-api.open-meteo.com/v1/archive?latitude=12.8698&longitude=74.8431
2024-08-16T04:00,12.8698,74.8431,Mangalore,0.0,0.0,1.0000000000000002,95,25.2,6.9,999.4,Open-Meteo_ERA5_Historical,https://archive-api.open-meteo.com/v1/archive?latitude=12.8698&longitude=74.8431
2024-08-16T05:00,12.8698,74.8431,Mangalore,0.0,0.0,1.0000000000000002,95,25.1,5.2,999.4,Open-Meteo_ERA5_Historical,https://archive-api.open-meteo.com/v1/archive?latitude=12.8698&longitude=74.8431
2024-08-16T06:00,12.8698,74.8431,Mangalore,0.0,0.0,0.6000000000000001,94,25.6,5.4,999.6,Open-Meteo_ERA5_Historical,https://archive-api.open-meteo.com/v1/archive?latitude=12.8698&longitude=74.8431
2024-08-16T07:00,12.8698,74.8431,Mangalore,0.0,0.0,0.5,89,26.6,10.5,1000.5,Open-Meteo_ERA5_Historical,https://archive-api.open-meteo.com/v1/archive?latitude=12.8698&longitude=74.8431
2024-08-16T08:00,12.8698,74.8431,Mangalore,0.1,0.1000000000000009,0.6000000000000001,88,27.1,11.2,1001.2,Open-Meteo_ERA5_Historical,https://archive-api.open-meteo.com/v1/archive?latitude=12.8698&longitude=74.8431
2024-08-16T09:00,12.8698,74.8431,Mangalore,0.0,0.1000000000000009,0.6000000000000001,86,27.5,13.5,1001.0,Open-Meteo_ERA5_Historical,https://archive-api.open-meteo.com/v1/archive?latitude=12.8698&longitude=74.8431
2024-08-16T10:00,12.8698,74.8431,Mangalore,0.1,0.2000000000000009,0.6,83,28.6,12.7,1001.1,Open-Meteo_ERA5_Historical,https://archive-api.open-meteo.com/v1/archive?latitude=12.8698&longitude=74.8431
2024-08-16T11:00,12.8698,74.8431,Mangalore,0.2,0.30000000000000093,0.6000000000000001,86,28.2,14.6,1000.6,Open-Meteo_ERA5_Historical,https://archive-api.open-meteo.com/v1/archive?latitude=12.8698&longitude=74.8431
2024-08-16T12:00,12.8698,74.8431,Mangalore,0.1,0.4000000000000009,0.6000000000000001,88,27.4,17.4,1000.1,Open-Meteo_ERA5_Historical,https://archive-api.open-meteo.com/v1/archive?latitude=12.8698&longitude=74.8431
2024-08-16T13:00,12.8698,74.8431,Mangalore,0.2,0.5000000000000009,0.7,82,28.5,18.9,999.0,Open-Meteo_ERA5_Historical,https://archive-api.open-meteo.com/v1/archive?latitude=12.8698&longitude=74.8431
2024-08-16T14:00,12.8698,74.8431,Mangalore,0.0,0.3000000000000009,0.7,84,28.4,17.9,998.5,Open-Meteo_ERA5_Historical,https://archive-api.open-meteo.com/v1/archive?latitude=12.8698&longitude=74.8431
2024-08-16T15:00,12.8698,74.8431,Mangalore,0.0,0.2000000000000009,0.7,85,27.8,19.7,998.3,Open-Meteo_ERA5_Historical,https://archive-api.open-meteo.com/v1/archive?latitude=12.8698&longitude=74.8431
2024-08-16T16:00,12.8698,74.8431,Mangalore,0.1,0.1000000000000009,0.8,85,27.5,18.2,998.0,Open-Meteo_ERA5_Historical,https://archive-api.open-meteo.com/v1/archive?latitude=12.8698&longitude=74.8431
2024-08-16T17:00,12.8698,74.8431,Mangalore,0.4,0.5000000000000009,1.2,84,27.3,17.6,998.7,Open-Meteo_ERA5_Historical,https://archive-api.open-meteo.com/v1/archive?latitude=12.8698&longitude=74.8431
2024-08-16T18:00,12.8698,74.8431,Mangalore,1.4,1.9000000000000008,2.5999999999999996,92,26.5,11.6,998.7,Open-Meteo_ERA5_Historical,https://archive-api.open-meteo.com/v1/archive?latitude=12.8698&longitude=74.8431
2024-08-16T19:00,12.8698,74.8431,Mangalore,0.7,2.500000000000001,3.3,93,26.2,12.6,999.6,Open-Meteo_ERA5_Historical,https://archive-api.open-meteo.com/v1/archive?latitude=12.8698&longitude=74.8431
2024-08-16T20:00,12.8698,74.8431,Mangalore,0.1,2.2000000000000006,3.4,93,26.0,8.0,1000.6,Open-Meteo_ERA5_Historical,https://archive-api.open-meteo.com/v1/archive?latitude=12.8698&longitude=74.8431
2024-08-16T21:00,12.8698,74.8431,Mangalore,0.0,0.8000000000000008,3.4,95,25.5,8.4,1001.4,Open-Meteo_ERA5_Historical,https://archive-api.open-meteo.com/v1/archive?latitude=12.8698&longitude=74.8431
2024-08-16T22:00,12.8698,74.8431,Mangalore,0.0,0.1000000000000009,3.4,94,25.3,7.9,1001.9,Open-Meteo_ERA5_Historical,https://archive-api.open-meteo.com/v1/archive?latitude=12.8698&longitude=74.8431
2024-08-16T23:00,12.8698,74.8431,Mangalore,0.0,0.0,3.4,95,25.0,5.4,1001.5,Open-Meteo_ERA5_Historical,https://archive-api.open-meteo.com/v1/archive?latitude=12.8698&longitude=74.8431
2024-08-17T00:00,12.8698,74.8431,Mangalore,0.0,0.0,3.4,96,24.6,3.9,1000.8,Open-Meteo_ERA5_Historical,https://archive-api.open-meteo.com/v1/archive?latitude=12.8698&longitude=74.8431
2024-08-17T01:00,12.8698,74.8431,Mangalore,0.0,0.0,3.4,98,24.1,3.3,1000.9,Open-Meteo_ERA5_Historical,https://archive-api.open-meteo.com/v1/archive?latitude=12.8698&longitude=74.8431
2024-08-17T02:00,12.8698,74.8431,Mangalore,0.0,0.0,3.4,97,24.4,4.9,999.9,Open-Meteo_ERA5_Historical,https://archive-api.open-meteo.com/v1/archive?latitude=12.8698&longitude=74.8431
2024-08-17T03:00,12.8698,74.8431,Mangalore,0.0,0.0,3.4,97,24.1,3.5,999.2,Open-Meteo_ERA5_Historical,https://archive-api.open-meteo.com/v1/archive?latitude=12.8698&longitude=74.8431
2024-08-17T04:00,12.8698,74.8431,Mangalore,0.0,0.0,3.4,98,23.6,4.7,999.5,Open-Meteo_ERA5_Historical,https://archive-api.open-meteo.com/v1/archive?latitude=12.8698&longitude=74.8431
2024-08-17T05:00,12.8698,74.8431,Mangalore,0.0,0.0,3.4,94,24.5,0.4,1000.0,Open-Meteo_ERA5_Historical,https://archive-api.open-meteo.com/v1/archive?latitude=12.8698&longitude=74.8431
2024-08-17T06:00,12.8698,74.8431,Mangalore,0.0,0.0,3.4,96,24.6,8.1,1000.9,Open-Meteo_ERA5_Historical,https://archive-api.open-meteo.com/v1/archive?latitude=12.8698&longitude=74.8431
2024-08-17T07:00,12.8698,74.8431,Mangalore,0.0,0.0,3.4,94,25.5,7.8,1001.0,Open-Meteo_ERA5_Historical,https://archive-api.open-meteo.com/v1/archive?latitude=12.8698&longitude=74.8431
2024-08-17T08:00,12.8698,74.8431,Mangalore,0.0,0.0,3.3,91,27.0,5.2,1001.7,Open-Meteo_ERA5_Historical,https://archive-api.open-meteo.com/v1/archive?latitude=12.8698&longitude=74.8431
2024-08-17T09:00,12.8698,74.8431,Mangalore,0.0,0.0,3.3,89,27.6,7.1,1002.2,Open-Meteo_ERA5_Historical,https://archive-api.open-meteo.com/v1/archive?latitude=12.8698&longitude=74.8431
2024-08-17T10:00,12.8698,74.8431,Mangalore,0.1,0.1000000000000009,3.3000000000000003,86,28.0,11.9,1002.4,Open-Meteo_ERA5_Historical,https://archive-api.open-meteo.com/v1/archive?latitude=12.8698&longitude=74.8431
2024-08-17T11:00,12.8698,74.8431,Mangalore,0.8,0.9000000000000009,3.9,89,27.5,15.4,1001.9,Open-Meteo_ERA5_Historical,https://archive-api.open-meteo.com/v1/archive?latitude=12.8698&longitude=74.8431
2024-08-17T12:00,12.8698,74.8431,Mangalore,0.1,1.0000000000000009,3.9,87,27.6,17.9,1001.0,Open-Meteo_ERA5_Historical,https://archive-api.open-meteo.com/v1/archive?latitude=12.8698&longitude=74.8431
2024-08-17T13:00,12.8698,74.8431,Mangalore,0.0,0.9000000000000009,3.6999999999999997,87,27.5,17.7,1000.5,Open-Meteo_ERA5_Historical,https://archive-api.open-meteo.com/v1/archive?latitude=12.8698&longitude=74.8431
2024-08-17T14:00,12.8698,74.8431,Mangalore,0.2,0.30000000000000093,3.8999999999999995,82,28.1,18.5,999.5,Open-Meteo_ERA5_Historical,https://archive-api.open-meteo.com/v1/archive?latitude=12.8698&longitude=74.8431
2024-08-17T15:00,12.8698,74.8431,Mangalore,0.3,0.5000000000000009,4.199999999999999,83,28.0,18.0,999.2,Open-Meteo_ERA5_Historical,https://archive-api.open-meteo.com/v1/archive?latitude=12.8698&longitude=74.8431
2024-08-17T16:00,12.8698,74.8431,Mangalore,0.3,0.8000000000000009,4.4,85,27.7,16.6,999.1,Open-Meteo_ERA5_Historical,https://archive-api.open-meteo.com/v1/archive?latitude=12.8698&longitude=74.8431
2024-08-17T17:00,12.8698,74.8431,Mangalore,0.3,0.8999999999999999,4.3,83,27.4,17.0,999.3,Open-Meteo_ERA5_Historical,https://archive-api.open-meteo.com/v1/archive?latitude=12.8698&longitude=74.8431
2024-08-17T18:00,12.8698,74.8431,Mangalore,0.1,0.7000000000000008,3.0,86,26.4,8.9,1000.6,Open-Meteo_ERA5_Historical,https://archive-api.open-meteo.com/v1/archive?latitude=12.8698&longitude=74.8431
2024-08-17T19:00,12.8698,74.8431,Mangalore,0.1,0.5000000000000009,2.4,88,26.0,5.9,1001.2,Open-Meteo_ERA5_Historical,https://archive-api.open-meteo.com/v1/archive?latitude=12.8698&longitude=74.8431
2024-08-17T20:00,12.8698,74.8431,Mangalore,0.0,0.2000000000000009,2.3,93,25.5,4.6,1002.0,Open-Meteo_ERA5_Historical,https://archive-api.open-meteo.com/v1/archive?latitude=12.8698&longitude=74.8431
2024-08-17T21:00,12.8698,74.8431,Mangalore,0.0,0.1000000000000009,2.3,93,25.5,4.0,1002.8,Open-Meteo_ERA5_Historical,https://archive-api.open-meteo.com/v1/archive?latitude=12.8698&longitude=74.8431
2024-08-17T22:00,12.8698,74.8431,Mangalore,0.1,0.1000000000000009,2.4,96,25.0,3.1,1003.4,Open-Meteo_ERA5_Historical,https://archive-api.open-meteo.com/v1/archive?latitude=12.8698&longitude=74.8431
2024-08-17T23:00,12.8698,74.8431,Mangalore,0.1,0.2000000000000009,2.5,96,25.0,2.6,1003.3,Open-Meteo_ERA5_Historical,https://archive-api.open-meteo.com/v1/archive?latitude=12.8698&longitude=74.8431
2024-08-18T00:00,12.8698,74.8431,Mangalore,0.1,0.30000000000000004,2.6,95,25.3,4.3,1002.9,Open-Meteo_ERA5_Historical,https://archive-api.open-meteo.com/v1/archive?latitude=12.8698&longitude=74.8431
2024-08-18T01:00,12.8698,74.8431,Mangalore,0.6,0.8000000000000009,3.1999999999999997,96,25.1,2.3,1002.3,Open-Meteo_ERA5_Historical,https://archive-api.open-meteo.com/v1/archive?latitude=12.8698&longitude=74.8431
2024-08-18T02:00,12.8698,74.8431,Mangalore,0.4,1.100000000000001,3.5999999999999996,97,25.0,6.0,1001.5,Open-Meteo_ERA5_Historical,https://archive-api.open-meteo.com/v1/archive?latitude=12.8698&longitude=74.8431
2024-08-18T03:00,12.8698,74.8431,Mangalore,0.1,1.100000000000001,3.6999999999999997,96,25.0,5.3,1001.1,Open-Meteo_ERA5_Historical,https://archive-api.open-meteo.com/v1/archive?latitude=12.8698&longitude=74.8431
2024-08-18T04:00,12.8698,74.8431,Mangalore,0.0,0.500000000000001,3.6999999999999997,95,25.0,6.2,1001.0,Open-Meteo_ERA5_Historical,https://archive-api.open-meteo.com/v1/archive?latitude=12.8698&longitude=74.8431
2024-08-18T05:00,12.8698,74.8431,Mangalore,0.0,0.100000000000001,3.6999999999999997,95,25.0,4.0,1001.2,Open-Meteo_ERA5_Historical,https://archive-api.open-meteo.com/v1/archive?latitude=12.8698&longitude=74.8431
2024-08-18T06:00,12.8698,74.8431,Mangalore,0.0,0.0,3.6999999999999997,96,24.8,5.2,1001.5,Open-Meteo_ERA5_Historical,https://archive-api.open-meteo.com/v1/archive?latitude=12.8698&longitude=74.8431
2024-08-18T07:00,12.8698,74.8431,Mangalore,0.0,0.0,3.6999999999999997,93,25.2,7.9,1002.1,Open-Meteo_ERA5_Historical,https://archive-api.open-meteo.com/v1/archive?latitude=12.8698&longitude=74.8431
2024-08-18T08:00,12.8698,74.8431,Mangalore,0.0,0.0,3.6999999999999997,89,25.9,8.2,1002.7,Open-Meteo_ERA5_Historical,https://archive-api.open-meteo.com/v1/archive?latitude=12.8698&longitude=74.8431
2024-08-18T09:00,12.8698,74.8431,Mangalore,0.1,0.100000000000001,3.8,87,26.5,8.8,1003.1,Open-Meteo_ERA5_Historical,https://archive-api.open-meteo.com/v1/archive?latitude=12.8698&longitude=74.8431
2024-08-18T10:00,12.8698,74.8431,Mangalore,0.2,0.30000000000000104,3.9,82,27.8,9.7,1003.3,Open-Meteo_ERA5_Historical,https://archive-api.open-meteo.com/v1/archive?latitude=12.8698&longitude=74.8431
2024-08-18T11:00,12.8698,74.8431,Mangalore,0.3,0.600000000000001,3.4,82,28.0,12.8,1003.0,Open-Meteo_ERA5_Historical,https://archive-api.open-meteo.com/v1/archive?latitude=12.8698&longitude=74.8431
2024-08-18T12:00,12.8698,74.8431,Mangalore,0.2,0.7000000000000011,3.5,82,28.1,15.2,1002.4,Open-Meteo_ERA5_Historical,https://archive-api.open-meteo.com/v1/archive?latitude=12.8698&longitude=74.8431
2024-08-18T13:00,12.8698,74.8431,Mangalore,0.1,0.600000000000001,3.6,83,27.9,15.8,1001.8,Open-Meteo_ERA5_Historical,https://archive-api.open-meteo.com/v1/archive?latitude=12.8698&longitude=74.8431
2024-08-18T14:00,12.8698,74.8431,Mangalore,0.2,0.500000000000001,3.6,83,28.0,17.7,1000.9,Open-Meteo_ERA5_Historical,https://archive-api.open-meteo.com/v1/archive?latitude=12.8698&longitude=74.8431
2024-08-18T15:00,12.8698,74.8431,Mangalore,0.2,0.500000000000001,3.5,83,27.8,16.4,1000.6,Open-Meteo_ERA5_Historical,https://archive-api.open-meteo.com/v1/archive?latitude=12.8698&longitude=74.8431
2024-08-18T16:00,12.8698,74.8431,Mangalore,0.3,0.7000000000000011,3.5,85,27.4,13.2,1000.3,Open-Meteo_ERA5_Historical,https://archive-api.open-meteo.com/v1/archive?latitude=12.8698&longitude=74.8431
2024-08-18T17:00,12.8698,74.8431,Mangalore,0.0,0.500000000000001,3.2,88,26.9,12.0,1000.2,Open-Meteo_ERA5_Historical,https://archive-api.open-meteo.com/v1/archive?latitude=12.8698&longitude=74.8431
2024-08-18T18:00,12.8698,74.8431,Mangalore,0.0,0.30000000000000104,3.1,87,26.6,8.0,1000.9,Open-Meteo_ERA5_Historical,https://archive-api.open-meteo.com/v1/archive?latitude=12.8698&longitude=74.8431
2024-08-18T19:00,12.8698,74.8431,Mangalore,0.0,0.0,3.0,89,26.2,6.4,1001.5,Open-Meteo_ERA5_Historical,https://archive-api.open-meteo.com/v1/archive?latitude=12.8698&longitude=74.8431
2024-08-18T20:00,12.8698,74.8431,Mangalore,0.0,0.0,3.0,90,26.1,6.2,1002.3,Open-Meteo_ERA5_Historical,https://archive-api.open-meteo.com/v1/archive?latitude=12.8698&longitude=74.8431
2024-08-18T21:00,12.8698,74.8431,Mangalore,0.0,0.0,3.0,94,25.7,3.7,1003.2,Open-Meteo_ERA5_Historical,https://archive-api.open-meteo.com/v1/archive?latitude=12.8698&longitude=74.8431
2024-08-18T22:00,12.8698,74.8431,Mangalore,0.0,0.0,2.9,96,25.5,4.7,1004.0,Open-Meteo_ERA5_Historical,https://archive-api.open-meteo.com/v1/archive?latitude=12.8698&longitude=74.8431
2024-08-18T23:00,12.8698,74.8431,Mangalore,0.1,0.100000000000001,2.9,96,25.4,4.3,1003.8,Open-Meteo_ERA5_Historical,https://archive-api.open-meteo.com/v1/archive?latitude=12.8698&longitude=74.8431
2024-08-19T00:00,12.8698,74.8431,Mangalore,0.0,0.100000000000001,2.8,96,25.5,2.6,1003.0,Open-Meteo_ERA5_Historical,https://archive-api.open-meteo.com/v1/archive?latitude=12.8698&longitude=74.8431
2024-08-19T01:00,12.8698,74.8431,Mangalore,0.0,0.100000000000001,2.2,96,25.5,3.0,1002.1,Open-Meteo_ERA5_Historical,https://archive-api.open-meteo.com/v1/archive?latitude=12.8698&longitude=74.8431
2024-08-19T02:00,12.8698,74.8431,Mangalore,0.0,0.0,1.8,94,25.6,0.8,1001.4,Open-Meteo_ERA5_Historical,https://archive-api.open-meteo.com/v1/archive?latitude=12.8698&longitude=74.8431
2024-08-19T03:00,12.8698,74.8431,Mangalore,0.0,0.0,1.7,96,25.3,2.9,1001.0,Open-Meteo_ERA5_Historical,https://archive-api.open-meteo.com/v1/archive?latitude=12.8698&longitude=74.8431
2024-08-19T04:00,12.8698,74.8431,Mangalore,0.0,0.0,1.7,97,25.0,8.1,1000.7,Open-Meteo_ERA5_Historical,https://archive-api.open-meteo.com/v1/archive?latitude=12.8698&longitude=74.8431
2024-08-19T05:00,12.8698,74.8431,Mangalore,0.0,0.0,1.7,97,24.8,7.8,1000.7,Open-Meteo_ERA5_Historical,https://archive-api.open-meteo.com/v1/archive?latitude=12.8698&longitude=74.8431
2024-08-19T06:00,12.8698,74.8431,Mangalore,0.0,0.0,1.7,97,25.1,4.3,1001.0,Open-Meteo_ERA5_Historical,https://archive-api.open-meteo.com/v1/archive?latitude=12.8698&longitude=74.8431
2024-08-19T07:00,12.8698,74.8431,Mangalore,0.0,0.0,1.7,93,26.0,6.4,1001.3,Open-Meteo_ERA5_Historical,https://archive-api.open-meteo.com/v1/archive?latitude=12.8698&longitude=74.8431
2024-08-19T08:00,12.8698,74.8431,Mangalore,0.0,0.0,1.7,87,27.2,6.1,1002.3,Open-Meteo_ERA5_Historical,https://archive-api.open-meteo.com/v1/archive?latitude=12.8698&longitude=74.8431
2024-08-19T09:00,12.8698,74.8431,Mangalore,0.0,0.0,1.6,82,28.4,6.1,1002.6,Open-Meteo_ERA5_Historical,https://archive-api.open-meteo.com/v1/archive?latitude=12.8698&longitude=74.8431
2024-08-19T10:00,12.8698,74.8431,Mangalore,0.0,0.0,1.4,82,28.7,7.0,1002.9,Open-Meteo_ERA5_Historical,https://archive-api.open-meteo.com/v1/archive?latitude=12.8698&longitude=74.8431
2024-08-19T11:00,12.8698,74.8431,Mangalore,0.0,0.0,1.1,81,29.1,9.7,1002.3,Open-Meteo_ERA5_Historical,https://archive-api.open-meteo.com/v1/archive?latitude=12.8698&longitude=74.8431
2024-08-19T12:00,12.8698,74.8431,Mangalore,0.1,0.100000000000001,1.0,81,29.1,9.9,1001.3,Open-Meteo_ERA5_Historical,https://archive-api.open-meteo.com/v1/archive?latitude=12.8698&longitude=74.8431
2024-08-19T13:00,12.8698,74.8431,Mangalore,0.1,0.200000000000001,1.0,82,28.6,11.4,1000.7,Open-Meteo_ERA5_Historical,https://archive-api.open-meteo.com/v1/archive?latitude=12.8698&longitude=74.8431
2024-08-19T14:00,12.8698,74.8431,Mangalore,0.3,0.500000000000001,1.1,77,28.5,15.9,1000.1,Open-Meteo_ERA5_Historical,https://archive-api.open-meteo.com/v1/archive?latitude=12.8698&longitude=74.8431
2024-08-19T15:00,12.8698,74.8431,Mangalore,0.1,0.500000000000001,1.0,84,27.5,13.8,999.3,Open-Meteo_ERA5_Historical,https://archive-api.open-meteo.com/v1/archive?latitude=12.8698&longitude=74.8431
2024-08-19T16:00,12.8698,74.8431,Mangalore,1.1,1.500000000000001,1.8,85,27.1,10.5,999.3,Open-Meteo_ERA5_Historical,https://archive-api.open-meteo.com/v1/archive?latitude=12.8698&longitude=74.8431
2024-08-19T17:00,12.8698,74.8431,Mangalore,0.1,1.3000000000000012,1.9000000000000001,86,27.0,5.0,999.1,Open-Meteo_ERA5_Historical,https://archive-api.open-meteo.com/v1/archive?latitude=12.8698&longitude=74.8431
2024-08-19T18:00,12.8698,74.8431,Mangalore,0.1,1.3000000000000012,2.0,90,25.9,8.3,1000.4,Open-Meteo_ERA5_Historical,https://archive-api.open-meteo.com/v1/archive?latitude=12.8698&longitude=74.8431
2024-08-19T19:00,12.8698,74.8431,Mangalore,0.2,0.40000000000000113,2.2,95,25.6,2.9,1001.1,Open-Meteo_ERA5_Historical,https://archive-api.open-meteo.com/v1/archive?latitude=12.8698&longitude=74.8431
2024-08-19T20:00,12.8698,74.8431,Mangalore,0.0,0.30000000000000115,2.2,90,25.9,1.1,1001.7,Open-Meteo_ERA5_Historical,https://archive-api.open-meteo.com/v1/archive?latitude=12.8698&longitude=74.8431
2024-08-19T21:00,12.8698,74.8431,Mangalore,0.0,0.20000000000000112,2.2,95,25.0,3.3,1002.5,Open-Meteo_ERA5_Historical,https://archive-api.open-meteo.com/v1/archive?latitude=12.8698&longitude=74.8431
2024-08-19T22:00,12.8698,74.8431,Mangalore,0.0,0.0,2.2,96,25.0,3.9,1003.0,Open-Meteo_ERA5_Historical,https://archive-api.open-meteo.com/v1/archive?latitude=12.8698&longitude=74.8431
2024-08-19T23:00,12.8698,74.8431,Mangalore,0.0,0.0,2.1,96,25.1,5.3,1002.6,Open-Meteo_ERA5_Historical,https://archive-api.open-meteo.com/v1/archive?latitude=12.8698&longitude=74.8431
2024-08-20T00:00,12.8698,74.8431,Mangalore,0.0,0.0,2.1,97,24.8,6.1,1002.1,Open-Meteo_ERA5_Historical,https://archive-api.open-meteo.com/v1/archive?latitude=12.8698&longitude=74.8431
2024-08-20T01:00,12.8698,74.8431,Mangalore,0.0,0.0,2.1,97,24.8,6.0,1001.5,Open-Meteo_ERA5_Historical,https://archive-api.open-meteo.com/v1/archive?latitude=12.8698&longitude=74.8431
2024-08-20T02:00,12.8698,74.8431,Mangalore,0.1,0.10000000000000112,2.2,97,24.6,6.2,1000.6,Open-Meteo_ERA5_Historical,https://archive-api.open-meteo.com/v1/archive?latitude=12.8698&longitude=74.8431
2024-08-20T03:00,12.8698,74.8431,Mangalore,0.0,0.10000000000000112,2.2,98,24.3,2.9,1000.2,Open-Meteo_ERA5_Historical,https://archive-api.open-meteo.com/v1/archive?latitude=12.8698&longitude=74.8431
2024-08-20T04:00,12.8698,74.8431,Mangalore,0.0,0.10000000000000112,2.2,97,24.5,11.3,999.8,Open-Meteo_ERA5_Historical,https://archive-api.open-meteo.com/v1/archive?latitude=12.8698&longitude=74.8431
2024-08-20T05:00,12.8698,74.8431,Mangalore,0.0,0.0,2.2,97,24.2,5.8,1000.0,Open-Meteo_ERA5_Historical,https://archive-api.open-meteo.com/v1/archive?latitude=12.8698&longitude=74.8431
2024-08-20T06:00,12.8698,74.8431,Mangalore,0.1,0.10000000000000112,2.3,96,24.7,4.8,1000.8,Open-Meteo_ERA5_Historical,https://archive-api.open-meteo.com/v1/archive?latitude=12.8698&longitude=74.8431
2024-08-20T07:00,12.8698,74.8431,Mangalore,0.2,0.30000000000000115,2.5,94,25.0,8.9,1001.2,Open-Meteo_ERA5_Historical,https://archive-api.open-meteo.com/v1/archive?latitude=12.8698&longitude=74.8431
2024-08-20T08:00,12.8698,74.8431,Mangalore,0.1,0.40000000000000113,2.6,90,26.0,12.2,1001.5,Open-Meteo_ERA5_Historical,https://archive-api.open-meteo.com/v1/archive?latitude=12.8698&longitude=74.8431
2024-08-20T09:00,12.8698,74.8431,Mangalore,0.0,0.30000000000000115,2.6,84,27.5,11.9,1001.8,Open-Meteo_ERA5_Historical,https://archive-api.open-meteo.com/v1/archive?latitude=12.8698&longitude=74.8431
2024-08-20T10:00,12.8698,74.8431,Mangalore,0.2,0.30000000000000115,2.8,81,28.1,13.1,1001.7,Open-Meteo_ERA5_Historical,https://archive-api.open-meteo.com/v1/archive?latitude=12.8698&longitude=74.8431
2024-08-20T11:00,12.8698,74.8431,Mangalore,0.2,0.40000000000000113,3.0,85,27.8,17.2,1001.8,Open-Meteo_ERA5_Historical,https://archive-api.open-meteo.com/v1/archive?latitude=12.8698&longitude=74.8431
2024-08-20T12:00,12.8698,74.8431,Mangalore,0.1,0.5000000000000011,3.0,82,28.2,13.8,1001.1,Open-Meteo_ERA5_Historical,https://archive-api.open-meteo.com/v1/archive?latitude=12.8698&longitude=74.8431
2024-08-20T13:00,12.8698,74.8431,Mangalore,0.1,0.40000000000000113,3.0000000000000004,84,28.1,15.2,1000.2,Open-Meteo_ERA5_Historical,https://archive-api.open-meteo.com/v1/archive?latitude=12.8698&longitude=74.8431
2024-08-20T14:00,12.8698,74.8431,Mangalore,0.3,0.5000000000000011,3.0,87,27.5,14.6,999.7,Open-Meteo_ERA5_Historical,https://archive-api.open-meteo.com/v1/archive?latitude=12.8698&longitude=74.8431
2024-08-20T15:00,12.8698,74.8431,Mangalore,0.1,0.5000000000000011,3.0,89,27.4,13.2,999.3,Open-Meteo_ERA5_Historical,https://archive-api.open-meteo.com/v1/archive?latitude=12.8698&longitude=74.8431
2024-08-20T16:00,12.8698,74.8431,Mangalore,0.6,1.000000000000001,2.5,89,26.8,10.1,999.5,Open-Meteo_ERA5_Historical,https://archive-api.open-meteo.com/v1/archive?latitude=12.8698&longitude=74.8431
2024-08-20T17:00,12.8698,74.8431,Mangalore,0.1,0.8000000000000009,2.5,88,26.9,9.7,999.6,Open-Meteo_ERA5_Historical,https://archive-api.open-meteo.com/v1/archive?latitude=12.8698&longitude=74.8431
2024-08-20T18:00,12.8698,74.8431,Mangalore,0.0,0.700000000000001,2.4,89,26.4,7.5,999.7,Open-Meteo_ERA5_Historical,https://archive-api.open-meteo.com/v1/archive?latitude=12.8698&longitude=74.8431
2024-08-20T19:00,12.8698,74.8431,Mangalore,2.1,2.200000000000001,4.300000000000001,92,25.8,6.9,1001.4,Open-Meteo_ERA5_Historical,https://archive-api.open-meteo.com/v1/archive?latitude=12.8698&longitude=74.8431
2024-08-20T20:00,12.8698,74.8431,Mangalore,0.1,2.200000000000001,4.4,94,25.5,2.2,1001.7,Open-Meteo_ERA5_Historical,https://archive-api.open-meteo.com/v1/archive?latitude=12.8698&longitude=74.8431
2024-08-20T21:00,12.8698,74.8431,Mangalore,0.3,2.500000000000001,4.7,94,25.6,3.7,1002.6,Open-Meteo_ERA5_Historical,https://archive-api.open-meteo.com/v1/archive?latitude=12.8698&longitude=74.8431
2024-08-20T22:00,12.8698,74.8431,Mangalore,0.2,0.600000000000001,4.9,96,25.4,5.5,1003.4,Open-Meteo_ERA5_Historical,https://archive-api.open-meteo.com/v1/archive?latitude=12.8698&longitude=74.8431
2024-08-20T23:00,12.8698,74.8431,Mangalore,3.7,4.200000000000001,8.600000000000001,97,24.9,10.1,1003.5,Open-Meteo_ERA5_Historical,https://archive-api.open-meteo.com/v1/archive?latitude=12.8698&longitude=74.8431
2024-08-21T00:00,12.8698,74.8431,Mangalore,4.5,8.400000000000002,13.100000000000001,97,24.4,7.2,1002.9,Open-Meteo_ERA5_Historical,https://archive-api.open-meteo.com/v1/archive?latitude=12.8698&longitude=74.8431
2024-08-21T01:00,12.8698,74.8431,Mangalore,3.2,11.4,16.3,97,24.4,6.6,1002.4,Open-Meteo_ERA5_Historical,https://archive-api.open-meteo.com/v1/archive?latitude=12.8698&longitude=74.8431
2024-08-21T02:00,12.8698,74.8431,Mangalore,0.4,8.100000000000001,16.599999999999998,98,24.5,8.5,1001.5,Open-Meteo_ERA5_Historical,https://archive-api.open-meteo.com/v1/archive?latitude=12.8698&longitude=74.8431
2024-08-21T03:00,12.8698,74.8431,Mangalore,0.1,3.700000000000001,16.7,98,24.3,8.8,1001.3,Open-Meteo_ERA5_Historical,https://archive-api.open-meteo.com/v1/archive?latitude=12.8698&longitude=74.8431
2024-08-21T04:00,12.8698,74.8431,Mangalore,0.1,0.600000000000001,16.8,98,24.1,9.7,1001.1,Open-Meteo_ERA5_Historical,https://archive-api.open-meteo.com/v1/archive?latitude=12.8698&longitude=74.8431
2024-08-21T05:00,12.8698,74.8431,Mangalore,0.0,0.2000000000000009,16.8,97,24.1,7.4,1001.5,Open-Meteo_ERA5_Historical,https://archive-api.open-meteo.com/v1/archive?latitude=12.8698&longitude=74.8431
2024-08-21T06:00,12.8698,74.8431,Mangalore,0.0,0.1000000000000009,16.700000000000003,96,24.8,6.1,1001.6,Open-Meteo_ERA5_Historical,https://archive-api.open-meteo.com/v1/archive?latitude=12.8698&longitude=74.8431
2024-08-21T07:00,12.8698,74.8431,Mangalore,0.0,0.0,16.500000000000004,91,25.5,11.8,1002.1,Open-Meteo_ERA5_Historical,https://archive-api.open-meteo.com/v1/archive?latitude=12.8698&longitude=74.8431
2024-08-21T08:00,12.8698,74.8431,Mangalore,0.0,0.0,16.400000000000002,87,26.5,17.7,1002.1,Open-Meteo_ERA5_Historical,https://archive-api.open-meteo.com/v1/archive?latitude=12.8698&longitude=74.8431
2024-08-21T09:00,12.8698,74.8431,Mangalore,0.1,0.1000000000000009,16.5,79,27.9,25.4,1002.6,Open-Meteo_ERA5_Historical,https://archive-api.open-meteo.com/v1/archive?latitude=12.8698&longitude=74.8431
2024-08-21T10:00,12.8698,74.8431,Mangalore,0.0,0.1000000000000009,16.3,73,29.2,23.3,1002.3,Open-Meteo_ERA5_Historical,https://archive-api.open-meteo.com/v1/archive?latitude=12.8698&longitude=74.8431
2024-08-21T11:00,12.8698,74.8431,Mangalore,0.0,0.1000000000000009,16.1,69,30.2,26.4,1001.9,Open-Meteo_ERA5_Historical,https://archive-api.open-meteo.com/v1/archive?latitude=12.8698&longitude=74.8431
2024-08-21T12:00,12.8698,74.8431,Mangalore,0.0,0.0,16.0,70,30.2,25.0,1000.8,Open-Meteo_ERA5_Historical,https://archive-api.open-meteo.com/v1/archive?latitude=12.8698&longitude=74.8431
2024-08-21T13:00,12.8698,74.8431,Mangalore,0.0,0.0,15.9,65,31.2,27.9,999.7,Open-Meteo_ERA5_Historical,https://archive-api.open-meteo.com/v1/archive?latitude=12.8698&longitude=74.8431
2024-08-21T14:00,12.8698,74.8431,Mangalore,0.0,0.0,15.6,68,30.0,32.7,999.1,Open-Meteo_ERA5_Historical,https://archive-api.open-meteo.com/v1/archive?latitude=12.8698&longitude=74.8431
2024-08-21T15:00,12.8698,74.8431,Mangalore,0.0,0.0,15.5,73,29.1,31.4,999.0,Open-Meteo_ERA5_Historical,https://archive-api.open-meteo.com/v1/archive?latitude=12.8698&longitude=74.8431
2024-08-21T16:00,12.8698,74.8431,Mangalore,0.0,0.0,14.9,76,28.2,35.3,998.8,Open-Meteo_ERA5_Historical,https://archive-api.open-meteo.com/v1/archive?latitude=12.8698&longitude=74.8431
2024-08-21T17:00,12.8698,74.8431,Mangalore,0.2,0.2000000000000009,15.000000000000002,86,26.5,34.3,999.1,Open-Meteo_ERA5_Historical,https://archive-api.open-meteo.com/v1/archive?latitude=12.8698&longitude=74.8431
2024-08-21T18:00,12.8698,74.8431,Mangalore,0.0,0.2000000000000009,15.000000000000002,85,26.0,20.7,1001.1,Open-Meteo_ERA5_Historical,https://archive-api.open-meteo.com/v1/archive?latitude=12.8698&longitude=74.8431
2024-08-21T19:00,12.8698,74.8431,Mangalore,0.1,0.30000000000000093,13.0,86,25.8,20.5,1002.1,Open-Meteo_ERA5_Historical,https://archive-api.open-meteo.com/v1/archive?latitude=12.8698&longitude=74.8431
2024-08-21T20:00,12.8698,74.8431,Mangalore,0.5,0.600000000000001,13.4,88,25.8,19.2,1002.8,Open-Meteo_ERA5_Historical,https://archive-api.open-meteo.com/v1/archive?latitude=12.8698&longitude=74.8431
2024-08-21T21:00,12.8698,74.8431,Mangalore,0.0,0.600000000000001,13.1,87,26.0,18.6,1003.2,Open-Meteo_ERA5_Historical,https://archive-api.open-meteo.com/v1/archive?latitude=12.8698&longitude=74.8431
2024-08-21T22:00,12.8698,74.8431,Mangalore,0.0,0.500000000000001,12.9,87,25.9,18.9,1004.0,Open-Meteo_ERA5_Historical,https://archive-api.open-meteo.com/v1/archive?latitude=12.8698&longitude=74.8431
2024-08-21T23:00,12.8698,74.8431,Mangalore,0.4,0.400000000000001,9.6,88,25.8,20.6,1004.2,Open-Meteo_ERA5_Historical,https://archive-api.open-meteo.com/v1/archive?latitude=12.8698&longitude=74.8431
2024-08-22T00:00,12.8698,74.8431,Mangalore,0.3,0.7000000000000011,5.4,89,25.6,19.5,1003.5,Open-Meteo_ERA5_Historical,https://archive-api.open-meteo.com/v1/archive?latitude=12.8698&longitude=74.8431
2024-08-22T01:00,12.8698,74.8431,Mangalore,0.2,0.900000000000001,2.4,90,25.3,18.4,1003.3,Open-Meteo_ERA5_Historical,https://archive-api.open-meteo.com/v1/archive?latitude=12.8698&longitude=74.8431
2024-08-22T02:00,12.8698,74.8431,Mangalore,0.2,0.7000000000000011,2.2,90,25.2,16.9,1002.9,Open-Meteo_ERA5_Historical,https://archive-api.open-meteo.com/v1/archive?latitude=12.8698&longitude=74.8431
2024-08-22T03:00,12.8698,74.8431,Mangalore,0.6,1.0000000000000009,2.7,91,25.0,15.5,1002.8,Open-Meteo_ERA5_Historical,https://archive-api.open-meteo.com/v1/archive?latitude=12.8698&longitude=74.8431
2024-08-22T04:00,12.8698,74.8431,Mangalore,0.4,1.200000000000001,3.0,93,24.6,14.2,1002.9,Open-Meteo_ERA5_Historical,https://archive-api.open-meteo.com/v1/archive?latitude=12.8698&longitude=74.8431
2024-08-22T05:00,12.8698,74.8431,Mangalore,0.2,1.2000000000000008,3.1999999999999997,94,24.4,14.3,1003.1,Open-Meteo_ERA5_Historical,https://archive-api.open-meteo.com/v1/archive?latitude=12.8698&longitude=74.8431
2024-08-22T06:00,12.8698,74.8431,Mangalore,1.0,1.600000000000001,4.2,91,25.0,17.7,1003.9,Open-Meteo_ERA5_Historical,https://archive-api.open-meteo.com/v1/archive?latitude=12.8698&longitude=74.8431
2024-08-22T07:00,12.8698,74.8431,Mangalore,0.1,1.3000000000000012,4.3,91,25.1,15.9,1004.4,Open-Meteo_ERA5_Historical,https://archive-api.open-meteo.com/v1/archive?latitude=12.8698&longitude=74.8431
2024-08-22T08:00,12.8698,74.8431,Mangalore,0.4,1.5000000000000009,4.7,87,25.5,16.7,1005.0,Open-Meteo_ERA5_Historical,https://archive-api.open-meteo.com/v1/archive?latitude=12.8698&longitude=74.8431
2024-08-22T09:00,12.8698,74.8431,Mangalore,0.5,1.0000000000000009,5.1000000000000005,86,25.7,18.3,1005.5,Open-Meteo_ERA5_Historical,https://archive-api.open-meteo.com/v1/archive?latitude=12.8698&longitude=74.8431
2024-08-22T10:00,12.8698,74.8431,Mangalore,0.4,1.300000000000001,5.5,88,25.9,18.0,1005.3,Open-Meteo_ERA5_Historical,https://archive-api.open-meteo.com/v1/archive?latitude=12.8698&longitude=74.8431
2024-08-22T11:00,12.8698,74.8431,Mangalore,0.4,1.300000000000001,5.9,88,26.0,14.8,1005.2,Open-Meteo_ERA5_Historical,https://archive-api.open-meteo.com/v1/archive?latitude=12.8698&longitude=74.8431
2024-08-22T12:00,12.8698,74.8431,Mangalore,0.4,1.2000000000000002,6.300000000000001,89,26.0,16.9,1004.6,Open-Meteo_ERA5_Historical,https://archive-api.open-meteo.com/v1/archive?latitude=12.8698&longitude=74.8431
2024-08-22T13:00,12.8698,74.8431,Mangalore,0.2,1.0000000000000009,6.5,84,27.0,15.3,1003.7,Open-Meteo_ERA5_Historical,https://archive-api.open-meteo.com/v1/archive?latitude=12.8698&longitude=74.8431
2024-08-22T14:00,12.8698,74.8431,Mangalore,1.2,1.8000000000000007,7.7,84,26.1,17.4,1003.3,Open-Meteo_ERA5_Historical,https://archive-api.open-meteo.com/v1/archive?latitude=12.8698&longitude=74.8431
2024-08-22T15:00,12.8698,74.8431,Mangalore,0.8,2.200000000000001,8.5,89,25.3,15.4,1003.2,Open-Meteo_ERA5_Historical,https://archive-api.open-meteo.com/v1/archive?latitude=12.8698&longitude=74.8431
2024-08-22T16:00,12.8698,74.8431,Mangalore,0.3,2.3000000000000007,8.8,88,25.7,15.8,1002.8,Open-Meteo_ERA5_Historical,https://archive-api.open-meteo.com/v1/archive?latitude=12.8698&longitude=74.8431
2024-08-22T17:00,12.8698,74.8431,Mangalore,0.1,1.2000000000000008,8.7,89,25.5,9.5,1002.8,Open-Meteo_ERA5_Historical,https://archive-api.open-meteo.com/v1/archive?latitude=12.8698&longitude=74.8431
2024-08-22T18:00,12.8698,74.8431,Mangalore,0.0,0.4000000000000009,8.7,88,25.6,9.8,1003.4,Open-Meteo_ERA5_Historical,https://archive-api.open-meteo.com/v1/archive?latitude=12.8698&longitude=74.8431
2024-08-22T19:00,12.8698,74.8431,Mangalore,0.0,0.1000000000000009,8.6,90,25.2,9.4,1004.2,Open-Meteo_ERA5_Historical,https://archive-api.open-meteo.com/v1/archive?latitude=12.8698&longitude=74.8431
2024-08-22T20:00,12.8698,74.8431,Mangalore,0.0,0.0,8.1,91,25.0,8.9,1005.2,Open-Meteo_ERA5_Historical,https://archive-api.open-meteo.com/v1/archive?latitude=12.8698&longitude=74.8431
2024-08-22T21:00,12.8698,74.8431,Mangalore,0.1,0.1000000000000009,8.2,92,24.9,9.0,1006.1,Open-Meteo_ERA5_Historical,https://archive-api.open-meteo.com/v1/archive?latitude=12.8698&longitude=74.8431
2024-08-22T22:00,12.8698,74.8431,Mangalore,0.1,0.2000000000000009,8.299999999999999,92,24.9,10.4,1006.5,Open-Meteo_ERA5_Historical,https://archive-api.open-meteo.com/v1/archive?latitude=12.8698&longitude=74.8431
2024-08-22T23:00,12.8698,74.8431,Mangalore,0.1,0.30000000000000004,8.0,91,25.0,11.0,1006.4,Open-Meteo_ERA5_Historical,https://archive-api.open-meteo.com/v1/archive?latitude=12.8698&longitude=74.8431
2024-08-23T00:00,12.8698,74.8431,Mangalore,0.3,0.5000000000000009,8.0,90,24.9,12.8,1005.8,Open-Meteo_ERA5_Historical,https://archive-api.open-meteo.com/v1/archive?latitude=12.8698&longitude=74.8431
2024-08-23T01:00,12.8698,74.8431,Mangalore,0.2,0.600000000000001,8.0,90,25.0,12.4,1005.1,Open-Meteo_ERA5_Historical,https://archive-api.open-meteo.com/v1/archive?latitude=12.8698&longitude=74.8431
2024-08-23T02:00,12.8698,74.8431,Mangalore,0.2,0.7000000000000008,8.0,92,24.6,12.6,1004.4,Open-Meteo_ERA5_Historical,https://archive-api.open-meteo.com/v1/archive?latitude=12.8698&longitude=74.8431
2024-08-23T03:00,12.8698,74.8431,Mangalore,0.1,0.5000000000000009,7.500000000000001,94,24.5,9.8,1003.9,Open-Meteo_ERA5_Historical,https://archive-api.open-meteo.com/v1/archive?latitude=12.8698&longitude=74.8431
2024-08-23T04:00,12.8698,74.8431,Mangalore,0.1,0.4000000000000009,7.2,94,24.3,10.0,1004.0,Open-Meteo_ERA5_Historical,https://archive-api.open-meteo.com/v1/archive?latitude=12.8698&longitude=74.8431
2024-08-23T05:00,12.8698,74.8431,Mangalore,0.1,0.30000000000000004,7.1,94,24.4,11.2,1004.3,Open-Meteo_ERA5_Historical,https://archive-api.open-meteo.com/v1/archive?latitude=12.8698&longitude=74.8431
2024-08-23T06:00,12.8698,74.8431,Mangalore,0.5,0.700000000000001,6.6,94,24.6,9.4,1004.6,Open-Meteo_ERA5_Historical,https://archive-api.open-meteo.com/v1/archive?latitude=12.8698&longitude=74.8431
2024-08-23T07:00,12.8698,74.8431,Mangalore,0.1,0.700000000000001,6.6000000000000005,95,25.0,12.9,1005.2,Open-Meteo_ERA5_Historical,https://archive-api.open-meteo.com/v1/archive?latitude=12.8698&longitude=74.8431
2024-08-23T08:00,12.8698,74.8431,Mangalore,0.1,0.7000000000000011,6.3,90,25.9,11.1,1006.0,Open-Meteo_ERA5_Historical,https://archive-api.open-meteo.com/v1/archive?latitude=12.8698&longitude=74.8431
2024-08-23T09:00,12.8698,74.8431,Mangalore,0.2,0.400000000000001,6.0,87,26.8,12.7,1006.6,Open-Meteo_ERA5_Historical,https://archive-api.open-meteo.com/v1/archive?latitude=12.8698&longitude=74.8431
2024-08-23T10:00,12.8698,74.8431,Mangalore,0.3,0.600000000000001,5.9,84,27.0,15.1,1006.7,Open-Meteo_ERA5_Historical,https://archive-api.open-meteo.com/v1/archive?latitude=12.8698&longitude=74.8431
2024-08-23T11:00,12.8698,74.8431,Mangalore,0.1,0.600000000000001,5.6000000000000005,83,27.0,16.0,1006.7,Open-Meteo_ERA5_Historical,https://archive-api.open-meteo.com/v1/archive?latitude=12.8698&longitude=74.8431
2024-08-23T12:00,12.8698,74.8431,Mangalore,0.2,0.600000000000001,5.3999999999999995,77,28.0,17.6,1005.7,Open-Meteo_ERA5_Historical,https://archive-api.open-meteo.com/v1/archive?latitude=12.8698&longitude=74.8431
2024-08-23T13:00,12.8698,74.8431,Mangalore,0.2,0.500000000000001,5.4,78,27.9,18.5,1004.7,Open-Meteo_ERA5_Historical,https://archive-api.open-meteo.com/v1/archive?latitude=12.8698&longitude=74.8431
2024-08-23T14:00,12.8698,74.8431,Mangalore,0.1,0.5000000000000011,4.300000000000001,80,27.8,18.4,1004.2,Open-Meteo_ERA5_Historical,https://archive-api.open-meteo.com/v1/archive?latitude=12.8698&longitude=74.8431
2024-08-23T15:00,12.8698,74.8431,Mangalore,0.3,0.600000000000001,3.8000000000000003,80,27.9,17.8,1003.7,Open-Meteo_ERA5_Historical,https://archive-api.open-meteo.com/v1/archive?latitude=12.8698&longitude=74.8431
2024-08-23T16:00,12.8698,74.8431,Mangalore,0.3,0.7000000000000011,3.8000000000000003,83,27.2,17.5,1003.5,Open-Meteo_ERA5_Historical,https://archive-api.open-meteo.com/v1/archive?latitude=12.8698&longitude=74.8431
2024-08-23T17:00,12.8698,74.8431,Mangalore,0.0,0.600000000000001,3.7,83,27.0,16.0,1003.5,Open-Meteo_ERA5_Historical,https://archive-api.open-meteo.com/v1/archive?latitude=12.8698&longitude=74.8431
2024-08-23T18:00,12.8698,74.8431,Mangalore,0.0,0.300000000000001,3.7,85,26.2,10.7,1004.3,Open-Meteo_ERA5_Historical,https://archive-api.open-meteo.com/v1/archive?latitude=12.8698&longitude=74.8431
2024-08-23T19:00,12.8698,74.8431,Mangalore,0.0,0.0,3.7,86,25.9,10.0,1005.0,Open-Meteo_ERA5_Historical,https://archive-api.open-meteo.com/v1/archive?latitude=12.8698&longitude=74.8431
2024-08-23T20:00,12.8698,74.8431,Mangalore,0.1,0.100000000000001,3.8000000000000003,86,25.9,11.1,1005.7,Open-Meteo_ERA5_Historical,https://archive-api.open-meteo.com/v1/archive?latitude=12.8698&longitude=74.8431
2024-08-23T21:00,12.8698,74.8431,Mangalore,0.1,0.200000000000001,3.8000000000000003,88,25.7,11.5,1006.3,Open-Meteo_ERA5_Historical,https://archive-api.open-meteo.com/v1/archive?latitude=12.8698&longitude=74.8431
2024-08-23T22:00,12.8698,74.8431,Mangalore,0.0,0.200000000000001,3.7,89,25.5,9.4,1007.2,Open-Meteo_ERA5_Historical,https://archive-api.open-meteo.com/v1/archive?latitude=12.8698&longitude=74.8431
2024-08-23T23:00,12.8698,74.8431,Mangalore,0.1,0.200000000000001,3.6999999999999997,90,25.2,13.7,1006.8,Open-Meteo_ERA5_Historical,https://archive-api.open-meteo.com/v1/archive?latitude=12.8698&longitude=74.8431
2024-08-24T00:00,12.8698,74.8431,Mangalore,0.2,0.30000000000000104,3.6,90,25.1,12.7,1006.3,Open-Meteo_ERA5_Historical,https://archive-api.open-meteo.com/v1/archive?latitude=12.8698&longitude=74.8431
2024-08-24T01:00,12.8698,74.8431,Mangalore,0.2,0.500000000000001,3.6,89,25.1,14.5,1005.7,Open-Meteo_ERA5_Historical,https://archive-api.open-meteo.com/v1/archive?latitude=12.8698&longitude=74.8431
2024-08-24T02:00,12.8698,74.8431,Mangalore,0.5,0.900000000000001,3.9000000000000004,89,25.0,15.2,1004.9,Open-Meteo_ERA5_Historical,https://archive-api.open-meteo.com/v1/archive?latitude=12.8698&longitude=74.8431
2024-08-24T03:00,12.8698,74.8431,Mangalore,0.4,1.100000000000001,4.2,92,24.8,13.6,1004.9,Open-Meteo_ERA5_Historical,https://archive-api.open-meteo.com/v1/archive?latitude=12.8698&longitude=74.8431
2024-08-24T04:00,12.8698,74.8431,Mangalore,0.8,1.700000000000001,4.9,94,24.4,14.5,1005.0,Open-Meteo_ERA5_Historical,https://archive-api.open-meteo.com/v1/archive?latitude=12.8698&longitude=74.8431
2024-08-24T05:00,12.8698,74.8431,Mangalore,0.5,1.700000000000001,5.3,93,24.4,11.3,1005.3,Open-Meteo_ERA5_Historical,https://archive-api.open-meteo.com/v1/archive?latitude=12.8698&longitude=74.8431
2024-08-24T06:00,12.8698,74.8431,Mangalore,1.7,3.000000000000001,6.5,92,25.0,13.8,1005.8,Open-Meteo_ERA5_Historical,https://archive-api.open-meteo.com/v1/archive?latitude=12.8698&longitude=74.8431
2024-08-24T07:00,12.8698,74.8431,Mangalore,0.7,2.900000000000001,7.1000000000000005,94,24.8,12.4,1006.5,Open-Meteo_ERA5_Historical,https://archive-api.open-meteo.com/v1/archive?latitude=12.8698&longitude=74.8431
2024-08-24T08:00,12.8698,74.8431,Mangalore,0.5,2.900000000000001,7.5,89,25.4,15.4,1007.6,Open-Meteo_ERA5_Historical,https://archive-api.open-meteo.com/v1/archive?latitude=12.8698&longitude=74.8431
2024-08-24T09:00,12.8698,74.8431,Mangalore,0.2,1.400000000000001,7.500000000000001,88,26.0,13.6,1008.0,Open-Meteo_ERA5_Historical,https://archive-api.open-meteo.com/v1/archive?latitude=12.8698&longitude=74.8431
2024-08-24T10:00,12.8698,74.8431,Mangalore,1.7,2.4000000000000012,8.9,89,25.6,16.0,1007.9,Open-Meteo_ERA5_Historical,https://archive-api.open-meteo.com/v1/archive?latitude=12.8698&longitude=74.8431
2024-08-24T11:00,12.8698,74.8431,Mangalore,0.2,2.100000000000001,9.0,85,26.5,17.3,1007.6,Open-Meteo_ERA5_Historical,https://archive-api.open-meteo.com/v1/archive?latitude=12.8698&longitude=74.8431
2024-08-24T12:00,12.8698,74.8431,Mangalore,0.7,2.600000000000001,9.5,88,26.2,17.7,1007.3,Open-Meteo_ERA5_Historical,https://archive-api.open-meteo.com/v1/archive?latitude=12.8698&longitude=74.8431
2024-08-24T13:00,12.8698,74.8431,Mangalore,2.9,3.8000000000000007,12.2,89,25.1,17.5,1006.6,Open-Meteo_ERA5_Historical,https://archive-api.open-meteo.com/v1/archive?latitude=12.8698&longitude=74.8431
2024-08-24T14:00,12.8698,74.8431,Mangalore,0.6,4.200000000000001,12.7,88,25.6,15.9,1006.0,Open-Meteo_ERA5_Historical,https://archive-api.open-meteo.com/v1/archive?latitude=12.8698&longitude=74.8431
2024-08-24T15:00,12.8698,74.8431,Mangalore,1.0,4.500000000000001,13.399999999999999,89,25.0,14.2,1005.5,Open-Meteo_ERA5_Historical,https://archive-api.open-meteo.com/v1/archive?latitude=12.8698&longitude=74.8431
2024-08-24T16:00,12.8698,74.8431,Mangalore,2.5,4.100000000000001,15.6,91,24.9,13.4,1005.2,Open-Meteo_ERA5_Historical,https://archive-api.open-meteo.com/v1/archive?latitude=12.8698&longitude=74.8431
2024-08-24T17:00,12.8698,74.8431,Mangalore,0.5,4.000000000000002,16.1,88,25.1,15.3,1005.7,Open-Meteo_ERA5_Historical,https://archive-api.open-meteo.com/v1/archive?latitude=12.8698&longitude=74.8431
2024-08-24T18:00,12.8698,74.8431,Mangalore,0.1,3.1000000000000014,16.2,89,25.0,10.3,1005.8,Open-Meteo_ERA5_Historical,https://archive-api.open-meteo.com/v1/archive?latitude=12.8698&longitude=74.8431
2024-08-24T19:00,12.8698,74.8431,Mangalore,0.2,0.8000000000000014,16.4,92,24.6,5.5,1006.2,Open-Meteo_ERA5_Historical,https://archive-api.open-meteo.com/v1/archive?latitude=12.8698&longitude=74.8431
2024-08-24T20:00,12.8698,74.8431,Mangalore,0.2,0.5000000000000013,16.5,93,24.5,4.4,1006.8,Open-Meteo_ERA5_Historical,https://archive-api.open-meteo.com/v1/archive?latitude=12.8698&longitude=74.8431
2024-08-24T21:00,12.8698,74.8431,Mangalore,0.1,0.5000000000000013,16.5,95,24.2,4.4,1007.4,Open-Meteo_ERA5_Historical,https://archive-api.open-meteo.com/v1/archive?latitude=12.8698&longitude=74.8431
2024-08-24T22:00,12.8698,74.8431,Mangalore,0.3,0.6000000000000013,16.8,97,24.0,3.3,1008.0,Open-Meteo_ERA5_Historical,https://archive-api.open-meteo.com/v1/archive?latitude=12.8698&longitude=74.8431
2024-08-24T23:00,12.8698,74.8431,Mangalore,0.6,1.0000000000000013,17.3,94,24.5,4.6,1007.7,Open-Meteo_ERA5_Historical,https://archive-api.open-meteo.com/v1/archive?latitude=12.8698&longitude=74.8431
2024-08-25T00:00,12.8698,74.8431,Mangalore,0.3,1.2000000000000013,17.4,96,24.2,4.1,1006.8,Open-Meteo_ERA5_Historical,https://archive-api.open-meteo.com/v1/archive?latitude=12.8698&longitude=74.8431
2024-08-25T01:00,12.8698,74.8431,Mangalore,0.4,1.3000000000000014,17.6,94,24.3,3.6,1006.4,Open-Meteo_ERA5_Historical,https://archive-api.open-meteo.com/v1/archive?latitude=12.8698&longitude=74.8431
2024-08-25T02:00,12.8698,74.8431,Mangalore,0.8,1.5000000000000013,17.900000000000002,95,24.1,9.4,1005.9,Open-Meteo_ERA5_Historical,https://archive-api.open-meteo.com/v1/archive?latitude=12.8698&longitude=74.8431
2024-08-25T03:00,12.8698,74.8431,Mangalore,1.6,2.8000000000000016,19.099999999999998,94,23.9,2.9,1005.7,Open-Meteo_ERA5_Historical,https://archive-api.open-meteo.com/v1/archive?latitude=12.8698&longitude=74.8431
2024-08-25T04:00,12.8698,74.8431,Mangalore,0.2,2.6000000000000014,18.499999999999996,93,24.1,5.2,1005.5,Open-Meteo_ERA5_Historical,https://archive-api.open-meteo.com/v1/archive?latitude=12.8698&longitude=74.8431
2024-08-25T05:00,12.8698,74.8431,Mangalore,0.3,2.1000000000000014,18.299999999999997,95,24.0,8.0,1005.6,Open-Meteo_ERA5_Historical,https://archive-api.open-meteo.com/v1/archive?latitude=12.8698&longitude=74.8431
2024-08-25T06:00,12.8698,74.8431,Mangalore,0.1,0.6000000000000013,16.7,94,24.5,3.1,1005.9,Open-Meteo_ERA5_Historical,https://archive-api.open-meteo.com/v1/archive?latitude=12.8698&longitude=74.8431
2024-08-25T07:00,12.8698,74.8431,Mangalore,0.2,0.6000000000000013,16.2,93,24.8,7.2,1006.5,Open-Meteo_ERA5_Historical,https://archive-api.open-meteo.com/v1/archive?latitude=12.8698&longitude=74.8431
2024-08-25T08:00,12.8698,74.8431,Mangalore,0.1,0.40000000000000135,15.799999999999999,90,25.3,9.2,1006.9,Open-Meteo_ERA5_Historical,https://archive-api.open-meteo.com/v1/archive?latitude=12.8698&longitude=74.8431
2024-08-25T09:00,12.8698,74.8431,Mangalore,0.0,0.3000000000000014,15.6,88,25.9,10.3,1007.5,Open-Meteo_ERA5_Historical,https://archive-api.open-meteo.com/v1/archive?latitude=12.8698&longitude=74.8431
2024-08-25T10:00,12.8698,74.8431,Mangalore,0.1,0.20000000000000134,14.0,84,26.0,12.8,1007.4,Open-Meteo_ERA5_Historical,https://archive-api.open-meteo.com/v1/archive?latitude=12.8698&longitude=74.8431
2024-08-25T11:00,12.8698,74.8431,Mangalore,0.2,0.3000000000000014,14.0,86,26.2,11.2,1007.0,Open-Meteo_ERA5_Historical,https://archive-api.open-meteo.com/v1/archive?latitude=12.8698&longitude=74.8431
2024-08-25T12:00,12.8698,74.8431,Mangalore,0.1,0.40000000000000135,13.4,83,27.0,13.8,1006.4,Open-Meteo_ERA5_Historical,https://archive-api.open-meteo.com/v1/archive?latitude=12.8698&longitude=74.8431
2024-08-25T13:00,12.8698,74.8431,Mangalore,0.2,0.5000000000000013,10.700000000000001,83,26.8,15.0,1005.9,Open-Meteo_ERA5_Historical,https://archive-api.open-meteo.com/v1/archive?latitude=12.8698&longitude=74.8431
2024-08-25T14:00,12.8698,74.8431,Mangalore,0.1,0.40000000000000135,10.200000000000001,84,26.6,13.7,1005.3,Open-Meteo_ERA5_Historical,https://archive-api.open-meteo.com/v1/archive?latitude=12.8698&longitude=74.8431
2024-08-25T15:00,12.8698,74.8431,Mangalore,0.1,0.40000000000000135,9.3,84,26.4,14.2,1004.7,Open-Meteo_ERA5_Historical,https://archive-api.open-meteo.com/v1/archive?latitude=12.8698&longitude=74.8431
2024-08-25T16:00,12.8698,74.8431,Mangalore,0.0,0.20000000000000134,6.800000000000001,82,27.0,14.7,1004.4,Open-Meteo_ERA5_Historical,https://archive-api.open-meteo.com/v1/archive?latitude=12.8698&longitude=74.8431
2024-08-25T17:00,12.8698,74.8431,Mangalore,0.4,0.5000000000000013,6.700000000000001,85,26.4,14.0,1004.5,Open-Meteo_ERA5_Historical,https://archive-api.open-meteo.com/v1/archive?latitude=12.8698&longitude=74.8431
2024-08-25T18:00,12.8698,74.8431,Mangalore,0.3,0.7000000000000013,6.9,88,25.6,13.3,1004.6,Open-Meteo_ERA5_Historical,https://archive-api.open-meteo.com/v1/archive?latitude=12.8698&longitude=74.8431
2024-08-25T19:00,12.8698,74.8431,Mangalore,0.1,0.8000000000000014,6.8,87,25.5,13.5,1005.1,Open-Meteo_ERA5_Historical,https://archive-api.open-meteo.com/v1/archive?latitude=12.8698&longitude=74.8431
2024-08-25T20:00,12.8698,74.8431,Mangalore,0.0,0.40000000000000135,6.6,91,24.9,9.5,1005.5,Open-Meteo_ERA5_Historical,https://archive-api.open-meteo.com/v1/archive?latitude=12.8698&longitude=74.8431
2024-08-25T21:00,12.8698,74.8431,Mangalore,0.6,0.7000000000000013,7.1,94,24.4,8.2,1006.2,Open-Meteo_ERA5_Historical,https://archive-api.open-meteo.com/v1/archive?latitude=12.8698&longitude=74.8431
2024-08-25T22:00,12.8698,74.8431,Mangalore,0.1,0.7000000000000014,6.9,92,24.9,7.0,1006.4,Open-Meteo_ERA5_Historical,https://archive-api.open-meteo.com/v1/archive?latitude=12.8698&longitude=74.8431
2024-08-25T23:00,12.8698,74.8431,Mangalore,0.3,1.0000000000000013,6.6000000000000005,93,24.7,7.1,1005.9,Open-Meteo_ERA5_Historical,https://archive-api.open-meteo.com/v1/archive?latitude=12.8698&longitude=74.8431
2024-08-26T00:00,12.8698,74.8431,Mangalore,0.4,0.8000000000000015,6.7,93,24.5,11.7,1005.4,Open-Meteo_ERA5_Historical,https://archive-api.open-meteo.com/v1/archive?latitude=12.8698&longitude=74.8431
2024-08-26T01:00,12.8698,74.8431,Mangalore,0.5,1.2000000000000015,6.800000000000001,92,24.5,9.2,1005.2,Open-Meteo_ERA5_Historical,https://archive-api.open-meteo.com/v1/archive?latitude=12.8698&longitude=74.8431
2024-08-26T02:00,12.8698,74.8431,Mangalore,0.3,1.2000000000000015,6.3,92,24.4,14.1,1004.9,Open-Meteo_ERA5_Historical,https://archive-api.open-meteo.com/v1/archive?latitude=12.8698&longitude=74.8431
2024-08-26T03:00,12.8698,74.8431,Mangalore,0.6,1.4000000000000012,5.3,92,24.1,14.7,1004.7,Open-Meteo_ERA5_Historical,https://archive-api.open-meteo.com/v1/archive?latitude=12.8698&longitude=74.8431
2024-08-26T04:00,12.8698,74.8431,Mangalore,0.4,1.3000000000000014,5.5,92,24.2,13.6,1004.5,Open-Meteo_ERA5_Historical,https://archive-api.open-meteo.com/v1/archive?latitude=12.8698&longitude=74.8431
2024-08-26T05:00,12.8698,74.8431,Mangalore,0.2,1.2000000000000013,5.4,93,24.5,11.5,1004.5,Open-Meteo_ERA5_Historical,https://archive-api.open-meteo.com/v1/archive?latitude=12.8698&longitude=74.8431
2024-08-26T06:00,12.8698,74.8431,Mangalore,1.0,1.6000000000000014,6.300000000000001,92,24.6,7.2,1004.8,Open-Meteo_ERA5_Historical,https://archive-api.open-meteo.com/v1/archive?latitude=12.8698&longitude=74.8431
2024-08-26T07:00,12.8698,74.8431,Mangalore,1.6,2.8000000000000016,7.7,94,24.2,13.3,1005.2,Open-Meteo_ERA5_Historical,https://archive-api.open-meteo.com/v1/archive?latitude=12.8698&longitude=74.8431
2024-08-26T08:00,12.8698,74.8431,Mangalore,1.6,4.200000000000001,9.2,90,25.0,13.8,1006.1,Open-Meteo_ERA5_Historical,https://archive-api.open-meteo.com/v1/archive?latitude=12.8698&longitude=74.8431
2024-08-26T09:00,12.8698,74.8431,Mangalore,2.0,5.200000000000001,11.2,89,25.2,11.1,1006.4,Open-Meteo_ERA5_Historical,https://archive-api.open-meteo.com/v1/archive?latitude=12.8698&longitude=74.8431
2024-08-26T10:00,12.8698,74.8431,Mangalore,0.5,4.100000000000001,11.600000000000001,85,26.5,11.8,1006.6,Open-Meteo_ERA5_Historical,https://archive-api.open-meteo.com/v1/archive?latitude=12.8698&longitude=74.8431
2024-08-26T11:00,12.8698,74.8431,Mangalore,0.2,2.7000000000000015,11.600000000000001,87,26.5,14.8,1006.1,Open-Meteo_ERA5_Historical,https://archive-api.open-meteo.com/v1/archive?latitude=12.8698&longitude=74.8431
2024-08-26T12:00,12.8698,74.8431,Mangalore,0.1,0.8000000000000014,11.6,81,27.3,14.5,1005.6,Open-Meteo_ERA5_Historical,https://archive-api.open-meteo.com/v1/archive?latitude=12.8698&longitude=74.8431
2024-08-26T13:00,12.8698,74.8431,Mangalore,0.1,0.40000000000000135,11.5,81,27.6,16.6,1004.6,Open-Meteo_ERA5_Historical,https://archive-api.open-meteo.com/v1/archive?latitude=12.8698&longitude=74.8431
2024-08-26T14:00,12.8698,74.8431,Mangalore,0.6,0.8000000000000014,12.0,83,26.7,18.0,1004.0,Open-Meteo_ERA5_Historical,https://archive-api.open-meteo.com/v1/archive?latitude=12.8698&longitude=74.8431
2024-08-26T15:00,12.8698,74.8431,Mangalore,0.3,1.0000000000000013,12.200000000000001,82,27.0,16.3,1003.5,Open-Meteo_ERA5_Historical,https://archive-api.open-meteo.com/v1/archive?latitude=12.8698&longitude=74.8431
2024-08-26T16:00,12.8698,74.8431,Mangalore,0.2,1.1000000000000012,12.400000000000002,85,26.0,17.7,1003.3,Open-Meteo_ERA5_Historical,https://archive-api.open-meteo.com/v1/archive?latitude=12.8698&longitude=74.8431
2024-08-26T17:00,12.8698,74.8431,Mangalore,0.3,0.8000000000000014,12.3,86,25.9,13.4,1003.4,Open-Meteo_ERA5_Historical,https://archive-api.open-meteo.com/v1/archive?latitude=12.8698&longitude=74.8431
2024-08-26T18:00,12.8698,74.8431,Mangalore,1.3,1.8000000000000014,13.3,93,24.3,12.8,1003.7,Open-Meteo_ERA5_Historical,https://archive-api.open-meteo.com/v1/archive?latitude=12.8698&longitude=74.8431
2024-08-26T19:00,12.8698,74.8431,Mangalore,0.3,1.9000000000000015,13.5,93,24.4,4.5,1004.6,Open-Meteo_ERA5_Historical,https://archive-api.open-meteo.com/v1/archive?latitude=12.8698&longitude=74.8431
2024-08-26T20:00,12.8698,74.8431,Mangalore,0.9,2.5000000000000013,14.4,94,24.3,6.7,1005.5,Open-Meteo_ERA5_Historical,https://archive-api.open-meteo.com/v1/archive?latitude=12.8698&longitude=74.8431
2024-08-26T21:00,12.8698,74.8431,Mangalore,0.7,1.9000000000000012,14.5,94,24.4,7.1,1006.4,Open-Meteo_ERA5_Historical,https://archive-api.open-meteo.com/v1/archive?latitude=12.8698&longitude=74.8431
2024-08-26T22:00,12.8698,74.8431,Mangalore,1.7,3.300000000000001,16.1,96,23.9,6.3,1006.8,Open-Meteo_ERA5_Historical,https://archive-api.open-meteo.com/v1/archive?latitude=12.8698&longitude=74.8431
2024-08-26T23:00,12.8698,74.8431,Mangalore,8.5,10.900000000000002,24.3,98,23.5,4.8,1006.6,Open-Meteo_ERA5_Historical,https://archive-api.open-meteo.com/v1/archive?latitude=12.8698&longitude=74.8431
2024-08-27T00:00,12.8698,74.8431,Mangalore,2.9,13.100000000000003,26.8,94,23.7,1.8,1005.7,Open-Meteo_ERA5_Historical,https://archive-api.open-meteo.com/v1/archive?latitude=12.8698&longitude=74.8431
2024-08-27T01:00,12.8698,74.8431,Mangalore,2.2,13.600000000000001,28.500000000000004,96,23.5,1.9,1005.3,Open-Meteo_ERA5_Historical,https://archive-api.open-meteo.com/v1/archive?latitude=12.8698&longitude=74.8431
2024-08-27T02:00,12.8698,74.8431,Mangalore,1.3,6.400000000000002,29.5,96,23.5,4.2,1004.9,Open-Meteo_ERA5_Historical,https://archive-api.open-meteo.com/v1/archive?latitude=12.8698&longitude=74.8431
2024-08-27T03:00,12.8698,74.8431,Mangalore,1.6,5.100000000000002,30.5,98,23.5,10.6,1004.6,Open-Meteo_ERA5_Historical,https://archive-api.open-meteo.com/v1/archive?latitude=12.8698&longitude=74.8431
2024-08-27T04:00,12.8698,74.8431,Mangalore,5.5,8.400000000000002,35.6,97,23.0,3.2,1004.7,Open-Meteo_ERA5_Historical,https://archive-api.open-meteo.com/v1/archive?latitude=12.8698&longitude=74.8431
2024-08-27T05:00,12.8698,74.8431,Mangalore,1.8,8.900000000000002,37.199999999999996,96,23.1,10.0,1004.9,Open-Meteo_ERA5_Historical,https://archive-api.open-meteo.com/v1/archive?latitude=12.8698&longitude=74.8431
2024-08-27T06:00,12.8698,74.8431,Mangalore,0.8,8.100000000000001,37.0,96,24.0,6.1,1005.1,Open-Meteo_ERA5_Historical,https://archive-api.open-meteo.com/v1/archive?latitude=12.8698&longitude=74.8431
2024-08-27T07:00,12.8698,74.8431,Mangalore,0.9,3.5000000000000018,36.3,94,24.5,7.9,1005.6,Open-Meteo_ERA5_Historical,https://archive-api.open-meteo.com/v1/archive?latitude=12.8698&longitude=74.8431
2024-08-27T08:00,12.8698,74.8431,Mangalore,0.2,1.900000000000002,34.900000000000006,91,25.1,5.2,1006.4,Open-Meteo_ERA5_Historical,https://archive-api.open-meteo.com/v1/archive?latitude=12.8698&longitude=74.8431
2024-08-27T09:00,12.8698,74.8431,Mangalore,0.5,1.6000000000000019,33.400000000000006,91,25.2,7.9,1006.8,Open-Meteo_ERA5_Historical,https://archive-api.open-meteo.com/v1/archive?latitude=12.8698&longitude=74.8431
2024-08-27T10:00,12.8698,74.8431,Mangalore,0.3,1.0000000000000018,33.2,89,25.7,9.5,1007.2,Open-Meteo_ERA5_Historical,https://archive-api.open-meteo.com/v1/archive?latitude=12.8698&longitude=74.8431
2024-08-27T11:00,12.8698,74.8431,Mangalore,1.0,1.8000000000000018,34.0,91,25.5,9.2,1007.0,Open-Meteo_ERA5_Historical,https://archive-api.open-meteo.com/v1/archive?latitude=12.8698&longitude=74.8431
2024-08-27T12:00,12.8698,74.8431,Mangalore,0.6,1.9000000000000017,34.5,88,26.2,13.1,1006.4,Open-Meteo_ERA5_Historical,https://archive-api.open-meteo.com/v1/archive?latitude=12.8698&longitude=74.8431
2024-08-27T13:00,12.8698,74.8431,Mangalore,0.2,1.8000000000000018,34.599999999999994,86,26.0,15.6,1005.8,Open-Meteo_ERA5_Historical,https://archive-api.open-meteo.com/v1/archive?latitude=12.8698&longitude=74.8431
2024-08-27T14:00,12.8698,74.8431,Mangalore,0.1,0.9000000000000018,34.1,84,26.5,12.5,1005.1,Open-Meteo_ERA5_Historical,https://archive-api.open-meteo.com/v1/archive?latitude=12.8698&longitude=74.8431
2024-08-27T15:00,12.8698,74.8431,Mangalore,0.2,0.5000000000000018,34.0,83,26.6,15.1,1004.4,Open-Meteo_ERA5_Historical,https://archive-api.open-meteo.com/v1/archive?latitude=12.8698&longitude=74.8431
2024-08-27T16:00,12.8698,74.8431,Mangalore,0.1,0.4000000000000018,33.900000000000006,83,26.4,15.8,1004.3,Open-Meteo_ERA5_Historical,https://archive-api.open-meteo.com/v1/archive?latitude=12.8698&longitude=74.8431
2024-08-27T17:00,12.8698,74.8431,Mangalore,0.1,0.4000000000000018,33.699999999999996,86,25.7,11.4,1004.6,Open-Meteo_ERA5_Historical,https://archive-api.open-meteo.com/v1/archive?latitude=12.8698&longitude=74.8431
2024-08-27T18:00,12.8698,74.8431,Mangalore,0.1,0.30000000000000004,32.5,89,25.5,5.8,1005.1,Open-Meteo_ERA5_Historical,https://archive-api.open-meteo.com/v1/archive?latitude=12.8698&longitude=74.8431
2024-08-27T19:00,12.8698,74.8431,Mangalore,0.1,0.30000000000000004,32.3,92,25.0,4.0,1006.0,Open-Meteo_ERA5_Historical,https://archive-api.open-meteo.com/v1/archive?latitude=12.8698&longitude=74.8431
2024-08-27T20:00,12.8698,74.8431,Mangalore,0.1,0.30000000000000004,31.5,93,24.8,4.3,1006.6,Open-Meteo_ERA5_Historical,https://archive-api.open-meteo.com/v1/archive?latitude=12.8698&longitude=74.8431
2024-08-27T21:00,12.8698,74.8431,Mangalore,0.4,0.6000000000000019,31.2,95,24.8,2.3,1007.7,Open-Meteo_ERA5_Historical,https://archive-api.open-meteo.com/v1/archive?latitude=12.8698&longitude=74.8431
2024-08-27T22:00,12.8698,74.8431,Mangalore,0.2,0.700000000000002,29.7,95,24.6,3.9,1008.2,Open-Meteo_ERA5_Historical,https://archive-api.open-meteo.com/v1/archive?latitude=12.8698&longitude=74.8431
2024-08-27T23:00,12.8698,74.8431,Mangalore,0.2,0.8000000000000018,21.4,94,24.5,4.8,1008.0,Open-Meteo_ERA5_Historical,https://archive-api.open-meteo.com/v1/archive?latitude=12.8698&longitude=74.8431
2024-08-28T00:00,12.8698,74.8431,Mangalore,0.1,0.5000000000000019,18.6,96,24.1,5.4,1007.1,Open-Meteo_ERA5_Historical,https://archive-api.open-meteo.com/v1/archive?latitude=12.8698&longitude=74.8431
2024-08-28T01:00,12.8698,74.8431,Mangalore,0.1,0.40000000000000185,16.5,96,24.0,7.5,1006.3,Open-Meteo_ERA5_Historical,https://archive-api.open-meteo.com/v1/archive?latitude=12.8698&longitude=74.8431
2024-08-28T02:00,12.8698,74.8431,Mangalore,0.0,0.20000000000000184,15.2,96,24.1,9.2,1005.5,Open-Meteo_ERA5_Historical,https://archive-api.open-meteo.com/v1/archive?latitude=12.8698&longitude=74.8431
2024-08-28T03:00,12.8698,74.8431,Mangalore,0.3,0.4000000000000018,13.9,94,24.0,8.2,1005.4,Open-Meteo_ERA5_Historical,https://archive-api.open-meteo.com/v1/archive?latitude=12.8698&longitude=74.8431
2024-08-28T04:00,12.8698,74.8431,Mangalore,0.5,0.8000000000000018,8.9,94,24.1,13.8,1005.4,Open-Meteo_ERA5_Historical,https://archive-api.open-meteo.com/v1/archive?latitude=12.8698&longitude=74.8431
2024-08-28T05:00,12.8698,74.8431,Mangalore,1.7,2.5000000000000018,8.8,95,23.4,11.8,1005.9,Open-Meteo_ERA5_Historical,https://archive-api.open-meteo.com/v1/archive?latitude=12.8698&longitude=74.8431
2024-08-28T06:00,12.8698,74.8431,Mangalore,0.1,2.300000000000002,8.1,92,24.8,8.2,1005.9,Open-Meteo_ERA5_Historical,https://archive-api.open-meteo.com/v1/archive?latitude=12.8698&longitude=74.8431
2024-08-28T07:00,12.8698,74.8431,Mangalore,0.5,2.3000000000000016,7.7,93,24.8,13.0,1006.5,Open-Meteo_ERA5_Historical,https://archive-api.open-meteo.com/v1/archive?latitude=12.8698&longitude=74.8431
2024-08-28T08:00,12.8698,74.8431,Mangalore,2.2,2.8000000000000016,9.7,92,24.5,12.3,1007.0,Open-Meteo_ERA5_Historical,https://archive-api.open-meteo.com/v1/archive?latitude=12.8698&longitude=74.8431
2024-08-28T09:00,12.8698,74.8431,Mangalore,0.3,3.0000000000000013,9.5,87,26.1,10.5,1007.3,Open-Meteo_ERA5_Historical,https://archive-api.open-meteo.com/v1/archive?latitude=12.8698&longitude=74.8431
2024-08-28T10:00,12.8698,74.8431,Mangalore,1.1,3.6000000000000014,10.299999999999999,83,26.2,13.8,1007.3,Open-Meteo_ERA5_Historical,https://archive-api.open-meteo.com/v1/archive?latitude=12.8698&longitude=74.8431
2024-08-28T11:00,12.8698,74.8431,Mangalore,0.5,1.9000000000000015,9.799999999999999,86,26.9,9.2,1006.7,Open-Meteo_ERA5_Historical,https://archive-api.open-meteo.com/v1/archive?latitude=12.8698&longitude=74.8431
2024-08-28T12:00,12.8698,74.8431,Mangalore,1.4,3.0000000000000013,10.6,95,24.6,15.7,1006.5,Open-Meteo_ERA5_Historical,https://archive-api.open-meteo.com/v1/archive?latitude=12.8698&longitude=74.8431
2024-08-28T13:00,12.8698,74.8431,Mangalore,1.2,3.1000000000000014,11.600000000000001,84,26.2,10.5,1005.5,Open-Meteo_ERA5_Historical,https://archive-api.open-meteo.com/v1/archive?latitude=12.8698&longitude=74.8431
2024-08-28T14:00,12.8698,74.8431,Mangalore,2.1,4.700000000000001,13.600000000000001,91,24.8,9.3,1005.0,Open-Meteo_ERA5_Historical,https://archive-api.open-meteo.com/v1/archive?latitude=12.8698&longitude=74.8431
2024-08-28T15:00,12.8698,74.8431,Mangalore,0.3,3.600000000000001,13.7,89,25.5,5.4,1004.4,Open-Meteo_ERA5_Historical,https://archive-api.open-meteo.com/v1/archive?latitude=12.8698&longitude=74.8431
2024-08-28T16:00,12.8698,74.8431,Mangalore,0.4,2.8000000000000016,14.0,86,26.0,9.0,1004.1,Open-Meteo_ERA5_Historical,https://archive-api.open-meteo.com/v1/archive?latitude=12.8698&longitude=74.8431
2024-08-28T17:00,12.8698,74.8431,Mangalore,2.4,3.100000000000001,16.3,90,24.8,12.6,1004.6,Open-Meteo_ERA5_Historical,https://archive-api.open-meteo.com/v1/archive?latitude=12.8698&longitude=74.8431
2024-08-28T18:00,12.8698,74.8431,Mangalore,2.1,4.900000000000001,18.3,94,24.4,11.4,1005.2,Open-Meteo_ERA5_Historical,https://archive-api.open-meteo.com/v1/archive?latitude=12.8698&longitude=74.8431
2024-08-28T19:00,12.8698,74.8431,Mangalore,3.2,7.700000000000001,21.400000000000002,96,24.1,6.9,1005.9,Open-Meteo_ERA5_Historical,https://archive-api.open-meteo.com/v1/archive?latitude=12.8698&longitude=74.8431
2024-08-28T20:00,12.8698,74.8431,Mangalore,0.4,5.700000000000001,21.7,97,23.9,5.1,1006.2,Open-Meteo_ERA5_Historical,https://archive-api.open-meteo.com/v1/archive?latitude=12.8698&longitude=74.8431
2024-08-28T21:00,12.8698,74.8431,Mangalore,0.8,4.400000000000001,22.1,97,24.0,4.0,1007.0,Open-Meteo_ERA5_Historical,https://archive-api.open-meteo.com/v1/archive?latitude=12.8698&longitude=74.8431
2024-08-28T22:00,12.8698,74.8431,Mangalore,7.2,8.400000000000002,29.099999999999998,97,23.9,5.6,1007.3,Open-Meteo_ERA5_Historical,https://archive-api.open-meteo.com/v1/archive?latitude=12.8698&longitude=74.8431
2024-08-28T23:00,12.8698,74.8431,Mangalore,0.9,8.9,29.8,97,23.5,5.0,1006.9,Open-Meteo_ERA5_Historical,https://archive-api.open-meteo.com/v1/archive?latitude=12.8698&longitude=74.8431
2024-08-29T00:00,12.8698,74.8431,Mangalore,1.4,9.500000000000002,31.1,96,23.2,2.3,1006.0,Open-Meteo_ERA5_Historical,https://archive-api.open-meteo.com/v1/archive?latitude=12.8698&longitude=74.8431
2024-08-29T01:00,12.8698,74.8431,Mangalore,1.1,3.400000000000001,32.1,95,23.4,1.5,1005.1,Open-Meteo_ERA5_Historical,https://archive-api.open-meteo.com/v1/archive?latitude=12.8698&longitude=74.8431
2024-08-29T02:00,12.8698,74.8431,Mangalore,1.1,3.600000000000001,33.2,96,23.6,2.9,1004.2,Open-Meteo_ERA5_Historical,https://archive-api.open-meteo.com/v1/archive?latitude=12.8698&longitude=74.8431
2024-08-29T03:00,12.8698,74.8431,Mangalore,1.2,3.4000000000000012,34.1,98,23.3,5.2,1003.9,Open-Meteo_ERA5_Historical,https://archive-api.open-meteo.com/v1/archive?latitude=12.8698&longitude=74.8431
2024-08-29T04:00,12.8698,74.8431,Mangalore,4.6,6.9,38.2,96,23.6,6.1,1003.9,Open-Meteo_ERA5_Historical,https://archive-api.open-meteo.com/v1/archive?latitude=12.8698&longitude=74.8431
2024-08-29T05:00,12.8698,74.8431,Mangalore,3.7,9.5,40.2,97,23.5,4.7,1004.3,Open-Meteo_ERA5_Historical,https://archive-api.open-meteo.com/v1/archive?latitude=12.8698&longitude=74.8431
2024-08-29T06:00,12.8698,74.8431,Mangalore,0.4,8.7,40.5,97,23.4,4.3,1004.4,Open-Meteo_ERA5_Historical,https://archive-api.open-meteo.com/v1/archive?latitude=12.8698&longitude=74.8431
2024-08-29T07:00,12.8698,74.8431,Mangalore,1.6,5.700000000000001,41.6,96,23.8,2.9,1005.0,Open-Meteo_ERA5_Historical,https://archive-api.open-meteo.com/v1/archive?latitude=12.8698&longitude=74.8431
2024-08-29T08:00,12.8698,74.8431,Mangalore,1.8,3.8000000000000007,41.2,94,24.5,7.9,1005.6,Open-Meteo_ERA5_Historical,https://archive-api.open-meteo.com/v1/archive?latitude=12.8698&longitude=74.8431
2024-08-29T09:00,12.8698,74.8431,Mangalore,1.1,4.500000000000001,42.0,93,24.5,9.3,1005.9,Open-Meteo_ERA5_Historical,https://archive-api.open-meteo.com/v1/archive?latitude=12.8698&longitude=74.8431
2024-08-29T10:00,12.8698,74.8431,Mangalore,4.1,7.0,45.0,97,24.1,2.7,1006.1,Open-Meteo_ERA5_Historical,https://archive-api.open-meteo.com/v1/archive?latitude=12.8698&longitude=74.8431
2024-08-29T11:00,12.8698,74.8431,Mangalore,1.7,6.9,46.199999999999996,94,24.6,5.9,1005.8,Open-Meteo_ERA5_Historical,https://archive-api.open-meteo.com/v1/archive?latitude=12.8698&longitude=74.8431
2024-08-29T12:00,12.8698,74.8431,Mangalore,0.3,6.1,45.1,87,26.4,11.5,1004.8,Open-Meteo_ERA5_Historical,https://archive-api.open-meteo.com/v1/archive?latitude=12.8698&longitude=74.8431
2024-08-29T13:00,12.8698,74.8431,Mangalore,0.3,2.3,44.2,88,25.9,11.9,1003.9,Open-Meteo_ERA5_Historical,https://archive-api.open-meteo.com/v1/archive?latitude=12.8698&longitude=74.8431
2024-08-29T14:00,12.8698,74.8431,Mangalore,0.4,1.0,42.5,86,25.9,15.0,1003.1,Open-Meteo_ERA5_Historical,https://archive-api.open-meteo.com/v1/archive?latitude=12.8698&longitude=74.8431
2024-08-29T15:00,12.8698,74.8431,Mangalore,0.6,1.2999999999999998,42.8,87,25.5,13.4,1002.8,Open-Meteo_ERA5_Historical,https://archive-api.open-meteo.com/v1/archive?latitude=12.8698&longitude=74.8431
2024-08-29T16:00,12.8698,74.8431,Mangalore,0.3,1.3,42.699999999999996,88,25.4,8.8,1002.4,Open-Meteo_ERA5_Historical,https://archive-api.open-meteo.com/v1/archive?latitude=12.8698&longitude=74.8431
2024-08-29T17:00,12.8698,74.8431,Mangalore,3.3,4.2,43.6,93,24.1,8.1,1002.8,Open-Meteo_ERA5_Historical,https://archive-api.open-meteo.com/v1/archive?latitude=12.8698&longitude=74.8431
2024-08-29T18:00,12.8698,74.8431,Mangalore,0.1,3.6999999999999997,41.6,90,25.6,3.1,1002.9,Open-Meteo_ERA5_Historical,https://archive-api.open-meteo.com/v1/archive?latitude=12.8698&longitude=74.8431
2024-08-29T19:00,12.8698,74.8431,Mangalore,0.7,4.1,39.1,93,25.0,6.4,1003.7,Open-Meteo_ERA5_Historical,https://archive-api.open-meteo.com/v1/archive?latitude=12.8698&longitude=74.8431
2024-08-29T20:00,12.8698,74.8431,Mangalore,1.0,1.7999999999999998,39.699999999999996,97,24.1,4.4,1004.6,Open-Meteo_ERA5_Historical,https://archive-api.open-meteo.com/v1/archive?latitude=12.8698&longitude=74.8431
2024-08-29T21:00,12.8698,74.8431,Mangalore,0.1,1.7999999999999998,39.0,97,24.0,5.1,1005.3,Open-Meteo_ERA5_Historical,https://archive-api.open-meteo.com/v1/archive?latitude=12.8698&longitude=74.8431
2024-08-29T22:00,12.8698,74.8431,Mangalore,0.2,1.3,32.0,97,24.1,3.3,1005.3,Open-Meteo_ERA5_Historical,https://archive-api.open-meteo.com/v1/archive?latitude=12.8698&longitude=74.8431
2024-08-29T23:00,12.8698,74.8431,Mangalore,0.0,0.30000000000000004,31.099999999999998,97,23.8,5.9,1004.9,Open-Meteo_ERA5_Historical,https://archive-api.open-meteo.com/v1/archive?latitude=12.8698&longitude=74.8431
2024-08-30T00:00,12.8698,74.8431,Mangalore,0.3,0.5,30.0,97,23.8,6.0,1004.5,Open-Meteo_ERA5_Historical,https://archive-api.open-meteo.com/v1/archive?latitude=12.8698&longitude=74.8431
2024-08-30T01:00,12.8698,74.8431,Mangalore,0.6,0.8999999999999999,29.5,97,23.9,5.7,1003.4,Open-Meteo_ERA5_Historical,https://archive-api.open-meteo.com/v1/archive?latitude=12.8698&longitude=74.8431
2024-08-30T02:00,12.8698,74.8431,Mangalore,0.6,1.5,29.0,97,23.8,8.7,1003.0,Open-Meteo_ERA5_Historical,https://archive-api.open-meteo.com/v1/archive?latitude=12.8698&longitude=74.8431
2024-08-30T03:00,12.8698,74.8431,Mangalore,1.4,2.5999999999999996,29.200000000000003,96,24.1,8.0,1002.7,Open-Meteo_ERA5_Historical,https://archive-api.open-meteo.com/v1/archive?latitude=12.8698&longitude=74.8431
2024-08-30T04:00,12.8698,74.8431,Mangalore,0.9,2.9,25.5,96,24.0,8.0,1003.1,Open-Meteo_ERA5_Historical,https://archive-api.open-meteo.com/v1/archive?latitude=12.8698&longitude=74.8431
2024-08-30T05:00,12.8698,74.8431,Mangalore,0.7,3.0,22.5,96,24.0,7.6,1003.4,Open-Meteo_ERA5_Historical,https://archive-api.open-meteo.com/v1/archive?latitude=12.8698&longitude=74.8431
2024-08-30T06:00,12.8698,74.8431,Mangalore,1.1,2.7,23.2,96,24.1,10.0,1003.3,Open-Meteo_ERA5_Historical,https://archive-api.open-meteo.com/v1/archive?latitude=12.8698&longitude=74.8431
2024-08-30T07:00,12.8698,74.8431,Mangalore,1.1,2.9000000000000004,22.7,95,24.5,4.1,1004.3,Open-Meteo_ERA5_Historical,https://archive-api.open-meteo.com/v1/archive?latitude=12.8698&longitude=74.8431
2024-08-30T08:00,12.8698,74.8431,Mangalore,0.7,2.9000000000000004,21.6,93,24.6,4.8,1005.3,Open-Meteo_ERA5_Historical,https://archive-api.open-meteo.com/v1/archive?latitude=12.8698&longitude=74.8431
2024-08-30T09:00,12.8698,74.8431,Mangalore,0.4,2.2,20.9,89,25.4,2.0,1005.7,Open-Meteo_ERA5_Historical,https://archive-api.open-meteo.com/v1/archive?latitude=12.8698&longitude=74.8431
2024-08-30T10:00,12.8698,74.8431,Mangalore,0.5,1.6,17.3,87,26.1,7.9,1005.7,Open-Meteo_ERA5_Historical,https://archive-api.open-meteo.com/v1/archive?latitude=12.8698&longitude=74.8431
2024-08-30T11:00,12.8698,74.8431,Mangalore,1.1,2.0,16.7,88,26.0,8.7,1005.7,Open-Meteo_ERA5_Historical,https://archive-api.open-meteo.com/v1/archive?latitude=12.8698&longitude=74.8431
2024-08-30T12:00,12.8698,74.8431,Mangalore,0.4,2.0000000000000004,16.8,91,25.2,6.2,1004.9,Open-Meteo_ERA5_Historical,https://archive-api.open-meteo.com/v1/archive?latitude=12.8698&longitude=74.8431
2024-08-30T13:00,12.8698,74.8431,Mangalore,0.8,2.3000000000000003,17.299999999999997,92,24.9,3.3,1004.0,Open-Meteo_ERA5_Historical,https://archive-api.open-meteo.com/v1/archive?latitude=12.8698&longitude=74.8431
2024-08-30T14:00,12.8698,74.8431,Mangalore,0.3,1.5000000000000002,17.2,89,25.6,5.2,1003.2,Open-Meteo_ERA5_Historical,https://archive-api.open-meteo.com/v1/archive?latitude=12.8698&longitude=74.8431
2024-08-30T15:00,12.8698,74.8431,Mangalore,0.3,1.4000000000000001,16.9,87,25.6,11.7,1003.0,Open-Meteo_ERA5_Historical,https://archive-api.open-meteo.com/v1/archive?latitude=12.8698&longitude=74.8431
2024-08-30T16:00,12.8698,74.8431,Mangalore,1.6,2.2,18.200000000000003,90,24.9,9.4,1002.7,Open-Meteo_ERA5_Historical,https://archive-api.open-meteo.com/v1/archive?latitude=12.8698&longitude=74.8431
2024-08-30T17:00,12.8698,74.8431,Mangalore,0.7,2.6,15.600000000000001,93,24.4,6.5,1003.4,Open-Meteo_ERA5_Historical,https://archive-api.open-meteo.com/v1/archive?latitude=12.8698&longitude=74.8431
2024-08-30T18:00,12.8698,74.8431,Mangalore,0.5,2.8000000000000003,16.0,94,24.1,9.8,1003.9,Open-Meteo_ERA5_Historical,https://archive-api.open-meteo.com/v1/archive?latitude=12.8698&longitude=74.8431
2024-08-30T19:00,12.8698,74.8431,Mangalore,0.8,2.0,16.1,95,24.0,4.7,1004.7,Open-Meteo_ERA5_Historical,https://archive-api.open-meteo.com/v1/archive?latitude=12.8698&longitude=74.8431
2024-08-30T20:00,12.8698,74.8431,Mangalore,3.4,4.7,18.5,97,23.3,5.4,1005.8,Open-Meteo_ERA5_Historical,https://archive-api.open-meteo.com/v1/archive?latitude=12.8698&longitude=74.8431
2024-08-30T21:00,12.8698,74.8431,Mangalore,0.3,4.5,18.7,95,23.6,0.4,1006.3,Open-Meteo_ERA5_Historical,https://archive-api.open-meteo.com/v1/archive?latitude=12.8698&longitude=74.8431
2024-08-30T22:00,12.8698,74.8431,Mangalore,0.8,4.5,19.3,95,23.4,2.6,1006.3,Open-Meteo_ERA5_Historical,https://archive-api.open-meteo.com/v1/archive?latitude=12.8698&longitude=74.8431
2024-08-30T23:00,12.8698,74.8431,Mangalore,0.4,1.5,19.7,97,23.1,3.6,1005.9,Open-Meteo_ERA5_Historical,https://archive-api.open-meteo.com/v1/archive?latitude=12.8698&longitude=74.8431
2024-08-31T00:00,12.8698,74.8431,Mangalore,0.2,1.4000000000000001,19.599999999999998,97,23.4,0.7,1005.3,Open-Meteo_ERA5_Historical,https://archive-api.open-meteo.com/v1/archive?latitude=12.8698&longitude=74.8431
2024-08-31T01:00,12.8698,74.8431,Mangalore,0.1,0.7000000000000001,19.1,96,23.5,1.0,1004.7,Open-Meteo_ERA5_Historical,https://archive-api.open-meteo.com/v1/archive?latitude=12.8698&longitude=74.8431
2024-08-31T02:00,12.8698,74.8431,Mangalore,0.2,0.5,18.7,96,23.5,0.7,1004.2,Open-Meteo_ERA5_Historical,https://archive-api.open-meteo.com/v1/archive?latitude=12.8698&longitude=74.8431
2024-08-31T03:00,12.8698,74.8431,Mangalore,0.4,0.7,17.7,96,23.5,0.8,1003.5,Open-Meteo_ERA5_Historical,https://archive-api.open-meteo.com/v1/archive?latitude=12.8698&longitude=74.8431
2024-08-31T04:00,12.8698,74.8431,Mangalore,0.5,1.1,17.3,94,23.9,0.0,1003.8,Open-Meteo_ERA5_Historical,https://archive-api.open-meteo.com/v1/archive?latitude=12.8698&longitude=74.8431
2024-08-31T05:00,12.8698,74.8431,Mangalore,0.5,1.4,17.099999999999998,96,23.9,1.8,1004.2,Open-Meteo_ERA5_Historical,https://archive-api.open-meteo.com/v1/archive?latitude=12.8698&longitude=74.8431
2024-08-31T06:00,12.8698,74.8431,Mangalore,0.2,1.2,16.200000000000003,94,24.2,5.5,1004.3,Open-Meteo_ERA5_Historical,https://archive-api.open-meteo.com/v1/archive?latitude=12.8698&longitude=74.8431
2024-08-31T07:00,12.8698,74.8431,Mangalore,0.2,0.8999999999999999,15.3,92,24.8,7.9,1004.8,Open-Meteo_ERA5_Historical,https://archive-api.open-meteo.com/v1/archive?latitude=12.8698&longitude=74.8431
2024-08-31T08:00,12.8698,74.8431,Mangalore,0.1,0.4999999999999999,14.700000000000001,90,25.5,8.7,1005.5,Open-Meteo_ERA5_Historical,https://archive-api.open-meteo.com/v1/archive?latitude=12.8698&longitude=74.8431
2024-08-31T09:00,12.8698,74.8431,Mangalore,0.1,0.3999999999999999,14.4,86,26.2,8.7,1005.6,Open-Meteo_ERA5_Historical,https://archive-api.open-meteo.com/v1/archive?latitude=12.8698&longitude=74.8431
2024-08-31T10:00,12.8698,74.8431,Mangalore,0.1,0.30000000000000004,14.0,84,26.6,9.8,1005.6,Open-Meteo_ERA5_Historical,https://archive-api.open-meteo.com/v1/archive?latitude=12.8698&longitude=74.8431
2024-08-31T11:00,12.8698,74.8431,Mangalore,0.1,0.30000000000000004,13.0,83,26.7,10.8,1005.4,Open-Meteo_ERA5_Historical,https://archive-api.open-meteo.com/v1/archive?latitude=12.8698&longitude=74.8431
2024-08-31T12:00,12.8698,74.8431,Mangalore,0.2,0.3999999999999999,12.8,83,27.0,11.2,1005.1,Open-Meteo_ERA5_Historical,https://archive-api.open-meteo.com/v1/archive?latitude=12.8698&longitude=74.8431
2024-08-31T13:00,12.8698,74.8431,Mangalore,0.1,0.3999999999999999,12.1,84,26.7,11.8,1003.8,Open-Meteo_ERA5_Historical,https://archive-api.open-meteo.com/v1/archive?latitude=12.8698&longitude=74.8431
2024-08-31T14:00,12.8698,74.8431,Mangalore,0.1,0.3999999999999999,11.9,84,26.7,12.1,1003.5,Open-Meteo_ERA5_Historical,https://archive-api.open-meteo.com/v1/archive?latitude=12.8698&longitude=74.8431
2024-08-31T15:00,12.8698,74.8431,Mangalore,4.5,4.7,16.1,90,25.0,17.0,1003.9,Open-Meteo_ERA5_Historical,https://archive-api.open-meteo.com/v1/archive?latitude=12.8698&longitude=74.8431
2024-08-31T16:00,12.8698,74.8431,Mangalore,1.9,6.5,16.400000000000002,94,24.5,14.4,1003.5,Open-Meteo_ERA5_Historical,https://archive-api.open-meteo.com/v1/archive?latitude=12.8698&longitude=74.8431
2024-08-31T17:00,12.8698,74.8431,Mangalore,0.6,7.0,16.3,92,25.0,12.9,1003.7,Open-Meteo_ERA5_Historical,https://archive-api.open-meteo.com/v1/archive?latitude=12.8698&longitude=74.8431
2024-08-31T18:00,12.8698,74.8431,Mangalore,1.7,4.199999999999999,17.5,95,23.8,10.7,1003.8,Open-Meteo_ERA5_Historical,https://archive-api.open-meteo.com/v1/archive?latitude=12.8698&longitude=74.8431
2024-08-31T19:00,12.8698,74.8431,Mangalore,1.1,3.4,17.8,94,23.9,11.8,1004.3,Open-Meteo_ERA5_Historical,https://archive-api.open-meteo.com/v1/archive?latitude=12.8698&longitude=74.8431
2024-08-31T20:00,12.8698,74.8431,Mangalore,2.2,5.0,16.6,94,23.9,6.8,1005.0,Open-Meteo_ERA5_Historical,https://archive-api.open-meteo.com/v1/archive?latitude=12.8698&longitude=74.8431
2024-08-31T21:00,12.8698,74.8431,Mangalore,1.0,4.300000000000001,17.3,94,24.1,4.6,1005.4,Open-Meteo_ERA5_Historical,https://archive-api.open-meteo.com/v1/archive?latitude=12.8698&longitude=74.8431
2024-08-31T22:00,12.8698,74.8431,Mangalore,2.3,5.5,18.799999999999997,96,24.0,9.7,1006.2,Open-Meteo_ERA5_Historical,https://archive-api.open-meteo.com/v1/archive?latitude=12.8698&longitude=74.8431
2024-08-31T23:00,12.8698,74.8431,Mangalore,1.9,5.199999999999999,20.3,96,24.0,7.9,1005.7,Open-Meteo_ERA5_Historical,https://archive-api.open-meteo.com/v1/archive?latitude=12.8698&longitude=74.8431
