timestamp,latitude,longitude,station,tide_height_m,wave_height_m,swell_height_m,storm_surge_m,total_water_level_m,tide_type,datum,source,api_endpoint
2024-06-01T00:00,12.8698,74.8431,Mangalore_Port,1.2,1.88,1.78,0.277,1.4769999999999999,FALLING,Chart_Datum_LAT,Open-Meteo_Marine_Real+TidalModel,https://marine-api.open-meteo.com/v1/marine?latitude=12.8698&longitude=74.8431&s
2024-06-01T01:00,12.8698,74.8431,Mangalore_Port,1.7488133589148251,1.86,1.74,0.273,2.0218133589148253,RISING,Chart_Datum_LAT,Open-Meteo_Marine_Real+TidalModel,https://marine-api.open-meteo.com/v1/marine?latitude=12.8698&longitude=74.8431&s
2024-06-01T02:00,12.8698,74.8431,Mangalore_Port,2.164885873116937,1.86,1.7,0.271,2.435885873116937,HIGH,Chart_Datum_LAT,Open-Meteo_Marine_Real+TidalModel,https://marine-api.open-meteo.com/v1/marine?latitude=12.8698&longitude=74.8431&s
2024-06-01T03:00,12.8698,74.8431,Mangalore_Port,2.348906209561693,1.84,1.72,0.27,2.618906209561693,HIGH,Chart_Datum_LAT,Open-Meteo_Marine_Real+TidalModel,https://marine-api.open-meteo.com/v1/marine?latitude=12.8698&longitude=74.8431&s
2024-06-01T04:00,12.8698,74.8431,Mangalore_Port,2.2599150338577947,1.84,1.72,0.27,2.5299150338577947,HIGH,Chart_Datum_LAT,Open-Meteo_Marine_Real+TidalModel,https://marine-api.open-meteo.com/v1/marine?latitude=12.8698&longitude=74.8431&s
2024-06-01T05:00,12.8698,74.8431,Mangalore_Port,1.9253850953433247,1.82,1.74,0.269,2.194385095343325,HIGH,Chart_Datum_LAT,Open-Meteo_Marine_Real+TidalModel,https://marine-api.open-meteo.com/v1/marine?latitude=12.8698&longitude=74.8431&s
2024-06-01T06:00,12.8698,74.8431,Mangalore_Port,1.433911646910209,1.82,1.76,0.27,1.703911646910209,FALLING,Chart_Datum_LAT,Open-Meteo_Marine_Real+TidalModel,https://marine-api.open-meteo.com/v1/marine?latitude=12.8698&longitude=74.8431&s
2024-06-01T07:00,12.8698,74.8431,Mangalore_Port,0.9124022409435089,1.84,1.76,0.272,1.1844022409435089,FALLING,Chart_Datum_LAT,Open-Meteo_Marine_Real+TidalModel,https://marine-api.open-meteo.com/v1/marine?latitude=12.8698&longitude=74.8431&s
2024-06-01T08:00,12.8698,74.8431,Mangalore_Port,0.4936058399304355,1.84,1.78,0.273,0.7666058399304355,LOW,Chart_Datum_LAT,Open-Meteo_Marine_Real+TidalModel,https://marine-api.open-meteo.com/v1/marine?latitude=12.8698&longitude=74.8431&s
2024-06-01T09:00,12.8698,74.8431,Mangalore_Port,0.282277739054441,1.82,1.76,0.27,0.552277739054441,LOW,Chart_Datum_LAT,Open-Meteo_Marine_Real+TidalModel,https://marine-api.open-meteo.com/v1/marine?latitude=12.8698&longitude=74.8431&s
2024-06-01T10:00,12.8698,74.8431,Mangalore_Port,0.3286127042318763,1.78,1.74,0.265,0.5936127042318763,LOW,Chart_Datum_LAT,Open-Meteo_Marine_Real+TidalModel,https://marine-api.open-meteo.com/v1/marine?latitude=12.8698&longitude=74.8431&s
2024-06-01T11:00,12.8698,74.8431,Mangalore_Port,0.6157101772743867,1.76,1.72,0.262,0.8777101772743867,LOW,Chart_Datum_LAT,Open-Meteo_Marine_Real+TidalModel,https://marine-api.open-meteo.com/v1/marine?latitude=12.8698&longitude=74.8431&s
2024-06-01T12:00,12.8698,74.8431,Mangalore_Port,1.0642420679881686,1.7,1.66,0.253,1.3172420679881687,RISING,Chart_Datum_LAT,Open-Meteo_Marine_Real+TidalModel,https://marine-api.open-meteo.com/v1/marine?latitude=12.8698&longitude=74.8431&s
2024-06-01T13:00,12.8698,74.8431,Mangalore_Port,1.5530955050916724,1.66,1.62,0.24700000000000003,1.8000955050916725,RISING,Chart_Datum_LAT,Open-Meteo_Marine_Real+TidalModel,https://marine-api.open-meteo.com/v1/marine?latitude=12.8698&longitude=74.8431&s
2024-06-01T14:00,12.8698,74.8431,Mangalore_Port,1.950684506525859,1.6,1.56,0.23800000000000004,2.188684506525859,HIGH,Chart_Datum_LAT,Open-Meteo_Marine_Real+TidalModel,https://marine-api.open-meteo.com/v1/marine?latitude=12.8698&longitude=74.8431&s
2024-06-01T15:00,12.8698,74.8431,Mangalore_Port,2.1489072420234994,1.58,1.54,0.23500000000000004,2.3839072420234992,HIGH,Chart_Datum_LAT,Open-Meteo_Marine_Real+TidalModel,https://marine-api.open-meteo.com/v1/marine?latitude=12.8698&longitude=74.8431&s
2024-06-01T16:00,12.8698,74.8431,Mangalore_Port,2.091061507788074,1.58,1.52,0.23400000000000004,2.325061507788074,HIGH,Chart_Datum_LAT,Open-Meteo_Marine_Real+TidalModel,https://marine-api.open-meteo.com/v1/marine?latitude=12.8698&longitude=74.8431&s
2024-06-01T17:00,12.8698,74.8431,Mangalore_Port,1.7865866464025308,1.56,1.5,0.23100000000000004,2.0175866464025307,FALLING,Chart_Datum_LAT,Open-Meteo_Marine_Real+TidalModel,https://marine-api.open-meteo.com/v1/marine?latitude=12.8698&longitude=74.8431&s
2024-06-01T18:00,12.8698,74.8431,Mangalore_Port,1.3088744785811777,1.56,1.5,0.23100000000000004,1.5398744785811778,FALLING,Chart_Datum_LAT,Open-Meteo_Marine_Real+TidalModel,https://marine-api.open-meteo.com/v1/marine?latitude=12.8698&longitude=74.8431&s
2024-06-01T19:00,12.8698,74.8431,Mangalore_Port,0.7767199969656029,1.54,1.52,0.23000000000000004,1.0067199969656029,FALLING,Chart_Datum_LAT,Open-Meteo_Marine_Real+TidalModel,https://marine-api.open-meteo.com/v1/marine?latitude=12.8698&longitude=74.8431&s
2024-06-01T20:00,12.8698,74.8431,Mangalore_Port,0.3241576937239501,1.54,1.52,0.23000000000000004,0.5541576937239501,LOW,Chart_Datum_LAT,Open-Meteo_Marine_Real+TidalModel,https://marine-api.open-meteo.com/v1/marine?latitude=12.8698&longitude=74.8431&s
2024-06-01T21:00,12.8698,74.8431,Mangalore_Port,0.06638582755113331,1.52,1.5,0.22700000000000004,0.29338582755113335,LOW,Chart_Datum_LAT,Open-Meteo_Marine_Real+TidalModel,https://marine-api.open-meteo.com/v1/marine?latitude=12.8698&longitude=74.8431&s
2024-06-01T22:00,12.8698,74.8431,Mangalore_Port,0.07046652554850752,1.52,1.48,0.22600000000000003,0.29646652554850755,LOW,Chart_Datum_LAT,Open-Meteo_Marine_Real+TidalModel,https://marine-api.open-meteo.com/v1/marine?latitude=12.8698&longitude=74.8431&s
2024-06-01T23:00,12.8698,74.8431,Mangalore_Port,0.3382571284223189,1.5,1.46,0.22300000000000003,0.5612571284223189,LOW,Chart_Datum_LAT,Open-Meteo_Marine_Real+TidalModel,https://marine-api.open-meteo.com/v1/marine?latitude=12.8698&longitude=74.8431&s
2024-06-02T00:00,12.8698,74.8431,Mangalore_Port,0.8058972687524091,1.5,1.46,0.22300000000000003,1.0288972687524092,RISING,Chart_Datum_LAT,Open-Meteo_Marine_Real+TidalModel,https://marine-api.open-meteo.com/v1/marine?latitude=12.8698&longitude=74.8431&s
2024-06-02T01:00,12.8698,74.8431,Mangalore_Port,1.3599502795441616,1.48,1.44,0.21999999999999997,1.5799502795441616,RISING,Chart_Datum_LAT,Open-Meteo_Marine_Real+TidalModel,https://marine-api.open-meteo.com/v1/marine?latitude=12.8698&longitude=74.8431&s
2024-06-02T02:00,12.8698,74.8431,Mangalore_Port,1.8660574623987118,1.48,1.44,0.21999999999999997,2.0860574623987116,HIGH,Chart_Datum_LAT,Open-Meteo_Marine_Real+TidalModel,https://marine-api.open-meteo.com/v1/marine?latitude=12.8698&longitude=74.8431&s
2024-06-02T03:00,12.8698,74.8431,Mangalore_Port,2.202790882840926,1.46,1.42,0.21699999999999997,2.419790882840926,HIGH,Chart_Datum_LAT,Open-Meteo_Marine_Real+TidalModel,https://marine-api.open-meteo.com/v1/marine?latitude=12.8698&longitude=74.8431&s
2024-06-02T04:00,12.8698,74.8431,Mangalore_Port,2.292090569196584,1.46,1.42,0.21699999999999997,2.509090569196584,HIGH,Chart_Datum_LAT,Open-Meteo_Marine_Real+TidalModel,https://marine-api.open-meteo.com/v1/marine?latitude=12.8698&longitude=74.8431&s
2024-06-02T05:00,12.8698,74.8431,Mangalore_Port,2.118570740099329,1.44,1.4,0.21399999999999997,2.332570740099329,HIGH,Chart_Datum_LAT,Open-Meteo_Marine_Real+TidalModel,https://marine-api.open-meteo.com/v1/marine?latitude=12.8698&longitude=74.8431&s
2024-06-02T06:00,12.8698,74.8431,Mangalore_Port,1.7328405217601661,1.44,1.4,0.21399999999999997,1.946840521760166,FALLING,Chart_Datum_LAT,Open-Meteo_Marine_Real+TidalModel,https://marine-api.open-meteo.com/v1/marine?latitude=12.8698&longitude=74.8431&s
2024-06-02T07:00,12.8698,74.8431,Mangalore_Port,1.238071414425322,1.42,1.38,0.21099999999999997,1.449071414425322,FALLING,Chart_Datum_LAT,Open-Meteo_Marine_Real+TidalModel,https://marine-api.open-meteo.com/v1/marine?latitude=12.8698&longitude=74.8431&s
2024-06-02T08:00,12.8698,74.8431,Mangalore_Port,0.763310353433504,1.42,1.38,0.21099999999999997,0.9743103534335039,FALLING,Chart_Datum_LAT,Open-Meteo_Marine_Real+TidalModel,https://marine-api.open-meteo.com/v1/marine?latitude=12.8698&longitude=74.8431&s
2024-06-02T09:00,12.8698,74.8431,Mangalore_Port,0.4303954569919197,1.42,1.38,0.21099999999999997,0.6413954569919197,LOW,Chart_Datum_LAT,Open-Meteo_Marine_Real+TidalModel,https://marine-api.open-meteo.com/v1/marine?latitude=12.8698&longitude=74.8431&s
2024-06-02T10:00,12.8698,74.8431,Mangalore_Port,0.322929176495507,1.44,1.4,0.21399999999999997,0.536929176495507,LOW,Chart_Datum_LAT,Open-Meteo_Marine_Real+TidalModel,https://marine-api.open-meteo.com/v1/marine?latitude=12.8698&longitude=74.8431&s
2024-06-02T11:00,12.8698,74.8431,Mangalore_Port,0.46520063133112843,1.44,1.4,0.21399999999999997,0.6792006313311284,LOW,Chart_Datum_LAT,Open-Meteo_Marine_Real+TidalModel,https://marine-api.open-meteo.com/v1/marine?latitude=12.8698&longitude=74.8431&s
2024-06-02T12:00,12.8698,74.8431,Mangalore_Port,0.816378005593449,1.44,1.4,0.21399999999999997,1.030378005593449,RISING,Chart_Datum_LAT,Open-Meteo_Marine_Real+TidalModel,https://marine-api.open-meteo.com/v1/marine?latitude=12.8698&longitude=74.8431&s
2024-06-02T13:00,12.8698,74.8431,Mangalore_Port,1.2813768626794815,1.46,1.4,0.21599999999999997,1.4973768626794814,RISING,Chart_Datum_LAT,Open-Meteo_Marine_Real+TidalModel,https://marine-api.open-meteo.com/v1/marine?latitude=12.8698&longitude=74.8431&s
2024-06-02T14:00,12.8698,74.8431,Mangalore_Port,1.7355546763633878,1.46,1.4,0.21599999999999997,1.9515546763633878,RISING,Chart_Datum_LAT,Open-Meteo_Marine_Real+TidalModel,https://marine-api.open-meteo.com/v1/marine?latitude=12.8698&longitude=74.8431&s
2024-06-02T15:00,12.8698,74.8431,Mangalore_Port,2.0568716395138624,1.44,1.38,0.21299999999999997,2.2698716395138625,HIGH,Chart_Datum_LAT,Open-Meteo_Marine_Real+TidalModel,https://marine-api.open-meteo.com/v1/marine?latitude=12.8698&longitude=74.8431&s
2024-06-02T16:00,12.8698,74.8431,Mangalore_Port,2.157283769046315,1.42,1.38,0.21099999999999997,2.368283769046315,HIGH,Chart_Datum_LAT,Open-Meteo_Marine_Real+TidalModel,https://marine-api.open-meteo.com/v1/marine?latitude=12.8698&longitude=74.8431&s
2024-06-02T17:00,12.8698,74.8431,Mangalore_Port,2.005366168104005,1.4,1.36,0.208,2.213366168104005,HIGH,Chart_Datum_LAT,Open-Meteo_Marine_Real+TidalModel,https://marine-api.open-meteo.com/v1/marine?latitude=12.8698&longitude=74.8431&s
2024-06-02T18:00,12.8698,74.8431,Mangalore_Port,1.6344328619163446,1.38,1.34,0.205,1.8394328619163447,FALLING,Chart_Datum_LAT,Open-Meteo_Marine_Real+TidalModel,https://marine-api.open-meteo.com/v1/marine?latitude=12.8698&longitude=74.8431&s
2024-06-02T19:00,12.8698,74.8431,Mangalore_Port,1.1341371886202694,1.38,1.34,0.205,1.3391371886202694,FALLING,Chart_Datum_LAT,Open-Meteo_Marine_Real+TidalModel,https://marine-api.open-meteo.com/v1/marine?latitude=12.8698&longitude=74.8431&s
2024-06-02T20:00,12.8698,74.8431,Mangalore_Port,0.627749503784945,1.36,1.32,0.202,0.8297495037849449,LOW,Chart_Datum_LAT,Open-Meteo_Marine_Real+TidalModel,https://marine-api.open-meteo.com/v1/marine?latitude=12.8698&longitude=74.8431&s
2024-06-02T21:00,12.8698,74.8431,Mangalore_Port,0.2409420196608818,1.38,1.32,0.204,0.44494201966088176,LOW,Chart_Datum_LAT,Open-Meteo_Marine_Real+TidalModel,https://marine-api.open-meteo.com/v1/marine?latitude=12.8698&longitude=74.8431&s
2024-06-02T22:00,12.8698,74.8431,Mangalore_Port,0.0700423940715642,1.38,1.34,0.205,0.27504239407156417,LOW,Chart_Datum_LAT,Open-Meteo_Marine_Real+TidalModel,https://marine-api.open-meteo.com/v1/marine?latitude=12.8698&longitude=74.8431&s
2024-06-02T23:00,12.8698,74.8431,Mangalore_Port,0.1578139147028339,1.4,1.34,0.207,0.36481391470283386,LOW,Chart_Datum_LAT,Open-Meteo_Marine_Real+TidalModel,https://marine-api.open-meteo.com/v1/marine?latitude=12.8698&longitude=74.8431&s
2024-06-03T00:00,12.8698,74.8431,Mangalore_Port,0.4828676197988986,1.4,1.34,0.207,0.6898676197988985,LOW,Chart_Datum_LAT,Open-Meteo_Marine_Real+TidalModel,https://marine-api.open-meteo.com/v1/marine?latitude=12.8698&longitude=74.8431&s
2024-06-03T01:00,12.8698,74.8431,Mangalore_Port,0.9653187131026393,1.42,1.36,0.21,1.1753187131026392,RISING,Chart_Datum_LAT,Open-Meteo_Marine_Real+TidalModel,https://marine-api.open-meteo.com/v1/marine?latitude=12.8698&longitude=74.8431&s
2024-06-03T02:00,12.8698,74.8431,Mangalore_Port,1.4871633360118701,1.42,1.36,0.21,1.69716333601187,RISING,Chart_Datum_LAT,Open-Meteo_Marine_Real+TidalModel,https://marine-api.open-meteo.com/v1/marine?latitude=12.8698&longitude=74.8431&s
2024-06-03T03:00,12.8698,74.8431,Mangalore_Port,1.922127476018813,1.44,1.36,0.212,2.134127476018813,HIGH,Chart_Datum_LAT,Open-Meteo_Marine_Real+TidalModel,https://marine-api.open-meteo.com/v1/marine?latitude=12.8698&longitude=74.8431&s
2024-06-03T04:00,12.8698,74.8431,Mangalore_Port,2.167371428150945,1.44,1.38,0.21299999999999997,2.380371428150945,HIGH,Chart_Datum_LAT,Open-Meteo_Marine_Real+TidalModel,https://marine-api.open-meteo.com/v1/marine?latitude=12.8698&longitude=74.8431&s
2024-06-03T05:00,12.8698,74.8431,Mangalore_Port,2.1690138282156175,1.46,1.38,0.21499999999999997,2.3840138282156174,HIGH,Chart_Datum_LAT,Open-Meteo_Marine_Real+TidalModel,https://marine-api.open-meteo.com/v1/marine?latitude=12.8698&longitude=74.8431&s
2024-06-03T06:00,12.8698,74.8431,Mangalore_Port,1.9350624677818749,1.46,1.38,0.21499999999999997,2.1500624677818747,HIGH,Chart_Datum_LAT,Open-Meteo_Marine_Real+TidalModel,https://marine-api.open-meteo.com/v1/marine?latitude=12.8698&longitude=74.8431&s
2024-06-03T07:00,12.8698,74.8431,Mangalore_Port,1.5325786551701865,1.46,1.38,0.21499999999999997,1.7475786551701864,FALLING,Chart_Datum_LAT,Open-Meteo_Marine_Real+TidalModel,https://marine-api.open-meteo.com/v1/marine?latitude=12.8698&longitude=74.8431&s
2024-06-03T08:00,12.8698,74.8431,Mangalore_Port,1.0699237254858998,1.46,1.38,0.21499999999999997,1.2849237254858998,FALLING,Chart_Datum_LAT,Open-Meteo_Marine_Real+TidalModel,https://marine-api.open-meteo.com/v1/marine?latitude=12.8698&longitude=74.8431&s
2024-06-03T09:00,12.8698,74.8431,Mangalore_Port,0.6687134669089531,1.42,1.34,0.209,0.877713466908953,LOW,Chart_Datum_LAT,Open-Meteo_Marine_Real+TidalModel,https://marine-api.open-meteo.com/v1/marine?latitude=12.8698&longitude=74.8431&s
2024-06-03T10:00,12.8698,74.8431,Mangalore_Port,0.432681361482089,1.4,1.32,0.206,0.638681361482089,LOW,Chart_Datum_LAT,Open-Meteo_Marine_Real+TidalModel,https://marine-api.open-meteo.com/v1/marine?latitude=12.8698&longitude=74.8431&s
2024-06-03T11:00,12.8698,74.8431,Mangalore_Port,0.4213797148154437,1.36,1.28,0.2,0.6213797148154436,LOW,Chart_Datum_LAT,Open-Meteo_Marine_Real+TidalModel,https://marine-api.open-meteo.com/v1/marine?latitude=12.8698&longitude=74.8431&s
2024-06-03T12:00,12.8698,74.8431,Mangalore_Port,0.6353580373088733,1.36,1.28,0.2,0.8353580373088734,LOW,Chart_Datum_LAT,Open-Meteo_Marine_Real+TidalModel,https://marine-api.open-meteo.com/v1/marine?latitude=12.8698&longitude=74.8431&s
2024-06-03T13:00,12.8698,74.8431,Mangalore_Port,1.0164932916128018,1.36,1.26,0.199,1.2154932916128018,RISING,Chart_Datum_LAT,Open-Meteo_Marine_Real+TidalModel,https://marine-api.open-meteo.com/v1/marine?latitude=12.8698&longitude=74.8431&s
2024-06-03T14:00,12.8698,74.8431,Mangalore_Port,1.4632723531461245,1.36,1.26,0.199,1.6622723531461245,RISING,Chart_Datum_LAT,Open-Meteo_Marine_Real+TidalModel,https://marine-api.open-meteo.com/v1/marine?latitude=12.8698&longitude=74.8431&s
2024-06-03T15:00,12.8698,74.8431,Mangalore_Port,1.8570336095111861,1.36,1.24,0.198,2.0550336095111863,HIGH,Chart_Datum_LAT,Open-Meteo_Marine_Real+TidalModel,https://marine-api.open-meteo.com/v1/marine?latitude=12.8698&longitude=74.8431&s
2024-06-03T16:00,12.8698,74.8431,Mangalore_Port,2.0924239324238174,1.34,1.24,0.196,2.2884239324238176,HIGH,Chart_Datum_LAT,Open-Meteo_Marine_Real+TidalModel,https://marine-api.open-meteo.com/v1/marine?latitude=12.8698&longitude=74.8431&s
2024-06-03T17:00,12.8698,74.8431,Mangalore_Port,2.1043086929304087,1.34,1.22,0.195,2.2993086929304085,HIGH,Chart_Datum_LAT,Open-Meteo_Marine_Real+TidalModel,https://marine-api.open-meteo.com/v1/marine?latitude=12.8698&longitude=74.8431&s
2024-06-03T18:00,12.8698,74.8431,Mangalore_Port,1.8843302528972699,1.34,1.22,0.195,2.07933025289727,HIGH,Chart_Datum_LAT,Open-Meteo_Marine_Real+TidalModel,https://marine-api.open-meteo.com/v1/marine?latitude=12.8698&longitude=74.8431&s
2024-06-03T19:00,12.8698,74.8431,Mangalore_Port,1.4829852634691454,1.36,1.2,0.196,1.6789852634691453,FALLING,Chart_Datum_LAT,Open-Meteo_Marine_Real+TidalModel,https://marine-api.open-meteo.com/v1/marine?latitude=12.8698&longitude=74.8431&s
2024-06-03T20:00,12.8698,74.8431,Mangalore_Port,0.9967906921460579,1.36,1.2,0.196,1.1927906921460578,FALLING,Chart_Datum_LAT,Open-Meteo_Marine_Real+TidalModel,https://marine-api.open-meteo.com/v1/marine?latitude=12.8698&longitude=74.8431&s
2024-06-03T21:00,12.8698,74.8431,Mangalore_Port,0.5438865692588697,1.36,1.2,0.196,0.7398865692588696,LOW,Chart_Datum_LAT,Open-Meteo_Marine_Real+TidalModel,https://marine-api.open-meteo.com/v1/marine?latitude=12.8698&longitude=74.8431&s
2024-06-03T22:00,12.8698,74.8431,Mangalore_Port,0.2343222562189592,1.36,1.2,0.196,0.4303222562189592,LOW,Chart_Datum_LAT,Open-Meteo_Marine_Real+TidalModel,https://marine-api.open-meteo.com/v1/marine?latitude=12.8698&longitude=74.8431&s
2024-06-03T23:00,12.8698,74.8431,Mangalore_Port,0.14256627535345978,1.36,1.2,0.196,0.3385662753534598,LOW,Chart_Datum_LAT,Open-Meteo_Marine_Real+TidalModel,https://marine-api.open-meteo.com/v1/marine?latitude=12.8698&longitude=74.8431&s
2024-06-04T00:00,12.8698,74.8431,Mangalore_Port,0.28915446742427275,1.36,1.2,0.196,0.48515446742427276,LOW,Chart_Datum_LAT,Open-Meteo_Marine_Real+TidalModel,https://marine-api.open-meteo.com/v1/marine?latitude=12.8698&longitude=74.8431&s
2024-06-04T01:00,12.8698,74.8431,Mangalore_Port,0.6360232977141229,1.36,1.2,0.196,0.8320232977141229,LOW,Chart_Datum_LAT,Open-Meteo_Marine_Real+TidalModel,https://marine-api.open-meteo.com/v1/marine?latitude=12.8698&longitude=74.8431&s
2024-06-04T02:00,12.8698,74.8431,Mangalore_Port,1.0965798823426287,1.36,1.2,0.196,1.2925798823426287,RISING,Chart_Datum_LAT,Open-Meteo_Marine_Real+TidalModel,https://marine-api.open-meteo.com/v1/marine?latitude=12.8698&longitude=74.8431&s
2024-06-04T03:00,12.8698,74.8431,Mangalore_Port,1.5578324876305034,1.36,1.2,0.196,1.7538324876305034,RISING,Chart_Datum_LAT,Open-Meteo_Marine_Real+TidalModel,https://marine-api.open-meteo.com/v1/marine?latitude=12.8698&longitude=74.8431&s
2024-06-04T04:00,12.8698,74.8431,Mangalore_Port,1.908889629763212,1.34,1.2,0.194,2.102889629763212,HIGH,Chart_Datum_LAT,Open-Meteo_Marine_Real+TidalModel,https://marine-api.open-meteo.com/v1/marine?latitude=12.8698&longitude=74.8431&s
2024-06-04T05:00,12.8698,74.8431,Mangalore_Port,2.068587593929115,1.34,1.2,0.194,2.262587593929115,HIGH,Chart_Datum_LAT,Open-Meteo_Marine_Real+TidalModel,https://marine-api.open-meteo.com/v1/marine?latitude=12.8698&longitude=74.8431&s
2024-06-04T06:00,12.8698,74.8431,Mangalore_Port,2.0053015366401756,1.34,1.2,0.194,2.1993015366401756,HIGH,Chart_Datum_LAT,Open-Meteo_Marine_Real+TidalModel,https://marine-api.open-meteo.com/v1/marine?latitude=12.8698&longitude=74.8431&s
2024-06-04T07:00,12.8698,74.8431,Mangalore_Port,1.7440406284140166,1.34,1.18,0.193,1.9370406284140167,FALLING,Chart_Datum_LAT,Open-Meteo_Marine_Real+TidalModel,https://marine-api.open-meteo.com/v1/marine?latitude=12.8698&longitude=74.8431&s
2024-06-04T08:00,12.8698,74.8431,Mangalore_Port,1.3591878968400946,1.34,1.18,0.193,1.5521878968400946,FALLING,Chart_Datum_LAT,Open-Meteo_Marine_Real+TidalModel,https://marine-api.open-meteo.com/v1/marine?latitude=12.8698&longitude=74.8431&s
2024-06-04T09:00,12.8698,74.8431,Mangalore_Port,0.9548842339265811,1.34,1.18,0.193,1.1478842339265811,FALLING,Chart_Datum_LAT,Open-Meteo_Marine_Real+TidalModel,https://marine-api.open-meteo.com/v1/marine?latitude=12.8698&longitude=74.8431&s
2024-06-04T10:00,12.8698,74.8431,Mangalore_Port,0.6381505880645522,1.32,1.16,0.19,0.8281505880645521,LOW,Chart_Datum_LAT,Open-Meteo_Marine_Real+TidalModel,https://marine-api.open-meteo.com/v1/marine?latitude=12.8698&longitude=74.8431&s
2024-06-04T11:00,12.8698,74.8431,Mangalore_Port,0.4916174813680372,1.32,1.16,0.19,0.6816174813680371,LOW,Chart_Datum_LAT,Open-Meteo_Marine_Real+TidalModel,https://marine-api.open-meteo.com/v1/marine?latitude=12.8698&longitude=74.8431&s
2024-06-04T12:00,12.8698,74.8431,Mangalore_Port,0.5527533428353897,1.32,1.16,0.19,0.7427533428353896,LOW,Chart_Datum_LAT,Open-Meteo_Marine_Real+TidalModel,https://marine-api.open-meteo.com/v1/marine?latitude=12.8698&longitude=74.8431&s
2024-06-04T13:00,12.8698,74.8431,Mangalore_Port,0.8047667854318877,1.32,1.18,0.191,0.9957667854318877,RISING,Chart_Datum_LAT,Open-Meteo_Marine_Real+TidalModel,https://marine-api.open-meteo.com/v1/marine?latitude=12.8698&longitude=74.8431&s
2024-06-04T14:00,12.8698,74.8431,Mangalore_Port,1.181355585732275,1.32,1.18,0.191,1.3723555857322751,RISING,Chart_Datum_LAT,Open-Meteo_Marine_Real+TidalModel,https://marine-api.open-meteo.com/v1/marine?latitude=12.8698&longitude=74.8431&s
2024-06-04T15:00,12.8698,74.8431,Mangalore_Port,1.5839586543084294,1.3,1.16,0.188,1.7719586543084294,RISING,Chart_Datum_LAT,Open-Meteo_Marine_Real+TidalModel,https://marine-api.open-meteo.com/v1/marine?latitude=12.8698&longitude=74.8431&s
2024-06-04T16:00,12.8698,74.8431,Mangalore_Port,1.9070292148834502,1.28,1.14,0.185,2.0920292148834503,HIGH,Chart_Datum_LAT,Open-Meteo_Marine_Real+TidalModel,https://marine-api.open-meteo.com/v1/marine?latitude=12.8698&longitude=74.8431&s
2024-06-04T17:00,12.8698,74.8431,Mangalore_Port,2.064874221643831,1.26,1.12,0.182,2.246874221643831,HIGH,Chart_Datum_LAT,Open-Meteo_Marine_Real+TidalModel,https://marine-api.open-meteo.com/v1/marine?latitude=12.8698&longitude=74.8431&s
2024-06-04T18:00,12.8698,74.8431,Mangalore_Port,2.013280152151393,1.26,1.12,0.182,2.195280152151393,HIGH,Chart_Datum_LAT,Open-Meteo_Marine_Real+TidalModel,https://marine-api.open-meteo.com/v1/marine?latitude=12.8698&longitude=74.8431&s
2024-06-04T19:00,12.8698,74.8431,Mangalore_Port,1.7605309544249343,1.26,1.12,0.182,1.9425309544249343,FALLING,Chart_Datum_LAT,Open-Meteo_Marine_Real+TidalModel,https://marine-api.open-meteo.com/v1/marine?latitude=12.8698&longitude=74.8431&s
2024-06-04T20:00,12.8698,74.8431,Mangalore_Port,1.3651507630467599,1.26,1.12,0.182,1.5471507630467598,FALLING,Chart_Datum_LAT,Open-Meteo_Marine_Real+TidalModel,https://marine-api.open-meteo.com/v1/marine?latitude=12.8698&longitude=74.8431&s
2024-06-04T21:00,12.8698,74.8431,Mangalore_Port,0.9210696482310262,1.26,1.1,0.181,1.1020696482310262,FALLING,Chart_Datum_LAT,Open-Meteo_Marine_Real+TidalModel,https://marine-api.open-meteo.com/v1/marine?latitude=12.8698&longitude=74.8431&s
2024-06-04T22:00,12.8698,74.8431,Mangalore_Port,0.5340608567661973,1.24,1.1,0.179,0.7130608567661973,LOW,Chart_Datum_LAT,Open-Meteo_Marine_Real+TidalModel,https://marine-api.open-meteo.com/v1/marine?latitude=12.8698&longitude=74.8431&s
2024-06-04T23:00,12.8698,74.8431,Mangalore_Port,0.2954436034762993,1.24,1.08,0.178,0.47344360347629927,LOW,Chart_Datum_LAT,Open-Meteo_Marine_Real+TidalModel,https://marine-api.open-meteo.com/v1/marine?latitude=12.8698&longitude=74.8431&s
2024-06-05T00:00,12.8698,74.8431,Mangalore_Port,0.25966015111649043,1.24,1.08,0.178,0.4376601511164904,LOW,Chart_Datum_LAT,Open-Meteo_Marine_Real+TidalModel,https://marine-api.open-meteo.com/v1/marine?latitude=12.8698&longitude=74.8431&s
2024-06-05T01:00,12.8698,74.8431,Mangalore_Port,0.43128501182425316,1.24,1.1,0.179,0.6102850118242531,LOW,Chart_Datum_LAT,Open-Meteo_Marine_Real+TidalModel,https://marine-api.open-meteo.com/v1/marine?latitude=12.8698&longitude=74.8431&s
2024-06-05T02:00,12.8698,74.8431,Mangalore_Port,0.7645931421358063,1.24,1.1,0.179,0.9435931421358064,RISING,Chart_Datum_LAT,Open-Meteo_Marine_Real+TidalModel,https://marine-api.open-meteo.com/v1/marine?latitude=12.8698&longitude=74.8431&s
2024-06-05T03:00,12.8698,74.8431,Mangalore_Port,1.1756311683777274,1.26,1.12,0.182,1.3576311683777273,RISING,Chart_Datum_LAT,Open-Meteo_Marine_Real+TidalModel,https://marine-api.open-meteo.com/v1/marine?latitude=12.8698&longitude=74.8431&s
2024-06-05T04:00,12.8698,74.8431,Mangalore_Port,1.5636092396821129,1.26,1.12,0.182,1.7456092396821128,RISING,Chart_Datum_LAT,Open-Meteo_Marine_Real+TidalModel,https://marine-api.open-meteo.com/v1/marine?latitude=12.8698&longitude=74.8431&s
2024-06-05T05:00,12.8698,74.8431,Mangalore_Port,1.8361439436261062,1.28,1.14,0.185,2.021143943626106,HIGH,Chart_Datum_LAT,Open-Meteo_Marine_Real+TidalModel,https://marine-api.open-meteo.com/v1/marine?latitude=12.8698&longitude=74.8431&s
2024-06-05T06:00,12.8698,74.8431,Mangalore_Port,1.9319962242932398,1.28,1.14,0.185,2.11699622429324,HIGH,Chart_Datum_LAT,Open-Meteo_Marine_Real+TidalModel,https://marine-api.open-meteo.com/v1/marine?latitude=12.8698&longitude=74.8431&s
2024-06-05T07:00,12.8698,74.8431,Mangalore_Port,1.835664705804437,1.28,1.16,0.186,2.021664705804437,HIGH,Chart_Datum_LAT,Open-Meteo_Marine_Real+TidalModel,https://marine-api.open-meteo.com/v1/marine?latitude=12.8698&longitude=74.8431&s
2024-06-05T08:00,12.8698,74.8431,Mangalore_Port,1.5803119950860998,1.28,1.16,0.186,1.7663119950860997,FALLING,Chart_Datum_LAT,Open-Meteo_Marine_Real+TidalModel,https://marine-api.open-meteo.com/v1/marine?latitude=12.8698&longitude=74.8431&s
2024-06-05T09:00,12.8698,74.8431,Mangalore_Port,1.2384693270339895,1.28,1.16,0.186,1.4244693270339894,FALLING,Chart_Datum_LAT,Open-Meteo_Marine_Real+TidalModel,https://marine-api.open-meteo.com/v1/marine?latitude=12.8698&longitude=74.8431&s
2024-06-05T10:00,12.8698,74.8431,Mangalore_Port,0.9030284304585763,1.28,1.16,0.186,1.0890284304585762,FALLING,Chart_Datum_LAT,Open-Meteo_Marine_Real+TidalModel,https://marine-api.open-meteo.com/v1/marine?latitude=12.8698&longitude=74.8431&s
2024-06-05T11:00,12.8698,74.8431,Mangalore_Port,0.6634211703932644,1.28,1.16,0.186,0.8494211703932644,LOW,Chart_Datum_LAT,Open-Meteo_Marine_Real+TidalModel,https://marine-api.open-meteo.com/v1/marine?latitude=12.8698&longitude=74.8431&s
2024-06-05T12:00,12.8698,74.8431,Mangalore_Port,0.5830194194244847,1.28,1.16,0.186,0.7690194194244846,LOW,Chart_Datum_LAT,Open-Meteo_Marine_Real+TidalModel,https://marine-api.open-meteo.com/v1/marine?latitude=12.8698&longitude=74.8431&s
2024-06-05T13:00,12.8698,74.8431,Mangalore_Port,0.6833956872951064,1.28,1.16,0.186,0.8693956872951063,LOW,Chart_Datum_LAT,Open-Meteo_Marine_Real+TidalModel,https://marine-api.open-meteo.com/v1/marine?latitude=12.8698&longitude=74.8431&s
2024-06-05T14:00,12.8698,74.8431,Mangalore_Port,0.9392900846530022,1.28,1.16,0.186,1.1252900846530023,RISING,Chart_Datum_LAT,Open-Meteo_Marine_Real+TidalModel,https://marine-api.open-meteo.com/v1/marine?latitude=12.8698&longitude=74.8431&s
2024-06-05T15:00,12.8698,74.8431,Mangalore_Port,1.2854005467082932,1.28,1.16,0.186,1.4714005467082931,RISING,Chart_Datum_LAT,Open-Meteo_Marine_Real+TidalModel,https://marine-api.open-meteo.com/v1/marine?latitude=12.8698&longitude=74.8431&s
2024-06-05T16:00,12.8698,74.8431,Mangalore_Port,1.6331459705012314,1.28,1.16,0.186,1.8191459705012314,RISING,Chart_Datum_LAT,Open-Meteo_Marine_Real+TidalModel,https://marine-api.open-meteo.com/v1/marine?latitude=12.8698&longitude=74.8431&s
2024-06-05T17:00,12.8698,74.8431,Mangalore_Port,1.893089688809746,1.28,1.16,0.186,2.079089688809746,HIGH,Chart_Datum_LAT,Open-Meteo_Marine_Real+TidalModel,https://marine-api.open-meteo.com/v1/marine?latitude=12.8698&longitude=74.8431&s
2024-06-05T18:00,12.8698,74.8431,Mangalore_Port,1.997359448620506,1.28,1.16,0.186,2.183359448620506,HIGH,Chart_Datum_LAT,Open-Meteo_Marine_Real+TidalModel,https://marine-api.open-meteo.com/v1/marine?latitude=12.8698&longitude=74.8431&s
2024-06-05T19:00,12.8698,74.8431,Mangalore_Port,1.9164791816318032,1.28,1.14,0.185,2.1014791816318033,HIGH,Chart_Datum_LAT,Open-Meteo_Marine_Real+TidalModel,https://marine-api.open-meteo.com/v1/marine?latitude=12.8698&longitude=74.8431&s
2024-06-05T20:00,12.8698,74.8431,Mangalore_Port,1.66649539112879,1.28,1.14,0.185,1.8514953911287901,FALLING,Chart_Datum_LAT,Open-Meteo_Marine_Real+TidalModel,https://marine-api.open-meteo.com/v1/marine?latitude=12.8698&longitude=74.8431&s
2024-06-05T21:00,12.8698,74.8431,Mangalore_Port,1.304750131519876,1.24,1.1,0.179,1.483750131519876,FALLING,Chart_Datum_LAT,Open-Meteo_Marine_Real+TidalModel,https://marine-api.open-meteo.com/v1/marine?latitude=12.8698&longitude=74.8431&s
2024-06-05T22:00,12.8698,74.8431,Mangalore_Port,0.9154937726343082,1.2,1.08,0.174,1.0894937726343081,FALLING,Chart_Datum_LAT,Open-Meteo_Marine_Real+TidalModel,https://marine-api.open-meteo.com/v1/marine?latitude=12.8698&longitude=74.8431&s
2024-06-05T23:00,12.8698,74.8431,Mangalore_Port,0.5890324283272274,1.16,1.04,0.16799999999999998,0.7570324283272274,LOW,Chart_Datum_LAT,Open-Meteo_Marine_Real+TidalModel,https://marine-api.open-meteo.com/v1/marine?latitude=12.8698&longitude=74.8431&s
2024-06-06T00:00,12.8698,74.8431,Mangalore_Port,0.3996517092001226,1.16,1.04,0.16799999999999998,0.5676517092001225,LOW,Chart_Datum_LAT,Open-Meteo_Marine_Real+TidalModel,https://marine-api.open-meteo.com/v1/marine?latitude=12.8698&longitude=74.8431&s
2024-06-06T01:00,12.8698,74.8431,Mangalore_Port,0.3877823129537623,1.14,1.02,0.16499999999999998,0.5527823129537623,LOW,Chart_Datum_LAT,Open-Meteo_Marine_Real+TidalModel,https://marine-api.open-meteo.com/v1/marine?latitude=12.8698&longitude=74.8431&s
2024-06-06T02:00,12.8698,74.8431,Mangalore_Port,0.5507402132463995,1.14,1.02,0.16499999999999998,0.7157402132463995,LOW,Chart_Datum_LAT,Open-Meteo_Marine_Real+TidalModel,https://marine-api.open-meteo.com/v1/marine?latitude=12.8698&longitude=74.8431&s
2024-06-06T03:00,12.8698,74.8431,Mangalore_Port,0.8441879300338455,1.14,1.02,0.16499999999999998,1.0091879300338455,RISING,Chart_Datum_LAT,Open-Meteo_Marine_Real+TidalModel,https://marine-api.open-meteo.com/v1/marine?latitude=12.8698&longitude=74.8431&s
2024-06-06T04:00,12.8698,74.8431,Mangalore_Port,1.193782271996218,1.16,1.02,0.16699999999999998,1.360782271996218,RISING,Chart_Datum_LAT,Open-Meteo_Marine_Real+TidalModel,https://marine-api.open-meteo.com/v1/marine?latitude=12.8698&longitude=74.8431&s
2024-06-06T05:00,12.8698,74.8431,Mangalore_Port,1.5139694125324747,1.16,1.02,0.16699999999999998,1.6809694125324748,RISING,Chart_Datum_LAT,Open-Meteo_Marine_Real+TidalModel,https://marine-api.open-meteo.com/v1/marine?latitude=12.8698&longitude=74.8431&s
2024-06-06T06:00,12.8698,74.8431,Mangalore_Port,1.7291760654812054,1.16,1.02,0.16699999999999998,1.8961760654812054,RISING,Chart_Datum_LAT,Open-Meteo_Marine_Real+TidalModel,https://marine-api.open-meteo.com/v1/marine?latitude=12.8698&longitude=74.8431&s
2024-06-06T07:00,12.8698,74.8431,Mangalore_Port,1.7921349723337328,1.18,1.04,0.16999999999999998,1.9621349723337327,RISING,Chart_Datum_LAT,Open-Meteo_Marine_Real+TidalModel,https://marine-api.open-meteo.com/v1/marine?latitude=12.8698&longitude=74.8431&s
2024-06-06T08:00,12.8698,74.8431,Mangalore_Port,1.6948789889342306,1.18,1.04,0.16999999999999998,1.8648789889342305,FALLING,Chart_Datum_LAT,Open-Meteo_Marine_Real+TidalModel,https://marine-api.open-meteo.com/v1/marine?latitude=12.8698&longitude=74.8431&s
2024-06-06T09:00,12.8698,74.8431,Mangalore_Port,1.4698215524964748,1.2,1.06,0.173,1.6428215524964749,FALLING,Chart_Datum_LAT,Open-Meteo_Marine_Real+TidalModel,https://marine-api.open-meteo.com/v1/marine?latitude=12.8698&longitude=74.8431&s
2024-06-06T10:00,12.8698,74.8431,Mangalore_Port,1.180828850736638,1.22,1.08,0.176,1.356828850736638,FALLING,Chart_Datum_LAT,Open-Meteo_Marine_Real+TidalModel,https://marine-api.open-meteo.com/v1/marine?latitude=12.8698&longitude=74.8431&s
2024-06-06T11:00,12.8698,74.8431,Mangalore_Port,0.9066571994744279,1.24,1.1,0.179,1.085657199474428,FALLING,Chart_Datum_LAT,Open-Meteo_Marine_Real+TidalModel,https://marine-api.open-meteo.com/v1/marine?latitude=12.8698&longitude=74.8431&s
2024-06-06T12:00,12.8698,74.8431,Mangalore_Port,0.7209707089729074,1.24,1.1,0.179,0.8999707089729074,FALLING,Chart_Datum_LAT,Open-Meteo_Marine_Real+TidalModel,https://marine-api.open-meteo.com/v1/marine?latitude=12.8698&longitude=74.8431&s
2024-06-06T13:00,12.8698,74.8431,Mangalore_Port,0.6739273051993736,1.24,1.1,0.179,0.8529273051993735,LOW,Chart_Datum_LAT,Open-Meteo_Marine_Real+TidalModel,https://marine-api.open-meteo.com/v1/marine?latitude=12.8698&longitude=74.8431&s
2024-06-06T14:00,12.8698,74.8431,Mangalore_Port,0.779854383658322,1.24,1.1,0.179,0.9588543836583221,RISING,Chart_Datum_LAT,Open-Meteo_Marine_Real+TidalModel,https://marine-api.open-meteo.com/v1/marine?latitude=12.8698&longitude=74.8431&s
2024-06-06T15:00,12.8698,74.8431,Mangalore_Port,1.0139652803159465,1.24,1.1,0.179,1.1929652803159465,RISING,Chart_Datum_LAT,Open-Meteo_Marine_Real+TidalModel,https://marine-api.open-meteo.com/v1/marine?latitude=12.8698&longitude=74.8431&s
2024-06-06T16:00,12.8698,74.8431,Mangalore_Port,1.318799066859603,1.22,1.08,0.176,1.494799066859603,RISING,Chart_Datum_LAT,Open-Meteo_Marine_Real+TidalModel,https://marine-api.open-meteo.com/v1/marine?latitude=12.8698&longitude=74.8431&s
2024-06-06T17:00,12.8698,74.8431,Mangalore_Port,1.6186674793776974,1.22,1.08,0.176,1.7946674793776973,RISING,Chart_Datum_LAT,Open-Meteo_Marine_Real+TidalModel,https://marine-api.open-meteo.com/v1/marine?latitude=12.8698&longitude=74.8431&s
2024-06-06T18:00,12.8698,74.8431,Mangalore_Port,1.838454029501881,1.22,1.08,0.176,2.014454029501881,HIGH,Chart_Datum_LAT,Open-Meteo_Marine_Real+TidalModel,https://marine-api.open-meteo.com/v1/marine?latitude=12.8698&longitude=74.8431&s
2024-06-06T19:00,12.8698,74.8431,Mangalore_Port,1.922098079437161,1.2,1.06,0.173,2.095098079437161,HIGH,Chart_Datum_LAT,Open-Meteo_Marine_Real+TidalModel,https://marine-api.open-meteo.com/v1/marine?latitude=12.8698&longitude=74.8431&s
2024-06-06T20:00,12.8698,74.8431,Mangalore_Port,1.8462423521968114,1.2,1.06,0.173,2.0192423521968115,HIGH,Chart_Datum_LAT,Open-Meteo_Marine_Real+TidalModel,https://marine-api.open-meteo.com/v1/marine?latitude=12.8698&longitude=74.8431&s
2024-06-06T21:00,12.8698,74.8431,Mangalore_Port,1.6257703857849684,1.2,1.06,0.173,1.7987703857849684,FALLING,Chart_Datum_LAT,Open-Meteo_Marine_Real+TidalModel,https://marine-api.open-meteo.com/v1/marine?latitude=12.8698&longitude=74.8431&s
2024-06-06T22:00,12.8698,74.8431,Mangalore_Port,1.3099872643138932,1.18,1.04,0.16999999999999998,1.4799872643138932,FALLING,Chart_Datum_LAT,Open-Meteo_Marine_Real+TidalModel,https://marine-api.open-meteo.com/v1/marine?latitude=12.8698&longitude=74.8431&s
2024-06-06T23:00,12.8698,74.8431,Mangalore_Port,0.9704951063974179,1.18,1.04,0.16999999999999998,1.1404951063974178,FALLING,Chart_Datum_LAT,Open-Meteo_Marine_Real+TidalModel,https://marine-api.open-meteo.com/v1/marine?latitude=12.8698&longitude=74.8431&s
2024-06-07T00:00,12.8698,74.8431,Mangalore_Port,0.6838200054881417,1.18,1.04,0.16999999999999998,0.8538200054881417,LOW,Chart_Datum_LAT,Open-Meteo_Marine_Real+TidalModel,https://marine-api.open-meteo.com/v1/marine?latitude=12.8698&longitude=74.8431&s
2024-06-07T01:00,12.8698,74.8431,Mangalore_Port,0.5130766807503984,1.16,1.02,0.16699999999999998,0.6800766807503984,LOW,Chart_Datum_LAT,Open-Meteo_Marine_Real+TidalModel,https://marine-api.open-meteo.com/v1/marine?latitude=12.8698&longitude=74.8431&s
2024-06-07T02:00,12.8698,74.8431,Mangalore_Port,0.49312553706296425,1.16,1.02,0.16699999999999998,0.6601255370629642,LOW,Chart_Datum_LAT,Open-Meteo_Marine_Real+TidalModel,https://marine-api.open-meteo.com/v1/marine?latitude=12.8698&longitude=74.8431&s
2024-06-07T03:00,12.8698,74.8431,Mangalore_Port,0.6227614097192158,1.14,1.0,0.16399999999999998,0.7867614097192157,LOW,Chart_Datum_LAT,Open-Meteo_Marine_Real+TidalModel,https://marine-api.open-meteo.com/v1/marine?latitude=12.8698&longitude=74.8431&s
2024-06-07T04:00,12.8698,74.8431,Mangalore_Port,0.8657144616448911,1.14,1.0,0.16399999999999998,1.029714461644891,RISING,Chart_Datum_LAT,Open-Meteo_Marine_Real+TidalModel,https://marine-api.open-meteo.com/v1/marine?latitude=12.8698&longitude=74.8431&s
2024-06-07T05:00,12.8698,74.8431,Mangalore_Port,1.1600819555725599,1.12,0.98,0.16100000000000003,1.32108195557256,RISING,Chart_Datum_LAT,Open-Meteo_Marine_Real+TidalModel,https://marine-api.open-meteo.com/v1/marine?latitude=12.8698&longitude=74.8431&s
2024-06-07T06:00,12.8698,74.8431,Mangalore_Port,1.433775027201512,1.12,0.98,0.16100000000000003,1.594775027201512,RISING,Chart_Datum_LAT,Open-Meteo_Marine_Real+TidalModel,https://marine-api.open-meteo.com/v1/marine?latitude=12.8698&longitude=74.8431&s
2024-06-07T07:00,12.8698,74.8431,Mangalore_Port,1.6221470927715136,1.12,0.98,0.16100000000000003,1.7831470927715136,RISING,Chart_Datum_LAT,Open-Meteo_Marine_Real+TidalModel,https://marine-api.open-meteo.com/v1/marine?latitude=12.8698&longitude=74.8431&s
2024-06-07T08:00,12.8698,74.8431,Mangalore_Port,1.6835024478438927,1.12,0.98,0.16100000000000003,1.8445024478438927,RISING,Chart_Datum_LAT,Open-Meteo_Marine_Real+TidalModel,https://marine-api.open-meteo.com/v1/marine?latitude=12.8698&longitude=74.8431&s
2024-06-07T09:00,12.8698,74.8431,Mangalore_Port,1.608762412683408,1.12,0.98,0.16100000000000003,1.769762412683408,FALLING,Chart_Datum_LAT,Open-Meteo_Marine_Real+TidalModel,https://marine-api.open-meteo.com/v1/marine?latitude=12.8698&longitude=74.8431&s
2024-06-07T10:00,12.8698,74.8431,Mangalore_Port,1.4230354785477939,1.14,0.98,0.16299999999999998,1.586035478547794,FALLING,Chart_Datum_LAT,Open-Meteo_Marine_Real+TidalModel,https://marine-api.open-meteo.com/v1/marine?latitude=12.8698&longitude=74.8431&s
2024-06-07T11:00,12.8698,74.8431,Mangalore_Port,1.178828953959433,1.14,0.98,0.16299999999999998,1.341828953959433,FALLING,Chart_Datum_LAT,Open-Meteo_Marine_Real+TidalModel,https://marine-api.open-meteo.com/v1/marine?latitude=12.8698&longitude=74.8431&s
2024-06-07T12:00,12.8698,74.8431,Mangalore_Port,0.9426647641255046,1.14,1.0,0.16399999999999998,1.1066647641255045,FALLING,Chart_Datum_LAT,Open-Meteo_Marine_Real+TidalModel,https://marine-api.open-meteo.com/v1/marine?latitude=12.8698&longitude=74.8431&s
2024-06-07T13:00,12.8698,74.8431,Mangalore_Port,0.7784332187093279,1.16,1.0,0.16599999999999998,0.9444332187093278,FALLING,Chart_Datum_LAT,Open-Meteo_Marine_Real+TidalModel,https://marine-api.open-meteo.com/v1/marine?latitude=12.8698&longitude=74.8431&s
2024-06-07T14:00,12.8698,74.8431,Mangalore_Port,0.7315644436745108,1.16,1.02,0.16699999999999998,0.8985644436745108,FALLING,Chart_Datum_LAT,Open-Meteo_Marine_Real+TidalModel,https://marine-api.open-meteo.com/v1/marine?latitude=12.8698&longitude=74.8431&s
2024-06-07T15:00,12.8698,74.8431,Mangalore_Port,0.8178502973230646,1.22,1.06,0.175,0.9928502973230646,RISING,Chart_Datum_LAT,Open-Meteo_Marine_Real+TidalModel,https://marine-api.open-meteo.com/v1/marine?latitude=12.8698&longitude=74.8431&s
2024-06-07T16:00,12.8698,74.8431,Mangalore_Port,1.0195830452342602,1.26,1.12,0.182,1.2015830452342602,RISING,Chart_Datum_LAT,Open-Meteo_Marine_Real+TidalModel,https://marine-api.open-meteo.com/v1/marine?latitude=12.8698&longitude=74.8431&s
2024-06-07T17:00,12.8698,74.8431,Mangalore_Port,1.2898831811641134,1.32,1.16,0.19,1.4798831811641133,RISING,Chart_Datum_LAT,Open-Meteo_Marine_Real+TidalModel,https://marine-api.open-meteo.com/v1/marine?latitude=12.8698&longitude=74.8431&s
2024-06-07T18:00,12.8698,74.8431,Mangalore_Port,1.5641058820876226,1.3,1.14,0.187,1.7511058820876226,RISING,Chart_Datum_LAT,Open-Meteo_Marine_Real+TidalModel,https://marine-api.open-meteo.com/v1/marine?latitude=12.8698&longitude=74.8431&s
2024-06-07T19:00,12.8698,74.8431,Mangalore_Port,1.7755212013078243,1.3,1.12,0.186,1.9615212013078243,RISING,Chart_Datum_LAT,Open-Meteo_Marine_Real+TidalModel,https://marine-api.open-meteo.com/v1/marine?latitude=12.8698&longitude=74.8431&s
2024-06-07T20:00,12.8698,74.8431,Mangalore_Port,1.8714595265890748,1.28,1.1,0.183,2.0544595265890746,HIGH,Chart_Datum_LAT,Open-Meteo_Marine_Real+TidalModel,https://marine-api.open-meteo.com/v1/marine?latitude=12.8698&longitude=74.8431&s
2024-06-07T21:00,12.8698,74.8431,Mangalore_Port,1.826033342463602,1.26,1.1,0.181,2.0070333424636018,HIGH,Chart_Datum_LAT,Open-Meteo_Marine_Real+TidalModel,https://marine-api.open-meteo.com/v1/marine?latitude=12.8698&longitude=74.8431&s
2024-06-07T22:00,12.8698,74.8431,Mangalore_Port,1.64639821225441,1.22,1.08,0.176,1.82239821225441,FALLING,Chart_Datum_LAT,Open-Meteo_Marine_Real+TidalModel,https://marine-api.open-meteo.com/v1/marine?latitude=12.8698&longitude=74.8431&s
2024-06-07T23:00,12.8698,74.8431,Mangalore_Port,1.3710870702955849,1.2,1.08,0.174,1.5450870702955848,FALLING,Chart_Datum_LAT,Open-Meteo_Marine_Real+TidalModel,https://marine-api.open-meteo.com/v1/marine?latitude=12.8698&longitude=74.8431&s
2024-06-08T00:00,12.8698,74.8431,Mangalore_Port,1.0608603379903145,1.18,1.06,0.17099999999999999,1.2318603379903146,FALLING,Chart_Datum_LAT,Open-Meteo_Marine_Real+TidalModel,https://marine-api.open-meteo.com/v1/marine?latitude=12.8698&longitude=74.8431&s
2024-06-08T01:00,12.8698,74.8431,Mangalore_Port,0.7843016943982621,1.18,1.06,0.17099999999999999,0.9553016943982622,FALLING,Chart_Datum_LAT,Open-Meteo_Marine_Real+TidalModel,https://marine-api.open-meteo.com/v1/marine?latitude=12.8698&longitude=74.8431&s
2024-06-08T02:00,12.8698,74.8431,Mangalore_Port,0.6016304796167045,1.16,1.04,0.16799999999999998,0.7696304796167044,LOW,Chart_Datum_LAT,Open-Meteo_Marine_Real+TidalModel,https://marine-api.open-meteo.com/v1/marine?latitude=12.8698&longitude=74.8431&s
2024-06-08T03:00,12.8698,74.8431,Mangalore_Port,0.5506053668661214,1.16,1.04,0.16799999999999998,0.7186053668661214,LOW,Chart_Datum_LAT,Open-Meteo_Marine_Real+TidalModel,https://marine-api.open-meteo.com/v1/marine?latitude=12.8698&longitude=74.8431&s
2024-06-08T04:00,12.8698,74.8431,Mangalore_Port,0.6378702873933377,1.14,1.02,0.16499999999999998,0.8028702873933378,LOW,Chart_Datum_LAT,Open-Meteo_Marine_Real+TidalModel,https://marine-api.open-meteo.com/v1/marine?latitude=12.8698&longitude=74.8431&s
2024-06-08T05:00,12.8698,74.8431,Mangalore_Port,0.8377737995628816,1.14,1.02,0.16499999999999998,1.0027737995628816,RISING,Chart_Datum_LAT,Open-Meteo_Marine_Real+TidalModel,https://marine-api.open-meteo.com/v1/marine?latitude=12.8698&longitude=74.8431&s
2024-06-08T06:00,12.8698,74.8431,Mangalore_Port,1.0988964574560247,1.18,1.06,0.17099999999999999,1.2698964574560248,RISING,Chart_Datum_LAT,Open-Meteo_Marine_Real+TidalModel,https://marine-api.open-meteo.com/v1/marine?latitude=12.8698&longitude=74.8431&s
2024-06-08T07:00,12.8698,74.8431,Mangalore_Port,1.3566777084613062,1.22,1.08,0.176,1.5326777084613061,RISING,Chart_Datum_LAT,Open-Meteo_Marine_Real+TidalModel,https://marine-api.open-meteo.com/v1/marine?latitude=12.8698&longitude=74.8431&s
2024-06-08T08:00,12.8698,74.8431,Mangalore_Port,1.5490834316426292,1.26,1.12,0.182,1.7310834316426291,RISING,Chart_Datum_LAT,Open-Meteo_Marine_Real+TidalModel,https://marine-api.open-meteo.com/v1/marine?latitude=12.8698&longitude=74.8431&s
2024-06-08T09:00,12.8698,74.8431,Mangalore_Port,1.6315410199081786,1.24,1.1,0.179,1.8105410199081786,RISING,Chart_Datum_LAT,Open-Meteo_Marine_Real+TidalModel,https://marine-api.open-meteo.com/v1/marine?latitude=12.8698&longitude=74.8431&s
2024-06-08T10:00,12.8698,74.8431,Mangalore_Port,1.5875582663537278,1.24,1.08,0.178,1.7655582663537277,FALLING,Chart_Datum_LAT,Open-Meteo_Marine_Real+TidalModel,https://marine-api.open-meteo.com/v1/marine?latitude=12.8698&longitude=74.8431&s
2024-06-08T11:00,12.8698,74.8431,Mangalore_Port,1.43248745604353,1.22,1.06,0.175,1.60748745604353,FALLING,Chart_Datum_LAT,Open-Meteo_Marine_Real+TidalModel,https://marine-api.open-meteo.com/v1/marine?latitude=12.8698&longitude=74.8431&s
2024-06-08T12:00,12.8698,74.8431,Mangalore_Port,1.2095460572308288,1.2,1.06,0.173,1.3825460572308288,FALLING,Chart_Datum_LAT,Open-Meteo_Marine_Real+TidalModel,https://marine-api.open-meteo.com/v1/marine?latitude=12.8698&longitude=74.8431&s
2024-06-08T13:00,12.8698,74.8431,Mangalore_Port,0.9790660421733042,1.2,1.04,0.172,1.151066042173304,FALLING,Chart_Datum_LAT,Open-Meteo_Marine_Real+TidalModel,https://marine-api.open-meteo.com/v1/marine?latitude=12.8698&longitude=74.8431&s
2024-06-08T14:00,12.8698,74.8431,Mangalore_Port,0.8035712225722067,1.18,1.04,0.16999999999999998,0.9735712225722066,FALLING,Chart_Datum_LAT,Open-Meteo_Marine_Real+TidalModel,https://marine-api.open-meteo.com/v1/marine?latitude=12.8698&longitude=74.8431&s
2024-06-08T15:00,12.8698,74.8431,Mangalore_Port,0.7322876234170541,1.22,1.06,0.175,0.9072876234170542,FALLING,Chart_Datum_LAT,Open-Meteo_Marine_Real+TidalModel,https://marine-api.open-meteo.com/v1/marine?latitude=12.8698&longitude=74.8431&s
2024-06-08T16:00,12.8698,74.8431,Mangalore_Port,0.7888350047394626,1.26,1.08,0.18,0.9688350047394625,RISING,Chart_Datum_LAT,Open-Meteo_Marine_Real+TidalModel,https://marine-api.open-meteo.com/v1/marine?latitude=12.8698&longitude=74.8431&s
2024-06-08T17:00,12.8698,74.8431,Mangalore_Port,0.9650922662392676,1.3,1.1,0.185,1.1500922662392676,RISING,Chart_Datum_LAT,Open-Meteo_Marine_Real+TidalModel,https://marine-api.open-meteo.com/v1/marine?latitude=12.8698&longitude=74.8431&s
2024-06-08T18:00,12.8698,74.8431,Mangalore_Port,1.2227536563672925,1.34,1.16,0.192,1.4147536563672924,RISING,Chart_Datum_LAT,Open-Meteo_Marine_Real+TidalModel,https://marine-api.open-meteo.com/v1/marine?latitude=12.8698&longitude=74.8431&s
2024-06-08T19:00,12.8698,74.8431,Mangalore_Port,1.5022468168961118,1.38,1.2,0.19799999999999998,1.7002468168961118,RISING,Chart_Datum_LAT,Open-Meteo_Marine_Real+TidalModel,https://marine-api.open-meteo.com/v1/marine?latitude=12.8698&longitude=74.8431&s
2024-06-08T20:00,12.8698,74.8431,Mangalore_Port,1.7369078644955294,1.42,1.26,0.205,1.9419078644955294,RISING,Chart_Datum_LAT,Open-Meteo_Marine_Real+TidalModel,https://marine-api.open-meteo.com/v1/marine?latitude=12.8698&longitude=74.8431&s
2024-06-08T21:00,12.8698,74.8431,Mangalore_Port,1.869028605024094,1.46,1.32,0.212,2.0810286050240943,HIGH,Chart_Datum_LAT,Open-Meteo_Marine_Real+TidalModel,https://marine-api.open-meteo.com/v1/marine?latitude=12.8698&longitude=74.8431&s
2024-06-08T22:00,12.8698,74.8431,Mangalore_Port,1.8639163451331957,1.52,1.4,0.22200000000000003,2.085916345133196,HIGH,Chart_Datum_LAT,Open-Meteo_Marine_Real+TidalModel,https://marine-api.open-meteo.com/v1/marine?latitude=12.8698&longitude=74.8431&s
2024-06-08T23:00,12.8698,74.8431,Mangalore_Port,1.7185568436838716,1.56,1.46,0.22900000000000004,1.9475568436838717,FALLING,Chart_Datum_LAT,Open-Meteo_Marine_Real+TidalModel,https://marine-api.open-meteo.com/v1/marine?latitude=12.8698&longitude=74.8431&s
2024-06-09T00:00,12.8698,74.8431,Mangalore_Port,1.4627445604731295,1.56,1.4,0.22600000000000003,1.6887445604731295,FALLING,Chart_Datum_LAT,Open-Meteo_Marine_Real+TidalModel,https://marine-api.open-meteo.com/v1/marine?latitude=12.8698&longitude=74.8431&s
2024-06-09T01:00,12.8698,74.8431,Mangalore_Port,1.1523422484266885,1.56,1.32,0.22200000000000003,1.3743422484266885,FALLING,Chart_Datum_LAT,Open-Meteo_Marine_Real+TidalModel,https://marine-api.open-meteo.com/v1/marine?latitude=12.8698&longitude=74.8431&s
2024-06-09T02:00,12.8698,74.8431,Mangalore_Port,0.8562264794160206,1.56,1.26,0.21900000000000003,1.0752264794160207,FALLING,Chart_Datum_LAT,Open-Meteo_Marine_Real+TidalModel,https://marine-api.open-meteo.com/v1/marine?latitude=12.8698&longitude=74.8431&s
2024-06-09T03:00,12.8698,74.8431,Mangalore_Port,0.6400120065003866,1.54,1.22,0.21500000000000002,0.8550120065003866,LOW,Chart_Datum_LAT,Open-Meteo_Marine_Real+TidalModel,https://marine-api.open-meteo.com/v1/marine?latitude=12.8698&longitude=74.8431&s
2024-06-09T04:00,12.8698,74.8431,Mangalore_Port,0.5504525184230311,1.54,1.2,0.21400000000000002,0.7644525184230311,LOW,Chart_Datum_LAT,Open-Meteo_Marine_Real+TidalModel,https://marine-api.open-meteo.com/v1/marine?latitude=12.8698&longitude=74.8431&s
2024-06-09T05:00,12.8698,74.8431,Mangalore_Port,0.6042868930562939,1.52,1.16,0.21000000000000002,0.8142868930562939,LOW,Chart_Datum_LAT,Open-Meteo_Marine_Real+TidalModel,https://marine-api.open-meteo.com/v1/marine?latitude=12.8698&longitude=74.8431&s
2024-06-09T06:00,12.8698,74.8431,Mangalore_Port,0.7842595048269237,1.5,1.24,0.21200000000000002,0.9962595048269238,RISING,Chart_Datum_LAT,Open-Meteo_Marine_Real+TidalModel,https://marine-api.open-meteo.com/v1/marine?latitude=12.8698&longitude=74.8431&s
2024-06-09T07:00,12.8698,74.8431,Mangalore_Port,1.0433316748197634,1.5,1.3,0.21500000000000002,1.2583316748197635,RISING,Chart_Datum_LAT,Open-Meteo_Marine_Real+TidalModel,https://marine-api.open-meteo.com/v1/marine?latitude=12.8698&longitude=74.8431&s
2024-06-09T08:00,12.8698,74.8431,Mangalore_Port,1.3161251412558324,1.48,1.38,0.21699999999999997,1.5331251412558324,RISING,Chart_Datum_LAT,Open-Meteo_Marine_Real+TidalModel,https://marine-api.open-meteo.com/v1/marine?latitude=12.8698&longitude=74.8431&s
2024-06-09T09:00,12.8698,74.8431,Mangalore_Port,1.5348728992439136,1.48,1.38,0.21699999999999997,1.7518728992439137,RISING,Chart_Datum_LAT,Open-Meteo_Marine_Real+TidalModel,https://marine-api.open-meteo.com/v1/marine?latitude=12.8698&longitude=74.8431&s
2024-06-09T10:00,12.8698,74.8431,Mangalore_Port,1.6460287186152427,1.46,1.36,0.214,1.8600287186152427,RISING,Chart_Datum_LAT,Open-Meteo_Marine_Real+TidalModel,https://marine-api.open-meteo.com/v1/marine?latitude=12.8698&longitude=74.8431&s
2024-06-09T11:00,12.8698,74.8431,Mangalore_Port,1.6234853845915813,1.46,1.36,0.214,1.8374853845915813,FALLING,Chart_Datum_LAT,Open-Meteo_Marine_Real+TidalModel,https://marine-api.open-meteo.com/v1/marine?latitude=12.8698&longitude=74.8431&s
2024-06-09T12:00,12.8698,74.8431,Mangalore_Port,1.4751345371483182,1.46,1.36,0.214,1.6891345371483182,FALLING,Chart_Datum_LAT,Open-Meteo_Marine_Real+TidalModel,https://marine-api.open-meteo.com/v1/marine?latitude=12.8698&longitude=74.8431&s
2024-06-09T13:00,12.8698,74.8431,Mangalore_Port,1.24109091047957,1.46,1.34,0.213,1.45409091047957,FALLING,Chart_Datum_LAT,Open-Meteo_Marine_Real+TidalModel,https://marine-api.open-meteo.com/v1/marine?latitude=12.8698&longitude=74.8431&s
2024-06-09T14:00,12.8698,74.8431,Mangalore_Port,0.9839246217064301,1.46,1.34,0.213,1.1969246217064302,FALLING,Chart_Datum_LAT,Open-Meteo_Marine_Real+TidalModel,https://marine-api.open-meteo.com/v1/marine?latitude=12.8698&longitude=74.8431&s
2024-06-09T15:00,12.8698,74.8431,Mangalore_Port,0.773209821029891,1.46,1.34,0.213,0.986209821029891,FALLING,Chart_Datum_LAT,Open-Meteo_Marine_Real+TidalModel,https://marine-api.open-meteo.com/v1/marine?latitude=12.8698&longitude=74.8431&s
2024-06-09T16:00,12.8698,74.8431,Mangalore_Port,0.668125285029753,1.46,1.34,0.213,0.881125285029753,LOW,Chart_Datum_LAT,Open-Meteo_Marine_Real+TidalModel,https://marine-api.open-meteo.com/v1/marine?latitude=12.8698&longitude=74.8431&s
2024-06-09T17:00,12.8698,74.8431,Mangalore_Port,0.7023746556390886,1.46,1.34,0.213,0.9153746556390886,RISING,Chart_Datum_LAT,Open-Meteo_Marine_Real+TidalModel,https://marine-api.open-meteo.com/v1/marine?latitude=12.8698&longitude=74.8431&s
2024-06-09T18:00,12.8698,74.8431,Mangalore_Port,0.8751863332090417,1.46,1.34,0.213,1.0881863332090418,RISING,Chart_Datum_LAT,Open-Meteo_Marine_Real+TidalModel,https://marine-api.open-meteo.com/v1/marine?latitude=12.8698&longitude=74.8431&s
2024-06-09T19:00,12.8698,74.8431,Mangalore_Port,1.1507132042734975,1.46,1.36,0.214,1.3647132042734975,RISING,Chart_Datum_LAT,Open-Meteo_Marine_Real+TidalModel,https://marine-api.open-meteo.com/v1/marine?latitude=12.8698&longitude=74.8431&s
2024-06-09T20:00,12.8698,74.8431,Mangalore_Port,1.4661186923139464,1.46,1.36,0.214,1.6801186923139464,RISING,Chart_Datum_LAT,Open-Meteo_Marine_Real+TidalModel,https://marine-api.open-meteo.com/v1/marine?latitude=12.8698&longitude=74.8431&s
2024-06-09T21:00,12.8698,74.8431,Mangalore_Port,1.7464981962944028,1.52,1.42,0.22300000000000003,1.969498196294403,RISING,Chart_Datum_LAT,Open-Meteo_Marine_Real+TidalModel,https://marine-api.open-meteo.com/v1/marine?latitude=12.8698&longitude=74.8431&s
2024-06-09T22:00,12.8698,74.8431,Mangalore_Port,1.9230682448756515,1.6,1.48,0.23400000000000004,2.1570682448756515,HIGH,Chart_Datum_LAT,Open-Meteo_Marine_Real+TidalModel,https://marine-api.open-meteo.com/v1/marine?latitude=12.8698&longitude=74.8431&s
2024-06-09T23:00,12.8698,74.8431,Mangalore_Port,1.9501899703490138,1.66,1.54,0.24300000000000002,2.193189970349014,HIGH,Chart_Datum_LAT,Open-Meteo_Marine_Real+TidalModel,https://marine-api.open-meteo.com/v1/marine?latitude=12.8698&longitude=74.8431&s
2024-06-10T00:00,12.8698,74.8431,Mangalore_Port,1.8170072116738418,1.66,1.56,0.24400000000000002,2.061007211673842,HIGH,Chart_Datum_LAT,Open-Meteo_Marine_Real+TidalModel,https://marine-api.open-meteo.com/v1/marine?latitude=12.8698&longitude=74.8431&s
2024-06-10T01:00,12.8698,74.8431,Mangalore_Port,1.5507389469114372,1.68,1.56,0.24600000000000002,1.7967389469114372,FALLING,Chart_Datum_LAT,Open-Meteo_Marine_Real+TidalModel,https://marine-api.open-meteo.com/v1/marine?latitude=12.8698&longitude=74.8431&s
2024-06-10T02:00,12.8698,74.8431,Mangalore_Port,1.2106781483541633,1.68,1.58,0.24700000000000003,1.4576781483541634,FALLING,Chart_Datum_LAT,Open-Meteo_Marine_Real+TidalModel,https://marine-api.open-meteo.com/v1/marine?latitude=12.8698&longitude=74.8431&s
2024-06-10T03:00,12.8698,74.8431,Mangalore_Port,0.8742302067893591,1.68,1.56,0.24600000000000002,1.1202302067893593,FALLING,Chart_Datum_LAT,Open-Meteo_Marine_Real+TidalModel,https://marine-api.open-meteo.com/v1/marine?latitude=12.8698&longitude=74.8431&s
2024-06-10T04:00,12.8698,74.8431,Mangalore_Port,0.6183138859801162,1.66,1.56,0.24400000000000002,0.8623138859801162,LOW,Chart_Datum_LAT,Open-Meteo_Marine_Real+TidalModel,https://marine-api.open-meteo.com/v1/marine?latitude=12.8698&longitude=74.8431&s
2024-06-10T05:00,12.8698,74.8431,Mangalore_Port,0.5006481244368542,1.66,1.54,0.24300000000000002,0.7436481244368542,LOW,Chart_Datum_LAT,Open-Meteo_Marine_Real+TidalModel,https://marine-api.open-meteo.com/v1/marine?latitude=12.8698&longitude=74.8431&s
2024-06-10T06:00,12.8698,74.8431,Mangalore_Port,0.5455471537742134,1.66,1.52,0.24200000000000002,0.7875471537742134,LOW,Chart_Datum_LAT,Open-Meteo_Marine_Real+TidalModel,https://marine-api.open-meteo.com/v1/marine?latitude=12.8698&longitude=74.8431&s
2024-06-10T07:00,12.8698,74.8431,Mangalore_Port,0.7378001766914917,1.64,1.52,0.24000000000000002,0.9778001766914917,RISING,Chart_Datum_LAT,Open-Meteo_Marine_Real+TidalModel,https://marine-api.open-meteo.com/v1/marine?latitude=12.8698&longitude=74.8431&s
2024-06-10T08:00,12.8698,74.8431,Mangalore_Port,1.0262599113428652,1.64,1.5,0.23900000000000002,1.2652599113428653,RISING,Chart_Datum_LAT,Open-Meteo_Marine_Real+TidalModel,https://marine-api.open-meteo.com/v1/marine?latitude=12.8698&longitude=74.8431&s
2024-06-10T09:00,12.8698,74.8431,Mangalore_Port,1.3363761512066228,1.62,1.48,0.23600000000000004,1.5723761512066228,RISING,Chart_Datum_LAT,Open-Meteo_Marine_Real+TidalModel,https://marine-api.open-meteo.com/v1/marine?latitude=12.8698&longitude=74.8431&s
2024-06-10T10:00,12.8698,74.8431,Mangalore_Port,1.5886730212783997,1.62,1.48,0.23600000000000004,1.8246730212783997,RISING,Chart_Datum_LAT,Open-Meteo_Marine_Real+TidalModel,https://marine-api.open-meteo.com/v1/marine?latitude=12.8698&longitude=74.8431&s
2024-06-10T11:00,12.8698,74.8431,Mangalore_Port,1.7186421526284994,1.6,1.46,0.23300000000000004,1.9516421526284995,RISING,Chart_Datum_LAT,Open-Meteo_Marine_Real+TidalModel,https://marine-api.open-meteo.com/v1/marine?latitude=12.8698&longitude=74.8431&s
2024-06-10T12:00,12.8698,74.8431,Mangalore_Port,1.6931019205523938,1.58,1.46,0.23100000000000004,1.924101920552394,FALLING,Chart_Datum_LAT,Open-Meteo_Marine_Real+TidalModel,https://marine-api.open-meteo.com/v1/marine?latitude=12.8698&longitude=74.8431&s
2024-06-10T13:00,12.8698,74.8431,Mangalore_Port,1.5188800811493015,1.58,1.44,0.23000000000000004,1.7488800811493015,FALLING,Chart_Datum_LAT,Open-Meteo_Marine_Real+TidalModel,https://marine-api.open-meteo.com/v1/marine?latitude=12.8698&longitude=74.8431&s
2024-06-10T14:00,12.8698,74.8431,Mangalore_Port,1.2415335128873874,1.56,1.44,0.22800000000000004,1.4695335128873874,FALLING,Chart_Datum_LAT,Open-Meteo_Marine_Real+TidalModel,https://marine-api.open-meteo.com/v1/marine?latitude=12.8698&longitude=74.8431&s
2024-06-10T15:00,12.8698,74.8431,Mangalore_Port,0.934278384329325,1.56,1.44,0.22800000000000004,1.162278384329325,FALLING,Chart_Datum_LAT,Open-Meteo_Marine_Real+TidalModel,https://marine-api.open-meteo.com/v1/marine?latitude=12.8698&longitude=74.8431&s
2024-06-10T16:00,12.8698,74.8431,Mangalore_Port,0.679761654143418,1.56,1.42,0.22700000000000004,0.906761654143418,LOW,Chart_Datum_LAT,Open-Meteo_Marine_Real+TidalModel,https://marine-api.open-meteo.com/v1/marine?latitude=12.8698&longitude=74.8431&s
2024-06-10T17:00,12.8698,74.8431,Mangalore_Port,0.5491443987460541,1.56,1.42,0.22700000000000004,0.7761443987460541,LOW,Chart_Datum_LAT,Open-Meteo_Marine_Real+TidalModel,https://marine-api.open-meteo.com/v1/marine?latitude=12.8698&longitude=74.8431&s
2024-06-10T18:00,12.8698,74.8431,Mangalore_Port,0.5837167236743531,1.56,1.44,0.22800000000000004,0.8117167236743532,LOW,Chart_Datum_LAT,Open-Meteo_Marine_Real+TidalModel,https://marine-api.open-meteo.com/v1/marine?latitude=12.8698&longitude=74.8431&s
2024-06-10T19:00,12.8698,74.8431,Mangalore_Port,0.7837155992332382,1.58,1.44,0.23000000000000004,1.0137155992332383,RISING,Chart_Datum_LAT,Open-Meteo_Marine_Real+TidalModel,https://marine-api.open-meteo.com/v1/marine?latitude=12.8698&longitude=74.8431&s
2024-06-10T20:00,12.8698,74.8431,Mangalore_Port,1.107285674600798,1.58,1.46,0.23100000000000004,1.338285674600798,RISING,Chart_Datum_LAT,Open-Meteo_Marine_Real+TidalModel,https://marine-api.open-meteo.com/v1/marine?latitude=12.8698&longitude=74.8431&s
2024-06-10T21:00,12.8698,74.8431,Mangalore_Port,1.4800231924140752,1.62,1.5,0.23700000000000004,1.7170231924140753,RISING,Chart_Datum_LAT,Open-Meteo_Marine_Real+TidalModel,https://marine-api.open-meteo.com/v1/marine?latitude=12.8698&longitude=74.8431&s
2024-06-10T22:00,12.8698,74.8431,Mangalore_Port,1.8128896380016906,1.68,1.56,0.24600000000000002,2.058889638001691,HIGH,Chart_Datum_LAT,Open-Meteo_Marine_Real+TidalModel,https://marine-api.open-meteo.com/v1/marine?latitude=12.8698&longitude=74.8431&s
2024-06-10T23:00,12.8698,74.8431,Mangalore_Port,2.0241395864769682,1.72,1.6,0.252,2.276139586476968,HIGH,Chart_Datum_LAT,Open-Meteo_Marine_Real+TidalModel,https://marine-api.open-meteo.com/v1/marine?latitude=12.8698&longitude=74.8431&s
2024-06-11T00:00,12.8698,74.8431,Mangalore_Port,2.0598244432890005,1.72,1.6,0.252,2.3118244432890007,HIGH,Chart_Datum_LAT,Open-Meteo_Marine_Real+TidalModel,https://marine-api.open-meteo.com/v1/marine?latitude=12.8698&longitude=74.8431&s
2024-06-11T01:00,12.8698,74.8431,Mangalore_Port,1.9077013835991625,1.72,1.6,0.252,2.1597013835991623,HIGH,Chart_Datum_LAT,Open-Meteo_Marine_Real+TidalModel,https://marine-api.open-meteo.com/v1/marine?latitude=12.8698&longitude=74.8431&s
2024-06-11T02:00,12.8698,74.8431,Mangalore_Port,1.6009505219976734,1.72,1.6,0.252,1.8529505219976734,FALLING,Chart_Datum_LAT,Open-Meteo_Marine_Real+TidalModel,https://marine-api.open-meteo.com/v1/marine?latitude=12.8698&longitude=74.8431&s
2024-06-11T03:00,12.8698,74.8431,Mangalore_Port,1.2106087402093024,1.7,1.58,0.24900000000000003,1.4596087402093025,FALLING,Chart_Datum_LAT,Open-Meteo_Marine_Real+TidalModel,https://marine-api.open-meteo.com/v1/marine?latitude=12.8698&longitude=74.8431&s
2024-06-11T04:00,12.8698,74.8431,Mangalore_Port,0.8284496059174766,1.68,1.58,0.24700000000000003,1.0754496059174767,FALLING,Chart_Datum_LAT,Open-Meteo_Marine_Real+TidalModel,https://marine-api.open-meteo.com/v1/marine?latitude=12.8698&longitude=74.8431&s
2024-06-11T05:00,12.8698,74.8431,Mangalore_Port,0.5444690580502813,1.66,1.56,0.24400000000000002,0.7884690580502813,LOW,Chart_Datum_LAT,Open-Meteo_Marine_Real+TidalModel,https://marine-api.open-meteo.com/v1/marine?latitude=12.8698&longitude=74.8431&s
2024-06-11T06:00,12.8698,74.8431,Mangalore_Port,0.42455626583775574,1.72,1.6,0.252,0.6765562658377557,LOW,Chart_Datum_LAT,Open-Meteo_Marine_Real+TidalModel,https://marine-api.open-meteo.com/v1/marine?latitude=12.8698&longitude=74.8431&s
2024-06-11T07:00,12.8698,74.8431,Mangalore_Port,0.4939634178075849,1.76,1.66,0.259,0.7529634178075849,LOW,Chart_Datum_LAT,Open-Meteo_Marine_Real+TidalModel,https://marine-api.open-meteo.com/v1/marine?latitude=12.8698&longitude=74.8431&s
2024-06-11T08:00,12.8698,74.8431,Mangalore_Port,0.7308062741077401,1.82,1.7,0.267,0.9978062741077401,RISING,Chart_Datum_LAT,Open-Meteo_Marine_Real+TidalModel,https://marine-api.open-meteo.com/v1/marine?latitude=12.8698&longitude=74.8431&s
2024-06-11T09:00,12.8698,74.8431,Mangalore_Port,1.0713559641647017,1.82,1.7,0.267,1.3383559641647018,RISING,Chart_Datum_LAT,Open-Meteo_Marine_Real+TidalModel,https://marine-api.open-meteo.com/v1/marine?latitude=12.8698&longitude=74.8431&s
2024-06-11T10:00,12.8698,74.8431,Mangalore_Port,1.425929634241903,1.8,1.68,0.264,1.689929634241903,RISING,Chart_Datum_LAT,Open-Meteo_Marine_Real+TidalModel,https://marine-api.open-meteo.com/v1/marine?latitude=12.8698&longitude=74.8431&s
2024-06-11T11:00,12.8698,74.8431,Mangalore_Port,1.7014928276028394,1.8,1.68,0.264,1.9654928276028394,RISING,Chart_Datum_LAT,Open-Meteo_Marine_Real+TidalModel,https://marine-api.open-meteo.com/v1/marine?latitude=12.8698&longitude=74.8431&s
2024-06-11T12:00,12.8698,74.8431,Mangalore_Port,1.8253360763527988,1.78,1.66,0.261,2.086336076352799,HIGH,Chart_Datum_LAT,Open-Meteo_Marine_Real+TidalModel,https://marine-api.open-meteo.com/v1/marine?latitude=12.8698&longitude=74.8431&s
2024-06-11T13:00,12.8698,74.8431,Mangalore_Port,1.763839846239256,1.78,1.66,0.261,2.024839846239256,FALLING,Chart_Datum_LAT,Open-Meteo_Marine_Real+TidalModel,https://marine-api.open-meteo.com/v1/marine?latitude=12.8698&longitude=74.8431&s
2024-06-11T14:00,12.8698,74.8431,Mangalore_Port,1.531505162547879,1.76,1.64,0.258,1.789505162547879,FALLING,Chart_Datum_LAT,Open-Meteo_Marine_Real+TidalModel,https://marine-api.open-meteo.com/v1/marine?latitude=12.8698&longitude=74.8431&s
2024-06-11T15:00,12.8698,74.8431,Mangalore_Port,1.1878297016981716,1.76,1.62,0.257,1.4448297016981715,FALLING,Chart_Datum_LAT,Open-Meteo_Marine_Real+TidalModel,https://marine-api.open-meteo.com/v1/marine?latitude=12.8698&longitude=74.8431&s
2024-06-11T16:00,12.8698,74.8431,Mangalore_Port,0.8226598995482605,1.74,1.6,0.254,1.0766598995482606,FALLING,Chart_Datum_LAT,Open-Meteo_Marine_Real+TidalModel,https://marine-api.open-meteo.com/v1/marine?latitude=12.8698&longitude=74.8431&s
2024-06-11T17:00,12.8698,74.8431,Mangalore_Port,0.5335840940466261,1.74,1.58,0.253,0.7865840940466261,LOW,Chart_Datum_LAT,Open-Meteo_Marine_Real+TidalModel,https://marine-api.open-meteo.com/v1/marine?latitude=12.8698&longitude=74.8431&s
2024-06-11T18:00,12.8698,74.8431,Mangalore_Port,0.401003193824349,1.72,1.58,0.251,0.652003193824349,LOW,Chart_Datum_LAT,Open-Meteo_Marine_Real+TidalModel,https://marine-api.open-meteo.com/v1/marine?latitude=12.8698&longitude=74.8431&s
2024-06-11T19:00,12.8698,74.8431,Mangalore_Port,0.46718515705006813,1.72,1.58,0.251,0.7181851570500681,LOW,Chart_Datum_LAT,Open-Meteo_Marine_Real+TidalModel,https://marine-api.open-meteo.com/v1/marine?latitude=12.8698&longitude=74.8431&s
2024-06-11T20:00,12.8698,74.8431,Mangalore_Port,0.7246871727868223,1.7,1.58,0.24900000000000003,0.9736871727868223,RISING,Chart_Datum_LAT,Open-Meteo_Marine_Real+TidalModel,https://marine-api.open-meteo.com/v1/marine?latitude=12.8698&longitude=74.8431&s
2024-06-11T21:00,12.8698,74.8431,Mangalore_Port,1.1172262999814866,1.7,1.58,0.24900000000000003,1.3662262999814867,RISING,Chart_Datum_LAT,Open-Meteo_Marine_Real+TidalModel,https://marine-api.open-meteo.com/v1/marine?latitude=12.8698&longitude=74.8431&s
2024-06-11T22:00,12.8698,74.8431,Mangalore_Port,1.5529610751802387,1.68,1.56,0.24600000000000002,1.7989610751802387,RISING,Chart_Datum_LAT,Open-Meteo_Marine_Real+TidalModel,https://marine-api.open-meteo.com/v1/marine?latitude=12.8698&longitude=74.8431&s
2024-06-11T23:00,12.8698,74.8431,Mangalore_Port,1.9269944003331279,1.68,1.56,0.24600000000000002,2.172994400333128,HIGH,Chart_Datum_LAT,Open-Meteo_Marine_Real+TidalModel,https://marine-api.open-meteo.com/v1/marine?latitude=12.8698&longitude=74.8431&s
2024-06-12T00:00,12.8698,74.8431,Mangalore_Port,2.1475228415900864,1.66,1.56,0.24400000000000002,2.3915228415900867,HIGH,Chart_Datum_LAT,Open-Meteo_Marine_Real+TidalModel,https://marine-api.open-meteo.com/v1/marine?latitude=12.8698&longitude=74.8431&s
2024-06-12T01:00,12.8698,74.8431,Mangalore_Port,2.1590564370121395,1.66,1.54,0.24300000000000002,2.4020564370121393,HIGH,Chart_Datum_LAT,Open-Meteo_Marine_Real+TidalModel,https://marine-api.open-meteo.com/v1/marine?latitude=12.8698&longitude=74.8431&s
2024-06-12T02:00,12.8698,74.8431,Mangalore_Port,1.9567896848639172,1.64,1.54,0.24100000000000002,2.1977896848639173,HIGH,Chart_Datum_LAT,Open-Meteo_Marine_Real+TidalModel,https://marine-api.open-meteo.com/v1/marine?latitude=12.8698&longitude=74.8431&s
2024-06-12T03:00,12.8698,74.8431,Mangalore_Port,1.5883738163021173,1.64,1.54,0.24100000000000002,1.8293738163021174,FALLING,Chart_Datum_LAT,Open-Meteo_Marine_Real+TidalModel,https://marine-api.open-meteo.com/v1/marine?latitude=12.8698&longitude=74.8431&s
2024-06-12T04:00,12.8698,74.8431,Mangalore_Port,1.1424908228951454,1.66,1.56,0.24400000000000002,1.3864908228951454,FALLING,Chart_Datum_LAT,Open-Meteo_Marine_Real+TidalModel,https://marine-api.open-meteo.com/v1/marine?latitude=12.8698&longitude=74.8431&s
2024-06-12T05:00,12.8698,74.8431,Mangalore_Port,0.7269721372936138,1.66,1.56,0.24400000000000002,0.9709721372936138,FALLING,Chart_Datum_LAT,Open-Meteo_Marine_Real+TidalModel,https://marine-api.open-meteo.com/v1/marine?latitude=12.8698&longitude=74.8431&s
2024-06-12T06:00,12.8698,74.8431,Mangalore_Port,0.4418911367639604,1.66,1.56,0.24400000000000002,0.6858911367639604,LOW,Chart_Datum_LAT,Open-Meteo_Marine_Real+TidalModel,https://marine-api.open-meteo.com/v1/marine?latitude=12.8698&longitude=74.8431&s
2024-06-12T07:00,12.8698,74.8431,Mangalore_Port,0.3543966731185195,1.66,1.56,0.24400000000000002,0.5983966731185195,LOW,Chart_Datum_LAT,Open-Meteo_Marine_Real+TidalModel,https://marine-api.open-meteo.com/v1/marine?latitude=12.8698&longitude=74.8431&s
2024-06-12T08:00,12.8698,74.8431,Mangalore_Port,0.48168725550558966,1.66,1.56,0.24400000000000002,0.7256872555055897,LOW,Chart_Datum_LAT,Open-Meteo_Marine_Real+TidalModel,https://marine-api.open-meteo.com/v1/marine?latitude=12.8698&longitude=74.8431&s
2024-06-12T09:00,12.8698,74.8431,Mangalore_Port,0.7865251893011087,1.62,1.52,0.23800000000000004,1.0245251893011087,RISING,Chart_Datum_LAT,Open-Meteo_Marine_Real+TidalModel,https://marine-api.open-meteo.com/v1/marine?latitude=12.8698&longitude=74.8431&s
2024-06-12T10:00,12.8698,74.8431,Mangalore_Port,1.18654695346387,1.58,1.48,0.23200000000000004,1.41854695346387,RISING,Chart_Datum_LAT,Open-Meteo_Marine_Real+TidalModel,https://marine-api.open-meteo.com/v1/marine?latitude=12.8698&longitude=74.8431&s
2024-06-12T11:00,12.8698,74.8431,Mangalore_Port,1.5751278477054431,1.54,1.44,0.22600000000000003,1.801127847705443,RISING,Chart_Datum_LAT,Open-Meteo_Marine_Real+TidalModel,https://marine-api.open-meteo.com/v1/marine?latitude=12.8698&longitude=74.8431&s
2024-06-12T12:00,12.8698,74.8431,Mangalore_Port,1.8485930680622535,1.54,1.44,0.22600000000000003,2.0745930680622537,HIGH,Chart_Datum_LAT,Open-Meteo_Marine_Real+TidalModel,https://marine-api.open-meteo.com/v1/marine?latitude=12.8698&longitude=74.8431&s
2024-06-12T13:00,12.8698,74.8431,Mangalore_Port,1.9328962540940788,1.56,1.46,0.22900000000000004,2.1618962540940787,HIGH,Chart_Datum_LAT,Open-Meteo_Marine_Real+TidalModel,https://marine-api.open-meteo.com/v1/marine?latitude=12.8698&longitude=74.8431&s
2024-06-12T14:00,12.8698,74.8431,Mangalore_Port,1.8029511461245749,1.56,1.46,0.22900000000000004,2.031951146124575,HIGH,Chart_Datum_LAT,Open-Meteo_Marine_Real+TidalModel,https://marine-api.open-meteo.com/v1/marine?latitude=12.8698&longitude=74.8431&s
2024-06-12T15:00,12.8698,74.8431,Mangalore_Port,1.489605347387358,1.56,1.46,0.22900000000000004,1.7186053473873582,FALLING,Chart_Datum_LAT,Open-Meteo_Marine_Real+TidalModel,https://marine-api.open-meteo.com/v1/marine?latitude=12.8698&longitude=74.8431&s
2024-06-12T16:00,12.8698,74.8431,Mangalore_Port,1.0723464873979625,1.58,1.48,0.23200000000000004,1.3043464873979624,FALLING,Chart_Datum_LAT,Open-Meteo_Marine_Real+TidalModel,https://marine-api.open-meteo.com/v1/marine?latitude=12.8698&longitude=74.8431&s
2024-06-12T17:00,12.8698,74.8431,Mangalore_Port,0.6594530839685333,1.58,1.48,0.23200000000000004,0.8914530839685333,LOW,Chart_Datum_LAT,Open-Meteo_Marine_Real+TidalModel,https://marine-api.open-meteo.com/v1/marine?latitude=12.8698&longitude=74.8431&s
2024-06-12T18:00,12.8698,74.8431,Mangalore_Port,0.3605261584051721,1.6,1.5,0.23500000000000004,0.5955261584051721,LOW,Chart_Datum_LAT,Open-Meteo_Marine_Real+TidalModel,https://marine-api.open-meteo.com/v1/marine?latitude=12.8698&longitude=74.8431&s
2024-06-12T19:00,12.8698,74.8431,Mangalore_Port,0.25833576943169934,1.6,1.5,0.23500000000000004,0.4933357694316994,LOW,Chart_Datum_LAT,Open-Meteo_Marine_Real+TidalModel,https://marine-api.open-meteo.com/v1/marine?latitude=12.8698&longitude=74.8431&s
2024-06-12T20:00,12.8698,74.8431,Mangalore_Port,0.3871657463171546,1.62,1.52,0.23800000000000004,0.6251657463171547,LOW,Chart_Datum_LAT,Open-Meteo_Marine_Real+TidalModel,https://marine-api.open-meteo.com/v1/marine?latitude=12.8698&longitude=74.8431&s
2024-06-12T21:00,12.8698,74.8431,Mangalore_Port,0.723257869147526,1.64,1.54,0.24100000000000002,0.964257869147526,RISING,Chart_Datum_LAT,Open-Meteo_Marine_Real+TidalModel,https://marine-api.open-meteo.com/v1/marine?latitude=12.8698&longitude=74.8431&s
2024-06-12T22:00,12.8698,74.8431,Mangalore_Port,1.1899284219163198,1.64,1.54,0.24100000000000002,1.4309284219163199,RISING,Chart_Datum_LAT,Open-Meteo_Marine_Real+TidalModel,https://marine-api.open-meteo.com/v1/marine?latitude=12.8698&longitude=74.8431&s
2024-06-12T23:00,12.8698,74.8431,Mangalore_Port,1.6762139098776752,1.66,1.56,0.24400000000000002,1.9202139098776752,RISING,Chart_Datum_LAT,Open-Meteo_Marine_Real+TidalModel,https://marine-api.open-meteo.com/v1/marine?latitude=12.8698&longitude=74.8431&s
2024-06-13T00:00,12.8698,74.8431,Mangalore_Port,2.064440883493694,1.66,1.56,0.24400000000000002,2.3084408834936943,HIGH,Chart_Datum_LAT,Open-Meteo_Marine_Real+TidalModel,https://marine-api.open-meteo.com/v1/marine?latitude=12.8698&longitude=74.8431&s
2024-06-13T01:00,12.8698,74.8431,Mangalore_Port,2.259793948939544,1.68,1.58,0.24700000000000003,2.506793948939544,HIGH,Chart_Datum_LAT,Open-Meteo_Marine_Real+TidalModel,https://marine-api.open-meteo.com/v1/marine?latitude=12.8698&longitude=74.8431&s
2024-06-13T02:00,12.8698,74.8431,Mangalore_Port,2.2143801299181383,1.68,1.58,0.24700000000000003,2.461380129918138,HIGH,Chart_Datum_LAT,Open-Meteo_Marine_Real+TidalModel,https://marine-api.open-meteo.com/v1/marine?latitude=12.8698&longitude=74.8431&s
2024-06-13T03:00,12.8698,74.8431,Mangalore_Port,1.9396206705201597,1.68,1.58,0.24700000000000003,2.18662067052016,HIGH,Chart_Datum_LAT,Open-Meteo_Marine_Real+TidalModel,https://marine-api.open-meteo.com/v1/marine?latitude=12.8698&longitude=74.8431&s
2024-06-13T04:00,12.8698,74.8431,Mangalore_Port,1.503720679067083,1.7,1.6,0.25,1.753720679067083,FALLING,Chart_Datum_LAT,Open-Meteo_Marine_Real+TidalModel,https://marine-api.open-meteo.com/v1/marine?latitude=12.8698&longitude=74.8431&s
2024-06-13T05:00,12.8698,74.8431,Mangalore_Port,1.0147416617030425,1.7,1.6,0.25,1.2647416617030425,FALLING,Chart_Datum_LAT,Open-Meteo_Marine_Real+TidalModel,https://marine-api.open-meteo.com/v1/marine?latitude=12.8698&longitude=74.8431&s
2024-06-13T06:00,12.8698,74.8431,Mangalore_Port,0.5934754653435641,1.7,1.6,0.25,0.8434754653435641,LOW,Chart_Datum_LAT,Open-Meteo_Marine_Real+TidalModel,https://marine-api.open-meteo.com/v1/marine?latitude=12.8698&longitude=74.8431&s
2024-06-13T07:00,12.8698,74.8431,Mangalore_Port,0.34295106880351556,1.68,1.58,0.24700000000000003,0.5899510688035156,LOW,Chart_Datum_LAT,Open-Meteo_Marine_Real+TidalModel,https://marine-api.open-meteo.com/v1/marine?latitude=12.8698&longitude=74.8431&s
2024-06-13T08:00,12.8698,74.8431,Mangalore_Port,0.32231631856153464,1.68,1.58,0.24700000000000003,0.5693163185615346,LOW,Chart_Datum_LAT,Open-Meteo_Marine_Real+TidalModel,https://marine-api.open-meteo.com/v1/marine?latitude=12.8698&longitude=74.8431&s
2024-06-13T09:00,12.8698,74.8431,Mangalore_Port,0.5317778339587469,1.66,1.58,0.24500000000000002,0.7767778339587469,LOW,Chart_Datum_LAT,Open-Meteo_Marine_Real+TidalModel,https://marine-api.open-meteo.com/v1/marine?latitude=12.8698&longitude=74.8431&s
2024-06-13T10:00,12.8698,74.8431,Mangalore_Port,0.9125082189925051,1.66,1.56,0.24400000000000002,1.156508218992505,RISING,Chart_Datum_LAT,Open-Meteo_Marine_Real+TidalModel,https://marine-api.open-meteo.com/v1/marine?latitude=12.8698&longitude=74.8431&s
2024-06-13T11:00,12.8698,74.8431,Mangalore_Port,1.3616355925044554,1.64,1.56,0.24200000000000002,1.6036355925044554,RISING,Chart_Datum_LAT,Open-Meteo_Marine_Real+TidalModel,https://marine-api.open-meteo.com/v1/marine?latitude=12.8698&longitude=74.8431&s
2024-06-13T12:00,12.8698,74.8431,Mangalore_Port,1.7585781624675803,1.62,1.54,0.23900000000000005,1.9975781624675804,RISING,Chart_Datum_LAT,Open-Meteo_Marine_Real+TidalModel,https://marine-api.open-meteo.com/v1/marine?latitude=12.8698&longitude=74.8431&s
2024-06-13T13:00,12.8698,74.8431,Mangalore_Port,1.9960607147720242,1.6,1.52,0.23600000000000004,2.2320607147720244,HIGH,Chart_Datum_LAT,Open-Meteo_Marine_Real+TidalModel,https://marine-api.open-meteo.com/v1/marine?latitude=12.8698&longitude=74.8431&s
2024-06-13T14:00,12.8698,74.8431,Mangalore_Port,2.007905895095416,1.58,1.5,0.23300000000000004,2.240905895095416,HIGH,Chart_Datum_LAT,Open-Meteo_Marine_Real+TidalModel,https://marine-api.open-meteo.com/v1/marine?latitude=12.8698&longitude=74.8431&s
2024-06-13T15:00,12.8698,74.8431,Mangalore_Port,1.786462040866882,1.56,1.48,0.23000000000000004,2.016462040866882,FALLING,Chart_Datum_LAT,Open-Meteo_Marine_Real+TidalModel,https://marine-api.open-meteo.com/v1/marine?latitude=12.8698&longitude=74.8431&s
2024-06-13T16:00,12.8698,74.8431,Mangalore_Port,1.3851295193052855,1.56,1.48,0.23000000000000004,1.6151295193052855,FALLING,Chart_Datum_LAT,Open-Meteo_Marine_Real+TidalModel,https://marine-api.open-meteo.com/v1/marine?latitude=12.8698&longitude=74.8431&s
2024-06-13T17:00,12.8698,74.8431,Mangalore_Port,0.9052274217696354,1.54,1.46,0.22700000000000004,1.1322274217696355,FALLING,Chart_Datum_LAT,Open-Meteo_Marine_Real+TidalModel,https://marine-api.open-meteo.com/v1/marine?latitude=12.8698&longitude=74.8431&s
2024-06-13T18:00,12.8698,74.8431,Mangalore_Port,0.4704436093859875,1.54,1.46,0.22700000000000004,0.6974436093859875,LOW,Chart_Datum_LAT,Open-Meteo_Marine_Real+TidalModel,https://marine-api.open-meteo.com/v1/marine?latitude=12.8698&longitude=74.8431&s
2024-06-13T19:00,12.8698,74.8431,Mangalore_Port,0.19531136797155768,1.54,1.46,0.22700000000000004,0.4223113679715577,LOW,Chart_Datum_LAT,Open-Meteo_Marine_Real+TidalModel,https://marine-api.open-meteo.com/v1/marine?latitude=12.8698&longitude=74.8431&s
2024-06-13T20:00,12.8698,74.8431,Mangalore_Port,0.1557307847376208,1.54,1.46,0.22700000000000004,0.38273078473762084,LOW,Chart_Datum_LAT,Open-Meteo_Marine_Real+TidalModel,https://marine-api.open-meteo.com/v1/marine?latitude=12.8698&longitude=74.8431&s
2024-06-13T21:00,12.8698,74.8431,Mangalore_Port,0.36908808038506213,1.6,1.5,0.23500000000000004,0.6040880803850621,LOW,Chart_Datum_LAT,Open-Meteo_Marine_Real+TidalModel,https://marine-api.open-meteo.com/v1/marine?latitude=12.8698&longitude=74.8431&s
2024-06-13T22:00,12.8698,74.8431,Mangalore_Port,0.7891264238297652,1.64,1.54,0.24100000000000002,1.0301264238297652,RISING,Chart_Datum_LAT,Open-Meteo_Marine_Real+TidalModel,https://marine-api.open-meteo.com/v1/marine?latitude=12.8698&longitude=74.8431&s
2024-06-13T23:00,12.8698,74.8431,Mangalore_Port,1.3169881075992664,1.7,1.58,0.24900000000000003,1.5659881075992665,RISING,Chart_Datum_LAT,Open-Meteo_Marine_Real+TidalModel,https://marine-api.open-meteo.com/v1/marine?latitude=12.8698&longitude=74.8431&s
2024-06-14T00:00,12.8698,74.8431,Mangalore_Port,1.8257267190618303,1.66,1.54,0.24300000000000002,2.0687267190618304,HIGH,Chart_Datum_LAT,Open-Meteo_Marine_Real+TidalModel,https://marine-api.open-meteo.com/v1/marine?latitude=12.8698&longitude=74.8431&s
2024-06-14T01:00,12.8698,74.8431,Mangalore_Port,2.1921308476652253,1.64,1.48,0.238,2.4301308476652252,HIGH,Chart_Datum_LAT,Open-Meteo_Marine_Real+TidalModel,https://marine-api.open-meteo.com/v1/marine?latitude=12.8698&longitude=74.8431&s
2024-06-14T02:00,12.8698,74.8431,Mangalore_Port,2.3277963732603957,1.6,1.44,0.23200000000000004,2.559796373260396,HIGH,Chart_Datum_LAT,Open-Meteo_Marine_Real+TidalModel,https://marine-api.open-meteo.com/v1/marine?latitude=12.8698&longitude=74.8431&s
2024-06-14T03:00,12.8698,74.8431,Mangalore_Port,2.2015290610266876,1.58,1.36,0.22600000000000003,2.4275290610266875,HIGH,Chart_Datum_LAT,Open-Meteo_Marine_Real+TidalModel,https://marine-api.open-meteo.com/v1/marine?latitude=12.8698&longitude=74.8431&s
2024-06-14T04:00,12.8698,74.8431,Mangalore_Port,1.8473281297605513,1.58,1.3,0.22300000000000003,2.070328129760551,HIGH,Chart_Datum_LAT,Open-Meteo_Marine_Real+TidalModel,https://marine-api.open-meteo.com/v1/marine?latitude=12.8698&longitude=74.8431&s
2024-06-14T05:00,12.8698,74.8431,Mangalore_Port,1.3558514830465918,1.56,1.22,0.21700000000000003,1.5728514830465918,FALLING,Chart_Datum_LAT,Open-Meteo_Marine_Real+TidalModel,https://marine-api.open-meteo.com/v1/marine?latitude=12.8698&longitude=74.8431&s
2024-06-14T06:00,12.8698,74.8431,Mangalore_Port,0.8514690177740043,1.56,1.22,0.21700000000000003,1.0684690177740044,FALLING,Chart_Datum_LAT,Open-Meteo_Marine_Real+TidalModel,https://marine-api.open-meteo.com/v1/marine?latitude=12.8698&longitude=74.8431&s
2024-06-14T07:00,12.8698,74.8431,Mangalore_Port,0.4606990897819454,1.58,1.24,0.22000000000000003,0.6806990897819454,LOW,Chart_Datum_LAT,Open-Meteo_Marine_Real+TidalModel,https://marine-api.open-meteo.com/v1/marine?latitude=12.8698&longitude=74.8431&s
2024-06-14T08:00,12.8698,74.8431,Mangalore_Port,0.2800486172879656,1.58,1.24,0.22000000000000003,0.5000486172879657,LOW,Chart_Datum_LAT,Open-Meteo_Marine_Real+TidalModel,https://marine-api.open-meteo.com/v1/marine?latitude=12.8698&longitude=74.8431&s
2024-06-14T09:00,12.8698,74.8431,Mangalore_Port,0.35146283074853424,1.58,1.32,0.22400000000000003,0.5754628307485343,LOW,Chart_Datum_LAT,Open-Meteo_Marine_Real+TidalModel,https://marine-api.open-meteo.com/v1/marine?latitude=12.8698&longitude=74.8431&s
2024-06-14T10:00,12.8698,74.8431,Mangalore_Port,0.6516789632750668,1.58,1.42,0.22900000000000004,0.8806789632750669,LOW,Chart_Datum_LAT,Open-Meteo_Marine_Real+TidalModel,https://marine-api.open-meteo.com/v1/marine?latitude=12.8698&longitude=74.8431&s
2024-06-14T11:00,12.8698,74.8431,Mangalore_Port,1.0982484496516425,1.58,1.5,0.23300000000000004,1.3312484496516426,RISING,Chart_Datum_LAT,Open-Meteo_Marine_Real+TidalModel,https://marine-api.open-meteo.com/v1/marine?latitude=12.8698&longitude=74.8431&s
2024-06-14T12:00,12.8698,74.8431,Mangalore_Port,1.5707402225557625,1.58,1.5,0.23300000000000004,1.8037402225557626,RISING,Chart_Datum_LAT,Open-Meteo_Marine_Real+TidalModel,https://marine-api.open-meteo.com/v1/marine?latitude=12.8698&longitude=74.8431&s
2024-06-14T13:00,12.8698,74.8431,Mangalore_Port,1.9417483198198329,1.56,1.48,0.23000000000000004,2.171748319819833,HIGH,Chart_Datum_LAT,Open-Meteo_Marine_Real+TidalModel,https://marine-api.open-meteo.com/v1/marine?latitude=12.8698&longitude=74.8431&s
2024-06-14T14:00,12.8698,74.8431,Mangalore_Port,2.1097972046674753,1.56,1.48,0.23000000000000004,2.3397972046674753,HIGH,Chart_Datum_LAT,Open-Meteo_Marine_Real+TidalModel,https://marine-api.open-meteo.com/v1/marine?latitude=12.8698&longitude=74.8431&s
2024-06-14T15:00,12.8698,74.8431,Mangalore_Port,2.0257212283529307,1.56,1.48,0.23000000000000004,2.2557212283529307,HIGH,Chart_Datum_LAT,Open-Meteo_Marine_Real+TidalModel,https://marine-api.open-meteo.com/v1/marine?latitude=12.8698&longitude=74.8431&s
2024-06-14T16:00,12.8698,74.8431,Mangalore_Port,1.7057312534466242,1.54,1.46,0.22700000000000004,1.9327312534466243,FALLING,Chart_Datum_LAT,Open-Meteo_Marine_Real+TidalModel,https://marine-api.open-meteo.com/v1/marine?latitude=12.8698&longitude=74.8431&s
2024-06-14T17:00,12.8698,74.8431,Mangalore_Port,1.227761511702813,1.54,1.46,0.22700000000000004,1.454761511702813,FALLING,Chart_Datum_LAT,Open-Meteo_Marine_Real+TidalModel,https://marine-api.open-meteo.com/v1/marine?latitude=12.8698&longitude=74.8431&s
2024-06-14T18:00,12.8698,74.8431,Mangalore_Port,0.7119551232846326,1.54,1.46,0.22700000000000004,0.9389551232846327,FALLING,Chart_Datum_LAT,Open-Meteo_Marine_Real+TidalModel,https://marine-api.open-meteo.com/v1/marine?latitude=12.8698&longitude=74.8431&s
2024-06-14T19:00,12.8698,74.8431,Mangalore_Port,0.2902091144214425,1.56,1.46,0.22900000000000004,0.5192091144214426,LOW,Chart_Datum_LAT,Open-Meteo_Marine_Real+TidalModel,https://marine-api.open-meteo.com/v1/marine?latitude=12.8698&longitude=74.8431&s
2024-06-14T20:00,12.8698,74.8431,Mangalore_Port,0.07251877743993429,1.56,1.46,0.22900000000000004,0.3015187774399343,LOW,Chart_Datum_LAT,Open-Meteo_Marine_Real+TidalModel,https://marine-api.open-meteo.com/v1/marine?latitude=12.8698&longitude=74.8431&s
2024-06-14T21:00,12.8698,74.8431,Mangalore_Port,0.11871082741140304,1.54,1.44,0.22600000000000003,0.3447108274114031,LOW,Chart_Datum_LAT,Open-Meteo_Marine_Real+TidalModel,https://marine-api.open-meteo.com/v1/marine?latitude=12.8698&longitude=74.8431&s
2024-06-14T22:00,12.8698,74.8431,Mangalore_Port,0.42281060347792077,1.52,1.44,0.22400000000000003,0.6468106034779209,LOW,Chart_Datum_LAT,Open-Meteo_Marine_Real+TidalModel,https://marine-api.open-meteo.com/v1/marine?latitude=12.8698&longitude=74.8431&s
2024-06-14T23:00,12.8698,74.8431,Mangalore_Port,0.9140869445627129,1.5,1.42,0.22100000000000003,1.135086944562713,RISING,Chart_Datum_LAT,Open-Meteo_Marine_Real+TidalModel,https://marine-api.open-meteo.com/v1/marine?latitude=12.8698&longitude=74.8431&s
2024-06-15T00:00,12.8698,74.8431,Mangalore_Port,1.4745723127564867,1.58,1.5,0.23300000000000004,1.7075723127564868,RISING,Chart_Datum_LAT,Open-Meteo_Marine_Real+TidalModel,https://marine-api.open-meteo.com/v1/marine?latitude=12.8698&longitude=74.8431&s
2024-06-15T01:00,12.8698,74.8431,Mangalore_Port,1.9686481331180015,1.66,1.56,0.24400000000000002,2.2126481331180017,HIGH,Chart_Datum_LAT,Open-Meteo_Marine_Real+TidalModel,https://marine-api.open-meteo.com/v1/marine?latitude=12.8698&longitude=74.8431&s
2024-06-15T02:00,12.8698,74.8431,Mangalore_Port,2.2771924935051215,1.74,1.64,0.256,2.5331924935051218,HIGH,Chart_Datum_LAT,Open-Meteo_Marine_Real+TidalModel,https://marine-api.open-meteo.com/v1/marine?latitude=12.8698&longitude=74.8431&s
2024-06-15T03:00,12.8698,74.8431,Mangalore_Port,2.3276034232921274,1.7,1.6,0.25,2.5776034232921274,HIGH,Chart_Datum_LAT,Open-Meteo_Marine_Real+TidalModel,https://marine-api.open-meteo.com/v1/marine?latitude=12.8698&longitude=74.8431&s
2024-06-15T04:00,12.8698,74.8431,Mangalore_Port,2.1120437148170264,1.66,1.54,0.24300000000000002,2.3550437148170262,HIGH,Chart_Datum_LAT,Open-Meteo_Marine_Real+TidalModel,https://marine-api.open-meteo.com/v1/marine?latitude=12.8698&longitude=74.8431&s
2024-06-15T05:00,12.8698,74.8431,Mangalore_Port,1.6892439762622995,1.62,1.5,0.23700000000000004,1.9262439762622996,FALLING,Chart_Datum_LAT,Open-Meteo_Marine_Real+TidalModel,https://marine-api.open-meteo.com/v1/marine?latitude=12.8698&longitude=74.8431&s
2024-06-15T06:00,12.8698,74.8431,Mangalore_Port,1.169388964398109,1.6,1.48,0.23400000000000004,1.403388964398109,FALLING,Chart_Datum_LAT,Open-Meteo_Marine_Real+TidalModel,https://marine-api.open-meteo.com/v1/marine?latitude=12.8698&longitude=74.8431&s
2024-06-15T07:00,12.8698,74.8431,Mangalore_Port,0.6859297216191438,1.56,1.44,0.22800000000000004,0.9139297216191438,LOW,Chart_Datum_LAT,Open-Meteo_Marine_Real+TidalModel,https://marine-api.open-meteo.com/v1/marine?latitude=12.8698&longitude=74.8431&s
2024-06-15T08:00,12.8698,74.8431,Mangalore_Port,0.36150682460414885,1.54,1.42,0.22500000000000003,0.5865068246041489,LOW,Chart_Datum_LAT,Open-Meteo_Marine_Real+TidalModel,https://marine-api.open-meteo.com/v1/marine?latitude=12.8698&longitude=74.8431&s
2024-06-15T09:00,12.8698,74.8431,Mangalore_Port,0.27668156792508425,1.52,1.4,0.22200000000000003,0.4986815679250843,LOW,Chart_Datum_LAT,Open-Meteo_Marine_Real+TidalModel,https://marine-api.open-meteo.com/v1/marine?latitude=12.8698&longitude=74.8431&s
2024-06-15T10:00,12.8698,74.8431,Mangalore_Port,0.4494625974013905,1.52,1.4,0.22200000000000003,0.6714625974013906,LOW,Chart_Datum_LAT,Open-Meteo_Marine_Real+TidalModel,https://marine-api.open-meteo.com/v1/marine?latitude=12.8698&longitude=74.8431&s
2024-06-15T11:00,12.8698,74.8431,Mangalore_Port,0.8308634139730333,1.5,1.38,0.21900000000000003,1.0498634139730334,RISING,Chart_Datum_LAT,Open-Meteo_Marine_Real+TidalModel,https://marine-api.open-meteo.com/v1/marine?latitude=12.8698&longitude=74.8431&s
2024-06-15T12:00,12.8698,74.8431,Mangalore_Port,1.3176323031356212,1.5,1.38,0.21900000000000003,1.5366323031356213,RISING,Chart_Datum_LAT,Open-Meteo_Marine_Real+TidalModel,https://marine-api.open-meteo.com/v1/marine?latitude=12.8698&longitude=74.8431&s
2024-06-15T13:00,12.8698,74.8431,Mangalore_Port,1.7789059513934014,1.5,1.38,0.21900000000000003,1.9979059513934014,RISING,Chart_Datum_LAT,Open-Meteo_Marine_Real+TidalModel,https://marine-api.open-meteo.com/v1/marine?latitude=12.8698&longitude=74.8431&s
2024-06-15T14:00,12.8698,74.8431,Mangalore_Port,2.0899738572010067,1.5,1.38,0.21900000000000003,2.3089738572010066,HIGH,Chart_Datum_LAT,Open-Meteo_Marine_Real+TidalModel,https://marine-api.open-meteo.com/v1/marine?latitude=12.8698&longitude=74.8431&s
2024-06-15T15:00,12.8698,74.8431,Mangalore_Port,2.1645151645739618,1.5,1.38,0.21900000000000003,2.3835151645739616,HIGH,Chart_Datum_LAT,Open-Meteo_Marine_Real+TidalModel,https://marine-api.open-meteo.com/v1/marine?latitude=12.8698&longitude=74.8431&s
2024-06-15T16:00,12.8698,74.8431,Mangalore_Port,1.977051416185668,1.5,1.38,0.21900000000000003,2.196051416185668,HIGH,Chart_Datum_LAT,Open-Meteo_Marine_Real+TidalModel,https://marine-api.open-meteo.com/v1/marine?latitude=12.8698&longitude=74.8431&s
2024-06-15T17:00,12.8698,74.8431,Mangalore_Port,1.5698523232782846,1.5,1.38,0.21900000000000003,1.7888523232782847,FALLING,Chart_Datum_LAT,Open-Meteo_Marine_Real+TidalModel,https://marine-api.open-meteo.com/v1/marine?latitude=12.8698&longitude=74.8431&s
2024-06-15T18:00,12.8698,74.8431,Mangalore_Port,1.042501027199398,1.5,1.38,0.21900000000000003,1.261501027199398,FALLING,Chart_Datum_LAT,Open-Meteo_Marine_Real+TidalModel,https://marine-api.open-meteo.com/v1/marine?latitude=12.8698&longitude=74.8431&s
2024-06-15T19:00,12.8698,74.8431,Mangalore_Port,0.5267565167145201,1.5,1.38,0.21900000000000003,0.7457565167145201,LOW,Chart_Datum_LAT,Open-Meteo_Marine_Real+TidalModel,https://marine-api.open-meteo.com/v1/marine?latitude=12.8698&longitude=74.8431&s
2024-06-15T20:00,12.8698,74.8431,Mangalore_Port,0.15311112535637172,1.5,1.38,0.21900000000000003,0.37211112535637175,LOW,Chart_Datum_LAT,Open-Meteo_Marine_Real+TidalModel,https://marine-api.open-meteo.com/v1/marine?latitude=12.8698&longitude=74.8431&s
2024-06-15T21:00,12.8698,74.8431,Mangalore_Port,0.017568647334002874,1.5,1.38,0.21900000000000003,0.2365686473340029,LOW,Chart_Datum_LAT,Open-Meteo_Marine_Real+TidalModel,https://marine-api.open-meteo.com/v1/marine?latitude=12.8698&longitude=74.8431&s
2024-06-15T22:00,12.8698,74.8431,Mangalore_Port,0.15711904015983746,1.52,1.38,0.22100000000000003,0.3781190401598375,LOW,Chart_Datum_LAT,Open-Meteo_Marine_Real+TidalModel,https://marine-api.open-meteo.com/v1/marine?latitude=12.8698&longitude=74.8431&s
2024-06-15T23:00,12.8698,74.8431,Mangalore_Port,0.5401710095476437,1.52,1.38,0.22100000000000003,0.7611710095476438,LOW,Chart_Datum_LAT,Open-Meteo_Marine_Real+TidalModel,https://marine-api.open-meteo.com/v1/marine?latitude=12.8698&longitude=74.8431&s
2024-06-16T00:00,12.8698,74.8431,Mangalore_Port,1.0743896937871167,1.54,1.4,0.22400000000000003,1.2983896937871167,RISING,Chart_Datum_LAT,Open-Meteo_Marine_Real+TidalModel,https://marine-api.open-meteo.com/v1/marine?latitude=12.8698&longitude=74.8431&s
2024-06-16T01:00,12.8698,74.8431,Mangalore_Port,1.6299477860920542,1.54,1.4,0.22400000000000003,1.8539477860920541,RISING,Chart_Datum_LAT,Open-Meteo_Marine_Real+TidalModel,https://marine-api.open-meteo.com/v1/marine?latitude=12.8698&longitude=74.8431&s
2024-06-16T02:00,12.8698,74.8431,Mangalore_Port,2.0722689213588286,1.56,1.42,0.22700000000000004,2.2992689213588284,HIGH,Chart_Datum_LAT,Open-Meteo_Marine_Real+TidalModel,https://marine-api.open-meteo.com/v1/marine?latitude=12.8698&longitude=74.8431&s
2024-06-16T03:00,12.8698,74.8431,Mangalore_Port,2.2959256088471998,1.54,1.42,0.22500000000000003,2.5209256088472,HIGH,Chart_Datum_LAT,Open-Meteo_Marine_Real+TidalModel,https://marine-api.open-meteo.com/v1/marine?latitude=12.8698&longitude=74.8431&s
2024-06-16T04:00,12.8698,74.8431,Mangalore_Port,2.2510668329741383,1.54,1.4,0.22400000000000003,2.4750668329741385,HIGH,Chart_Datum_LAT,Open-Meteo_Marine_Real+TidalModel,https://marine-api.open-meteo.com/v1/marine?latitude=12.8698&longitude=74.8431&s
2024-06-16T05:00,12.8698,74.8431,Mangalore_Port,1.9556644864049249,1.52,1.4,0.22200000000000003,2.177664486404925,HIGH,Chart_Datum_LAT,Open-Meteo_Marine_Real+TidalModel,https://marine-api.open-meteo.com/v1/marine?latitude=12.8698&longitude=74.8431&s
2024-06-16T06:00,12.8698,74.8431,Mangalore_Port,1.490492272183531,1.54,1.4,0.22400000000000003,1.714492272183531,FALLING,Chart_Datum_LAT,Open-Meteo_Marine_Real+TidalModel,https://marine-api.open-meteo.com/v1/marine?latitude=12.8698&longitude=74.8431&s
2024-06-16T07:00,12.8698,74.8431,Mangalore_Port,0.9781582155010088,1.54,1.42,0.22500000000000003,1.2031582155010088,FALLING,Chart_Datum_LAT,Open-Meteo_Marine_Real+TidalModel,https://marine-api.open-meteo.com/v1/marine?latitude=12.8698&longitude=74.8431&s
2024-06-16T08:00,12.8698,74.8431,Mangalore_Port,0.5515759717626891,1.56,1.42,0.22700000000000004,0.7785759717626892,LOW,Chart_Datum_LAT,Open-Meteo_Marine_Real+TidalModel,https://marine-api.open-meteo.com/v1/marine?latitude=12.8698&longitude=74.8431&s
2024-06-16T09:00,12.8698,74.8431,Mangalore_Port,0.3199433423742025,1.52,1.38,0.22100000000000003,0.5409433423742025,LOW,Chart_Datum_LAT,Open-Meteo_Marine_Real+TidalModel,https://marine-api.open-meteo.com/v1/marine?latitude=12.8698&longitude=74.8431&s
2024-06-16T10:00,12.8698,74.8431,Mangalore_Port,0.3409156524323983,1.5,1.36,0.21800000000000003,0.5589156524323984,LOW,Chart_Datum_LAT,Open-Meteo_Marine_Real+TidalModel,https://marine-api.open-meteo.com/v1/marine?latitude=12.8698&longitude=74.8431&s
2024-06-16T11:00,12.8698,74.8431,Mangalore_Port,0.6060620842098476,1.46,1.32,0.212,0.8180620842098476,LOW,Chart_Datum_LAT,Open-Meteo_Marine_Real+TidalModel,https://marine-api.open-meteo.com/v1/marine?latitude=12.8698&longitude=74.8431&s
2024-06-16T12:00,12.8698,74.8431,Mangalore_Port,1.0432869823954698,1.48,1.36,0.216,1.2592869823954698,RISING,Chart_Datum_LAT,Open-Meteo_Marine_Real+TidalModel,https://marine-api.open-meteo.com/v1/marine?latitude=12.8698&longitude=74.8431&s
2024-06-16T13:00,12.8698,74.8431,Mangalore_Port,1.5355586296993848,1.52,1.38,0.22100000000000003,1.756558629699385,RISING,Chart_Datum_LAT,Open-Meteo_Marine_Real+TidalModel,https://marine-api.open-meteo.com/v1/marine?latitude=12.8698&longitude=74.8431&s
2024-06-16T14:00,12.8698,74.8431,Mangalore_Port,1.951124952245403,1.54,1.42,0.22500000000000003,2.176124952245403,HIGH,Chart_Datum_LAT,Open-Meteo_Marine_Real+TidalModel,https://marine-api.open-meteo.com/v1/marine?latitude=12.8698&longitude=74.8431&s
2024-06-16T15:00,12.8698,74.8431,Mangalore_Port,2.177471719014468,1.56,1.44,0.22800000000000004,2.4054717190144683,HIGH,Chart_Datum_LAT,Open-Meteo_Marine_Real+TidalModel,https://marine-api.open-meteo.com/v1/marine?latitude=12.8698&longitude=74.8431&s
2024-06-16T16:00,12.8698,74.8431,Mangalore_Port,2.1503380170856636,1.6,1.46,0.23300000000000004,2.3833380170856637,HIGH,Chart_Datum_LAT,Open-Meteo_Marine_Real+TidalModel,https://marine-api.open-meteo.com/v1/marine?latitude=12.8698&longitude=74.8431&s
2024-06-16T17:00,12.8698,74.8431,Mangalore_Port,1.8703819853833084,1.62,1.48,0.23600000000000004,2.1063819853833086,HIGH,Chart_Datum_LAT,Open-Meteo_Marine_Real+TidalModel,https://marine-api.open-meteo.com/v1/marine?latitude=12.8698&longitude=74.8431&s
2024-06-16T18:00,12.8698,74.8431,Mangalore_Port,1.4032556466264343,1.64,1.5,0.23900000000000002,1.6422556466264344,FALLING,Chart_Datum_LAT,Open-Meteo_Marine_Real+TidalModel,https://marine-api.open-meteo.com/v1/marine?latitude=12.8698&longitude=74.8431&s
2024-06-16T19:00,12.8698,74.8431,Mangalore_Port,0.8630886702944988,1.64,1.5,0.23900000000000002,1.1020886702944988,FALLING,Chart_Datum_LAT,Open-Meteo_Marine_Real+TidalModel,https://marine-api.open-meteo.com/v1/marine?latitude=12.8698&longitude=74.8431&s
2024-06-16T20:00,12.8698,74.8431,Mangalore_Port,0.38361207657460417,1.66,1.52,0.24200000000000002,0.6256120765746042,LOW,Chart_Datum_LAT,Open-Meteo_Marine_Real+TidalModel,https://marine-api.open-meteo.com/v1/marine?latitude=12.8698&longitude=74.8431&s
2024-06-16T21:00,12.8698,74.8431,Mangalore_Port,0.08429468832809905,1.66,1.52,0.24200000000000002,0.32629468832809905,LOW,Chart_Datum_LAT,Open-Meteo_Marine_Real+TidalModel,https://marine-api.open-meteo.com/v1/marine?latitude=12.8698&longitude=74.8431&s
2024-06-16T22:00,12.8698,74.8431,Mangalore_Port,0.040119047631157034,1.66,1.54,0.24300000000000002,0.28311904763115703,LOW,Chart_Datum_LAT,Open-Meteo_Marine_Real+TidalModel,https://marine-api.open-meteo.com/v1/marine?latitude=12.8698&longitude=74.8431&s
2024-06-16T23:00,12.8698,74.8431,Mangalore_Port,0.2626751450833502,1.66,1.54,0.24300000000000002,0.5056751450833502,LOW,Chart_Datum_LAT,Open-Meteo_Marine_Real+TidalModel,https://marine-api.open-meteo.com/v1/marine?latitude=12.8698&longitude=74.8431&s
2024-06-17T00:00,12.8698,74.8431,Mangalore_Port,0.6973481659790005,1.66,1.56,0.24400000000000002,0.9413481659790005,LOW,Chart_Datum_LAT,Open-Meteo_Marine_Real+TidalModel,https://marine-api.open-meteo.com/v1/marine?latitude=12.8698&longitude=74.8431&s
2024-06-17T01:00,12.8698,74.8431,Mangalore_Port,1.2372666870200932,1.68,1.56,0.24600000000000002,1.4832666870200932,RISING,Chart_Datum_LAT,Open-Meteo_Marine_Real+TidalModel,https://marine-api.open-meteo.com/v1/marine?latitude=12.8698&longitude=74.8431&s
2024-06-17T02:00,12.8698,74.8431,Mangalore_Port,1.7504120418284415,1.68,1.58,0.24700000000000003,1.9974120418284416,RISING,Chart_Datum_LAT,Open-Meteo_Marine_Real+TidalModel,https://marine-api.open-meteo.com/v1/marine?latitude=12.8698&longitude=74.8431&s
2024-06-17T03:00,12.8698,74.8431,Mangalore_Port,2.1129556643907965,1.68,1.58,0.24700000000000003,2.3599556643907964,HIGH,Chart_Datum_LAT,Open-Meteo_Marine_Real+TidalModel,https://marine-api.open-meteo.com/v1/marine?latitude=12.8698&longitude=74.8431&s
2024-06-17T04:00,12.8698,74.8431,Mangalore_Port,2.240335245760596,1.7,1.58,0.24900000000000003,2.489335245760596,HIGH,Chart_Datum_LAT,Open-Meteo_Marine_Real+TidalModel,https://marine-api.open-meteo.com/v1/marine?latitude=12.8698&longitude=74.8431&s
2024-06-17T05:00,12.8698,74.8431,Mangalore_Port,2.1081920469352733,1.7,1.58,0.24900000000000003,2.3571920469352734,HIGH,Chart_Datum_LAT,Open-Meteo_Marine_Real+TidalModel,https://marine-api.open-meteo.com/v1/marine?latitude=12.8698&longitude=74.8431&s
2024-06-17T06:00,12.8698,74.8431,Mangalore_Port,1.7579060903873476,1.7,1.58,0.24900000000000003,2.0069060903873477,FALLING,Chart_Datum_LAT,Open-Meteo_Marine_Real+TidalModel,https://marine-api.open-meteo.com/v1/marine?latitude=12.8698&longitude=74.8431&s
2024-06-17T07:00,12.8698,74.8431,Mangalore_Port,1.285408697313599,1.7,1.58,0.24900000000000003,1.534408697313599,FALLING,Chart_Datum_LAT,Open-Meteo_Marine_Real+TidalModel,https://marine-api.open-meteo.com/v1/marine?latitude=12.8698&longitude=74.8431&s
2024-06-17T08:00,12.8698,74.8431,Mangalore_Port,0.8162127369972167,1.7,1.58,0.24900000000000003,1.0652127369972169,FALLING,Chart_Datum_LAT,Open-Meteo_Marine_Real+TidalModel,https://marine-api.open-meteo.com/v1/marine?latitude=12.8698&longitude=74.8431&s
2024-06-17T09:00,12.8698,74.8431,Mangalore_Port,0.4730931898082581,1.7,1.58,0.24900000000000003,0.7220931898082581,LOW,Chart_Datum_LAT,Open-Meteo_Marine_Real+TidalModel,https://marine-api.open-meteo.com/v1/marine?latitude=12.8698&longitude=74.8431&s
2024-06-17T10:00,12.8698,74.8431,Mangalore_Port,0.3446882435465287,1.7,1.58,0.24900000000000003,0.5936882435465287,LOW,Chart_Datum_LAT,Open-Meteo_Marine_Real+TidalModel,https://marine-api.open-meteo.com/v1/marine?latitude=12.8698&longitude=74.8431&s
2024-06-17T11:00,12.8698,74.8431,Mangalore_Port,0.4630140040544126,1.7,1.58,0.24900000000000003,0.7120140040544126,LOW,Chart_Datum_LAT,Open-Meteo_Marine_Real+TidalModel,https://marine-api.open-meteo.com/v1/marine?latitude=12.8698&longitude=74.8431&s
2024-06-17T12:00,12.8698,74.8431,Mangalore_Port,0.7955749377394697,1.7,1.58,0.24900000000000003,1.0445749377394697,RISING,Chart_Datum_LAT,Open-Meteo_Marine_Real+TidalModel,https://marine-api.open-meteo.com/v1/marine?latitude=12.8698&longitude=74.8431&s
2024-06-17T13:00,12.8698,74.8431,Mangalore_Port,1.2540060799109913,1.7,1.58,0.24900000000000003,1.5030060799109914,RISING,Chart_Datum_LAT,Open-Meteo_Marine_Real+TidalModel,https://marine-api.open-meteo.com/v1/marine?latitude=12.8698&longitude=74.8431&s
2024-06-17T14:00,12.8698,74.8431,Mangalore_Port,1.7169630977424504,1.7,1.58,0.24900000000000003,1.9659630977424505,RISING,Chart_Datum_LAT,Open-Meteo_Marine_Real+TidalModel,https://marine-api.open-meteo.com/v1/marine?latitude=12.8698&longitude=74.8431&s
2024-06-17T15:00,12.8698,74.8431,Mangalore_Port,2.061359454094653,1.7,1.58,0.24900000000000003,2.310359454094653,HIGH,Chart_Datum_LAT,Open-Meteo_Marine_Real+TidalModel,https://marine-api.open-meteo.com/v1/marine?latitude=12.8698&longitude=74.8431&s
2024-06-17T16:00,12.8698,74.8431,Mangalore_Port,2.1939538171918587,1.68,1.58,0.24700000000000003,2.4409538171918586,HIGH,Chart_Datum_LAT,Open-Meteo_Marine_Real+TidalModel,https://marine-api.open-meteo.com/v1/marine?latitude=12.8698&longitude=74.8431&s
2024-06-17T17:00,12.8698,74.8431,Mangalore_Port,2.075240902878107,1.68,1.58,0.24700000000000003,2.322240902878107,HIGH,Chart_Datum_LAT,Open-Meteo_Marine_Real+TidalModel,https://marine-api.open-meteo.com/v1/marine?latitude=12.8698&longitude=74.8431&s
2024-06-17T18:00,12.8698,74.8431,Mangalore_Port,1.729596646738333,1.68,1.58,0.24700000000000003,1.9765966467383331,FALLING,Chart_Datum_LAT,Open-Meteo_Marine_Real+TidalModel,https://marine-api.open-meteo.com/v1/marine?latitude=12.8698&longitude=74.8431&s
2024-06-17T19:00,12.8698,74.8431,Mangalore_Port,1.2391542461433722,1.66,1.56,0.24400000000000002,1.4831542461433722,FALLING,Chart_Datum_LAT,Open-Meteo_Marine_Real+TidalModel,https://marine-api.open-meteo.com/v1/marine?latitude=12.8698&longitude=74.8431&s
2024-06-17T20:00,12.8698,74.8431,Mangalore_Port,0.7230355932339692,1.66,1.56,0.24400000000000002,0.9670355932339691,FALLING,Chart_Datum_LAT,Open-Meteo_Marine_Real+TidalModel,https://marine-api.open-meteo.com/v1/marine?latitude=12.8698&longitude=74.8431&s
2024-06-17T21:00,12.8698,74.8431,Mangalore_Port,0.3072743668064515,1.64,1.54,0.24100000000000002,0.5482743668064515,LOW,Chart_Datum_LAT,Open-Meteo_Marine_Real+TidalModel,https://marine-api.open-meteo.com/v1/marine?latitude=12.8698&longitude=74.8431&s
2024-06-17T22:00,12.8698,74.8431,Mangalore_Port,0.09310141467796074,1.64,1.54,0.24100000000000002,0.33410141467796073,LOW,Chart_Datum_LAT,Open-Meteo_Marine_Real+TidalModel,https://marine-api.open-meteo.com/v1/marine?latitude=12.8698&longitude=74.8431&s
2024-06-17T23:00,12.8698,74.8431,Mangalore_Port,0.1316350982137251,1.62,1.52,0.23800000000000004,0.36963509821372514,LOW,Chart_Datum_LAT,Open-Meteo_Marine_Real+TidalModel,https://marine-api.open-meteo.com/v1/marine?latitude=12.8698&longitude=74.8431&s
2024-06-18T00:00,12.8698,74.8431,Mangalore_Port,0.411346801368056,1.6,1.52,0.23600000000000004,0.6473468013680561,LOW,Chart_Datum_LAT,Open-Meteo_Marine_Real+TidalModel,https://marine-api.open-meteo.com/v1/marine?latitude=12.8698&longitude=74.8431&s
2024-06-18T01:00,12.8698,74.8431,Mangalore_Port,0.8613929878463468,1.6,1.5,0.23500000000000004,1.0963929878463468,RISING,Chart_Datum_LAT,Open-Meteo_Marine_Real+TidalModel,https://marine-api.open-meteo.com/v1/marine?latitude=12.8698&longitude=74.8431&s
2024-06-18T02:00,12.8698,74.8431,Mangalore_Port,1.3698635647805424,1.58,1.5,0.23300000000000004,1.6028635647805425,RISING,Chart_Datum_LAT,Open-Meteo_Marine_Real+TidalModel,https://marine-api.open-meteo.com/v1/marine?latitude=12.8698&longitude=74.8431&s
2024-06-18T03:00,12.8698,74.8431,Mangalore_Port,1.8122234838183329,1.58,1.48,0.23200000000000004,2.044223483818333,HIGH,Chart_Datum_LAT,Open-Meteo_Marine_Real+TidalModel,https://marine-api.open-meteo.com/v1/marine?latitude=12.8698&longitude=74.8431&s
2024-06-18T04:00,12.8698,74.8431,Mangalore_Port,2.0826765201616677,1.56,1.46,0.22900000000000004,2.311676520161668,HIGH,Chart_Datum_LAT,Open-Meteo_Marine_Real+TidalModel,https://marine-api.open-meteo.com/v1/marine?latitude=12.8698&longitude=74.8431&s
2024-06-18T05:00,12.8698,74.8431,Mangalore_Port,2.120494999279682,1.56,1.44,0.22800000000000004,2.348494999279682,HIGH,Chart_Datum_LAT,Open-Meteo_Marine_Real+TidalModel,https://marine-api.open-meteo.com/v1/marine?latitude=12.8698&longitude=74.8431&s
2024-06-18T06:00,12.8698,74.8431,Mangalore_Port,1.924697010123244,1.56,1.44,0.22800000000000004,2.152697010123244,HIGH,Chart_Datum_LAT,Open-Meteo_Marine_Real+TidalModel,https://marine-api.open-meteo.com/v1/marine?latitude=12.8698&longitude=74.8431&s
2024-06-18T07:00,12.8698,74.8431,Mangalore_Port,1.553458525587922,1.54,1.42,0.22500000000000003,1.7784585255879222,FALLING,Chart_Datum_LAT,Open-Meteo_Marine_Real+TidalModel,https://marine-api.open-meteo.com/v1/marine?latitude=12.8698&longitude=74.8431&s
2024-06-18T08:00,12.8698,74.8431,Mangalore_Port,1.1085461882802137,1.54,1.42,0.22500000000000003,1.3335461882802138,FALLING,Chart_Datum_LAT,Open-Meteo_Marine_Real+TidalModel,https://marine-api.open-meteo.com/v1/marine?latitude=12.8698&longitude=74.8431&s
2024-06-18T09:00,12.8698,74.8431,Mangalore_Port,0.7088511687585737,1.52,1.4,0.22200000000000003,0.9308511687585737,FALLING,Chart_Datum_LAT,Open-Meteo_Marine_Real+TidalModel,https://marine-api.open-meteo.com/v1/marine?latitude=12.8698&longitude=74.8431&s
2024-06-18T10:00,12.8698,74.8431,Mangalore_Port,0.4598336028389174,1.48,1.38,0.21699999999999997,0.6768336028389174,LOW,Chart_Datum_LAT,Open-Meteo_Marine_Real+TidalModel,https://marine-api.open-meteo.com/v1/marine?latitude=12.8698&longitude=74.8431&s
2024-06-18T11:00,12.8698,74.8431,Mangalore_Port,0.426667056525884,1.46,1.36,0.214,0.640667056525884,LOW,Chart_Datum_LAT,Open-Meteo_Marine_Real+TidalModel,https://marine-api.open-meteo.com/v1/marine?latitude=12.8698&longitude=74.8431&s
2024-06-18T12:00,12.8698,74.8431,Mangalore_Port,0.6178691475836081,1.46,1.36,0.214,0.8318691475836081,LOW,Chart_Datum_LAT,Open-Meteo_Marine_Real+TidalModel,https://marine-api.open-meteo.com/v1/marine?latitude=12.8698&longitude=74.8431&s
2024-06-18T13:00,12.8698,74.8431,Mangalore_Port,0.9834888989647591,1.44,1.34,0.211,1.194488898964759,RISING,Chart_Datum_LAT,Open-Meteo_Marine_Real+TidalModel,https://marine-api.open-meteo.com/v1/marine?latitude=12.8698&longitude=74.8431&s
2024-06-18T14:00,12.8698,74.8431,Mangalore_Port,1.428196646765952,1.44,1.34,0.211,1.639196646765952,RISING,Chart_Datum_LAT,Open-Meteo_Marine_Real+TidalModel,https://marine-api.open-meteo.com/v1/marine?latitude=12.8698&longitude=74.8431&s
2024-06-18T15:00,12.8698,74.8431,Mangalore_Port,1.8358412600773075,1.44,1.32,0.21,2.0458412600773075,HIGH,Chart_Datum_LAT,Open-Meteo_Marine_Real+TidalModel,https://marine-api.open-meteo.com/v1/marine?latitude=12.8698&longitude=74.8431&s
2024-06-18T16:00,12.8698,74.8431,Mangalore_Port,2.099160843572281,1.42,1.32,0.208,2.307160843572281,HIGH,Chart_Datum_LAT,Open-Meteo_Marine_Real+TidalModel,https://marine-api.open-meteo.com/v1/marine?latitude=12.8698&longitude=74.8431&s
2024-06-18T17:00,12.8698,74.8431,Mangalore_Port,2.1470784607619056,1.42,1.3,0.207,2.3540784607619054,HIGH,Chart_Datum_LAT,Open-Meteo_Marine_Real+TidalModel,https://marine-api.open-meteo.com/v1/marine?latitude=12.8698&longitude=74.8431&s
2024-06-18T18:00,12.8698,74.8431,Mangalore_Port,1.9626871337926954,1.42,1.3,0.207,2.1696871337926953,HIGH,Chart_Datum_LAT,Open-Meteo_Marine_Real+TidalModel,https://marine-api.open-meteo.com/v1/marine?latitude=12.8698&longitude=74.8431&s
2024-06-18T19:00,12.8698,74.8431,Mangalore_Port,1.5874407493191438,1.42,1.3,0.207,1.7944407493191439,FALLING,Chart_Datum_LAT,Open-Meteo_Marine_Real+TidalModel,https://marine-api.open-meteo.com/v1/marine?latitude=12.8698&longitude=74.8431&s
2024-06-18T20:00,12.8698,74.8431,Mangalore_Port,1.1105929587256496,1.42,1.3,0.207,1.3175929587256496,FALLING,Chart_Datum_LAT,Open-Meteo_Marine_Real+TidalModel,https://marine-api.open-meteo.com/v1/marine?latitude=12.8698&longitude=74.8431&s
2024-06-18T21:00,12.8698,74.8431,Mangalore_Port,0.6466622305863616,1.42,1.3,0.207,0.8536622305863616,LOW,Chart_Datum_LAT,Open-Meteo_Marine_Real+TidalModel,https://marine-api.open-meteo.com/v1/marine?latitude=12.8698&longitude=74.8431&s
2024-06-18T22:00,12.8698,74.8431,Mangalore_Port,0.3067008033509159,1.4,1.28,0.204,0.5107008033509158,LOW,Chart_Datum_LAT,Open-Meteo_Marine_Real+TidalModel,https://marine-api.open-meteo.com/v1/marine?latitude=12.8698&longitude=74.8431&s
2024-06-18T23:00,12.8698,74.8431,Mangalore_Port,0.17065695589948926,1.4,1.28,0.204,0.3746569558994892,LOW,Chart_Datum_LAT,Open-Meteo_Marine_Real+TidalModel,https://marine-api.open-meteo.com/v1/marine?latitude=12.8698&longitude=74.8431&s
2024-06-19T00:00,12.8698,74.8431,Mangalore_Port,0.26777621872866864,1.4,1.28,0.204,0.4717762187286686,LOW,Chart_Datum_LAT,Open-Meteo_Marine_Real+TidalModel,https://marine-api.open-meteo.com/v1/marine?latitude=12.8698&longitude=74.8431&s
2024-06-19T01:00,12.8698,74.8431,Mangalore_Port,0.5698933120617397,1.42,1.3,0.207,0.7768933120617396,LOW,Chart_Datum_LAT,Open-Meteo_Marine_Real+TidalModel,https://marine-api.open-meteo.com/v1/marine?latitude=12.8698&longitude=74.8431&s
2024-06-19T02:00,12.8698,74.8431,Mangalore_Port,0.9991694950431571,1.42,1.3,0.207,1.2061694950431572,RISING,Chart_Datum_LAT,Open-Meteo_Marine_Real+TidalModel,https://marine-api.open-meteo.com/v1/marine?latitude=12.8698&longitude=74.8431&s
2024-06-19T03:00,12.8698,74.8431,Mangalore_Port,1.4481747889955516,1.42,1.3,0.207,1.6551747889955517,RISING,Chart_Datum_LAT,Open-Meteo_Marine_Real+TidalModel,https://marine-api.open-meteo.com/v1/marine?latitude=12.8698&longitude=74.8431&s
2024-06-19T04:00,12.8698,74.8431,Mangalore_Port,1.8071277959369398,1.4,1.3,0.205,2.01212779593694,HIGH,Chart_Datum_LAT,Open-Meteo_Marine_Real+TidalModel,https://marine-api.open-meteo.com/v1/marine?latitude=12.8698&longitude=74.8431&s
2024-06-19T05:00,12.8698,74.8431,Mangalore_Port,1.9913605034004909,1.4,1.3,0.205,2.196360503400491,HIGH,Chart_Datum_LAT,Open-Meteo_Marine_Real+TidalModel,https://marine-api.open-meteo.com/v1/marine?latitude=12.8698&longitude=74.8431&s
2024-06-19T06:00,12.8698,74.8431,Mangalore_Port,1.9620972029263513,1.4,1.3,0.205,2.1670972029263513,HIGH,Chart_Datum_LAT,Open-Meteo_Marine_Real+TidalModel,https://marine-api.open-meteo.com/v1/marine?latitude=12.8698&longitude=74.8431&s
2024-06-19T07:00,12.8698,74.8431,Mangalore_Port,1.7354002270648472,1.38,1.28,0.20199999999999999,1.9374002270648472,FALLING,Chart_Datum_LAT,Open-Meteo_Marine_Real+TidalModel,https://marine-api.open-meteo.com/v1/marine?latitude=12.8698&longitude=74.8431&s
2024-06-19T08:00,12.8698,74.8431,Mangalore_Port,1.3771760746177928,1.38,1.28,0.20199999999999999,1.5791760746177927,FALLING,Chart_Datum_LAT,Open-Meteo_Marine_Real+TidalModel,https://marine-api.open-meteo.com/v1/marine?latitude=12.8698&longitude=74.8431&s
2024-06-19T09:00,12.8698,74.8431,Mangalore_Port,0.9856721785968778,1.38,1.28,0.20199999999999999,1.1876721785968778,FALLING,Chart_Datum_LAT,Open-Meteo_Marine_Real+TidalModel,https://marine-api.open-meteo.com/v1/marine?latitude=12.8698&longitude=74.8431&s
2024-06-19T10:00,12.8698,74.8431,Mangalore_Port,0.6660296910800143,1.4,1.3,0.205,0.8710296910800143,LOW,Chart_Datum_LAT,Open-Meteo_Marine_Real+TidalModel,https://marine-api.open-meteo.com/v1/marine?latitude=12.8698&longitude=74.8431&s
2024-06-19T11:00,12.8698,74.8431,Mangalore_Port,0.5034057395328899,1.4,1.3,0.205,0.7084057395328899,LOW,Chart_Datum_LAT,Open-Meteo_Marine_Real+TidalModel,https://marine-api.open-meteo.com/v1/marine?latitude=12.8698&longitude=74.8431&s
2024-06-19T12:00,12.8698,74.8431,Mangalore_Port,0.541462864614416,1.4,1.3,0.205,0.7464628646144159,LOW,Chart_Datum_LAT,Open-Meteo_Marine_Real+TidalModel,https://marine-api.open-meteo.com/v1/marine?latitude=12.8698&longitude=74.8431&s
2024-06-19T13:00,12.8698,74.8431,Mangalore_Port,0.7715921148910525,1.4,1.3,0.205,0.9765921148910525,RISING,Chart_Datum_LAT,Open-Meteo_Marine_Real+TidalModel,https://marine-api.open-meteo.com/v1/marine?latitude=12.8698&longitude=74.8431&s
2024-06-19T14:00,12.8698,74.8431,Mangalore_Port,1.1354707288739108,1.4,1.3,0.205,1.3404707288739108,RISING,Chart_Datum_LAT,Open-Meteo_Marine_Real+TidalModel,https://marine-api.open-meteo.com/v1/marine?latitude=12.8698&longitude=74.8431&s
2024-06-19T15:00,12.8698,74.8431,Mangalore_Port,1.5401679825993848,1.4,1.3,0.205,1.7451679825993849,RISING,Chart_Datum_LAT,Open-Meteo_Marine_Real+TidalModel,https://marine-api.open-meteo.com/v1/marine?latitude=12.8698&longitude=74.8431&s
2024-06-19T16:00,12.8698,74.8431,Mangalore_Port,1.8818637281264765,1.38,1.28,0.20199999999999999,2.0838637281264765,HIGH,Chart_Datum_LAT,Open-Meteo_Marine_Real+TidalModel,https://marine-api.open-meteo.com/v1/marine?latitude=12.8698&longitude=74.8431&s
2024-06-19T17:00,12.8698,74.8431,Mangalore_Port,2.0721226076966976,1.38,1.28,0.20199999999999999,2.2741226076966976,HIGH,Chart_Datum_LAT,Open-Meteo_Marine_Real+TidalModel,https://marine-api.open-meteo.com/v1/marine?latitude=12.8698&longitude=74.8431&s
2024-06-19T18:00,12.8698,74.8431,Mangalore_Port,2.060093489910836,1.38,1.28,0.20199999999999999,2.262093489910836,HIGH,Chart_Datum_LAT,Open-Meteo_Marine_Real+TidalModel,https://marine-api.open-meteo.com/v1/marine?latitude=12.8698&longitude=74.8431&s
2024-06-19T19:00,12.8698,74.8431,Mangalore_Port,1.8451028791186284,1.38,1.3,0.20299999999999999,2.048102879118628,HIGH,Chart_Datum_LAT,Open-Meteo_Marine_Real+TidalModel,https://marine-api.open-meteo.com/v1/marine?latitude=12.8698&longitude=74.8431&s
2024-06-19T20:00,12.8698,74.8431,Mangalore_Port,1.4765853831157798,1.38,1.3,0.20299999999999999,1.6795853831157799,FALLING,Chart_Datum_LAT,Open-Meteo_Marine_Real+TidalModel,https://marine-api.open-meteo.com/v1/marine?latitude=12.8698&longitude=74.8431&s
2024-06-19T21:00,12.8698,74.8431,Mangalore_Port,1.0415047507962576,1.4,1.3,0.205,1.2465047507962577,FALLING,Chart_Datum_LAT,Open-Meteo_Marine_Real+TidalModel,https://marine-api.open-meteo.com/v1/marine?latitude=12.8698&longitude=74.8431&s
2024-06-19T22:00,12.8698,74.8431,Mangalore_Port,0.6425502374554406,1.4,1.32,0.206,0.8485502374554406,LOW,Chart_Datum_LAT,Open-Meteo_Marine_Real+TidalModel,https://marine-api.open-meteo.com/v1/marine?latitude=12.8698&longitude=74.8431&s
2024-06-19T23:00,12.8698,74.8431,Mangalore_Port,0.3726608464503336,1.42,1.32,0.208,0.5806608464503336,LOW,Chart_Datum_LAT,Open-Meteo_Marine_Real+TidalModel,https://marine-api.open-meteo.com/v1/marine?latitude=12.8698&longitude=74.8431&s
2024-06-20T00:00,12.8698,74.8431,Mangalore_Port,0.29227751995501283,1.42,1.34,0.209,0.5012775199550128,LOW,Chart_Datum_LAT,Open-Meteo_Marine_Real+TidalModel,https://marine-api.open-meteo.com/v1/marine?latitude=12.8698&longitude=74.8431&s
2024-06-20T01:00,12.8698,74.8431,Mangalore_Port,0.4149577350119541,1.44,1.34,0.211,0.6259577350119541,LOW,Chart_Datum_LAT,Open-Meteo_Marine_Real+TidalModel,https://marine-api.open-meteo.com/v1/marine?latitude=12.8698&longitude=74.8431&s
2024-06-20T02:00,12.8698,74.8431,Mangalore_Port,0.7048223738448163,1.44,1.36,0.212,0.9168223738448162,RISING,Chart_Datum_LAT,Open-Meteo_Marine_Real+TidalModel,https://marine-api.open-meteo.com/v1/marine?latitude=12.8698&longitude=74.8431&s
2024-06-20T03:00,12.8698,74.8431,Mangalore_Port,1.0863027256007554,1.44,1.38,0.21299999999999997,1.2993027256007554,RISING,Chart_Datum_LAT,Open-Meteo_Marine_Real+TidalModel,https://marine-api.open-meteo.com/v1/marine?latitude=12.8698&longitude=74.8431&s
2024-06-20T04:00,12.8698,74.8431,Mangalore_Port,1.4635790835517017,1.46,1.38,0.21499999999999997,1.6785790835517016,RISING,Chart_Datum_LAT,Open-Meteo_Marine_Real+TidalModel,https://marine-api.open-meteo.com/v1/marine?latitude=12.8698&longitude=74.8431&s
2024-06-20T05:00,12.8698,74.8431,Mangalore_Port,1.7447220177115268,1.46,1.4,0.21599999999999997,1.9607220177115268,RISING,Chart_Datum_LAT,Open-Meteo_Marine_Real+TidalModel,https://marine-api.open-meteo.com/v1/marine?latitude=12.8698&longitude=74.8431&s
2024-06-20T06:00,12.8698,74.8431,Mangalore_Port,1.864447788061506,1.46,1.4,0.21599999999999997,2.080447788061506,HIGH,Chart_Datum_LAT,Open-Meteo_Marine_Real+TidalModel,https://marine-api.open-meteo.com/v1/marine?latitude=12.8698&longitude=74.8431&s
2024-06-20T07:00,12.8698,74.8431,Mangalore_Port,1.7998361861440961,1.46,1.4,0.21599999999999997,2.015836186144096,FALLING,Chart_Datum_LAT,Open-Meteo_Marine_Real+TidalModel,https://marine-api.open-meteo.com/v1/marine?latitude=12.8698&longitude=74.8431&s
2024-06-20T08:00,12.8698,74.8431,Mangalore_Port,1.5752001135281568,1.46,1.4,0.21599999999999997,1.7912001135281568,FALLING,Chart_Datum_LAT,Open-Meteo_Marine_Real+TidalModel,https://marine-api.open-meteo.com/v1/marine?latitude=12.8698&longitude=74.8431&s
2024-06-20T09:00,12.8698,74.8431,Mangalore_Port,1.2550604462722574,1.5,1.42,0.22100000000000003,1.4760604462722575,FALLING,Chart_Datum_LAT,Open-Meteo_Marine_Real+TidalModel,https://marine-api.open-meteo.com/v1/marine?latitude=12.8698&longitude=74.8431&s
2024-06-20T10:00,12.8698,74.8431,Mangalore_Port,0.9271632022002345,1.56,1.44,0.22800000000000004,1.1551632022002345,FALLING,Chart_Datum_LAT,Open-Meteo_Marine_Real+TidalModel,https://marine-api.open-meteo.com/v1/marine?latitude=12.8698&longitude=74.8431&s
2024-06-20T11:00,12.8698,74.8431,Mangalore_Port,0.6799311024120726,1.6,1.46,0.23300000000000004,0.9129311024120725,LOW,Chart_Datum_LAT,Open-Meteo_Marine_Real+TidalModel,https://marine-api.open-meteo.com/v1/marine?latitude=12.8698&longitude=74.8431&s
2024-06-20T12:00,12.8698,74.8431,Mangalore_Port,0.5800643555589367,1.6,1.46,0.23300000000000004,0.8130643555589367,LOW,Chart_Datum_LAT,Open-Meteo_Marine_Real+TidalModel,https://marine-api.open-meteo.com/v1/marine?latitude=12.8698&longitude=74.8431&s
2024-06-20T13:00,12.8698,74.8431,Mangalore_Port,0.6558839201786805,1.58,1.46,0.23100000000000004,0.8868839201786805,LOW,Chart_Datum_LAT,Open-Meteo_Marine_Real+TidalModel,https://marine-api.open-meteo.com/v1/marine?latitude=12.8698&longitude=74.8431&s
2024-06-20T14:00,12.8698,74.8431,Mangalore_Port,0.8904975598507892,1.58,1.46,0.23100000000000004,1.1214975598507892,RISING,Chart_Datum_LAT,Open-Meteo_Marine_Real+TidalModel,https://marine-api.open-meteo.com/v1/marine?latitude=12.8698&longitude=74.8431&s
2024-06-20T15:00,12.8698,74.8431,Mangalore_Port,1.2263632727976377,1.6,1.48,0.23400000000000004,1.4603632727976377,RISING,Chart_Datum_LAT,Open-Meteo_Marine_Real+TidalModel,https://marine-api.open-meteo.com/v1/marine?latitude=12.8698&longitude=74.8431&s
2024-06-20T16:00,12.8698,74.8431,Mangalore_Port,1.579965289592022,1.6,1.52,0.23600000000000004,1.815965289592022,RISING,Chart_Datum_LAT,Open-Meteo_Marine_Real+TidalModel,https://marine-api.open-meteo.com/v1/marine?latitude=12.8698&longitude=74.8431&s
2024-06-20T17:00,12.8698,74.8431,Mangalore_Port,1.862821356234604,1.62,1.54,0.23900000000000005,2.101821356234604,HIGH,Chart_Datum_LAT,Open-Meteo_Marine_Real+TidalModel,https://marine-api.open-meteo.com/v1/marine?latitude=12.8698&longitude=74.8431&s
2024-06-20T18:00,12.8698,74.8431,Mangalore_Port,2.0035209247004526,1.66,1.58,0.24500000000000002,2.2485209247004527,HIGH,Chart_Datum_LAT,Open-Meteo_Marine_Real+TidalModel,https://marine-api.open-meteo.com/v1/marine?latitude=12.8698&longitude=74.8431&s
2024-06-20T19:00,12.8698,74.8431,Mangalore_Port,1.9653135904068408,1.7,1.64,0.252,2.2173135904068406,HIGH,Chart_Datum_LAT,Open-Meteo_Marine_Real+TidalModel,https://marine-api.open-meteo.com/v1/marine?latitude=12.8698&longitude=74.8431&s
2024-06-20T20:00,12.8698,74.8431,Mangalore_Port,1.7549486886525978,1.74,1.68,0.258,2.012948688652598,FALLING,Chart_Datum_LAT,Open-Meteo_Marine_Real+TidalModel,https://marine-api.open-meteo.com/v1/marine?latitude=12.8698&longitude=74.8431&s
2024-06-20T21:00,12.8698,74.8431,Mangalore_Port,1.4206952711294527,1.76,1.7,0.261,1.6816952711294526,FALLING,Chart_Datum_LAT,Open-Meteo_Marine_Real+TidalModel,https://marine-api.open-meteo.com/v1/marine?latitude=12.8698&longitude=74.8431&s
2024-06-20T22:00,12.8698,74.8431,Mangalore_Port,1.040177584295805,1.8,1.74,0.267,1.3071775842958049,FALLING,Chart_Datum_LAT,Open-Meteo_Marine_Real+TidalModel,https://marine-api.open-meteo.com/v1/marine?latitude=12.8698&longitude=74.8431&s
2024-06-20T23:00,12.8698,74.8431,Mangalore_Port,0.7011670639009815,1.82,1.76,0.27,0.9711670639009815,FALLING,Chart_Datum_LAT,Open-Meteo_Marine_Real+TidalModel,https://marine-api.open-meteo.com/v1/marine?latitude=12.8698&longitude=74.8431&s
2024-06-21T00:00,12.8698,74.8431,Mangalore_Port,0.48016142267973505,1.82,1.78,0.271,0.7511614226797351,LOW,Chart_Datum_LAT,Open-Meteo_Marine_Real+TidalModel,https://marine-api.open-meteo.com/v1/marine?latitude=12.8698&longitude=74.8431&s
2024-06-21T01:00,12.8698,74.8431,Mangalore_Port,0.4240509735723118,1.84,1.78,0.273,0.6970509735723118,LOW,Chart_Datum_LAT,Open-Meteo_Marine_Real+TidalModel,https://marine-api.open-meteo.com/v1/marine?latitude=12.8698&longitude=74.8431&s
2024-06-21T02:00,12.8698,74.8431,Mangalore_Port,0.5393267885205086,1.84,1.8,0.274,0.8133267885205087,LOW,Chart_Datum_LAT,Open-Meteo_Marine_Real+TidalModel,https://marine-api.open-meteo.com/v1/marine?latitude=12.8698&longitude=74.8431&s
2024-06-21T03:00,12.8698,74.8431,Mangalore_Port,0.7913558933625309,1.84,1.8,0.274,1.065355893362531,RISING,Chart_Datum_LAT,Open-Meteo_Marine_Real+TidalModel,https://marine-api.open-meteo.com/v1/marine?latitude=12.8698&longitude=74.8431&s
2024-06-21T04:00,12.8698,74.8431,Mangalore_Port,1.1137299100924745,1.84,1.8,0.274,1.3877299100924745,RISING,Chart_Datum_LAT,Open-Meteo_Marine_Real+TidalModel,https://marine-api.open-meteo.com/v1/marine?latitude=12.8698&longitude=74.8431&s
2024-06-21T05:00,12.8698,74.8431,Mangalore_Port,1.425216188116396,1.84,1.8,0.274,1.699216188116396,RISING,Chart_Datum_LAT,Open-Meteo_Marine_Real+TidalModel,https://marine-api.open-meteo.com/v1/marine?latitude=12.8698&longitude=74.8431&s
2024-06-21T06:00,12.8698,74.8431,Mangalore_Port,1.6500136508679,1.92,1.88,0.28600000000000003,1.9360136508679,RISING,Chart_Datum_LAT,Open-Meteo_Marine_Real+TidalModel,https://marine-api.open-meteo.com/v1/marine?latitude=12.8698&longitude=74.8431&s
2024-06-21T07:00,12.8698,74.8431,Mangalore_Port,1.7362772105200843,2.02,1.96,0.30000000000000004,2.036277210520084,RISING,Chart_Datum_LAT,Open-Meteo_Marine_Real+TidalModel,https://marine-api.open-meteo.com/v1/marine?latitude=12.8698&longitude=74.8431&s
2024-06-21T08:00,12.8698,74.8431,Mangalore_Port,1.668386845076805,2.1,2.04,0.31200000000000006,1.980386845076805,FALLING,Chart_Datum_LAT,Open-Meteo_Marine_Real+TidalModel,https://marine-api.open-meteo.com/v1/marine?latitude=12.8698&longitude=74.8431&s
2024-06-21T09:00,12.8698,74.8431,Mangalore_Port,1.4700521612719677,2.08,2.02,0.30900000000000005,1.7790521612719679,FALLING,Chart_Datum_LAT,Open-Meteo_Marine_Real+TidalModel,https://marine-api.open-meteo.com/v1/marine?latitude=12.8698&longitude=74.8431&s
2024-06-21T10:00,12.8698,74.8431,Mangalore_Port,1.19764439689178,2.04,1.98,0.30300000000000005,1.5006443968917802,FALLING,Chart_Datum_LAT,Open-Meteo_Marine_Real+TidalModel,https://marine-api.open-meteo.com/v1/marine?latitude=12.8698&longitude=74.8431&s
2024-06-21T11:00,12.8698,74.8431,Mangalore_Port,0.9255585678214564,2.02,1.96,0.30000000000000004,1.2255585678214564,FALLING,Chart_Datum_LAT,Open-Meteo_Marine_Real+TidalModel,https://marine-api.open-meteo.com/v1/marine?latitude=12.8698&longitude=74.8431&s
2024-06-21T12:00,12.8698,74.8431,Mangalore_Port,0.7273358762687411,2.04,2.0,0.30400000000000005,1.031335876268741,FALLING,Chart_Datum_LAT,Open-Meteo_Marine_Real+TidalModel,https://marine-api.open-meteo.com/v1/marine?latitude=12.8698&longitude=74.8431&s
2024-06-21T13:00,12.8698,74.8431,Mangalore_Port,0.6572569744399718,2.06,2.02,0.30700000000000005,0.9642569744399718,LOW,Chart_Datum_LAT,Open-Meteo_Marine_Real+TidalModel,https://marine-api.open-meteo.com/v1/marine?latitude=12.8698&longitude=74.8431&s
2024-06-21T14:00,12.8698,74.8431,Mangalore_Port,0.7369269345564953,2.08,2.06,0.31100000000000005,1.0479269345564952,RISING,Chart_Datum_LAT,Open-Meteo_Marine_Real+TidalModel,https://marine-api.open-meteo.com/v1/marine?latitude=12.8698&longitude=74.8431&s
2024-06-21T15:00,12.8698,74.8431,Mangalore_Port,0.9500797532602331,2.1,2.08,0.31400000000000006,1.264079753260233,RISING,Chart_Datum_LAT,Open-Meteo_Marine_Real+TidalModel,https://marine-api.open-meteo.com/v1/marine?latitude=12.8698&longitude=74.8431&s
2024-06-21T16:00,12.8698,74.8431,Mangalore_Port,1.2467691070505749,2.14,2.12,0.32000000000000006,1.566769107050575,RISING,Chart_Datum_LAT,Open-Meteo_Marine_Real+TidalModel,https://marine-api.open-meteo.com/v1/marine?latitude=12.8698&longitude=74.8431&s
2024-06-21T17:00,12.8698,74.8431,Mangalore_Port,1.5557993328851196,2.16,2.14,0.32300000000000006,1.8787993328851198,RISING,Chart_Datum_LAT,Open-Meteo_Marine_Real+TidalModel,https://marine-api.open-meteo.com/v1/marine?latitude=12.8698&longitude=74.8431&s
2024-06-21T18:00,12.8698,74.8431,Mangalore_Port,1.8022545710572702,2.18,2.14,0.32500000000000007,2.12725457105727,HIGH,Chart_Datum_LAT,Open-Meteo_Marine_Real+TidalModel,https://marine-api.open-meteo.com/v1/marine?latitude=12.8698&longitude=74.8431&s
2024-06-21T19:00,12.8698,74.8431,Mangalore_Port,1.9257855132458614,2.18,2.16,0.32600000000000007,2.2517855132458617,HIGH,Chart_Datum_LAT,Open-Meteo_Marine_Real+TidalModel,https://marine-api.open-meteo.com/v1/marine?latitude=12.8698&longitude=74.8431&s
2024-06-21T20:00,12.8698,74.8431,Mangalore_Port,1.8951903264546468,2.2,2.16,0.32800000000000007,2.223190326454647,HIGH,Chart_Datum_LAT,Open-Meteo_Marine_Real+TidalModel,https://marine-api.open-meteo.com/v1/marine?latitude=12.8698&longitude=74.8431&s
2024-06-21T21:00,12.8698,74.8431,Mangalore_Port,1.7157907334791096,2.2,2.14,0.32700000000000007,2.0427907334791096,FALLING,Chart_Datum_LAT,Open-Meteo_Marine_Real+TidalModel,https://marine-api.open-meteo.com/v1/marine?latitude=12.8698&longitude=74.8431&s
2024-06-21T22:00,12.8698,74.8431,Mangalore_Port,1.427903436075851,2.2,2.14,0.32700000000000007,1.754903436075851,FALLING,Chart_Datum_LAT,Open-Meteo_Marine_Real+TidalModel,https://marine-api.open-meteo.com/v1/marine?latitude=12.8698&longitude=74.8431&s
2024-06-21T23:00,12.8698,74.8431,Mangalore_Port,1.096890676477241,2.2,2.12,0.32600000000000007,1.422890676477241,FALLING,Chart_Datum_LAT,Open-Meteo_Marine_Real+TidalModel,https://marine-api.open-meteo.com/v1/marine?latitude=12.8698&longitude=74.8431&s
2024-06-22T00:00,12.8698,74.8431,Mangalore_Port,0.7973062595749187,2.2,2.14,0.32700000000000007,1.1243062595749187,FALLING,Chart_Datum_LAT,Open-Meteo_Marine_Real+TidalModel,https://marine-api.open-meteo.com/v1/marine?latitude=12.8698&longitude=74.8431&s
2024-06-22T01:00,12.8698,74.8431,Mangalore_Port,0.5950453397981211,2.22,2.16,0.33000000000000007,0.9250453397981212,LOW,Chart_Datum_LAT,Open-Meteo_Marine_Real+TidalModel,https://marine-api.open-meteo.com/v1/marine?latitude=12.8698&longitude=74.8431&s
2024-06-22T02:00,12.8698,74.8431,Mangalore_Port,0.5318316647857595,2.22,2.18,0.33100000000000007,0.8628316647857596,LOW,Chart_Datum_LAT,Open-Meteo_Marine_Real+TidalModel,https://marine-api.open-meteo.com/v1/marine?latitude=12.8698&longitude=74.8431&s
2024-06-22T03:00,12.8698,74.8431,Mangalore_Port,0.6157477759032042,2.22,2.18,0.33100000000000007,0.9467477759032042,LOW,Chart_Datum_LAT,Open-Meteo_Marine_Real+TidalModel,https://marine-api.open-meteo.com/v1/marine?latitude=12.8698&longitude=74.8431&s
2024-06-22T04:00,12.8698,74.8431,Mangalore_Port,0.8200005398875025,2.24,2.2,0.3340000000000001,1.1540005398875026,RISING,Chart_Datum_LAT,Open-Meteo_Marine_Real+TidalModel,https://marine-api.open-meteo.com/v1/marine?latitude=12.8698&longitude=74.8431&s
2024-06-22T05:00,12.8698,74.8431,Mangalore_Port,1.0900953448138406,2.24,2.2,0.3340000000000001,1.4240953448138407,RISING,Chart_Datum_LAT,Open-Meteo_Marine_Real+TidalModel,https://marine-api.open-meteo.com/v1/marine?latitude=12.8698&longitude=74.8431&s
2024-06-22T06:00,12.8698,74.8431,Mangalore_Port,1.3575617801077344,2.24,2.2,0.3340000000000001,1.6915617801077345,RISING,Chart_Datum_LAT,Open-Meteo_Marine_Real+TidalModel,https://marine-api.open-meteo.com/v1/marine?latitude=12.8698&longitude=74.8431&s
2024-06-22T07:00,12.8698,74.8431,Mangalore_Port,1.5568206537640394,2.24,2.2,0.3340000000000001,1.8908206537640395,RISING,Chart_Datum_LAT,Open-Meteo_Marine_Real+TidalModel,https://marine-api.open-meteo.com/v1/marine?latitude=12.8698&longitude=74.8431&s
2024-06-22T08:00,12.8698,74.8431,Mangalore_Port,1.641073094183766,2.24,2.2,0.3340000000000001,1.975073094183766,RISING,Chart_Datum_LAT,Open-Meteo_Marine_Real+TidalModel,https://marine-api.open-meteo.com/v1/marine?latitude=12.8698&longitude=74.8431&s
2024-06-22T09:00,12.8698,74.8431,Mangalore_Port,1.5933851157504844,2.24,2.18,0.3330000000000001,1.9263851157504845,FALLING,Chart_Datum_LAT,Open-Meteo_Marine_Real+TidalModel,https://marine-api.open-meteo.com/v1/marine?latitude=12.8698&longitude=74.8431&s
2024-06-22T10:00,12.8698,74.8431,Mangalore_Port,1.4303505169111894,2.22,2.18,0.33100000000000007,1.7613505169111896,FALLING,Chart_Datum_LAT,Open-Meteo_Marine_Real+TidalModel,https://marine-api.open-meteo.com/v1/marine?latitude=12.8698&longitude=74.8431&s
2024-06-22T11:00,12.8698,74.8431,Mangalore_Port,1.1975379848979815,2.22,2.16,0.33000000000000007,1.5275379848979815,FALLING,Chart_Datum_LAT,Open-Meteo_Marine_Real+TidalModel,https://marine-api.open-meteo.com/v1/marine?latitude=12.8698&longitude=74.8431&s
2024-06-22T12:00,12.8698,74.8431,Mangalore_Port,0.9579190097458807,2.28,2.22,0.33899999999999997,1.2969190097458807,FALLING,Chart_Datum_LAT,Open-Meteo_Marine_Real+TidalModel,https://marine-api.open-meteo.com/v1/marine?latitude=12.8698&longitude=74.8431&s
2024-06-22T13:00,12.8698,74.8431,Mangalore_Port,0.776152106626499,2.32,2.3,0.347,1.123152106626499,FALLING,Chart_Datum_LAT,Open-Meteo_Marine_Real+TidalModel,https://marine-api.open-meteo.com/v1/marine?latitude=12.8698&longitude=74.8431&s
2024-06-22T14:00,12.8698,74.8431,Mangalore_Port,0.7025675321573406,2.38,2.36,0.356,1.0585675321573405,FALLING,Chart_Datum_LAT,Open-Meteo_Marine_Real+TidalModel,https://marine-api.open-meteo.com/v1/marine?latitude=12.8698&longitude=74.8431&s
2024-06-22T15:00,12.8698,74.8431,Mangalore_Port,0.7607317521743503,2.38,2.36,0.356,1.1167317521743503,RISING,Chart_Datum_LAT,Open-Meteo_Marine_Real+TidalModel,https://marine-api.open-meteo.com/v1/marine?latitude=12.8698&longitude=74.8431&s
2024-06-22T16:00,12.8698,74.8431,Mangalore_Port,0.9415747070969289,2.36,2.34,0.353,1.294574707096929,RISING,Chart_Datum_LAT,Open-Meteo_Marine_Real+TidalModel,https://marine-api.open-meteo.com/v1/marine?latitude=12.8698&longitude=74.8431&s
2024-06-22T17:00,12.8698,74.8431,Mangalore_Port,1.2054599075262757,2.36,2.34,0.353,1.5584599075262757,RISING,Chart_Datum_LAT,Open-Meteo_Marine_Real+TidalModel,https://marine-api.open-meteo.com/v1/marine?latitude=12.8698&longitude=74.8431&s
2024-06-22T18:00,12.8698,74.8431,Mangalore_Port,1.491657973615247,2.38,2.36,0.356,1.847657973615247,RISING,Chart_Datum_LAT,Open-Meteo_Marine_Real+TidalModel,https://marine-api.open-meteo.com/v1/marine?latitude=12.8698&longitude=74.8431&s
2024-06-22T19:00,12.8698,74.8431,Mangalore_Port,1.7329099256970801,2.4,2.36,0.358,2.0909099256970802,RISING,Chart_Datum_LAT,Open-Meteo_Marine_Real+TidalModel,https://marine-api.open-meteo.com/v1/marine?latitude=12.8698&longitude=74.8431&s
2024-06-22T20:00,12.8698,74.8431,Mangalore_Port,1.8715595696426355,2.42,2.38,0.361,2.2325595696426355,HIGH,Chart_Datum_LAT,Open-Meteo_Marine_Real+TidalModel,https://marine-api.open-meteo.com/v1/marine?latitude=12.8698&longitude=74.8431&s
2024-06-22T21:00,12.8698,74.8431,Mangalore_Port,1.8733778707915532,2.4,2.36,0.358,2.2313778707915533,HIGH,Chart_Datum_LAT,Open-Meteo_Marine_Real+TidalModel,https://marine-api.open-meteo.com/v1/marine?latitude=12.8698&longitude=74.8431&s
2024-06-22T22:00,12.8698,74.8431,Mangalore_Port,1.7357746495305677,2.38,2.36,0.356,2.0917746495305676,FALLING,Chart_Datum_LAT,Open-Meteo_Marine_Real+TidalModel,https://marine-api.open-meteo.com/v1/marine?latitude=12.8698&longitude=74.8431&s
2024-06-22T23:00,12.8698,74.8431,Mangalore_Port,1.4884511938471674,2.36,2.34,0.353,1.8414511938471674,FALLING,Chart_Datum_LAT,Open-Meteo_Marine_Real+TidalModel,https://marine-api.open-meteo.com/v1/marine?latitude=12.8698&longitude=74.8431&s
2024-06-23T00:00,12.8698,74.8431,Mangalore_Port,1.1863627835740524,2.36,2.34,0.353,1.5393627835740524,FALLING,Chart_Datum_LAT,Open-Meteo_Marine_Real+TidalModel,https://marine-api.open-meteo.com/v1/marine?latitude=12.8698&longitude=74.8431&s
2024-06-23T01:00,12.8698,74.8431,Mangalore_Port,0.8966976620673182,2.38,2.34,0.355,1.2516976620673181,FALLING,Chart_Datum_LAT,Open-Meteo_Marine_Real+TidalModel,https://marine-api.open-meteo.com/v1/marine?latitude=12.8698&longitude=74.8431&s
2024-06-23T02:00,12.8698,74.8431,Mangalore_Port,0.6830011086317477,2.38,2.34,0.355,1.0380011086317475,LOW,Chart_Datum_LAT,Open-Meteo_Marine_Real+TidalModel,https://marine-api.open-meteo.com/v1/marine?latitude=12.8698&longitude=74.8431&s
2024-06-23T03:00,12.8698,74.8431,Mangalore_Port,0.5902434035242343,2.42,2.36,0.36,0.9502434035242343,LOW,Chart_Datum_LAT,Open-Meteo_Marine_Real+TidalModel,https://marine-api.open-meteo.com/v1/marine?latitude=12.8698&longitude=74.8431&s
2024-06-23T04:00,12.8698,74.8431,Mangalore_Port,0.6343921749198925,2.48,2.38,0.367,1.0013921749198924,LOW,Chart_Datum_LAT,Open-Meteo_Marine_Real+TidalModel,https://marine-api.open-meteo.com/v1/marine?latitude=12.8698&longitude=74.8431&s
2024-06-23T05:00,12.8698,74.8431,Mangalore_Port,0.7989626808335385,2.52,2.4,0.372,1.1709626808335385,RISING,Chart_Datum_LAT,Open-Meteo_Marine_Real+TidalModel,https://marine-api.open-meteo.com/v1/marine?latitude=12.8698&longitude=74.8431&s
2024-06-23T06:00,12.8698,74.8431,Mangalore_Port,1.0393450956210508,2.52,2.44,0.374,1.4133450956210507,RISING,Chart_Datum_LAT,Open-Meteo_Marine_Real+TidalModel,https://marine-api.open-meteo.com/v1/marine?latitude=12.8698&longitude=74.8431&s
2024-06-23T07:00,12.8698,74.8431,Mangalore_Port,1.2938458094139234,2.52,2.46,0.375,1.6688458094139234,RISING,Chart_Datum_LAT,Open-Meteo_Marine_Real+TidalModel,https://marine-api.open-meteo.com/v1/marine?latitude=12.8698&longitude=74.8431&s
2024-06-23T08:00,12.8698,74.8431,Mangalore_Port,1.4987739792945194,2.52,2.5,0.377,1.8757739792945194,RISING,Chart_Datum_LAT,Open-Meteo_Marine_Real+TidalModel,https://marine-api.open-meteo.com/v1/marine?latitude=12.8698&longitude=74.8431&s
2024-06-23T09:00,12.8698,74.8431,Mangalore_Port,1.6039376953518585,2.54,2.52,0.38,1.9839376953518584,RISING,Chart_Datum_LAT,Open-Meteo_Marine_Real+TidalModel,https://marine-api.open-meteo.com/v1/marine?latitude=12.8698&longitude=74.8431&s
2024-06-23T10:00,12.8698,74.8431,Mangalore_Port,1.5848168558104982,2.54,2.52,0.38,1.9648168558104984,FALLING,Chart_Datum_LAT,Open-Meteo_Marine_Real+TidalModel,https://marine-api.open-meteo.com/v1/marine?latitude=12.8698&longitude=74.8431&s
2024-06-23T11:00,12.8698,74.8431,Mangalore_Port,1.4484762355517269,2.56,2.54,0.383,1.831476235551727,FALLING,Chart_Datum_LAT,Open-Meteo_Marine_Real+TidalModel,https://marine-api.open-meteo.com/v1/marine?latitude=12.8698&longitude=74.8431&s
2024-06-23T12:00,12.8698,74.8431,Mangalore_Port,1.2317836665089088,2.56,2.54,0.383,1.6147836665089088,FALLING,Chart_Datum_LAT,Open-Meteo_Marine_Real+TidalModel,https://marine-api.open-meteo.com/v1/marine?latitude=12.8698&longitude=74.8431&s
2024-06-23T13:00,12.8698,74.8431,Mangalore_Port,0.992347705214919,2.54,2.52,0.38,1.372347705214919,FALLING,Chart_Datum_LAT,Open-Meteo_Marine_Real+TidalModel,https://marine-api.open-meteo.com/v1/marine?latitude=12.8698&longitude=74.8431&s
2024-06-23T14:00,12.8698,74.8431,Mangalore_Port,0.7943454607411086,2.54,2.52,0.38,1.1743454607411086,FALLING,Chart_Datum_LAT,Open-Meteo_Marine_Real+TidalModel,https://marine-api.open-meteo.com/v1/marine?latitude=12.8698&longitude=74.8431&s
2024-06-23T15:00,12.8698,74.8431,Mangalore_Port,0.6926535761176464,2.56,2.52,0.382,1.0746535761176466,LOW,Chart_Datum_LAT,Open-Meteo_Marine_Real+TidalModel,https://marine-api.open-meteo.com/v1/marine?latitude=12.8698&longitude=74.8431&s
2024-06-23T16:00,12.8698,74.8431,Mangalore_Port,0.7191234667126505,2.56,2.54,0.383,1.1021234667126505,RISING,Chart_Datum_LAT,Open-Meteo_Marine_Real+TidalModel,https://marine-api.open-meteo.com/v1/marine?latitude=12.8698&longitude=74.8431&s
2024-06-23T17:00,12.8698,74.8431,Mangalore_Port,0.8743483935304612,2.58,2.54,0.385,1.2593483935304612,RISING,Chart_Datum_LAT,Open-Meteo_Marine_Real+TidalModel,https://marine-api.open-meteo.com/v1/marine?latitude=12.8698&longitude=74.8431&s
2024-06-23T18:00,12.8698,74.8431,Mangalore_Port,1.126967088916059,2.62,2.58,0.391,1.517967088916059,RISING,Chart_Datum_LAT,Open-Meteo_Marine_Real+TidalModel,https://marine-api.open-meteo.com/v1/marine?latitude=12.8698&longitude=74.8431&s
2024-06-23T19:00,12.8698,74.8431,Mangalore_Port,1.4207433679068224,2.64,2.62,0.395,1.8157433679068224,RISING,Chart_Datum_LAT,Open-Meteo_Marine_Real+TidalModel,https://marine-api.open-meteo.com/v1/marine?latitude=12.8698&longitude=74.8431&s
2024-06-23T20:00,12.8698,74.8431,Mangalore_Port,1.6877833004461338,2.68,2.66,0.401,2.088783300446134,RISING,Chart_Datum_LAT,Open-Meteo_Marine_Real+TidalModel,https://marine-api.open-meteo.com/v1/marine?latitude=12.8698&longitude=74.8431&s
2024-06-23T21:00,12.8698,74.8431,Mangalore_Port,1.8647522087450485,2.72,2.7,0.40700000000000003,2.2717522087450486,HIGH,Chart_Datum_LAT,Open-Meteo_Marine_Real+TidalModel,https://marine-api.open-meteo.com/v1/marine?latitude=12.8698&longitude=74.8431&s
2024-06-23T22:00,12.8698,74.8431,Mangalore_Port,1.9081975741989914,2.76,2.74,0.413,2.321197574198991,HIGH,Chart_Datum_LAT,Open-Meteo_Marine_Real+TidalModel,https://marine-api.open-meteo.com/v1/marine?latitude=12.8698&longitude=74.8431&s
2024-06-23T23:00,12.8698,74.8431,Mangalore_Port,1.8052605997398772,2.8,2.78,0.41899999999999993,2.224260599739877,HIGH,Chart_Datum_LAT,Open-Meteo_Marine_Real+TidalModel,https://marine-api.open-meteo.com/v1/marine?latitude=12.8698&longitude=74.8431&s
2024-06-24T00:00,12.8698,74.8431,Mangalore_Port,1.5771359714444557,2.82,2.8,0.42199999999999993,1.9991359714444557,FALLING,Chart_Datum_LAT,Open-Meteo_Marine_Real+TidalModel,https://marine-api.open-meteo.com/v1/marine?latitude=12.8698&longitude=74.8431&s
2024-06-24T01:00,12.8698,74.8431,Mangalore_Port,1.274366341849967,2.82,2.8,0.42199999999999993,1.696366341849967,FALLING,Chart_Datum_LAT,Open-Meteo_Marine_Real+TidalModel,https://marine-api.open-meteo.com/v1/marine?latitude=12.8698&longitude=74.8431&s
2024-06-24T02:00,12.8698,74.8431,Mangalore_Port,0.9650253942895202,2.84,2.82,0.42499999999999993,1.3900253942895202,FALLING,Chart_Datum_LAT,Open-Meteo_Marine_Real+TidalModel,https://marine-api.open-meteo.com/v1/marine?latitude=12.8698&longitude=74.8431&s
2024-06-24T03:00,12.8698,74.8431,Mangalore_Port,0.7185779799976385,2.84,2.82,0.42499999999999993,1.1435779799976384,FALLING,Chart_Datum_LAT,Open-Meteo_Marine_Real+TidalModel,https://marine-api.open-meteo.com/v1/marine?latitude=12.8698&longitude=74.8431&s
2024-06-24T04:00,12.8698,74.8431,Mangalore_Port,0.5892847215546609,2.84,2.8,0.42399999999999993,1.013284721554661,LOW,Chart_Datum_LAT,Open-Meteo_Marine_Real+TidalModel,https://marine-api.open-meteo.com/v1/marine?latitude=12.8698&longitude=74.8431&s
2024-06-24T05:00,12.8698,74.8431,Mangalore_Port,0.603171605058126,2.84,2.8,0.42399999999999993,1.0271716050581259,LOW,Chart_Datum_LAT,Open-Meteo_Marine_Real+TidalModel,https://marine-api.open-meteo.com/v1/marine?latitude=12.8698&longitude=74.8431&s
2024-06-24T06:00,12.8698,74.8431,Mangalore_Port,0.7517630163335514,2.86,2.82,0.42699999999999994,1.1787630163335514,RISING,Chart_Datum_LAT,Open-Meteo_Marine_Real+TidalModel,https://marine-api.open-meteo.com/v1/marine?latitude=12.8698&longitude=74.8431&s
2024-06-24T07:00,12.8698,74.8431,Mangalore_Port,0.9941659911866734,2.86,2.84,0.42799999999999994,1.4221659911866733,RISING,Chart_Datum_LAT,Open-Meteo_Marine_Real+TidalModel,https://marine-api.open-meteo.com/v1/marine?latitude=12.8698&longitude=74.8431&s
2024-06-24T08:00,12.8698,74.8431,Mangalore_Port,1.2670751917089218,2.88,2.86,0.43099999999999994,1.6980751917089218,RISING,Chart_Datum_LAT,Open-Meteo_Marine_Real+TidalModel,https://marine-api.open-meteo.com/v1/marine?latitude=12.8698&longitude=74.8431&s
2024-06-24T09:00,12.8698,74.8431,Mangalore_Port,1.500328364973186,2.88,2.86,0.43099999999999994,1.931328364973186,RISING,Chart_Datum_LAT,Open-Meteo_Marine_Real+TidalModel,https://marine-api.open-meteo.com/v1/marine?latitude=12.8698&longitude=74.8431&s
2024-06-24T10:00,12.8698,74.8431,Mangalore_Port,1.6342553400233897,2.86,2.84,0.42799999999999994,2.0622553400233894,RISING,Chart_Datum_LAT,Open-Meteo_Marine_Real+TidalModel,https://marine-api.open-meteo.com/v1/marine?latitude=12.8698&longitude=74.8431&s
2024-06-24T11:00,12.8698,74.8431,Mangalore_Port,1.6345771408704508,2.86,2.84,0.42799999999999994,2.0625771408704505,RISING,Chart_Datum_LAT,Open-Meteo_Marine_Real+TidalModel,https://marine-api.open-meteo.com/v1/marine?latitude=12.8698&longitude=74.8431&s
2024-06-24T12:00,12.8698,74.8431,Mangalore_Port,1.5011583607936427,2.84,2.82,0.42499999999999993,1.9261583607936426,FALLING,Chart_Datum_LAT,Open-Meteo_Marine_Real+TidalModel,https://marine-api.open-meteo.com/v1/marine?latitude=12.8698&longitude=74.8431&s
2024-06-24T13:00,12.8698,74.8431,Mangalore_Port,1.2683777688655216,2.84,2.82,0.42499999999999993,1.6933777688655214,FALLING,Chart_Datum_LAT,Open-Meteo_Marine_Real+TidalModel,https://marine-api.open-meteo.com/v1/marine?latitude=12.8698&longitude=74.8431&s
2024-06-24T14:00,12.8698,74.8431,Mangalore_Port,0.9969151173416622,2.82,2.8,0.42199999999999993,1.418915117341662,FALLING,Chart_Datum_LAT,Open-Meteo_Marine_Real+TidalModel,https://marine-api.open-meteo.com/v1/marine?latitude=12.8698&longitude=74.8431&s
2024-06-24T15:00,12.8698,74.8431,Mangalore_Port,0.7588661033404203,2.84,2.8,0.42399999999999993,1.1828661033404202,FALLING,Chart_Datum_LAT,Open-Meteo_Marine_Real+TidalModel,https://marine-api.open-meteo.com/v1/marine?latitude=12.8698&longitude=74.8431&s
2024-06-24T16:00,12.8698,74.8431,Mangalore_Port,0.6197737316611296,2.84,2.82,0.42499999999999993,1.0447737316611296,LOW,Chart_Datum_LAT,Open-Meteo_Marine_Real+TidalModel,https://marine-api.open-meteo.com/v1/marine?latitude=12.8698&longitude=74.8431&s
2024-06-24T17:00,12.8698,74.8431,Mangalore_Port,0.6219827020236565,2.86,2.82,0.42699999999999994,1.0489827020236564,LOW,Chart_Datum_LAT,Open-Meteo_Marine_Real+TidalModel,https://marine-api.open-meteo.com/v1/marine?latitude=12.8698&longitude=74.8431&s
2024-06-24T18:00,12.8698,74.8431,Mangalore_Port,0.7734674205753522,2.82,2.78,0.42099999999999993,1.1944674205753523,RISING,Chart_Datum_LAT,Open-Meteo_Marine_Real+TidalModel,https://marine-api.open-meteo.com/v1/marine?latitude=12.8698&longitude=74.8431&s
2024-06-24T19:00,12.8698,74.8431,Mangalore_Port,1.0449983281324224,2.8,2.74,0.417,1.4619983281324225,RISING,Chart_Datum_LAT,Open-Meteo_Marine_Real+TidalModel,https://marine-api.open-meteo.com/v1/marine?latitude=12.8698&longitude=74.8431&s
2024-06-24T20:00,12.8698,74.8431,Mangalore_Port,1.3764950322704517,2.76,2.7,0.411,1.7874950322704517,RISING,Chart_Datum_LAT,Open-Meteo_Marine_Real+TidalModel,https://marine-api.open-meteo.com/v1/marine?latitude=12.8698&longitude=74.8431&s
2024-06-24T21:00,12.8698,74.8431,Mangalore_Port,1.691153857268573,2.74,2.68,0.40800000000000003,2.099153857268573,RISING,Chart_Datum_LAT,Open-Meteo_Marine_Real+TidalModel,https://marine-api.open-meteo.com/v1/marine?latitude=12.8698&longitude=74.8431&s
2024-06-24T22:00,12.8698,74.8431,Mangalore_Port,1.9139871153140557,2.74,2.68,0.40800000000000003,2.3219871153140557,HIGH,Chart_Datum_LAT,Open-Meteo_Marine_Real+TidalModel,https://marine-api.open-meteo.com/v1/marine?latitude=12.8698&longitude=74.8431&s
2024-06-24T23:00,12.8698,74.8431,Mangalore_Port,1.9902603961484817,2.72,2.66,0.405,2.3952603961484815,HIGH,Chart_Datum_LAT,Open-Meteo_Marine_Real+TidalModel,https://marine-api.open-meteo.com/v1/marine?latitude=12.8698&longitude=74.8431&s
2024-06-25T00:00,12.8698,74.8431,Mangalore_Port,1.8992622772129106,2.72,2.64,0.404,2.3032622772129105,HIGH,Chart_Datum_LAT,Open-Meteo_Marine_Real+TidalModel,https://marine-api.open-meteo.com/v1/marine?latitude=12.8698&longitude=74.8431&s
2024-06-25T01:00,12.8698,74.8431,Mangalore_Port,1.659920814271882,2.74,2.64,0.406,2.065920814271882,FALLING,Chart_Datum_LAT,Open-Meteo_Marine_Real+TidalModel,https://marine-api.open-meteo.com/v1/marine?latitude=12.8698&longitude=74.8431&s
2024-06-25T02:00,12.8698,74.8431,Mangalore_Port,1.3267452280468122,2.74,2.62,0.405,1.7317452280468122,FALLING,Chart_Datum_LAT,Open-Meteo_Marine_Real+TidalModel,https://marine-api.open-meteo.com/v1/marine?latitude=12.8698&longitude=74.8431&s
2024-06-25T03:00,12.8698,74.8431,Mangalore_Port,0.9769471302770032,2.78,2.62,0.409,1.3859471302770032,FALLING,Chart_Datum_LAT,Open-Meteo_Marine_Real+TidalModel,https://marine-api.open-meteo.com/v1/marine?latitude=12.8698&longitude=74.8431&s
2024-06-25T04:00,12.8698,74.8431,Mangalore_Port,0.6917998036618261,2.8,2.64,0.412,1.1037998036618262,LOW,Chart_Datum_LAT,Open-Meteo_Marine_Real+TidalModel,https://marine-api.open-meteo.com/v1/marine?latitude=12.8698&longitude=74.8431&s
2024-06-25T05:00,12.8698,74.8431,Mangalore_Port,0.5367746090778857,2.84,2.64,0.416,0.9527746090778857,LOW,Chart_Datum_LAT,Open-Meteo_Marine_Real+TidalModel,https://marine-api.open-meteo.com/v1/marine?latitude=12.8698&longitude=74.8431&s
2024-06-25T06:00,12.8698,74.8431,Mangalore_Port,0.5453686881739516,2.88,2.72,0.424,0.9693686881739516,LOW,Chart_Datum_LAT,Open-Meteo_Marine_Real+TidalModel,https://marine-api.open-meteo.com/v1/marine?latitude=12.8698&longitude=74.8431&s
2024-06-25T07:00,12.8698,74.8431,Mangalore_Port,0.7106945639709346,2.9,2.78,0.42899999999999994,1.1396945639709344,RISING,Chart_Datum_LAT,Open-Meteo_Marine_Real+TidalModel,https://marine-api.open-meteo.com/v1/marine?latitude=12.8698&longitude=74.8431&s
2024-06-25T08:00,12.8698,74.8431,Mangalore_Port,0.9870290340264434,2.94,2.86,0.43699999999999994,1.4240290340264434,RISING,Chart_Datum_LAT,Open-Meteo_Marine_Real+TidalModel,https://marine-api.open-meteo.com/v1/marine?latitude=12.8698&longitude=74.8431&s
2024-06-25T09:00,12.8698,74.8431,Mangalore_Port,1.3010657900149885,2.96,2.9,0.44099999999999995,1.7420657900149883,RISING,Chart_Datum_LAT,Open-Meteo_Marine_Real+TidalModel,https://marine-api.open-meteo.com/v1/marine?latitude=12.8698&longitude=74.8431&s
2024-06-25T10:00,12.8698,74.8431,Mangalore_Port,1.570186750968619,3.0,2.96,0.44800000000000006,2.018186750968619,RISING,Chart_Datum_LAT,Open-Meteo_Marine_Real+TidalModel,https://marine-api.open-meteo.com/v1/marine?latitude=12.8698&longitude=74.8431&s
2024-06-25T11:00,12.8698,74.8431,Mangalore_Port,1.7232696910955607,3.02,3.0,0.45200000000000007,2.175269691095561,RISING,Chart_Datum_LAT,Open-Meteo_Marine_Real+TidalModel,https://marine-api.open-meteo.com/v1/marine?latitude=12.8698&longitude=74.8431&s
2024-06-25T12:00,12.8698,74.8431,Mangalore_Port,1.7188457226263516,3.04,3.02,0.45500000000000007,2.1738457226263517,FALLING,Chart_Datum_LAT,Open-Meteo_Marine_Real+TidalModel,https://marine-api.open-meteo.com/v1/marine?latitude=12.8698&longitude=74.8431&s
2024-06-25T13:00,12.8698,74.8431,Mangalore_Port,1.5560051501682237,3.08,3.02,0.4590000000000001,2.015005150168224,FALLING,Chart_Datum_LAT,Open-Meteo_Marine_Real+TidalModel,https://marine-api.open-meteo.com/v1/marine?latitude=12.8698&longitude=74.8431&s
2024-06-25T14:00,12.8698,74.8431,Mangalore_Port,1.27519978312079,3.1,3.04,0.4620000000000001,1.73719978312079,FALLING,Chart_Datum_LAT,Open-Meteo_Marine_Real+TidalModel,https://marine-api.open-meteo.com/v1/marine?latitude=12.8698&longitude=74.8431&s
2024-06-25T15:00,12.8698,74.8431,Mangalore_Port,0.948584813052632,3.12,3.04,0.4640000000000001,1.4125848130526322,FALLING,Chart_Datum_LAT,Open-Meteo_Marine_Real+TidalModel,https://marine-api.open-meteo.com/v1/marine?latitude=12.8698&longitude=74.8431&s
2024-06-25T16:00,12.8698,74.8431,Mangalore_Port,0.6621696812139831,3.14,3.06,0.4670000000000001,1.129169681213983,LOW,Chart_Datum_LAT,Open-Meteo_Marine_Real+TidalModel,https://marine-api.open-meteo.com/v1/marine?latitude=12.8698&longitude=74.8431&s
2024-06-25T17:00,12.8698,74.8431,Mangalore_Port,0.49414670159154195,3.16,3.06,0.4690000000000001,0.963146701591542,LOW,Chart_Datum_LAT,Open-Meteo_Marine_Real+TidalModel,https://marine-api.open-meteo.com/v1/marine?latitude=12.8698&longitude=74.8431&s
2024-06-25T18:00,12.8698,74.8431,Mangalore_Port,0.494801095951392,3.16,3.04,0.4680000000000001,0.9628010959513921,LOW,Chart_Datum_LAT,Open-Meteo_Marine_Real+TidalModel,https://marine-api.open-meteo.com/v1/marine?latitude=12.8698&longitude=74.8431&s
2024-06-25T19:00,12.8698,74.8431,Mangalore_Port,0.6730975465190328,3.14,3.04,0.4660000000000001,1.1390975465190327,LOW,Chart_Datum_LAT,Open-Meteo_Marine_Real+TidalModel,https://marine-api.open-meteo.com/v1/marine?latitude=12.8698&longitude=74.8431&s
2024-06-25T20:00,12.8698,74.8431,Mangalore_Port,0.9934409870423277,3.14,3.02,0.4650000000000001,1.4584409870423278,RISING,Chart_Datum_LAT,Open-Meteo_Marine_Real+TidalModel,https://marine-api.open-meteo.com/v1/marine?latitude=12.8698&longitude=74.8431&s
2024-06-25T21:00,12.8698,74.8431,Mangalore_Port,1.3836036950767132,3.14,3.02,0.4650000000000001,1.8486036950767133,RISING,Chart_Datum_LAT,Open-Meteo_Marine_Real+TidalModel,https://marine-api.open-meteo.com/v1/marine?latitude=12.8698&longitude=74.8431&s
2024-06-25T22:00,12.8698,74.8431,Mangalore_Port,1.752013217854656,3.16,3.02,0.4670000000000001,2.219013217854656,RISING,Chart_Datum_LAT,Open-Meteo_Marine_Real+TidalModel,https://marine-api.open-meteo.com/v1/marine?latitude=12.8698&longitude=74.8431&s
2024-06-25T23:00,12.8698,74.8431,Mangalore_Port,2.0102070972684802,3.16,3.02,0.4670000000000001,2.4772070972684803,HIGH,Chart_Datum_LAT,Open-Meteo_Marine_Real+TidalModel,https://marine-api.open-meteo.com/v1/marine?latitude=12.8698&longitude=74.8431&s
2024-06-26T00:00,12.8698,74.8431,Mangalore_Port,2.0948904573489764,3.16,3.02,0.4670000000000001,2.5618904573489765,HIGH,Chart_Datum_LAT,Open-Meteo_Marine_Real+TidalModel,https://marine-api.open-meteo.com/v1/marine?latitude=12.8698&longitude=74.8431&s
2024-06-26T01:00,12.8698,74.8431,Mangalore_Port,1.9840440909670216,3.18,3.04,0.4700000000000001,2.4540440909670216,HIGH,Chart_Datum_LAT,Open-Meteo_Marine_Real+TidalModel,https://marine-api.open-meteo.com/v1/marine?latitude=12.8698&longitude=74.8431&s
2024-06-26T02:00,12.8698,74.8431,Mangalore_Port,1.7029435385997032,3.18,3.04,0.4700000000000001,2.172943538599703,FALLING,Chart_Datum_LAT,Open-Meteo_Marine_Real+TidalModel,https://marine-api.open-meteo.com/v1/marine?latitude=12.8698&longitude=74.8431&s
2024-06-26T03:00,12.8698,74.8431,Mangalore_Port,1.3184295984955419,3.22,3.08,0.4760000000000001,1.794429598495542,FALLING,Chart_Datum_LAT,Open-Meteo_Marine_Real+TidalModel,https://marine-api.open-meteo.com/v1/marine?latitude=12.8698&longitude=74.8431&s
2024-06-26T04:00,12.8698,74.8431,Mangalore_Port,0.9227080420282051,3.24,3.12,0.4800000000000001,1.4027080420282052,FALLING,Chart_Datum_LAT,Open-Meteo_Marine_Real+TidalModel,https://marine-api.open-meteo.com/v1/marine?latitude=12.8698&longitude=74.8431&s
2024-06-26T05:00,12.8698,74.8431,Mangalore_Port,0.6106155284392385,3.28,3.16,0.48600000000000004,1.0966155284392385,LOW,Chart_Datum_LAT,Open-Meteo_Marine_Real+TidalModel,https://marine-api.open-meteo.com/v1/marine?latitude=12.8698&longitude=74.8431&s
2024-06-26T06:00,12.8698,74.8431,Mangalore_Port,0.45599275218772317,3.32,3.22,0.49300000000000005,0.9489927521877233,LOW,Chart_Datum_LAT,Open-Meteo_Marine_Real+TidalModel,https://marine-api.open-meteo.com/v1/marine?latitude=12.8698&longitude=74.8431&s
2024-06-26T07:00,12.8698,74.8431,Mangalore_Port,0.4931086866493022,3.38,3.28,0.502,0.9951086866493022,LOW,Chart_Datum_LAT,Open-Meteo_Marine_Real+TidalModel,https://marine-api.open-meteo.com/v1/marine?latitude=12.8698&longitude=74.8431&s
2024-06-26T08:00,12.8698,74.8431,Mangalore_Port,0.7078833545084853,3.42,3.34,0.509,1.2168833545084854,RISING,Chart_Datum_LAT,Open-Meteo_Marine_Real+TidalModel,https://marine-api.open-meteo.com/v1/marine?latitude=12.8698&longitude=74.8431&s
2024-06-26T09:00,12.8698,74.8431,Mangalore_Port,1.041241342228154,3.42,3.34,0.509,1.550241342228154,RISING,Chart_Datum_LAT,Open-Meteo_Marine_Real+TidalModel,https://marine-api.open-meteo.com/v1/marine?latitude=12.8698&longitude=74.8431&s
2024-06-26T10:00,12.8698,74.8431,Mangalore_Port,1.4038882426907595,3.42,3.36,0.51,1.9138882426907595,RISING,Chart_Datum_LAT,Open-Meteo_Marine_Real+TidalModel,https://marine-api.open-meteo.com/v1/marine?latitude=12.8698&longitude=74.8431&s
2024-06-26T11:00,12.8698,74.8431,Mangalore_Port,1.6988989961257994,3.42,3.36,0.51,2.208898996125799,RISING,Chart_Datum_LAT,Open-Meteo_Marine_Real+TidalModel,https://marine-api.open-meteo.com/v1/marine?latitude=12.8698&longitude=74.8431&s
2024-06-26T12:00,12.8698,74.8431,Mangalore_Port,1.846479218564491,3.4,3.34,0.507,2.353479218564491,HIGH,Chart_Datum_LAT,Open-Meteo_Marine_Real+TidalModel,https://marine-api.open-meteo.com/v1/marine?latitude=12.8698&longitude=74.8431&s
2024-06-26T13:00,12.8698,74.8431,Mangalore_Port,1.8046354293374631,3.4,3.3,0.505,2.309635429337463,HIGH,Chart_Datum_LAT,Open-Meteo_Marine_Real+TidalModel,https://marine-api.open-meteo.com/v1/marine?latitude=12.8698&longitude=74.8431&s
2024-06-26T14:00,12.8698,74.8431,Mangalore_Port,1.5804465191204913,3.38,3.28,0.502,2.0824465191204915,FALLING,Chart_Datum_LAT,Open-Meteo_Marine_Real+TidalModel,https://marine-api.open-meteo.com/v1/marine?latitude=12.8698&longitude=74.8431&s
2024-06-26T15:00,12.8698,74.8431,Mangalore_Port,1.228946449021877,3.38,3.24,0.5,1.728946449021877,FALLING,Chart_Datum_LAT,Open-Meteo_Marine_Real+TidalModel,https://marine-api.open-meteo.com/v1/marine?latitude=12.8698&longitude=74.8431&s
2024-06-26T16:00,12.8698,74.8431,Mangalore_Port,0.839737368988758,3.36,3.22,0.49700000000000005,1.336737368988758,FALLING,Chart_Datum_LAT,Open-Meteo_Marine_Real+TidalModel,https://marine-api.open-meteo.com/v1/marine?latitude=12.8698&longitude=74.8431&s
2024-06-26T17:00,12.8698,74.8431,Mangalore_Port,0.514573857321368,3.36,3.18,0.49500000000000005,1.009573857321368,LOW,Chart_Datum_LAT,Open-Meteo_Marine_Real+TidalModel,https://marine-api.open-meteo.com/v1/marine?latitude=12.8698&longitude=74.8431&s
2024-06-26T18:00,12.8698,74.8431,Mangalore_Port,0.34149924579706104,3.34,3.16,0.49200000000000005,0.8334992457970611,LOW,Chart_Datum_LAT,Open-Meteo_Marine_Real+TidalModel,https://marine-api.open-meteo.com/v1/marine?latitude=12.8698&longitude=74.8431&s
2024-06-26T19:00,12.8698,74.8431,Mangalore_Port,0.37206793782155756,3.32,3.16,0.49000000000000005,0.8620679378215577,LOW,Chart_Datum_LAT,Open-Meteo_Marine_Real+TidalModel,https://marine-api.open-meteo.com/v1/marine?latitude=12.8698&longitude=74.8431&s
2024-06-26T20:00,12.8698,74.8431,Mangalore_Port,0.607491741774645,3.3,3.14,0.48700000000000004,1.0944917417746451,LOW,Chart_Datum_LAT,Open-Meteo_Marine_Real+TidalModel,https://marine-api.open-meteo.com/v1/marine?latitude=12.8698&longitude=74.8431&s
2024-06-26T21:00,12.8698,74.8431,Mangalore_Port,0.9973581309670969,3.26,3.1,0.48100000000000004,1.478358130967097,RISING,Chart_Datum_LAT,Open-Meteo_Marine_Real+TidalModel,https://marine-api.open-meteo.com/v1/marine?latitude=12.8698&longitude=74.8431&s
2024-06-26T22:00,12.8698,74.8431,Mangalore_Port,1.4514212180896013,3.2,3.06,0.4730000000000001,1.9244212180896014,RISING,Chart_Datum_LAT,Open-Meteo_Marine_Real+TidalModel,https://marine-api.open-meteo.com/v1/marine?latitude=12.8698&longitude=74.8431&s
2024-06-26T23:00,12.8698,74.8431,Mangalore_Port,1.8616503608318662,3.16,3.02,0.4670000000000001,2.3286503608318663,HIGH,Chart_Datum_LAT,Open-Meteo_Marine_Real+TidalModel,https://marine-api.open-meteo.com/v1/marine?latitude=12.8698&longitude=74.8431&s
2024-06-27T00:00,12.8698,74.8431,Mangalore_Port,2.12907854956533,3.2,3.06,0.4730000000000001,2.60207854956533,HIGH,Chart_Datum_LAT,Open-Meteo_Marine_Real+TidalModel,https://marine-api.open-meteo.com/v1/marine?latitude=12.8698&longitude=74.8431&s
2024-06-27T01:00,12.8698,74.8431,Mangalore_Port,2.1887046049089753,3.26,3.12,0.48200000000000004,2.6707046049089755,HIGH,Chart_Datum_LAT,Open-Meteo_Marine_Real+TidalModel,https://marine-api.open-meteo.com/v1/marine?latitude=12.8698&longitude=74.8431&s
2024-06-27T02:00,12.8698,74.8431,Mangalore_Port,2.026115003515253,3.3,3.16,0.48800000000000004,2.514115003515253,HIGH,Chart_Datum_LAT,Open-Meteo_Marine_Real+TidalModel,https://marine-api.open-meteo.com/v1/marine?latitude=12.8698&longitude=74.8431&s
2024-06-27T03:00,12.8698,74.8431,Mangalore_Port,1.6815193369097936,3.32,3.18,0.49100000000000005,2.1725193369097937,FALLING,Chart_Datum_LAT,Open-Meteo_Marine_Real+TidalModel,https://marine-api.open-meteo.com/v1/marine?latitude=12.8698&longitude=74.8431&s
2024-06-27T04:00,12.8698,74.8431,Mangalore_Port,1.2400413826567664,3.32,3.2,0.49200000000000005,1.7320413826567664,FALLING,Chart_Datum_LAT,Open-Meteo_Marine_Real+TidalModel,https://marine-api.open-meteo.com/v1/marine?latitude=12.8698&longitude=74.8431&s
2024-06-27T05:00,12.8698,74.8431,Mangalore_Port,0.8105872142481233,3.34,3.22,0.49500000000000005,1.3055872142481233,FALLING,Chart_Datum_LAT,Open-Meteo_Marine_Real+TidalModel,https://marine-api.open-meteo.com/v1/marine?latitude=12.8698&longitude=74.8431&s
2024-06-27T06:00,12.8698,74.8431,Mangalore_Port,0.49854014083206843,3.34,3.24,0.49600000000000005,0.9945401408320684,LOW,Chart_Datum_LAT,Open-Meteo_Marine_Real+TidalModel,https://marine-api.open-meteo.com/v1/marine?latitude=12.8698&longitude=74.8431&s
2024-06-27T07:00,12.8698,74.8431,Mangalore_Port,0.37915683923075416,3.34,3.28,0.498,0.8771568392307542,LOW,Chart_Datum_LAT,Open-Meteo_Marine_Real+TidalModel,https://marine-api.open-meteo.com/v1/marine?latitude=12.8698&longitude=74.8431&s
2024-06-27T08:00,12.8698,74.8431,Mangalore_Port,0.4784307105282183,3.34,3.3,0.499,0.9774307105282183,LOW,Chart_Datum_LAT,Open-Meteo_Marine_Real+TidalModel,https://marine-api.open-meteo.com/v1/marine?latitude=12.8698&longitude=74.8431&s
2024-06-27T09:00,12.8698,74.8431,Mangalore_Port,0.7663552547475856,3.34,3.3,0.499,1.2653552547475857,RISING,Chart_Datum_LAT,Open-Meteo_Marine_Real+TidalModel,https://marine-api.open-meteo.com/v1/marine?latitude=12.8698&longitude=74.8431&s
2024-06-27T10:00,12.8698,74.8431,Mangalore_Port,1.1644103964942596,3.32,3.3,0.497,1.6614103964942597,RISING,Chart_Datum_LAT,Open-Meteo_Marine_Real+TidalModel,https://marine-api.open-meteo.com/v1/marine?latitude=12.8698&longitude=74.8431&s
2024-06-27T11:00,12.8698,74.8431,Mangalore_Port,1.5654874840382642,3.32,3.3,0.497,2.062487484038264,RISING,Chart_Datum_LAT,Open-Meteo_Marine_Real+TidalModel,https://marine-api.open-meteo.com/v1/marine?latitude=12.8698&longitude=74.8431&s
2024-06-27T12:00,12.8698,74.8431,Mangalore_Port,1.8612791499951735,3.32,3.3,0.497,2.3582791499951736,HIGH,Chart_Datum_LAT,Open-Meteo_Marine_Real+TidalModel,https://marine-api.open-meteo.com/v1/marine?latitude=12.8698&longitude=74.8431&s
2024-06-27T13:00,12.8698,74.8431,Mangalore_Port,1.9702068973762177,3.34,3.3,0.499,2.4692068973762176,HIGH,Chart_Datum_LAT,Open-Meteo_Marine_Real+TidalModel,https://marine-api.open-meteo.com/v1/marine?latitude=12.8698&longitude=74.8431&s
2024-06-27T14:00,12.8698,74.8431,Mangalore_Port,1.8587539304604945,3.34,3.3,0.499,2.3577539304604946,HIGH,Chart_Datum_LAT,Open-Meteo_Marine_Real+TidalModel,https://marine-api.open-meteo.com/v1/marine?latitude=12.8698&longitude=74.8431&s
2024-06-27T15:00,12.8698,74.8431,Mangalore_Port,1.55068416789774,3.32,3.28,0.496,2.04668416789774,FALLING,Chart_Datum_LAT,Open-Meteo_Marine_Real+TidalModel,https://marine-api.open-meteo.com/v1/marine?latitude=12.8698&longitude=74.8431&s
2024-06-27T16:00,12.8698,74.8431,Mangalore_Port,1.121667411348389,3.32,3.26,0.495,1.6166674113483892,FALLING,Chart_Datum_LAT,Open-Meteo_Marine_Real+TidalModel,https://marine-api.open-meteo.com/v1/marine?latitude=12.8698&longitude=74.8431&s
2024-06-27T17:00,12.8698,74.8431,Mangalore_Port,0.6805337159427908,3.3,3.24,0.49200000000000005,1.1725337159427909,LOW,Chart_Datum_LAT,Open-Meteo_Marine_Real+TidalModel,https://marine-api.open-meteo.com/v1/marine?latitude=12.8698&longitude=74.8431&s
2024-06-27T18:00,12.8698,74.8431,Mangalore_Port,0.3418079042750518,3.28,3.22,0.48900000000000005,0.8308079042750518,LOW,Chart_Datum_LAT,Open-Meteo_Marine_Real+TidalModel,https://marine-api.open-meteo.com/v1/marine?latitude=12.8698&longitude=74.8431&s
2024-06-27T19:00,12.8698,74.8431,Mangalore_Port,0.19644935082236858,3.24,3.2,0.4840000000000001,0.6804493508223687,LOW,Chart_Datum_LAT,Open-Meteo_Marine_Real+TidalModel,https://marine-api.open-meteo.com/v1/marine?latitude=12.8698&longitude=74.8431&s
2024-06-27T20:00,12.8698,74.8431,Mangalore_Port,0.2882501069161263,3.22,3.18,0.4810000000000001,0.7692501069161264,LOW,Chart_Datum_LAT,Open-Meteo_Marine_Real+TidalModel,https://marine-api.open-meteo.com/v1/marine?latitude=12.8698&longitude=74.8431&s
2024-06-27T21:00,12.8698,74.8431,Mangalore_Port,0.6019740857668284,3.2,3.16,0.4780000000000001,1.0799740857668285,LOW,Chart_Datum_LAT,Open-Meteo_Marine_Real+TidalModel,https://marine-api.open-meteo.com/v1/marine?latitude=12.8698&longitude=74.8431&s
2024-06-27T22:00,12.8698,74.8431,Mangalore_Port,1.06638313503754,3.16,3.14,0.4730000000000001,1.53938313503754,RISING,Chart_Datum_LAT,Open-Meteo_Marine_Real+TidalModel,https://marine-api.open-meteo.com/v1/marine?latitude=12.8698&longitude=74.8431&s
2024-06-27T23:00,12.8698,74.8431,Mangalore_Port,1.571527866993526,3.14,3.12,0.4700000000000001,2.041527866993526,RISING,Chart_Datum_LAT,Open-Meteo_Marine_Real+TidalModel,https://marine-api.open-meteo.com/v1/marine?latitude=12.8698&longitude=74.8431&s
2024-06-28T00:00,12.8698,74.8431,Mangalore_Port,1.9960370600321395,3.12,3.1,0.4670000000000001,2.4630370600321396,HIGH,Chart_Datum_LAT,Open-Meteo_Marine_Real+TidalModel,https://marine-api.open-meteo.com/v1/marine?latitude=12.8698&longitude=74.8431&s
2024-06-28T01:00,12.8698,74.8431,Mangalore_Port,2.2375515157277084,3.08,3.06,0.4610000000000001,2.6985515157277087,HIGH,Chart_Datum_LAT,Open-Meteo_Marine_Real+TidalModel,https://marine-api.open-meteo.com/v1/marine?latitude=12.8698&longitude=74.8431&s
2024-06-28T02:00,12.8698,74.8431,Mangalore_Port,2.238587193389471,3.06,3.04,0.4580000000000001,2.696587193389471,HIGH,Chart_Datum_LAT,Open-Meteo_Marine_Real+TidalModel,https://marine-api.open-meteo.com/v1/marine?latitude=12.8698&longitude=74.8431&s
2024-06-28T03:00,12.8698,74.8431,Mangalore_Port,2.00121345775924,3.04,3.02,0.45500000000000007,2.4562134577592403,HIGH,Chart_Datum_LAT,Open-Meteo_Marine_Real+TidalModel,https://marine-api.open-meteo.com/v1/marine?latitude=12.8698&longitude=74.8431&s
2024-06-28T04:00,12.8698,74.8431,Mangalore_Port,1.58673090111628,3.0,3.0,0.45000000000000007,2.03673090111628,FALLING,Chart_Datum_LAT,Open-Meteo_Marine_Real+TidalModel,https://marine-api.open-meteo.com/v1/marine?latitude=12.8698&longitude=74.8431&s
2024-06-28T05:00,12.8698,74.8431,Mangalore_Port,1.1003285379765662,2.98,2.98,0.44699999999999995,1.5473285379765662,FALLING,Chart_Datum_LAT,Open-Meteo_Marine_Real+TidalModel,https://marine-api.open-meteo.com/v1/marine?latitude=12.8698&longitude=74.8431&s
2024-06-28T06:00,12.8698,74.8431,Mangalore_Port,0.6645304557606977,2.98,2.98,0.44699999999999995,1.1115304557606978,LOW,Chart_Datum_LAT,Open-Meteo_Marine_Real+TidalModel,https://marine-api.open-meteo.com/v1/marine?latitude=12.8698&longitude=74.8431&s
2024-06-28T07:00,12.8698,74.8431,Mangalore_Port,0.3881285440538007,2.98,2.96,0.44599999999999995,0.8341285440538007,LOW,Chart_Datum_LAT,Open-Meteo_Marine_Real+TidalModel,https://marine-api.open-meteo.com/v1/marine?latitude=12.8698&longitude=74.8431&s
2024-06-28T08:00,12.8698,74.8431,Mangalore_Port,0.3384954662299807,2.98,2.96,0.44599999999999995,0.7844954662299807,LOW,Chart_Datum_LAT,Open-Meteo_Marine_Real+TidalModel,https://marine-api.open-meteo.com/v1/marine?latitude=12.8698&longitude=74.8431&s
2024-06-28T09:00,12.8698,74.8431,Mangalore_Port,0.5243614673775058,2.98,2.94,0.44499999999999995,0.9693614673775057,LOW,Chart_Datum_LAT,Open-Meteo_Marine_Real+TidalModel,https://marine-api.open-meteo.com/v1/marine?latitude=12.8698&longitude=74.8431&s
2024-06-28T10:00,12.8698,74.8431,Mangalore_Port,0.8935120937649358,2.98,2.94,0.44499999999999995,1.3385120937649357,RISING,Chart_Datum_LAT,Open-Meteo_Marine_Real+TidalModel,https://marine-api.open-meteo.com/v1/marine?latitude=12.8698&longitude=74.8431&s
2024-06-28T11:00,12.8698,74.8431,Mangalore_Port,1.3460797193146727,2.98,2.92,0.44399999999999995,1.7900797193146727,RISING,Chart_Datum_LAT,Open-Meteo_Marine_Real+TidalModel,https://marine-api.open-meteo.com/v1/marine?latitude=12.8698&longitude=74.8431&s
2024-06-28T12:00,12.8698,74.8431,Mangalore_Port,1.7601194179897586,2.96,2.9,0.44099999999999995,2.2011194179897586,RISING,Chart_Datum_LAT,Open-Meteo_Marine_Real+TidalModel,https://marine-api.open-meteo.com/v1/marine?latitude=12.8698&longitude=74.8431&s
2024-06-28T13:00,12.8698,74.8431,Mangalore_Port,2.0229964778329963,2.94,2.9,0.43899999999999995,2.4619964778329964,HIGH,Chart_Datum_LAT,Open-Meteo_Marine_Real+TidalModel,https://marine-api.open-meteo.com/v1/marine?latitude=12.8698&longitude=74.8431&s
2024-06-28T14:00,12.8698,74.8431,Mangalore_Port,2.0605837470991704,2.92,2.88,0.43599999999999994,2.4965837470991703,HIGH,Chart_Datum_LAT,Open-Meteo_Marine_Real+TidalModel,https://marine-api.open-meteo.com/v1/marine?latitude=12.8698&longitude=74.8431&s
2024-06-28T15:00,12.8698,74.8431,Mangalore_Port,1.8567745912645925,2.9,2.84,0.43199999999999994,2.2887745912645925,HIGH,Chart_Datum_LAT,Open-Meteo_Marine_Real+TidalModel,https://marine-api.open-meteo.com/v1/marine?latitude=12.8698&longitude=74.8431&s
2024-06-28T16:00,12.8698,74.8431,Mangalore_Port,1.458245546841781,2.9,2.82,0.43099999999999994,1.889245546841781,FALLING,Chart_Datum_LAT,Open-Meteo_Marine_Real+TidalModel,https://marine-api.open-meteo.com/v1/marine?latitude=12.8698&longitude=74.8431&s
2024-06-28T17:00,12.8698,74.8431,Mangalore_Port,0.9631433248511798,2.88,2.78,0.42699999999999994,1.3901433248511799,FALLING,Chart_Datum_LAT,Open-Meteo_Marine_Real+TidalModel,https://marine-api.open-meteo.com/v1/marine?latitude=12.8698&longitude=74.8431&s
2024-06-28T18:00,12.8698,74.8431,Mangalore_Port,0.4964751363285185,2.82,2.76,0.41999999999999993,0.9164751363285184,LOW,Chart_Datum_LAT,Open-Meteo_Marine_Real+TidalModel,https://marine-api.open-meteo.com/v1/marine?latitude=12.8698&longitude=74.8431&s
2024-06-28T19:00,12.8698,74.8431,Mangalore_Port,0.17840146672653634,2.78,2.72,0.414,0.5924014667265363,LOW,Chart_Datum_LAT,Open-Meteo_Marine_Real+TidalModel,https://marine-api.open-meteo.com/v1/marine?latitude=12.8698&longitude=74.8431&s
2024-06-28T20:00,12.8698,74.8431,Mangalore_Port,0.09348683594073082,2.72,2.7,0.40700000000000003,0.5004868359407308,LOW,Chart_Datum_LAT,Open-Meteo_Marine_Real+TidalModel,https://marine-api.open-meteo.com/v1/marine?latitude=12.8698&longitude=74.8431&s
2024-06-28T21:00,12.8698,74.8431,Mangalore_Port,0.26877189104041055,2.66,2.64,0.398,0.6667718910404106,LOW,Chart_Datum_LAT,Open-Meteo_Marine_Real+TidalModel,https://marine-api.open-meteo.com/v1/marine?latitude=12.8698&longitude=74.8431&s
2024-06-28T22:00,12.8698,74.8431,Mangalore_Port,0.6663259563580755,2.62,2.58,0.391,1.0573259563580755,LOW,Chart_Datum_LAT,Open-Meteo_Marine_Real+TidalModel,https://marine-api.open-meteo.com/v1/marine?latitude=12.8698&longitude=74.8431&s
2024-06-28T23:00,12.8698,74.8431,Mangalore_Port,1.1922747686607993,2.56,2.52,0.382,1.5742747686607994,RISING,Chart_Datum_LAT,Open-Meteo_Marine_Real+TidalModel,https://marine-api.open-meteo.com/v1/marine?latitude=12.8698&longitude=74.8431&s
2024-06-29T00:00,12.8698,74.8431,Mangalore_Port,1.7201024741473567,2.54,2.5,0.379,2.0991024741473567,RISING,Chart_Datum_LAT,Open-Meteo_Marine_Real+TidalModel,https://marine-api.open-meteo.com/v1/marine?latitude=12.8698&longitude=74.8431&s
2024-06-29T01:00,12.8698,74.8431,Mangalore_Port,2.1223703405010204,2.52,2.48,0.376,2.4983703405010202,HIGH,Chart_Datum_LAT,Open-Meteo_Marine_Real+TidalModel,https://marine-api.open-meteo.com/v1/marine?latitude=12.8698&longitude=74.8431&s
2024-06-29T02:00,12.8698,74.8431,Mangalore_Port,2.3028153630771264,2.5,2.46,0.373,2.6758153630771266,HIGH,Chart_Datum_LAT,Open-Meteo_Marine_Real+TidalModel,https://marine-api.open-meteo.com/v1/marine?latitude=12.8698&longitude=74.8431&s
2024-06-29T03:00,12.8698,74.8431,Mangalore_Port,2.22065530867894,2.5,2.46,0.373,2.5936553086789402,HIGH,Chart_Datum_LAT,Open-Meteo_Marine_Real+TidalModel,https://marine-api.open-meteo.com/v1/marine?latitude=12.8698&longitude=74.8431&s
2024-06-29T04:00,12.8698,74.8431,Mangalore_Port,1.9008781790773337,2.5,2.46,0.373,2.2738781790773337,HIGH,Chart_Datum_LAT,Open-Meteo_Marine_Real+TidalModel,https://marine-api.open-meteo.com/v1/marine?latitude=12.8698&longitude=74.8431&s
2024-06-29T05:00,12.8698,74.8431,Mangalore_Port,1.4278447811179926,2.5,2.46,0.373,1.8008447811179926,FALLING,Chart_Datum_LAT,Open-Meteo_Marine_Real+TidalModel,https://marine-api.open-meteo.com/v1/marine?latitude=12.8698&longitude=74.8431&s
2024-06-29T06:00,12.8698,74.8431,Mangalore_Port,0.9237824591132566,2.52,2.48,0.376,1.2997824591132567,FALLING,Chart_Datum_LAT,Open-Meteo_Marine_Real+TidalModel,https://marine-api.open-meteo.com/v1/marine?latitude=12.8698&longitude=74.8431&s
2024-06-29T07:00,12.8698,74.8431,Mangalore_Port,0.5176122993971439,2.52,2.48,0.376,0.8936122993971439,LOW,Chart_Datum_LAT,Open-Meteo_Marine_Real+TidalModel,https://marine-api.open-meteo.com/v1/marine?latitude=12.8698&longitude=74.8431&s
2024-06-29T08:00,12.8698,74.8431,Mangalore_Port,0.3120410049134934,2.54,2.5,0.379,0.6910410049134934,LOW,Chart_Datum_LAT,Open-Meteo_Marine_Real+TidalModel,https://marine-api.open-meteo.com/v1/marine?latitude=12.8698&longitude=74.8431&s
2024-06-29T09:00,12.8698,74.8431,Mangalore_Port,0.35731951258056827,2.54,2.5,0.379,0.7363195125805683,LOW,Chart_Datum_LAT,Open-Meteo_Marine_Real+TidalModel,https://marine-api.open-meteo.com/v1/marine?latitude=12.8698&longitude=74.8431&s
2024-06-29T10:00,12.8698,74.8431,Mangalore_Port,0.6383944334445135,2.56,2.52,0.382,1.0203944334445136,LOW,Chart_Datum_LAT,Open-Meteo_Marine_Real+TidalModel,https://marine-api.open-meteo.com/v1/marine?latitude=12.8698&longitude=74.8431&s
2024-06-29T11:00,12.8698,74.8431,Mangalore_Port,1.0787757432108733,2.56,2.52,0.382,1.4607757432108732,RISING,Chart_Datum_LAT,Open-Meteo_Marine_Real+TidalModel,https://marine-api.open-meteo.com/v1/marine?latitude=12.8698&longitude=74.8431&s
2024-06-29T12:00,12.8698,74.8431,Mangalore_Port,1.5601788200187316,2.56,2.48,0.38,1.9401788200187315,RISING,Chart_Datum_LAT,Open-Meteo_Marine_Real+TidalModel,https://marine-api.open-meteo.com/v1/marine?latitude=12.8698&longitude=74.8431&s
2024-06-29T13:00,12.8698,74.8431,Mangalore_Port,1.9529592020261428,2.56,2.42,0.377,2.329959202026143,HIGH,Chart_Datum_LAT,Open-Meteo_Marine_Real+TidalModel,https://marine-api.open-meteo.com/v1/marine?latitude=12.8698&longitude=74.8431&s
2024-06-29T14:00,12.8698,74.8431,Mangalore_Port,2.149579044568352,2.56,2.38,0.375,2.524579044568352,HIGH,Chart_Datum_LAT,Open-Meteo_Marine_Real+TidalModel,https://marine-api.open-meteo.com/v1/marine?latitude=12.8698&longitude=74.8431&s
2024-06-29T15:00,12.8698,74.8431,Mangalore_Port,2.0925411117735426,2.56,2.42,0.377,2.469541111773543,HIGH,Chart_Datum_LAT,Open-Meteo_Marine_Real+TidalModel,https://marine-api.open-meteo.com/v1/marine?latitude=12.8698&longitude=74.8431&s
2024-06-29T16:00,12.8698,74.8431,Mangalore_Port,1.789611776303663,2.56,2.48,0.38,2.169611776303663,FALLING,Chart_Datum_LAT,Open-Meteo_Marine_Real+TidalModel,https://marine-api.open-meteo.com/v1/marine?latitude=12.8698&longitude=74.8431&s
2024-06-29T17:00,12.8698,74.8431,Mangalore_Port,1.312381818885372,2.56,2.52,0.382,1.6943818188853719,FALLING,Chart_Datum_LAT,Open-Meteo_Marine_Real+TidalModel,https://marine-api.open-meteo.com/v1/marine?latitude=12.8698&longitude=74.8431&s
2024-06-29T18:00,12.8698,74.8431,Mangalore_Port,0.7784630257518813,2.54,2.5,0.379,1.1574630257518814,FALLING,Chart_Datum_LAT,Open-Meteo_Marine_Real+TidalModel,https://marine-api.open-meteo.com/v1/marine?latitude=12.8698&longitude=74.8431&s
2024-06-29T19:00,12.8698,74.8431,Mangalore_Port,0.32180558392515435,2.54,2.5,0.379,0.7008055839251544,LOW,Chart_Datum_LAT,Open-Meteo_Marine_Real+TidalModel,https://marine-api.open-meteo.com/v1/marine?latitude=12.8698&longitude=74.8431&s
2024-06-29T20:00,12.8698,74.8431,Mangalore_Port,0.0586744799741552,2.52,2.48,0.376,0.4346744799741552,LOW,Chart_Datum_LAT,Open-Meteo_Marine_Real+TidalModel,https://marine-api.open-meteo.com/v1/marine?latitude=12.8698&longitude=74.8431&s
2024-06-29T21:00,12.8698,74.8431,Mangalore_Port,0.05795791052378507,2.52,2.46,0.375,0.43295791052378507,LOW,Chart_Datum_LAT,Open-Meteo_Marine_Real+TidalModel,https://marine-api.open-meteo.com/v1/marine?latitude=12.8698&longitude=74.8431&s
2024-06-29T22:00,12.8698,74.8431,Mangalore_Port,0.32340127565729937,2.5,2.46,0.373,0.6964012756572994,LOW,Chart_Datum_LAT,Open-Meteo_Marine_Real+TidalModel,https://marine-api.open-meteo.com/v1/marine?latitude=12.8698&longitude=74.8431&s
2024-06-29T23:00,12.8698,74.8431,Mangalore_Port,0.7923367233882842,2.5,2.44,0.372,1.1643367233882842,RISING,Chart_Datum_LAT,Open-Meteo_Marine_Real+TidalModel,https://marine-api.open-meteo.com/v1/marine?latitude=12.8698&longitude=74.8431&s
2024-06-30T00:00,12.8698,74.8431,Mangalore_Port,1.3512787915818916,2.5,2.44,0.372,1.7232787915818917,RISING,Chart_Datum_LAT,Open-Meteo_Marine_Real+TidalModel,https://marine-api.open-meteo.com/v1/marine?latitude=12.8698&longitude=74.8431&s
2024-06-30T01:00,12.8698,74.8431,Mangalore_Port,1.8644526008002227,2.52,2.46,0.375,2.239452600800223,HIGH,Chart_Datum_LAT,Open-Meteo_Marine_Real+TidalModel,https://marine-api.open-meteo.com/v1/marine?latitude=12.8698&longitude=74.8431&s
2024-06-30T02:00,12.8698,74.8431,Mangalore_Port,2.208012702917725,2.52,2.46,0.375,2.583012702917725,HIGH,Chart_Datum_LAT,Open-Meteo_Marine_Real+TidalModel,https://marine-api.open-meteo.com/v1/marine?latitude=12.8698&longitude=74.8431&s
2024-06-30T03:00,12.8698,74.8431,Mangalore_Port,2.3012460953498177,2.54,2.5,0.379,2.6802460953498177,HIGH,Chart_Datum_LAT,Open-Meteo_Marine_Real+TidalModel,https://marine-api.open-meteo.com/v1/marine?latitude=12.8698&longitude=74.8431&s
2024-06-30T04:00,12.8698,74.8431,Mangalore_Port,2.126810033970402,2.58,2.52,0.384,2.510810033970402,HIGH,Chart_Datum_LAT,Open-Meteo_Marine_Real+TidalModel,https://marine-api.open-meteo.com/v1/marine?latitude=12.8698&longitude=74.8431&s
2024-06-30T05:00,12.8698,74.8431,Mangalore_Port,1.7348443533650668,2.6,2.56,0.388,2.1228443533650667,FALLING,Chart_Datum_LAT,Open-Meteo_Marine_Real+TidalModel,https://marine-api.open-meteo.com/v1/marine?latitude=12.8698&longitude=74.8431&s
2024-06-30T06:00,12.8698,74.8431,Mangalore_Port,1.2299090794146768,2.62,2.58,0.391,1.6209090794146768,FALLING,Chart_Datum_LAT,Open-Meteo_Marine_Real+TidalModel,https://marine-api.open-meteo.com/v1/marine?latitude=12.8698&longitude=74.8431&s
2024-06-30T07:00,12.8698,74.8431,Mangalore_Port,0.7440819235983676,2.66,2.62,0.397,1.1410819235983676,FALLING,Chart_Datum_LAT,Open-Meteo_Marine_Real+TidalModel,https://marine-api.open-meteo.com/v1/marine?latitude=12.8698&longitude=74.8431&s
2024-06-30T08:00,12.8698,74.8431,Mangalore_Port,0.4030862550967781,2.68,2.64,0.4,0.8030862550967781,LOW,Chart_Datum_LAT,Open-Meteo_Marine_Real+TidalModel,https://marine-api.open-meteo.com/v1/marine?latitude=12.8698&longitude=74.8431&s
2024-06-30T09:00,12.8698,74.8431,Mangalore_Port,0.2941032969742903,2.72,2.68,0.406,0.7001032969742903,LOW,Chart_Datum_LAT,Open-Meteo_Marine_Real+TidalModel,https://marine-api.open-meteo.com/v1/marine?latitude=12.8698&longitude=74.8431&s
2024-06-30T10:00,12.8698,74.8431,Mangalore_Port,0.4434949261161525,2.78,2.74,0.415,0.8584949261161525,LOW,Chart_Datum_LAT,Open-Meteo_Marine_Real+TidalModel,https://marine-api.open-meteo.com/v1/marine?latitude=12.8698&longitude=74.8431&s
2024-06-30T11:00,12.8698,74.8431,Mangalore_Port,0.8101329558002498,2.82,2.78,0.42099999999999993,1.2311329558002497,RISING,Chart_Datum_LAT,Open-Meteo_Marine_Real+TidalModel,https://marine-api.open-meteo.com/v1/marine?latitude=12.8698&longitude=74.8431&s
2024-06-30T12:00,12.8698,74.8431,Mangalore_Port,1.2960426504449185,2.78,2.74,0.415,1.7110426504449185,RISING,Chart_Datum_LAT,Open-Meteo_Marine_Real+TidalModel,https://marine-api.open-meteo.com/v1/marine?latitude=12.8698&longitude=74.8431&s
2024-06-30T13:00,12.8698,74.8431,Mangalore_Port,1.7716413535861224,2.76,2.7,0.411,2.1826413535861224,RISING,Chart_Datum_LAT,Open-Meteo_Marine_Real+TidalModel,https://marine-api.open-meteo.com/v1/marine?latitude=12.8698&longitude=74.8431&s
2024-06-30T14:00,12.8698,74.8431,Mangalore_Port,2.109119294421113,2.72,2.66,0.405,2.5141192944211133,HIGH,Chart_Datum_LAT,Open-Meteo_Marine_Real+TidalModel,https://marine-api.open-meteo.com/v1/marine?latitude=12.8698&longitude=74.8431&s
2024-06-30T15:00,12.8698,74.8431,Mangalore_Port,2.215423999245947,2.7,2.64,0.402,2.617423999245947,HIGH,Chart_Datum_LAT,Open-Meteo_Marine_Real+TidalModel,https://marine-api.open-meteo.com/v1/marine?latitude=12.8698&longitude=74.8431&s
2024-06-30T16:00,12.8698,74.8431,Mangalore_Port,2.056406224084013,2.68,2.62,0.399,2.455406224084013,HIGH,Chart_Datum_LAT,Open-Meteo_Marine_Real+TidalModel,https://marine-api.open-meteo.com/v1/marine?latitude=12.8698&longitude=74.8431&s
2024-06-30T17:00,12.8698,74.8431,Mangalore_Port,1.6659399372859753,2.66,2.6,0.396,2.0619399372859752,FALLING,Chart_Datum_LAT,Open-Meteo_Marine_Real+TidalModel,https://marine-api.open-meteo.com/v1/marine?latitude=12.8698&longitude=74.8431&s
2024-06-30T18:00,12.8698,74.8431,Mangalore_Port,1.1376656549236597,2.62,2.56,0.39,1.5276656549236596,FALLING,Chart_Datum_LAT,Open-Meteo_Marine_Real+TidalModel,https://marine-api.open-meteo.com/v1/marine?latitude=12.8698&longitude=74.8431&s
2024-06-30T19:00,12.8698,74.8431,Mangalore_Port,0.6014447438467159,2.58,2.54,0.385,0.9864447438467159,LOW,Chart_Datum_LAT,Open-Meteo_Marine_Real+TidalModel,https://marine-api.open-meteo.com/v1/marine?latitude=12.8698&longitude=74.8431&s
2024-06-30T20:00,12.8698,74.8431,Mangalore_Port,0.1905177456538476,2.54,2.5,0.379,0.5695177456538476,LOW,Chart_Datum_LAT,Open-Meteo_Marine_Real+TidalModel,https://marine-api.open-meteo.com/v1/marine?latitude=12.8698&longitude=74.8431&s
2024-06-30T21:00,12.8698,74.8431,Mangalore_Port,0.007734351994019617,2.52,2.48,0.376,0.3837343519940196,LOW,Chart_Datum_LAT,Open-Meteo_Marine_Real+TidalModel,https://marine-api.open-meteo.com/v1/marine?latitude=12.8698&longitude=74.8431&s
2024-06-30T22:00,12.8698,74.8431,Mangalore_Port,0.09946004813007092,2.5,2.44,0.372,0.4714600481300709,LOW,Chart_Datum_LAT,Open-Meteo_Marine_Real+TidalModel,https://marine-api.open-meteo.com/v1/marine?latitude=12.8698&longitude=74.8431&s
2024-06-30T23:00,12.8698,74.8431,Mangalore_Port,0.4438048845113214,2.48,2.42,0.369,0.8128048845113214,LOW,Chart_Datum_LAT,Open-Meteo_Marine_Real+TidalModel,https://marine-api.open-meteo.com/v1/marine?latitude=12.8698&longitude=74.8431&s
2024-07-01T00:00,12.8698,74.8431,Mangalore_Port,0.9561651443597126,2.48,2.42,0.369,1.3251651443597126,RISING,Chart_Datum_LAT,Open-Meteo_Marine_Real+TidalModel,https://marine-api.open-meteo.com/v1/marine?latitude=12.8698&longitude=74.8431&s
2024-07-01T01:00,12.8698,74.8431,Mangalore_Port,1.5106535184589962,2.48,2.4,0.368,1.878653518458996,RISING,Chart_Datum_LAT,Open-Meteo_Marine_Real+TidalModel,https://marine-api.open-meteo.com/v1/marine?latitude=12.8698&longitude=74.8431&s
2024-07-01T02:00,12.8698,74.8431,Mangalore_Port,1.9719459640185097,2.48,2.4,0.368,2.3399459640185096,HIGH,Chart_Datum_LAT,Open-Meteo_Marine_Real+TidalModel,https://marine-api.open-meteo.com/v1/marine?latitude=12.8698&longitude=74.8431&s
2024-07-01T03:00,12.8698,74.8431,Mangalore_Port,2.229426790273042,2.44,2.38,0.363,2.592426790273042,HIGH,Chart_Datum_LAT,Open-Meteo_Marine_Real+TidalModel,https://marine-api.open-meteo.com/v1/marine?latitude=12.8698&longitude=74.8431&s
2024-07-01T04:00,12.8698,74.8431,Mangalore_Port,2.2249416508188196,2.42,2.36,0.36,2.5849416508188194,HIGH,Chart_Datum_LAT,Open-Meteo_Marine_Real+TidalModel,https://marine-api.open-meteo.com/v1/marine?latitude=12.8698&longitude=74.8431&s
2024-07-01T05:00,12.8698,74.8431,Mangalore_Port,1.9671140634287245,2.38,2.34,0.355,2.3221140634287245,HIGH,Chart_Datum_LAT,Open-Meteo_Marine_Real+TidalModel,https://marine-api.open-meteo.com/v1/marine?latitude=12.8698&longitude=74.8431&s
2024-07-01T06:00,12.8698,74.8431,Mangalore_Port,1.5286210962721702,2.4,2.34,0.357,1.8856210962721702,FALLING,Chart_Datum_LAT,Open-Meteo_Marine_Real+TidalModel,https://marine-api.open-meteo.com/v1/marine?latitude=12.8698&longitude=74.8431&s
2024-07-01T07:00,12.8698,74.8431,Mangalore_Port,1.027176640566732,2.44,2.32,0.36,1.3871766405667318,FALLING,Chart_Datum_LAT,Open-Meteo_Marine_Real+TidalModel,https://marine-api.open-meteo.com/v1/marine?latitude=12.8698&longitude=74.8431&s
2024-07-01T08:00,12.8698,74.8431,Mangalore_Port,0.5951233316042696,2.46,2.32,0.362,0.9571233316042695,LOW,Chart_Datum_LAT,Open-Meteo_Marine_Real+TidalModel,https://marine-api.open-meteo.com/v1/marine?latitude=12.8698&longitude=74.8431&s
2024-07-01T09:00,12.8698,74.8431,Mangalore_Port,0.3454270120642289,2.5,2.38,0.369,0.7144270120642289,LOW,Chart_Datum_LAT,Open-Meteo_Marine_Real+TidalModel,https://marine-api.open-meteo.com/v1/marine?latitude=12.8698&longitude=74.8431&s
2024-07-01T10:00,12.8698,74.8431,Mangalore_Port,0.3427648862298386,2.54,2.42,0.375,0.7177648862298386,LOW,Chart_Datum_LAT,Open-Meteo_Marine_Real+TidalModel,https://marine-api.open-meteo.com/v1/marine?latitude=12.8698&longitude=74.8431&s
2024-07-01T11:00,12.8698,74.8431,Mangalore_Port,0.5870756486396232,2.58,2.48,0.382,0.9690756486396233,LOW,Chart_Datum_LAT,Open-Meteo_Marine_Real+TidalModel,https://marine-api.open-meteo.com/v1/marine?latitude=12.8698&longitude=74.8431&s
2024-07-01T12:00,12.8698,74.8431,Mangalore_Port,1.0137398056501026,2.6,2.5,0.385,1.3987398056501026,RISING,Chart_Datum_LAT,Open-Meteo_Marine_Real+TidalModel,https://marine-api.open-meteo.com/v1/marine?latitude=12.8698&longitude=74.8431&s
2024-07-01T13:00,12.8698,74.8431,Mangalore_Port,1.5103025918772648,2.6,2.52,0.386,1.896302591877265,RISING,Chart_Datum_LAT,Open-Meteo_Marine_Real+TidalModel,https://marine-api.open-meteo.com/v1/marine?latitude=12.8698&longitude=74.8431&s
2024-07-01T14:00,12.8698,74.8431,Mangalore_Port,1.9454292745772284,2.62,2.54,0.389,2.3344292745772286,HIGH,Chart_Datum_LAT,Open-Meteo_Marine_Real+TidalModel,https://marine-api.open-meteo.com/v1/marine?latitude=12.8698&longitude=74.8431&s
2024-07-01T15:00,12.8698,74.8431,Mangalore_Port,2.2026708660307355,2.64,2.56,0.392,2.5946708660307354,HIGH,Chart_Datum_LAT,Open-Meteo_Marine_Real+TidalModel,https://marine-api.open-meteo.com/v1/marine?latitude=12.8698&longitude=74.8431&s
2024-07-01T16:00,12.8698,74.8431,Mangalore_Port,2.210408428358977,2.64,2.56,0.392,2.602408428358977,HIGH,Chart_Datum_LAT,Open-Meteo_Marine_Real+TidalModel,https://marine-api.open-meteo.com/v1/marine?latitude=12.8698&longitude=74.8431&s
2024-07-01T17:00,12.8698,74.8431,Mangalore_Port,1.9603396195065104,2.66,2.58,0.395,2.3553396195065104,HIGH,Chart_Datum_LAT,Open-Meteo_Marine_Real+TidalModel,https://marine-api.open-meteo.com/v1/marine?latitude=12.8698&longitude=74.8431&s
2024-07-01T18:00,12.8698,74.8431,Mangalore_Port,1.50981150362811,2.66,2.58,0.395,1.90481150362811,FALLING,Chart_Datum_LAT,Open-Meteo_Marine_Real+TidalModel,https://marine-api.open-meteo.com/v1/marine?latitude=12.8698&longitude=74.8431&s
2024-07-01T19:00,12.8698,74.8431,Mangalore_Port,0.9674330201844521,2.64,2.58,0.393,1.3604330201844521,FALLING,Chart_Datum_LAT,Open-Meteo_Marine_Real+TidalModel,https://marine-api.open-meteo.com/v1/marine?latitude=12.8698&longitude=74.8431&s
2024-07-01T20:00,12.8698,74.8431,Mangalore_Port,0.46566200868869,2.64,2.58,0.393,0.85866200868869,LOW,Chart_Datum_LAT,Open-Meteo_Marine_Real+TidalModel,https://marine-api.open-meteo.com/v1/marine?latitude=12.8698&longitude=74.8431&s
2024-07-01T21:00,12.8698,74.8431,Mangalore_Port,0.12736828047010884,2.6,2.54,0.387,0.5143682804701089,LOW,Chart_Datum_LAT,Open-Meteo_Marine_Real+TidalModel,https://marine-api.open-meteo.com/v1/marine?latitude=12.8698&longitude=74.8431&s
2024-07-01T22:00,12.8698,74.8431,Mangalore_Port,0.034886234775763025,2.58,2.52,0.384,0.41888623477576303,LOW,Chart_Datum_LAT,Open-Meteo_Marine_Real+TidalModel,https://marine-api.open-meteo.com/v1/marine?latitude=12.8698&longitude=74.8431&s
2024-07-01T23:00,12.8698,74.8431,Mangalore_Port,0.20940898160934418,2.54,2.48,0.378,0.5874089816093442,LOW,Chart_Datum_LAT,Open-Meteo_Marine_Real+TidalModel,https://marine-api.open-meteo.com/v1/marine?latitude=12.8698&longitude=74.8431&s
2024-07-02T00:00,12.8698,74.8431,Mangalore_Port,0.6059175768960607,2.52,2.46,0.375,0.9809175768960607,LOW,Chart_Datum_LAT,Open-Meteo_Marine_Real+TidalModel,https://marine-api.open-meteo.com/v1/marine?latitude=12.8698&longitude=74.8431&s
2024-07-02T01:00,12.8698,74.8431,Mangalore_Port,1.1248689204983295,2.52,2.44,0.374,1.4988689204983294,RISING,Chart_Datum_LAT,Open-Meteo_Marine_Real+TidalModel,https://marine-api.open-meteo.com/v1/marine?latitude=12.8698&longitude=74.8431&s
2024-07-02T02:00,12.8698,74.8431,Mangalore_Port,1.6376008123766845,2.5,2.42,0.371,2.0086008123766845,RISING,Chart_Datum_LAT,Open-Meteo_Marine_Real+TidalModel,https://marine-api.open-meteo.com/v1/marine?latitude=12.8698&longitude=74.8431&s
2024-07-02T03:00,12.8698,74.8431,Mangalore_Port,2.0189401801887,2.52,2.44,0.374,2.3929401801887002,HIGH,Chart_Datum_LAT,Open-Meteo_Marine_Real+TidalModel,https://marine-api.open-meteo.com/v1/marine?latitude=12.8698&longitude=74.8431&s
2024-07-02T04:00,12.8698,74.8431,Mangalore_Port,2.1787013846046865,2.54,2.46,0.377,2.5557013846046868,HIGH,Chart_Datum_LAT,Open-Meteo_Marine_Real+TidalModel,https://marine-api.open-meteo.com/v1/marine?latitude=12.8698&longitude=74.8431&s
2024-07-02T05:00,12.8698,74.8431,Mangalore_Port,2.084086162481085,2.56,2.48,0.38,2.464086162481085,HIGH,Chart_Datum_LAT,Open-Meteo_Marine_Real+TidalModel,https://marine-api.open-meteo.com/v1/marine?latitude=12.8698&longitude=74.8431&s
2024-07-02T06:00,12.8698,74.8431,Mangalore_Port,1.767352342929457,2.58,2.5,0.383,2.150352342929457,FALLING,Chart_Datum_LAT,Open-Meteo_Marine_Real+TidalModel,https://marine-api.open-meteo.com/v1/marine?latitude=12.8698&longitude=74.8431&s
2024-07-02T07:00,12.8698,74.8431,Mangalore_Port,1.3168951857298536,2.6,2.52,0.386,1.7028951857298535,FALLING,Chart_Datum_LAT,Open-Meteo_Marine_Real+TidalModel,https://marine-api.open-meteo.com/v1/marine?latitude=12.8698&longitude=74.8431&s
2024-07-02T08:00,12.8698,74.8431,Mangalore_Port,0.8541143081372713,2.62,2.54,0.389,1.2431143081372713,FALLING,Chart_Datum_LAT,Open-Meteo_Marine_Real+TidalModel,https://marine-api.open-meteo.com/v1/marine?latitude=12.8698&longitude=74.8431&s
2024-07-02T09:00,12.8698,74.8431,Mangalore_Port,0.5020417039305248,2.64,2.56,0.392,0.8940417039305248,LOW,Chart_Datum_LAT,Open-Meteo_Marine_Real+TidalModel,https://marine-api.open-meteo.com/v1/marine?latitude=12.8698&longitude=74.8431&s
2024-07-02T10:00,12.8698,74.8431,Mangalore_Port,0.35376861154408035,2.64,2.58,0.393,0.7467686115440804,LOW,Chart_Datum_LAT,Open-Meteo_Marine_Real+TidalModel,https://marine-api.open-meteo.com/v1/marine?latitude=12.8698&longitude=74.8431&s
2024-07-02T11:00,12.8698,74.8431,Mangalore_Port,0.4487144315734304,2.66,2.6,0.396,0.8447144315734304,LOW,Chart_Datum_LAT,Open-Meteo_Marine_Real+TidalModel,https://marine-api.open-meteo.com/v1/marine?latitude=12.8698&longitude=74.8431&s
2024-07-02T12:00,12.8698,74.8431,Mangalore_Port,0.7627395758110895,2.66,2.6,0.396,1.1587395758110897,RISING,Chart_Datum_LAT,Open-Meteo_Marine_Real+TidalModel,https://marine-api.open-meteo.com/v1/marine?latitude=12.8698&longitude=74.8431&s
2024-07-02T13:00,12.8698,74.8431,Mangalore_Port,1.2145471332578968,2.66,2.6,0.396,1.6105471332578967,RISING,Chart_Datum_LAT,Open-Meteo_Marine_Real+TidalModel,https://marine-api.open-meteo.com/v1/marine?latitude=12.8698&longitude=74.8431&s
2024-07-02T14:00,12.8698,74.8431,Mangalore_Port,1.6866594089799285,2.66,2.6,0.396,2.0826594089799286,RISING,Chart_Datum_LAT,Open-Meteo_Marine_Real+TidalModel,https://marine-api.open-meteo.com/v1/marine?latitude=12.8698&longitude=74.8431&s
2024-07-02T15:00,12.8698,74.8431,Mangalore_Port,2.0555563678251167,2.62,2.56,0.39,2.445556367825117,HIGH,Chart_Datum_LAT,Open-Meteo_Marine_Real+TidalModel,https://marine-api.open-meteo.com/v1/marine?latitude=12.8698&longitude=74.8431&s
2024-07-02T16:00,12.8698,74.8431,Mangalore_Port,2.2232620385860278,2.56,2.5,0.381,2.604262038586028,HIGH,Chart_Datum_LAT,Open-Meteo_Marine_Real+TidalModel,https://marine-api.open-meteo.com/v1/marine?latitude=12.8698&longitude=74.8431&s
2024-07-02T17:00,12.8698,74.8431,Mangalore_Port,2.142338775667224,2.52,2.46,0.375,2.517338775667224,HIGH,Chart_Datum_LAT,Open-Meteo_Marine_Real+TidalModel,https://marine-api.open-meteo.com/v1/marine?latitude=12.8698&longitude=74.8431&s
2024-07-02T18:00,12.8698,74.8431,Mangalore_Port,1.8279687240000522,2.5,2.44,0.372,2.199968724000052,HIGH,Chart_Datum_LAT,Open-Meteo_Marine_Real+TidalModel,https://marine-api.open-meteo.com/v1/marine?latitude=12.8698&longitude=74.8431&s
2024-07-02T19:00,12.8698,74.8431,Mangalore_Port,1.3541169546058622,2.5,2.44,0.372,1.7261169546058621,FALLING,Chart_Datum_LAT,Open-Meteo_Marine_Real+TidalModel,https://marine-api.open-meteo.com/v1/marine?latitude=12.8698&longitude=74.8431&s
2024-07-02T20:00,12.8698,74.8431,Mangalore_Port,0.8348287879763525,2.48,2.42,0.369,1.2038287879763525,FALLING,Chart_Datum_LAT,Open-Meteo_Marine_Real+TidalModel,https://marine-api.open-meteo.com/v1/marine?latitude=12.8698&longitude=74.8431&s
2024-07-02T21:00,12.8698,74.8431,Mangalore_Port,0.39547887807959825,2.46,2.4,0.366,0.7614788780795982,LOW,Chart_Datum_LAT,Open-Meteo_Marine_Real+TidalModel,https://marine-api.open-meteo.com/v1/marine?latitude=12.8698&longitude=74.8431&s
2024-07-02T22:00,12.8698,74.8431,Mangalore_Port,0.1413073114572565,2.42,2.36,0.36,0.5013073114572565,LOW,Chart_Datum_LAT,Open-Meteo_Marine_Real+TidalModel,https://marine-api.open-meteo.com/v1/marine?latitude=12.8698&longitude=74.8431&s
2024-07-02T23:00,12.8698,74.8431,Mangalore_Port,0.13121753944439418,2.4,2.34,0.357,0.48821753944439417,LOW,Chart_Datum_LAT,Open-Meteo_Marine_Real+TidalModel,https://marine-api.open-meteo.com/v1/marine?latitude=12.8698&longitude=74.8431&s
2024-07-03T00:00,12.8698,74.8431,Mangalore_Port,0.3634233113627371,2.4,2.34,0.357,0.7204233113627371,LOW,Chart_Datum_LAT,Open-Meteo_Marine_Real+TidalModel,https://marine-api.open-meteo.com/v1/marine?latitude=12.8698&longitude=74.8431&s
2024-07-03T01:00,12.8698,74.8431,Mangalore_Port,0.7764838125031265,2.42,2.36,0.36,1.1364838125031265,RISING,Chart_Datum_LAT,Open-Meteo_Marine_Real+TidalModel,https://marine-api.open-meteo.com/v1/marine?latitude=12.8698&longitude=74.8431&s
2024-07-03T02:00,12.8698,74.8431,Mangalore_Port,1.2653437116830117,2.42,2.36,0.36,1.6253437116830116,RISING,Chart_Datum_LAT,Open-Meteo_Marine_Real+TidalModel,https://marine-api.open-meteo.com/v1/marine?latitude=12.8698&longitude=74.8431&s
2024-07-03T03:00,12.8698,74.8431,Mangalore_Port,1.7081995919962782,2.4,2.34,0.357,2.0651995919962784,RISING,Chart_Datum_LAT,Open-Meteo_Marine_Real+TidalModel,https://marine-api.open-meteo.com/v1/marine?latitude=12.8698&longitude=74.8431&s
2024-07-03T04:00,12.8698,74.8431,Mangalore_Port,1.9973079391558373,2.4,2.34,0.357,2.354307939155837,HIGH,Chart_Datum_LAT,Open-Meteo_Marine_Real+TidalModel,https://marine-api.open-meteo.com/v1/marine?latitude=12.8698&longitude=74.8431&s
2024-07-03T05:00,12.8698,74.8431,Mangalore_Port,2.0659101178733055,2.38,2.32,0.354,2.4199101178733056,HIGH,Chart_Datum_LAT,Open-Meteo_Marine_Real+TidalModel,https://marine-api.open-meteo.com/v1/marine?latitude=12.8698&longitude=74.8431&s
2024-07-03T06:00,12.8698,74.8431,Mangalore_Port,1.9045004259161116,2.4,2.34,0.357,2.2615004259161116,HIGH,Chart_Datum_LAT,Open-Meteo_Marine_Real+TidalModel,https://marine-api.open-meteo.com/v1/marine?latitude=12.8698&longitude=74.8431&s
2024-07-03T07:00,12.8698,74.8431,Mangalore_Port,1.5624214028990515,2.4,2.34,0.357,1.9194214028990515,FALLING,Chart_Datum_LAT,Open-Meteo_Marine_Real+TidalModel,https://marine-api.open-meteo.com/v1/marine?latitude=12.8698&longitude=74.8431&s
2024-07-03T08:00,12.8698,74.8431,Mangalore_Port,1.1345224101718718,2.42,2.36,0.36,1.494522410171872,FALLING,Chart_Datum_LAT,Open-Meteo_Marine_Real+TidalModel,https://marine-api.open-meteo.com/v1/marine?latitude=12.8698&longitude=74.8431&s
2024-07-03T09:00,12.8698,74.8431,Mangalore_Port,0.7364035341647214,2.44,2.38,0.363,1.0994035341647215,FALLING,Chart_Datum_LAT,Open-Meteo_Marine_Real+TidalModel,https://marine-api.open-meteo.com/v1/marine?latitude=12.8698&longitude=74.8431&s
2024-07-03T10:00,12.8698,74.8431,Mangalore_Port,0.47462727305312047,2.44,2.38,0.363,0.8376272730531205,LOW,Chart_Datum_LAT,Open-Meteo_Marine_Real+TidalModel,https://marine-api.open-meteo.com/v1/marine?latitude=12.8698&longitude=74.8431&s
2024-07-03T11:00,12.8698,74.8431,Mangalore_Port,0.41949861912659847,2.46,2.4,0.366,0.7854986191265985,LOW,Chart_Datum_LAT,Open-Meteo_Marine_Real+TidalModel,https://marine-api.open-meteo.com/v1/marine?latitude=12.8698&longitude=74.8431&s
2024-07-03T12:00,12.8698,74.8431,Mangalore_Port,0.5872961479420299,2.46,2.4,0.366,0.9532961479420299,LOW,Chart_Datum_LAT,Open-Meteo_Marine_Real+TidalModel,https://marine-api.open-meteo.com/v1/marine?latitude=12.8698&longitude=74.8431&s
2024-07-03T13:00,12.8698,74.8431,Mangalore_Port,0.9363820132192695,2.48,2.42,0.369,1.3053820132192695,RISING,Chart_Datum_LAT,Open-Meteo_Marine_Real+TidalModel,https://marine-api.open-meteo.com/v1/marine?latitude=12.8698&longitude=74.8431&s
2024-07-03T14:00,12.8698,74.8431,Mangalore_Port,1.3780649245227174,2.48,2.42,0.369,1.7470649245227174,RISING,Chart_Datum_LAT,Open-Meteo_Marine_Real+TidalModel,https://marine-api.open-meteo.com/v1/marine?latitude=12.8698&longitude=74.8431&s
2024-07-03T15:00,12.8698,74.8431,Mangalore_Port,1.7993472520498717,2.5,2.44,0.372,2.1713472520498716,RISING,Chart_Datum_LAT,Open-Meteo_Marine_Real+TidalModel,https://marine-api.open-meteo.com/v1/marine?latitude=12.8698&longitude=74.8431&s
2024-07-03T16:00,12.8698,74.8431,Mangalore_Port,2.091704558993725,2.5,2.46,0.373,2.4647045589937253,HIGH,Chart_Datum_LAT,Open-Meteo_Marine_Real+TidalModel,https://marine-api.open-meteo.com/v1/marine?latitude=12.8698&longitude=74.8431&s
2024-07-03T17:00,12.8698,74.8431,Mangalore_Port,2.1785706903600914,2.52,2.48,0.376,2.5545706903600913,HIGH,Chart_Datum_LAT,Open-Meteo_Marine_Real+TidalModel,https://marine-api.open-meteo.com/v1/marine?latitude=12.8698&longitude=74.8431&s
2024-07-03T18:00,12.8698,74.8431,Mangalore_Port,2.0345927139815245,2.5,2.46,0.373,2.4075927139815247,HIGH,Chart_Datum_LAT,Open-Meteo_Marine_Real+TidalModel,https://marine-api.open-meteo.com/v1/marine?latitude=12.8698&longitude=74.8431&s
2024-07-03T19:00,12.8698,74.8431,Mangalore_Port,1.691860401967543,2.5,2.44,0.372,2.063860401967543,FALLING,Chart_Datum_LAT,Open-Meteo_Marine_Real+TidalModel,https://marine-api.open-meteo.com/v1/marine?latitude=12.8698&longitude=74.8431&s
2024-07-03T20:00,12.8698,74.8431,Mangalore_Port,1.2316461992577168,2.48,2.42,0.369,1.6006461992577168,FALLING,Chart_Datum_LAT,Open-Meteo_Marine_Real+TidalModel,https://marine-api.open-meteo.com/v1/marine?latitude=12.8698&longitude=74.8431&s
2024-07-03T21:00,12.8698,74.8431,Mangalore_Port,0.7638600232181372,2.46,2.4,0.366,1.129860023218137,FALLING,Chart_Datum_LAT,Open-Meteo_Marine_Real+TidalModel,https://marine-api.open-meteo.com/v1/marine?latitude=12.8698&longitude=74.8431&s
2024-07-03T22:00,12.8698,74.8431,Mangalore_Port,0.39949874968948573,2.42,2.38,0.361,0.7604987496894857,LOW,Chart_Datum_LAT,Open-Meteo_Marine_Real+TidalModel,https://marine-api.open-meteo.com/v1/marine?latitude=12.8698&longitude=74.8431&s
2024-07-03T23:00,12.8698,74.8431,Mangalore_Port,0.22308252810199214,2.4,2.36,0.358,0.5810825281019921,LOW,Chart_Datum_LAT,Open-Meteo_Marine_Real+TidalModel,https://marine-api.open-meteo.com/v1/marine?latitude=12.8698&longitude=74.8431&s
2024-07-04T00:00,12.8698,74.8431,Mangalore_Port,0.27200145325543823,2.4,2.34,0.357,0.6290014532554382,LOW,Chart_Datum_LAT,Open-Meteo_Marine_Real+TidalModel,https://marine-api.open-meteo.com/v1/marine?latitude=12.8698&longitude=74.8431&s
2024-07-04T01:00,12.8698,74.8431,Mangalore_Port,0.5278832088793366,2.38,2.34,0.355,0.8828832088793366,LOW,Chart_Datum_LAT,Open-Meteo_Marine_Real+TidalModel,https://marine-api.open-meteo.com/v1/marine?latitude=12.8698&longitude=74.8431&s
2024-07-04T02:00,12.8698,74.8431,Mangalore_Port,0.9220115945621081,2.38,2.32,0.354,1.276011594562108,RISING,Chart_Datum_LAT,Open-Meteo_Marine_Real+TidalModel,https://marine-api.open-meteo.com/v1/marine?latitude=12.8698&longitude=74.8431&s
2024-07-04T03:00,12.8698,74.8431,Mangalore_Port,1.3532683762135476,2.38,2.32,0.354,1.7072683762135474,RISING,Chart_Datum_LAT,Open-Meteo_Marine_Real+TidalModel,https://marine-api.open-meteo.com/v1/marine?latitude=12.8698&longitude=74.8431&s
2024-07-04T04:00,12.8698,74.8431,Mangalore_Port,1.7139388354969824,2.38,2.32,0.354,2.0679388354969825,RISING,Chart_Datum_LAT,Open-Meteo_Marine_Real+TidalModel,https://marine-api.open-meteo.com/v1/marine?latitude=12.8698&longitude=74.8431&s
2024-07-04T05:00,12.8698,74.8431,Mangalore_Port,1.9167990584071415,2.38,2.32,0.354,2.2707990584071416,HIGH,Chart_Datum_LAT,Open-Meteo_Marine_Real+TidalModel,https://marine-api.open-meteo.com/v1/marine?latitude=12.8698&longitude=74.8431&s
2024-07-04T06:00,12.8698,74.8431,Mangalore_Port,1.9166604015305744,2.38,2.32,0.354,2.2706604015305745,HIGH,Chart_Datum_LAT,Open-Meteo_Marine_Real+TidalModel,https://marine-api.open-meteo.com/v1/marine?latitude=12.8698&longitude=74.8431&s
2024-07-04T07:00,12.8698,74.8431,Mangalore_Port,1.7210246786193775,2.36,2.32,0.352,2.0730246786193773,FALLING,Chart_Datum_LAT,Open-Meteo_Marine_Real+TidalModel,https://marine-api.open-meteo.com/v1/marine?latitude=12.8698&longitude=74.8431&s
2024-07-04T08:00,12.8698,74.8431,Mangalore_Port,1.3873093297333117,2.36,2.32,0.352,1.7393093297333118,FALLING,Chart_Datum_LAT,Open-Meteo_Marine_Real+TidalModel,https://marine-api.open-meteo.com/v1/marine?latitude=12.8698&longitude=74.8431&s
2024-07-04T09:00,12.8698,74.8431,Mangalore_Port,1.0075125327212167,2.36,2.32,0.352,1.3595125327212165,FALLING,Chart_Datum_LAT,Open-Meteo_Marine_Real+TidalModel,https://marine-api.open-meteo.com/v1/marine?latitude=12.8698&longitude=74.8431&s
2024-07-04T10:00,12.8698,74.8431,Mangalore_Port,0.6843379704066754,2.34,2.3,0.349,1.0333379704066754,LOW,Chart_Datum_LAT,Open-Meteo_Marine_Real+TidalModel,https://marine-api.open-meteo.com/v1/marine?latitude=12.8698&longitude=74.8431&s
2024-07-04T11:00,12.8698,74.8431,Mangalore_Port,0.5048985223566719,2.34,2.3,0.349,0.8538985223566719,LOW,Chart_Datum_LAT,Open-Meteo_Marine_Real+TidalModel,https://marine-api.open-meteo.com/v1/marine?latitude=12.8698&longitude=74.8431&s
2024-07-04T12:00,12.8698,74.8431,Mangalore_Port,0.5186526526504445,2.34,2.3,0.349,0.8676526526504444,LOW,Chart_Datum_LAT,Open-Meteo_Marine_Real+TidalModel,https://marine-api.open-meteo.com/v1/marine?latitude=12.8698&longitude=74.8431&s
2024-07-04T13:00,12.8698,74.8431,Mangalore_Port,0.7250822350503593,2.34,2.3,0.349,1.0740822350503594,RISING,Chart_Datum_LAT,Open-Meteo_Marine_Real+TidalModel,https://marine-api.open-meteo.com/v1/marine?latitude=12.8698&longitude=74.8431&s
2024-07-04T14:00,12.8698,74.8431,Mangalore_Port,1.0741053576156614,2.34,2.3,0.349,1.4231053576156614,RISING,Chart_Datum_LAT,Open-Meteo_Marine_Real+TidalModel,https://marine-api.open-meteo.com/v1/marine?latitude=12.8698&longitude=74.8431&s
2024-07-04T15:00,12.8698,74.8431,Mangalore_Port,1.478981963043612,2.34,2.3,0.349,1.827981963043612,RISING,Chart_Datum_LAT,Open-Meteo_Marine_Real+TidalModel,https://marine-api.open-meteo.com/v1/marine?latitude=12.8698&longitude=74.8431&s
2024-07-04T16:00,12.8698,74.8431,Mangalore_Port,1.8383360348594484,2.32,2.28,0.346,2.1843360348594483,HIGH,Chart_Datum_LAT,Open-Meteo_Marine_Real+TidalModel,https://marine-api.open-meteo.com/v1/marine?latitude=12.8698&longitude=74.8431&s
2024-07-04T17:00,12.8698,74.8431,Mangalore_Port,2.0616708499128222,2.32,2.28,0.346,2.4076708499128223,HIGH,Chart_Datum_LAT,Open-Meteo_Marine_Real+TidalModel,https://marine-api.open-meteo.com/v1/marine?latitude=12.8698&longitude=74.8431&s
2024-07-04T18:00,12.8698,74.8431,Mangalore_Port,2.0919456176508495,2.3,2.26,0.34299999999999997,2.4349456176508495,HIGH,Chart_Datum_LAT,Open-Meteo_Marine_Real+TidalModel,https://marine-api.open-meteo.com/v1/marine?latitude=12.8698&longitude=74.8431&s
2024-07-04T19:00,12.8698,74.8431,Mangalore_Port,1.9195959646514296,2.26,2.22,0.33699999999999997,2.2565959646514298,HIGH,Chart_Datum_LAT,Open-Meteo_Marine_Real+TidalModel,https://marine-api.open-meteo.com/v1/marine?latitude=12.8698&longitude=74.8431&s
2024-07-04T20:00,12.8698,74.8431,Mangalore_Port,1.5845911242826707,2.24,2.2,0.3340000000000001,1.9185911242826708,FALLING,Chart_Datum_LAT,Open-Meteo_Marine_Real+TidalModel,https://marine-api.open-meteo.com/v1/marine?latitude=12.8698&longitude=74.8431&s
2024-07-04T21:00,12.8698,74.8431,Mangalore_Port,1.166154493279727,2.22,2.18,0.33100000000000007,1.497154493279727,FALLING,Chart_Datum_LAT,Open-Meteo_Marine_Real+TidalModel,https://marine-api.open-meteo.com/v1/marine?latitude=12.8698&longitude=74.8431&s
2024-07-04T22:00,12.8698,74.8431,Mangalore_Port,0.7628604732068449,2.22,2.16,0.33000000000000007,1.092860473206845,FALLING,Chart_Datum_LAT,Open-Meteo_Marine_Real+TidalModel,https://marine-api.open-meteo.com/v1/marine?latitude=12.8698&longitude=74.8431&s
2024-07-04T23:00,12.8698,74.8431,Mangalore_Port,0.4681863215925145,2.2,2.14,0.32700000000000007,0.7951863215925146,LOW,Chart_Datum_LAT,Open-Meteo_Marine_Real+TidalModel,https://marine-api.open-meteo.com/v1/marine?latitude=12.8698&longitude=74.8431&s
2024-07-05T00:00,12.8698,74.8431,Mangalore_Port,0.34766184351171137,2.18,2.1,0.32300000000000006,0.6706618435117114,LOW,Chart_Datum_LAT,Open-Meteo_Marine_Real+TidalModel,https://marine-api.open-meteo.com/v1/marine?latitude=12.8698&longitude=74.8431&s
2024-07-05T01:00,12.8698,74.8431,Mangalore_Port,0.423275151682309,2.18,2.06,0.32100000000000006,0.7442751516823091,LOW,Chart_Datum_LAT,Open-Meteo_Marine_Real+TidalModel,https://marine-api.open-meteo.com/v1/marine?latitude=12.8698&longitude=74.8431&s
2024-07-05T02:00,12.8698,74.8431,Mangalore_Port,0.6689033068122496,2.16,2.02,0.31700000000000006,0.9859033068122497,LOW,Chart_Datum_LAT,Open-Meteo_Marine_Real+TidalModel,https://marine-api.open-meteo.com/v1/marine?latitude=12.8698&longitude=74.8431&s
2024-07-05T03:00,12.8698,74.8431,Mangalore_Port,1.0177351484579724,2.16,2.0,0.31600000000000006,1.3337351484579725,RISING,Chart_Datum_LAT,Open-Meteo_Marine_Real+TidalModel,https://marine-api.open-meteo.com/v1/marine?latitude=12.8698&longitude=74.8431&s
2024-07-05T04:00,12.8698,74.8431,Mangalore_Port,1.3796529557018513,2.16,1.98,0.31500000000000006,1.6946529557018515,RISING,Chart_Datum_LAT,Open-Meteo_Marine_Real+TidalModel,https://marine-api.open-meteo.com/v1/marine?latitude=12.8698&longitude=74.8431&s
2024-07-05T05:00,12.8698,74.8431,Mangalore_Port,1.6640912411390842,2.16,1.96,0.31400000000000006,1.9780912411390843,RISING,Chart_Datum_LAT,Open-Meteo_Marine_Real+TidalModel,https://marine-api.open-meteo.com/v1/marine?latitude=12.8698&longitude=74.8431&s
2024-07-05T06:00,12.8698,74.8431,Mangalore_Port,1.8025968234329133,2.18,1.92,0.31400000000000006,2.1165968234329133,HIGH,Chart_Datum_LAT,Open-Meteo_Marine_Real+TidalModel,https://marine-api.open-meteo.com/v1/marine?latitude=12.8698&longitude=74.8431&s
2024-07-05T07:00,12.8698,74.8431,Mangalore_Port,1.7654787784195918,2.18,1.9,0.31300000000000006,2.078478778419592,FALLING,Chart_Datum_LAT,Open-Meteo_Marine_Real+TidalModel,https://marine-api.open-meteo.com/v1/marine?latitude=12.8698&longitude=74.8431&s
2024-07-05T08:00,12.8698,74.8431,Mangalore_Port,1.5684959309641526,2.2,1.86,0.31300000000000006,1.8814959309641526,FALLING,Chart_Datum_LAT,Open-Meteo_Marine_Real+TidalModel,https://marine-api.open-meteo.com/v1/marine?latitude=12.8698&longitude=74.8431&s
2024-07-05T09:00,12.8698,74.8431,Mangalore_Port,1.2680728475497454,2.16,1.84,0.30800000000000005,1.5760728475497454,FALLING,Chart_Datum_LAT,Open-Meteo_Marine_Real+TidalModel,https://marine-api.open-meteo.com/v1/marine?latitude=12.8698&longitude=74.8431&s
2024-07-05T10:00,12.8698,74.8431,Mangalore_Port,0.9464141228489417,2.14,1.8,0.30400000000000005,1.2504141228489418,FALLING,Chart_Datum_LAT,Open-Meteo_Marine_Real+TidalModel,https://marine-api.open-meteo.com/v1/marine?latitude=12.8698&longitude=74.8431&s
2024-07-05T11:00,12.8698,74.8431,Mangalore_Port,0.6903796329100128,2.1,1.78,0.29900000000000004,0.9893796329100129,LOW,Chart_Datum_LAT,Open-Meteo_Marine_Real+TidalModel,https://marine-api.open-meteo.com/v1/marine?latitude=12.8698&longitude=74.8431&s
2024-07-05T12:00,12.8698,74.8431,Mangalore_Port,0.5694768361544373,2.12,1.88,0.30600000000000005,0.8754768361544374,LOW,Chart_Datum_LAT,Open-Meteo_Marine_Real+TidalModel,https://marine-api.open-meteo.com/v1/marine?latitude=12.8698&longitude=74.8431&s
2024-07-05T13:00,12.8698,74.8431,Mangalore_Port,0.6184652965203896,2.14,1.98,0.31300000000000006,0.9314652965203897,LOW,Chart_Datum_LAT,Open-Meteo_Marine_Real+TidalModel,https://marine-api.open-meteo.com/v1/marine?latitude=12.8698&longitude=74.8431&s
2024-07-05T14:00,12.8698,74.8431,Mangalore_Port,0.8288408997136539,2.16,2.08,0.32000000000000006,1.148840899713654,RISING,Chart_Datum_LAT,Open-Meteo_Marine_Real+TidalModel,https://marine-api.open-meteo.com/v1/marine?latitude=12.8698&longitude=74.8431&s
2024-07-05T15:00,12.8698,74.8431,Mangalore_Port,1.1511997288569624,2.22,2.14,0.32900000000000007,1.4801997288569626,RISING,Chart_Datum_LAT,Open-Meteo_Marine_Real+TidalModel,https://marine-api.open-meteo.com/v1/marine?latitude=12.8698&longitude=74.8431&s
2024-07-05T16:00,12.8698,74.8431,Mangalore_Port,1.5077536017935178,2.28,2.18,0.33699999999999997,1.8447536017935178,RISING,Chart_Datum_LAT,Open-Meteo_Marine_Real+TidalModel,https://marine-api.open-meteo.com/v1/marine?latitude=12.8698&longitude=74.8431&s
2024-07-05T17:00,12.8698,74.8431,Mangalore_Port,1.8117643897474298,2.34,2.24,0.346,2.1577643897474297,HIGH,Chart_Datum_LAT,Open-Meteo_Marine_Real+TidalModel,https://marine-api.open-meteo.com/v1/marine?latitude=12.8698&longitude=74.8431&s
2024-07-05T18:00,12.8698,74.8431,Mangalore_Port,1.9889989297534347,2.34,2.26,0.347,2.3359989297534347,HIGH,Chart_Datum_LAT,Open-Meteo_Marine_Real+TidalModel,https://marine-api.open-meteo.com/v1/marine?latitude=12.8698&longitude=74.8431&s
2024-07-05T19:00,12.8698,74.8431,Mangalore_Port,1.9958786140663043,2.36,2.26,0.349,2.344878614066304,HIGH,Chart_Datum_LAT,Open-Meteo_Marine_Real+TidalModel,https://marine-api.open-meteo.com/v1/marine?latitude=12.8698&longitude=74.8431&s
2024-07-05T20:00,12.8698,74.8431,Mangalore_Port,1.8298925919655655,2.36,2.28,0.35,2.1798925919655656,HIGH,Chart_Datum_LAT,Open-Meteo_Marine_Real+TidalModel,https://marine-api.open-meteo.com/v1/marine?latitude=12.8698&longitude=74.8431&s
2024-07-05T21:00,12.8698,74.8431,Mangalore_Port,1.5298176634098897,2.36,2.28,0.35,1.8798176634098898,FALLING,Chart_Datum_LAT,Open-Meteo_Marine_Real+TidalModel,https://marine-api.open-meteo.com/v1/marine?latitude=12.8698&longitude=74.8431&s
2024-07-05T22:00,12.8698,74.8431,Mangalore_Port,1.1658359385263255,2.38,2.28,0.352,1.5178359385263254,FALLING,Chart_Datum_LAT,Open-Meteo_Marine_Real+TidalModel,https://marine-api.open-meteo.com/v1/marine?latitude=12.8698&longitude=74.8431&s
2024-07-05T23:00,12.8698,74.8431,Mangalore_Port,0.8221251992777746,2.38,2.28,0.352,1.1741251992777746,FALLING,Chart_Datum_LAT,Open-Meteo_Marine_Real+TidalModel,https://marine-api.open-meteo.com/v1/marine?latitude=12.8698&longitude=74.8431&s
2024-07-06T00:00,12.8698,74.8431,Mangalore_Port,0.5763059109263436,2.38,2.28,0.352,0.9283059109263436,LOW,Chart_Datum_LAT,Open-Meteo_Marine_Real+TidalModel,https://marine-api.open-meteo.com/v1/marine?latitude=12.8698&longitude=74.8431&s
2024-07-06T01:00,12.8698,74.8431,Mangalore_Port,0.48082950314919626,2.38,2.28,0.352,0.8328295031491962,LOW,Chart_Datum_LAT,Open-Meteo_Marine_Real+TidalModel,https://marine-api.open-meteo.com/v1/marine?latitude=12.8698&longitude=74.8431&s
2024-07-06T02:00,12.8698,74.8431,Mangalore_Port,0.550831984665487,2.38,2.28,0.352,0.902831984665487,LOW,Chart_Datum_LAT,Open-Meteo_Marine_Real+TidalModel,https://marine-api.open-meteo.com/v1/marine?latitude=12.8698&longitude=74.8431&s
2024-07-06T03:00,12.8698,74.8431,Mangalore_Port,0.7613151514567196,2.4,2.3,0.355,1.1163151514567196,RISING,Chart_Datum_LAT,Open-Meteo_Marine_Real+TidalModel,https://marine-api.open-meteo.com/v1/marine?latitude=12.8698&longitude=74.8431&s
2024-07-06T04:00,12.8698,74.8431,Mangalore_Port,1.0541821505833775,2.4,2.3,0.355,1.4091821505833775,RISING,Chart_Datum_LAT,Open-Meteo_Marine_Real+TidalModel,https://marine-api.open-meteo.com/v1/marine?latitude=12.8698&longitude=74.8431&s
2024-07-06T05:00,12.8698,74.8431,Mangalore_Port,1.3532299762520765,2.42,2.32,0.358,1.7112299762520764,RISING,Chart_Datum_LAT,Open-Meteo_Marine_Real+TidalModel,https://marine-api.open-meteo.com/v1/marine?latitude=12.8698&longitude=74.8431&s
2024-07-06T06:00,12.8698,74.8431,Mangalore_Port,1.5832845136898488,2.44,2.34,0.361,1.9442845136898488,RISING,Chart_Datum_LAT,Open-Meteo_Marine_Real+TidalModel,https://marine-api.open-meteo.com/v1/marine?latitude=12.8698&longitude=74.8431&s
2024-07-06T07:00,12.8698,74.8431,Mangalore_Port,1.6887145594250095,2.48,2.38,0.367,2.0557145594250095,RISING,Chart_Datum_LAT,Open-Meteo_Marine_Real+TidalModel,https://marine-api.open-meteo.com/v1/marine?latitude=12.8698&longitude=74.8431&s
2024-07-06T08:00,12.8698,74.8431,Mangalore_Port,1.6467948736734366,2.5,2.4,0.37,2.0167948736734367,FALLING,Chart_Datum_LAT,Open-Meteo_Marine_Real+TidalModel,https://marine-api.open-meteo.com/v1/marine?latitude=12.8698&longitude=74.8431&s
2024-07-06T09:00,12.8698,74.8431,Mangalore_Port,1.472726457255488,2.52,2.44,0.374,1.846726457255488,FALLING,Chart_Datum_LAT,Open-Meteo_Marine_Real+TidalModel,https://marine-api.open-meteo.com/v1/marine?latitude=12.8698&longitude=74.8431&s
2024-07-06T10:00,12.8698,74.8431,Mangalore_Port,1.2152180918369457,2.56,2.46,0.379,1.5942180918369457,FALLING,Chart_Datum_LAT,Open-Meteo_Marine_Real+TidalModel,https://marine-api.open-meteo.com/v1/marine?latitude=12.8698&longitude=74.8431&s
2024-07-06T11:00,12.8698,74.8431,Mangalore_Port,0.9438613516678585,2.58,2.5,0.383,1.3268613516678585,FALLING,Chart_Datum_LAT,Open-Meteo_Marine_Real+TidalModel,https://marine-api.open-meteo.com/v1/marine?latitude=12.8698&longitude=74.8431&s
2024-07-06T12:00,12.8698,74.8431,Mangalore_Port,0.7315194518687722,2.58,2.5,0.383,1.1145194518687722,FALLING,Chart_Datum_LAT,Open-Meteo_Marine_Real+TidalModel,https://marine-api.open-meteo.com/v1/marine?latitude=12.8698&longitude=74.8431&s
2024-07-06T13:00,12.8698,74.8431,Mangalore_Port,0.6361195463895042,2.6,2.52,0.386,1.0221195463895043,LOW,Chart_Datum_LAT,Open-Meteo_Marine_Real+TidalModel,https://marine-api.open-meteo.com/v1/marine?latitude=12.8698&longitude=74.8431&s
2024-07-06T14:00,12.8698,74.8431,Mangalore_Port,0.6863177454581062,2.6,2.52,0.386,1.0723177454581063,LOW,Chart_Datum_LAT,Open-Meteo_Marine_Real+TidalModel,https://marine-api.open-meteo.com/v1/marine?latitude=12.8698&longitude=74.8431&s
2024-07-06T15:00,12.8698,74.8431,Mangalore_Port,0.8744955227747311,2.6,2.52,0.386,1.2604955227747312,RISING,Chart_Datum_LAT,Open-Meteo_Marine_Real+TidalModel,https://marine-api.open-meteo.com/v1/marine?latitude=12.8698&longitude=74.8431&s
2024-07-06T16:00,12.8698,74.8431,Mangalore_Port,1.1587096426661776,2.6,2.5,0.385,1.5437096426661776,RISING,Chart_Datum_LAT,Open-Meteo_Marine_Real+TidalModel,https://marine-api.open-meteo.com/v1/marine?latitude=12.8698&longitude=74.8431&s
2024-07-06T17:00,12.8698,74.8431,Mangalore_Port,1.4730153333643166,2.6,2.5,0.385,1.8580153333643166,RISING,Chart_Datum_LAT,Open-Meteo_Marine_Real+TidalModel,https://marine-api.open-meteo.com/v1/marine?latitude=12.8698&longitude=74.8431&s
2024-07-06T18:00,12.8698,74.8431,Mangalore_Port,1.7435547457373328,2.58,2.5,0.383,2.126554745737333,RISING,Chart_Datum_LAT,Open-Meteo_Marine_Real+TidalModel,https://marine-api.open-meteo.com/v1/marine?latitude=12.8698&longitude=74.8431&s
2024-07-06T19:00,12.8698,74.8431,Mangalore_Port,1.9064384346225647,2.58,2.48,0.382,2.288438434622565,HIGH,Chart_Datum_LAT,Open-Meteo_Marine_Real+TidalModel,https://marine-api.open-meteo.com/v1/marine?latitude=12.8698&longitude=74.8431&s
2024-07-06T20:00,12.8698,74.8431,Mangalore_Port,1.923066221483554,2.56,2.48,0.38,2.303066221483554,HIGH,Chart_Datum_LAT,Open-Meteo_Marine_Real+TidalModel,https://marine-api.open-meteo.com/v1/marine?latitude=12.8698&longitude=74.8431&s
2024-07-06T21:00,12.8698,74.8431,Mangalore_Port,1.7892117103294045,2.52,2.44,0.374,2.1632117103294046,FALLING,Chart_Datum_LAT,Open-Meteo_Marine_Real+TidalModel,https://marine-api.open-meteo.com/v1/marine?latitude=12.8698&longitude=74.8431&s
2024-07-06T22:00,12.8698,74.8431,Mangalore_Port,1.5357511957814738,2.46,2.38,0.365,1.9007511957814738,FALLING,Chart_Datum_LAT,Open-Meteo_Marine_Real+TidalModel,https://marine-api.open-meteo.com/v1/marine?latitude=12.8698&longitude=74.8431&s
2024-07-06T23:00,12.8698,74.8431,Mangalore_Port,1.2209631476978158,2.42,2.34,0.359,1.5799631476978158,FALLING,Chart_Datum_LAT,Open-Meteo_Marine_Real+TidalModel,https://marine-api.open-meteo.com/v1/marine?latitude=12.8698&longitude=74.8431&s
2024-07-07T00:00,12.8698,74.8431,Mangalore_Port,0.9163580428029763,2.42,2.34,0.359,1.2753580428029763,FALLING,Chart_Datum_LAT,Open-Meteo_Marine_Real+TidalModel,https://marine-api.open-meteo.com/v1/marine?latitude=12.8698&longitude=74.8431&s
2024-07-07T01:00,12.8698,74.8431,Mangalore_Port,0.6895303767036702,2.4,2.32,0.356,1.0455303767036703,LOW,Chart_Datum_LAT,Open-Meteo_Marine_Real+TidalModel,https://marine-api.open-meteo.com/v1/marine?latitude=12.8698&longitude=74.8431&s
2024-07-07T02:00,12.8698,74.8431,Mangalore_Port,0.5881941760555666,2.4,2.32,0.356,0.9441941760555665,LOW,Chart_Datum_LAT,Open-Meteo_Marine_Real+TidalModel,https://marine-api.open-meteo.com/v1/marine?latitude=12.8698&longitude=74.8431&s
2024-07-07T03:00,12.8698,74.8431,Mangalore_Port,0.6292222098846352,2.42,2.24,0.354,0.9832222098846352,LOW,Chart_Datum_LAT,Open-Meteo_Marine_Real+TidalModel,https://marine-api.open-meteo.com/v1/marine?latitude=12.8698&longitude=74.8431&s
2024-07-07T04:00,12.8698,74.8431,Mangalore_Port,0.7952542203922754,2.46,2.16,0.354,1.1492542203922755,RISING,Chart_Datum_LAT,Open-Meteo_Marine_Real+TidalModel,https://marine-api.open-meteo.com/v1/marine?latitude=12.8698&longitude=74.8431&s
2024-07-07T05:00,12.8698,74.8431,Mangalore_Port,1.0395853044169447,2.48,2.08,0.352,1.3915853044169446,RISING,Chart_Datum_LAT,Open-Meteo_Marine_Real+TidalModel,https://marine-api.open-meteo.com/v1/marine?latitude=12.8698&longitude=74.8431&s
2024-07-07T06:00,12.8698,74.8431,Mangalore_Port,1.2980453440387185,2.5,2.1,0.355,1.6530453440387185,RISING,Chart_Datum_LAT,Open-Meteo_Marine_Real+TidalModel,https://marine-api.open-meteo.com/v1/marine?latitude=12.8698&longitude=74.8431&s
2024-07-07T07:00,12.8698,74.8431,Mangalore_Port,1.5049156548455271,2.52,2.12,0.358,1.8629156548455272,RISING,Chart_Datum_LAT,Open-Meteo_Marine_Real+TidalModel,https://marine-api.open-meteo.com/v1/marine?latitude=12.8698&longitude=74.8431&s
2024-07-07T08:00,12.8698,74.8431,Mangalore_Port,1.6089942024615298,2.54,2.14,0.361,1.9699942024615298,RISING,Chart_Datum_LAT,Open-Meteo_Marine_Real+TidalModel,https://marine-api.open-meteo.com/v1/marine?latitude=12.8698&longitude=74.8431&s
2024-07-07T09:00,12.8698,74.8431,Mangalore_Port,1.5859303285293034,2.52,2.2,0.362,1.9479303285293033,FALLING,Chart_Datum_LAT,Open-Meteo_Marine_Real+TidalModel,https://marine-api.open-meteo.com/v1/marine?latitude=12.8698&longitude=74.8431&s
2024-07-07T10:00,12.8698,74.8431,Mangalore_Port,1.4438900025408823,2.52,2.28,0.366,1.8098900025408824,FALLING,Chart_Datum_LAT,Open-Meteo_Marine_Real+TidalModel,https://marine-api.open-meteo.com/v1/marine?latitude=12.8698&longitude=74.8431&s
2024-07-07T11:00,12.8698,74.8431,Mangalore_Port,1.2212473465758986,2.5,2.34,0.367,1.5882473465758986,FALLING,Chart_Datum_LAT,Open-Meteo_Marine_Real+TidalModel,https://marine-api.open-meteo.com/v1/marine?latitude=12.8698&longitude=74.8431&s
2024-07-07T12:00,12.8698,74.8431,Mangalore_Port,0.9769289297540098,2.48,2.36,0.366,1.34292892975401,FALLING,Chart_Datum_LAT,Open-Meteo_Marine_Real+TidalModel,https://marine-api.open-meteo.com/v1/marine?latitude=12.8698&longitude=74.8431&s
2024-07-07T13:00,12.8698,74.8431,Mangalore_Port,0.7757995293069173,2.48,2.36,0.366,1.1417995293069172,FALLING,Chart_Datum_LAT,Open-Meteo_Marine_Real+TidalModel,https://marine-api.open-meteo.com/v1/marine?latitude=12.8698&longitude=74.8431&s
2024-07-07T14:00,12.8698,74.8431,Mangalore_Port,0.6726523929005586,2.46,2.38,0.365,1.0376523929005586,LOW,Chart_Datum_LAT,Open-Meteo_Marine_Real+TidalModel,https://marine-api.open-meteo.com/v1/marine?latitude=12.8698&longitude=74.8431&s
2024-07-07T15:00,12.8698,74.8431,Mangalore_Port,0.6986784987482378,2.44,2.32,0.36,1.0586784987482378,LOW,Chart_Datum_LAT,Open-Meteo_Marine_Real+TidalModel,https://marine-api.open-meteo.com/v1/marine?latitude=12.8698&longitude=74.8431&s
2024-07-07T16:00,12.8698,74.8431,Mangalore_Port,0.8536708801336044,2.42,2.28,0.356,1.2096708801336042,RISING,Chart_Datum_LAT,Open-Meteo_Marine_Real+TidalModel,https://marine-api.open-meteo.com/v1/marine?latitude=12.8698&longitude=74.8431&s
2024-07-07T17:00,12.8698,74.8431,Mangalore_Port,1.1058265323908476,2.4,2.22,0.351,1.4568265323908476,RISING,Chart_Datum_LAT,Open-Meteo_Marine_Real+TidalModel,https://marine-api.open-meteo.com/v1/marine?latitude=12.8698&longitude=74.8431&s
2024-07-07T18:00,12.8698,74.8431,Mangalore_Port,1.3991775514535338,2.4,2.22,0.351,1.7501775514535338,RISING,Chart_Datum_LAT,Open-Meteo_Marine_Real+TidalModel,https://marine-api.open-meteo.com/v1/marine?latitude=12.8698&longitude=74.8431&s
2024-07-07T19:00,12.8698,74.8431,Mangalore_Port,1.6668541778672414,2.38,2.2,0.348,2.0148541778672415,RISING,Chart_Datum_LAT,Open-Meteo_Marine_Real+TidalModel,https://marine-api.open-meteo.com/v1/marine?latitude=12.8698&longitude=74.8431&s
2024-07-07T20:00,12.8698,74.8431,Mangalore_Port,1.8469911515040471,2.38,2.2,0.348,2.194991151504047,HIGH,Chart_Datum_LAT,Open-Meteo_Marine_Real+TidalModel,https://marine-api.open-meteo.com/v1/marine?latitude=12.8698&longitude=74.8431&s
2024-07-07T21:00,12.8698,74.8431,Mangalore_Port,1.897464468371834,2.36,2.2,0.346,2.243464468371834,HIGH,Chart_Datum_LAT,Open-Meteo_Marine_Real+TidalModel,https://marine-api.open-meteo.com/v1/marine?latitude=12.8698&longitude=74.8431&s
2024-07-07T22:00,12.8698,74.8431,Mangalore_Port,1.8059336771818972,2.36,2.2,0.346,2.1519336771818973,HIGH,Chart_Datum_LAT,Open-Meteo_Marine_Real+TidalModel,https://marine-api.open-meteo.com/v1/marine?latitude=12.8698&longitude=74.8431&s
2024-07-07T23:00,12.8698,74.8431,Mangalore_Port,1.5927933917337715,2.34,2.2,0.344,1.9367933917337714,FALLING,Chart_Datum_LAT,Open-Meteo_Marine_Real+TidalModel,https://marine-api.open-meteo.com/v1/marine?latitude=12.8698&longitude=74.8431&s
2024-07-08T00:00,12.8698,74.8431,Mangalore_Port,1.3063355712564502,2.32,2.16,0.33999999999999997,1.6463355712564502,FALLING,Chart_Datum_LAT,Open-Meteo_Marine_Real+TidalModel,https://marine-api.open-meteo.com/v1/marine?latitude=12.8698&longitude=74.8431&s
2024-07-08T01:00,12.8698,74.8431,Mangalore_Port,1.011285792724299,2.32,2.12,0.33799999999999997,1.3492857927242992,FALLING,Chart_Datum_LAT,Open-Meteo_Marine_Real+TidalModel,https://marine-api.open-meteo.com/v1/marine?latitude=12.8698&longitude=74.8431&s
2024-07-08T02:00,12.8698,74.8431,Mangalore_Port,0.7734586382113566,2.3,2.08,0.33399999999999996,1.1074586382113565,FALLING,Chart_Datum_LAT,Open-Meteo_Marine_Real+TidalModel,https://marine-api.open-meteo.com/v1/marine?latitude=12.8698&longitude=74.8431&s
2024-07-08T03:00,12.8698,74.8431,Mangalore_Port,0.6442029318038037,2.26,2.1,0.33099999999999996,0.9752029318038037,LOW,Chart_Datum_LAT,Open-Meteo_Marine_Real+TidalModel,https://marine-api.open-meteo.com/v1/marine?latitude=12.8698&longitude=74.8431&s
2024-07-08T04:00,12.8698,74.8431,Mangalore_Port,0.6483565141159537,2.24,2.12,0.33000000000000007,0.9783565141159538,LOW,Chart_Datum_LAT,Open-Meteo_Marine_Real+TidalModel,https://marine-api.open-meteo.com/v1/marine?latitude=12.8698&longitude=74.8431&s
2024-07-08T05:00,12.8698,74.8431,Mangalore_Port,0.778590492012428,2.2,2.14,0.32700000000000007,1.105590492012428,RISING,Chart_Datum_LAT,Open-Meteo_Marine_Real+TidalModel,https://marine-api.open-meteo.com/v1/marine?latitude=12.8698&longitude=74.8431&s
2024-07-08T06:00,12.8698,74.8431,Mangalore_Port,0.9974937299021784,2.18,2.12,0.32400000000000007,1.3214937299021785,RISING,Chart_Datum_LAT,Open-Meteo_Marine_Real+TidalModel,https://marine-api.open-meteo.com/v1/marine?latitude=12.8698&longitude=74.8431&s
2024-07-08T07:00,12.8698,74.8431,Mangalore_Port,1.2468934471842954,2.18,2.12,0.32400000000000007,1.5708934471842955,RISING,Chart_Datum_LAT,Open-Meteo_Marine_Real+TidalModel,https://marine-api.open-meteo.com/v1/marine?latitude=12.8698&longitude=74.8431&s
2024-07-08T08:00,12.8698,74.8431,Mangalore_Port,1.462169350973365,2.16,2.1,0.32100000000000006,1.783169350973365,RISING,Chart_Datum_LAT,Open-Meteo_Marine_Real+TidalModel,https://marine-api.open-meteo.com/v1/marine?latitude=12.8698&longitude=74.8431&s
2024-07-08T09:00,12.8698,74.8431,Mangalore_Port,1.5881127115125668,2.18,2.12,0.32400000000000007,1.912112711512567,RISING,Chart_Datum_LAT,Open-Meteo_Marine_Real+TidalModel,https://marine-api.open-meteo.com/v1/marine?latitude=12.8698&longitude=74.8431&s
2024-07-08T10:00,12.8698,74.8431,Mangalore_Port,1.5924988957815658,2.18,2.12,0.32400000000000007,1.9164988957815658,RISING,Chart_Datum_LAT,Open-Meteo_Marine_Real+TidalModel,https://marine-api.open-meteo.com/v1/marine?latitude=12.8698&longitude=74.8431&s
2024-07-08T11:00,12.8698,74.8431,Mangalore_Port,1.4740777890819627,2.2,2.14,0.32700000000000007,1.8010777890819627,FALLING,Chart_Datum_LAT,Open-Meteo_Marine_Real+TidalModel,https://marine-api.open-meteo.com/v1/marine?latitude=12.8698&longitude=74.8431&s
2024-07-08T12:00,12.8698,74.8431,Mangalore_Port,1.263017937443578,2.22,2.16,0.33000000000000007,1.593017937443578,FALLING,Chart_Datum_LAT,Open-Meteo_Marine_Real+TidalModel,https://marine-api.open-meteo.com/v1/marine?latitude=12.8698&longitude=74.8431&s
2024-07-08T13:00,12.8698,74.8431,Mangalore_Port,1.013652724762006,2.26,2.18,0.33499999999999996,1.348652724762006,FALLING,Chart_Datum_LAT,Open-Meteo_Marine_Real+TidalModel,https://marine-api.open-meteo.com/v1/marine?latitude=12.8698&longitude=74.8431&s
2024-07-08T14:00,12.8698,74.8431,Mangalore_Port,0.7912385242544959,2.28,2.2,0.33799999999999997,1.1292385242544958,FALLING,Chart_Datum_LAT,Open-Meteo_Marine_Real+TidalModel,https://marine-api.open-meteo.com/v1/marine?latitude=12.8698&longitude=74.8431&s
2024-07-08T15:00,12.8698,74.8431,Mangalore_Port,0.6558982844598327,2.3,2.24,0.34199999999999997,0.9978982844598326,LOW,Chart_Datum_LAT,Open-Meteo_Marine_Real+TidalModel,https://marine-api.open-meteo.com/v1/marine?latitude=12.8698&longitude=74.8431&s
2024-07-08T16:00,12.8698,74.8431,Mangalore_Port,0.6476337092446297,2.34,2.26,0.347,0.9946337092446297,LOW,Chart_Datum_LAT,Open-Meteo_Marine_Real+TidalModel,https://marine-api.open-meteo.com/v1/marine?latitude=12.8698&longitude=74.8431&s
2024-07-08T17:00,12.8698,74.8431,Mangalore_Port,0.7760670070535813,2.36,2.3,0.351,1.1270670070535813,RISING,Chart_Datum_LAT,Open-Meteo_Marine_Real+TidalModel,https://marine-api.open-meteo.com/v1/marine?latitude=12.8698&longitude=74.8431&s
2024-07-08T18:00,12.8698,74.8431,Mangalore_Port,1.0174633324741256,2.36,2.26,0.349,1.3664633324741255,RISING,Chart_Datum_LAT,Open-Meteo_Marine_Real+TidalModel,https://marine-api.open-meteo.com/v1/marine?latitude=12.8698&longitude=74.8431&s
2024-07-08T19:00,12.8698,74.8431,Mangalore_Port,1.3198459619735405,2.38,2.2,0.348,1.6678459619735406,RISING,Chart_Datum_LAT,Open-Meteo_Marine_Real+TidalModel,https://marine-api.open-meteo.com/v1/marine?latitude=12.8698&longitude=74.8431&s
2024-07-08T20:00,12.8698,74.8431,Mangalore_Port,1.6150610764132352,2.38,2.16,0.346,1.9610610764132352,RISING,Chart_Datum_LAT,Open-Meteo_Marine_Real+TidalModel,https://marine-api.open-meteo.com/v1/marine?latitude=12.8698&longitude=74.8431&s
2024-07-08T21:00,12.8698,74.8431,Mangalore_Port,1.8349481340287301,2.38,2.16,0.346,2.1809481340287302,HIGH,Chart_Datum_LAT,Open-Meteo_Marine_Real+TidalModel,https://marine-api.open-meteo.com/v1/marine?latitude=12.8698&longitude=74.8431&s
2024-07-08T22:00,12.8698,74.8431,Mangalore_Port,1.927740182183045,2.36,2.14,0.34299999999999997,2.270740182183045,HIGH,Chart_Datum_LAT,Open-Meteo_Marine_Real+TidalModel,https://marine-api.open-meteo.com/v1/marine?latitude=12.8698&longitude=74.8431&s
2024-07-08T23:00,12.8698,74.8431,Mangalore_Port,1.8707146988397272,2.36,2.14,0.34299999999999997,2.213714698839727,HIGH,Chart_Datum_LAT,Open-Meteo_Marine_Real+TidalModel,https://marine-api.open-meteo.com/v1/marine?latitude=12.8698&longitude=74.8431&s
2024-07-09T00:00,12.8698,74.8431,Mangalore_Port,1.675977150879919,2.36,2.14,0.34299999999999997,2.018977150879919,FALLING,Chart_Datum_LAT,Open-Meteo_Marine_Real+TidalModel,https://marine-api.open-meteo.com/v1/marine?latitude=12.8698&longitude=74.8431&s
2024-07-09T01:00,12.8698,74.8431,Mangalore_Port,1.3878903197949748,2.34,2.16,0.34199999999999997,1.7298903197949747,FALLING,Chart_Datum_LAT,Open-Meteo_Marine_Real+TidalModel,https://marine-api.open-meteo.com/v1/marine?latitude=12.8698&longitude=74.8431&s
2024-07-09T02:00,12.8698,74.8431,Mangalore_Port,1.0726768192872131,2.34,2.16,0.34199999999999997,1.4146768192872132,FALLING,Chart_Datum_LAT,Open-Meteo_Marine_Real+TidalModel,https://marine-api.open-meteo.com/v1/marine?latitude=12.8698&longitude=74.8431&s
2024-07-09T03:00,12.8698,74.8431,Mangalore_Port,0.8026352853299306,2.32,2.2,0.34199999999999997,1.1446352853299304,FALLING,Chart_Datum_LAT,Open-Meteo_Marine_Real+TidalModel,https://marine-api.open-meteo.com/v1/marine?latitude=12.8698&longitude=74.8431&s
2024-07-09T04:00,12.8698,74.8431,Mangalore_Port,0.6387547799314482,2.32,2.22,0.34299999999999997,0.9817547799314482,LOW,Chart_Datum_LAT,Open-Meteo_Marine_Real+TidalModel,https://marine-api.open-meteo.com/v1/marine?latitude=12.8698&longitude=74.8431&s
2024-07-09T05:00,12.8698,74.8431,Mangalore_Port,0.6159506194667944,2.3,2.26,0.34299999999999997,0.9589506194667944,LOW,Chart_Datum_LAT,Open-Meteo_Marine_Real+TidalModel,https://marine-api.open-meteo.com/v1/marine?latitude=12.8698&longitude=74.8431&s
2024-07-09T06:00,12.8698,74.8431,Mangalore_Port,0.7345572567964838,2.28,2.24,0.33999999999999997,1.0745572567964836,RISING,Chart_Datum_LAT,Open-Meteo_Marine_Real+TidalModel,https://marine-api.open-meteo.com/v1/marine?latitude=12.8698&longitude=74.8431&s
2024-07-09T07:00,12.8698,74.8431,Mangalore_Port,0.9602279604099269,2.28,2.24,0.33999999999999997,1.3002279604099267,RISING,Chart_Datum_LAT,Open-Meteo_Marine_Real+TidalModel,https://marine-api.open-meteo.com/v1/marine?latitude=12.8698&longitude=74.8431&s
2024-07-09T08:00,12.8698,74.8431,Mangalore_Port,1.2323567462576532,2.26,2.22,0.33699999999999997,1.5693567462576532,RISING,Chart_Datum_LAT,Open-Meteo_Marine_Real+TidalModel,https://marine-api.open-meteo.com/v1/marine?latitude=12.8698&longitude=74.8431&s
2024-07-09T09:00,12.8698,74.8431,Mangalore_Port,1.4790455434751486,2.26,2.22,0.33699999999999997,1.8160455434751486,RISING,Chart_Datum_LAT,Open-Meteo_Marine_Real+TidalModel,https://marine-api.open-meteo.com/v1/marine?latitude=12.8698&longitude=74.8431&s
2024-07-09T10:00,12.8698,74.8431,Mangalore_Port,1.6350018446287335,2.26,2.2,0.33599999999999997,1.9710018446287334,RISING,Chart_Datum_LAT,Open-Meteo_Marine_Real+TidalModel,https://marine-api.open-meteo.com/v1/marine?latitude=12.8698&longitude=74.8431&s
2024-07-09T11:00,12.8698,74.8431,Mangalore_Port,1.657979266152301,2.26,2.2,0.33599999999999997,1.993979266152301,RISING,Chart_Datum_LAT,Open-Meteo_Marine_Real+TidalModel,https://marine-api.open-meteo.com/v1/marine?latitude=12.8698&longitude=74.8431&s
2024-07-09T12:00,12.8698,74.8431,Mangalore_Port,1.539670172917797,2.24,2.18,0.3330000000000001,1.8726701729177972,FALLING,Chart_Datum_LAT,Open-Meteo_Marine_Real+TidalModel,https://marine-api.open-meteo.com/v1/marine?latitude=12.8698&longitude=74.8431&s
2024-07-09T13:00,12.8698,74.8431,Mangalore_Port,1.3082706697656012,2.24,2.16,0.3320000000000001,1.6402706697656013,FALLING,Chart_Datum_LAT,Open-Meteo_Marine_Real+TidalModel,https://marine-api.open-meteo.com/v1/marine?latitude=12.8698&longitude=74.8431&s
2024-07-09T14:00,12.8698,74.8431,Mangalore_Port,1.0219575325568437,2.22,2.14,0.32900000000000007,1.3509575325568437,FALLING,Chart_Datum_LAT,Open-Meteo_Marine_Real+TidalModel,https://marine-api.open-meteo.com/v1/marine?latitude=12.8698&longitude=74.8431&s
2024-07-09T15:00,12.8698,74.8431,Mangalore_Port,0.7547573057301455,2.22,2.14,0.32900000000000007,1.0837573057301455,FALLING,Chart_Datum_LAT,Open-Meteo_Marine_Real+TidalModel,https://marine-api.open-meteo.com/v1/marine?latitude=12.8698&longitude=74.8431&s
2024-07-09T16:00,12.8698,74.8431,Mangalore_Port,0.5781994010425671,2.2,2.12,0.32600000000000007,0.9041994010425671,LOW,Chart_Datum_LAT,Open-Meteo_Marine_Real+TidalModel,https://marine-api.open-meteo.com/v1/marine?latitude=12.8698&longitude=74.8431&s
2024-07-09T17:00,12.8698,74.8431,Mangalore_Port,0.5432483684752104,2.2,2.12,0.32600000000000007,0.8692483684752105,LOW,Chart_Datum_LAT,Open-Meteo_Marine_Real+TidalModel,https://marine-api.open-meteo.com/v1/marine?latitude=12.8698&longitude=74.8431&s
2024-07-09T18:00,12.8698,74.8431,Mangalore_Port,0.6670176302748753,2.2,2.12,0.32600000000000007,0.9930176302748753,LOW,Chart_Datum_LAT,Open-Meteo_Marine_Real+TidalModel,https://marine-api.open-meteo.com/v1/marine?latitude=12.8698&longitude=74.8431&s
2024-07-09T19:00,12.8698,74.8431,Mangalore_Port,0.9276563704571644,2.2,2.12,0.32600000000000007,1.2536563704571644,RISING,Chart_Datum_LAT,Open-Meteo_Marine_Real+TidalModel,https://marine-api.open-meteo.com/v1/marine?latitude=12.8698&longitude=74.8431&s
2024-07-09T20:00,12.8698,74.8431,Mangalore_Port,1.2688285105974184,2.2,2.12,0.32600000000000007,1.5948285105974185,RISING,Chart_Datum_LAT,Open-Meteo_Marine_Real+TidalModel,https://marine-api.open-meteo.com/v1/marine?latitude=12.8698&longitude=74.8431&s
2024-07-09T21:00,12.8698,74.8431,Mangalore_Port,1.6128424033722282,2.18,2.12,0.32400000000000007,1.9368424033722282,RISING,Chart_Datum_LAT,Open-Meteo_Marine_Real+TidalModel,https://marine-api.open-meteo.com/v1/marine?latitude=12.8698&longitude=74.8431&s
2024-07-09T22:00,12.8698,74.8431,Mangalore_Port,1.8793220522123801,2.18,2.1,0.32300000000000006,2.2023220522123803,HIGH,Chart_Datum_LAT,Open-Meteo_Marine_Real+TidalModel,https://marine-api.open-meteo.com/v1/marine?latitude=12.8698&longitude=74.8431&s
2024-07-09T23:00,12.8698,74.8431,Mangalore_Port,2.0048784320135513,2.16,2.1,0.32100000000000006,2.3258784320135515,HIGH,Chart_Datum_LAT,Open-Meteo_Marine_Real+TidalModel,https://marine-api.open-meteo.com/v1/marine?latitude=12.8698&longitude=74.8431&s
2024-07-10T00:00,12.8698,74.8431,Mangalore_Port,1.9589129941333718,2.16,2.08,0.32000000000000006,2.278912994133372,HIGH,Chart_Datum_LAT,Open-Meteo_Marine_Real+TidalModel,https://marine-api.open-meteo.com/v1/marine?latitude=12.8698&longitude=74.8431&s
2024-07-10T01:00,12.8698,74.8431,Mangalore_Port,1.7515661335916597,2.14,2.08,0.31800000000000006,2.0695661335916595,FALLING,Chart_Datum_LAT,Open-Meteo_Marine_Real+TidalModel,https://marine-api.open-meteo.com/v1/marine?latitude=12.8698&longitude=74.8431&s
2024-07-10T02:00,12.8698,74.8431,Mangalore_Port,1.431713376340061,2.14,2.06,0.31700000000000006,1.7487133763400609,FALLING,Chart_Datum_LAT,Open-Meteo_Marine_Real+TidalModel,https://marine-api.open-meteo.com/v1/marine?latitude=12.8698&longitude=74.8431&s
2024-07-10T03:00,12.8698,74.8431,Mangalore_Port,1.0753576047287516,2.14,2.06,0.31700000000000006,1.3923576047287516,FALLING,Chart_Datum_LAT,Open-Meteo_Marine_Real+TidalModel,https://marine-api.open-meteo.com/v1/marine?latitude=12.8698&longitude=74.8431&s
2024-07-10T04:00,12.8698,74.8431,Mangalore_Port,0.7671656996050646,2.12,2.04,0.31400000000000006,1.0811656996050647,FALLING,Chart_Datum_LAT,Open-Meteo_Marine_Real+TidalModel,https://marine-api.open-meteo.com/v1/marine?latitude=12.8698&longitude=74.8431&s
2024-07-10T05:00,12.8698,74.8431,Mangalore_Port,0.5796516322862882,2.12,2.04,0.31400000000000006,0.8936516322862883,LOW,Chart_Datum_LAT,Open-Meteo_Marine_Real+TidalModel,https://marine-api.open-meteo.com/v1/marine?latitude=12.8698&longitude=74.8431&s
2024-07-10T06:00,12.8698,74.8431,Mangalore_Port,0.5551650737873907,2.1,2.02,0.31100000000000005,0.8661650737873907,LOW,Chart_Datum_LAT,Open-Meteo_Marine_Real+TidalModel,https://marine-api.open-meteo.com/v1/marine?latitude=12.8698&longitude=74.8431&s
2024-07-10T07:00,12.8698,74.8431,Mangalore_Port,0.695221253386562,2.08,1.98,0.30700000000000005,1.002221253386562,LOW,Chart_Datum_LAT,Open-Meteo_Marine_Real+TidalModel,https://marine-api.open-meteo.com/v1/marine?latitude=12.8698&longitude=74.8431&s
2024-07-10T08:00,12.8698,74.8431,Mangalore_Port,0.9599380388780655,2.06,1.96,0.30400000000000005,1.2639380388780657,RISING,Chart_Datum_LAT,Open-Meteo_Marine_Real+TidalModel,https://marine-api.open-meteo.com/v1/marine?latitude=12.8698&longitude=74.8431&s
2024-07-10T09:00,12.8698,74.8431,Mangalore_Port,1.2778541150102523,2.06,1.96,0.30400000000000005,1.5818541150102523,RISING,Chart_Datum_LAT,Open-Meteo_Marine_Real+TidalModel,https://marine-api.open-meteo.com/v1/marine?latitude=12.8698&longitude=74.8431&s
2024-07-10T10:00,12.8698,74.8431,Mangalore_Port,1.563800897701009,2.06,1.96,0.30400000000000005,1.867800897701009,RISING,Chart_Datum_LAT,Open-Meteo_Marine_Real+TidalModel,https://marine-api.open-meteo.com/v1/marine?latitude=12.8698&longitude=74.8431&s
2024-07-10T11:00,12.8698,74.8431,Mangalore_Port,1.7404421262077125,2.06,1.96,0.30400000000000005,2.044442126207713,RISING,Chart_Datum_LAT,Open-Meteo_Marine_Real+TidalModel,https://marine-api.open-meteo.com/v1/marine?latitude=12.8698&longitude=74.8431&s
2024-07-10T12:00,12.8698,74.8431,Mangalore_Port,1.758105843886667,2.06,1.96,0.30400000000000005,2.062105843886667,RISING,Chart_Datum_LAT,Open-Meteo_Marine_Real+TidalModel,https://marine-api.open-meteo.com/v1/marine?latitude=12.8698&longitude=74.8431&s
2024-07-10T13:00,12.8698,74.8431,Mangalore_Port,1.6078808559100013,2.04,1.94,0.30100000000000005,1.9088808559100015,FALLING,Chart_Datum_LAT,Open-Meteo_Marine_Real+TidalModel,https://marine-api.open-meteo.com/v1/marine?latitude=12.8698&longitude=74.8431&s
2024-07-10T14:00,12.8698,74.8431,Mangalore_Port,1.3245689798681046,2.04,1.94,0.30100000000000005,1.6255689798681048,FALLING,Chart_Datum_LAT,Open-Meteo_Marine_Real+TidalModel,https://marine-api.open-meteo.com/v1/marine?latitude=12.8698&longitude=74.8431&s
2024-07-10T15:00,12.8698,74.8431,Mangalore_Port,0.9785890334840982,1.98,1.86,0.29100000000000004,1.2695890334840982,FALLING,Chart_Datum_LAT,Open-Meteo_Marine_Real+TidalModel,https://marine-api.open-meteo.com/v1/marine?latitude=12.8698&longitude=74.8431&s
2024-07-10T16:00,12.8698,74.8431,Mangalore_Port,0.6587020075525116,1.9,1.8,0.28,0.9387020075525117,LOW,Chart_Datum_LAT,Open-Meteo_Marine_Real+TidalModel,https://marine-api.open-meteo.com/v1/marine?latitude=12.8698&longitude=74.8431&s
2024-07-10T17:00,12.8698,74.8431,Mangalore_Port,0.4497741078448023,1.84,1.72,0.27,0.7197741078448023,LOW,Chart_Datum_LAT,Open-Meteo_Marine_Real+TidalModel,https://marine-api.open-meteo.com/v1/marine?latitude=12.8698&longitude=74.8431&s
2024-07-10T18:00,12.8698,74.8431,Mangalore_Port,0.4111157186879827,1.86,1.74,0.273,0.6841157186879827,LOW,Chart_Datum_LAT,Open-Meteo_Marine_Real+TidalModel,https://marine-api.open-meteo.com/v1/marine?latitude=12.8698&longitude=74.8431&s
2024-07-10T19:00,12.8698,74.8431,Mangalore_Port,0.560879029322928,1.9,1.78,0.279,0.839879029322928,LOW,Chart_Datum_LAT,Open-Meteo_Marine_Real+TidalModel,https://marine-api.open-meteo.com/v1/marine?latitude=12.8698&longitude=74.8431&s
2024-07-10T20:00,12.8698,74.8431,Mangalore_Port,0.8705561599389718,1.92,1.8,0.28200000000000003,1.152556159938972,RISING,Chart_Datum_LAT,Open-Meteo_Marine_Real+TidalModel,https://marine-api.open-meteo.com/v1/marine?latitude=12.8698&longitude=74.8431&s
2024-07-10T21:00,12.8698,74.8431,Mangalore_Port,1.271134387655417,2.02,1.88,0.29600000000000004,1.5671343876554171,RISING,Chart_Datum_LAT,Open-Meteo_Marine_Real+TidalModel,https://marine-api.open-meteo.com/v1/marine?latitude=12.8698&longitude=74.8431&s
2024-07-10T22:00,12.8698,74.8431,Mangalore_Port,1.669546673448481,2.1,1.98,0.30900000000000005,1.9785466734484811,RISING,Chart_Datum_LAT,Open-Meteo_Marine_Real+TidalModel,https://marine-api.open-meteo.com/v1/marine?latitude=12.8698&longitude=74.8431&s
2024-07-10T23:00,12.8698,74.8431,Mangalore_Port,1.9714351220177595,2.2,2.06,0.32300000000000006,2.2944351220177595,HIGH,Chart_Datum_LAT,Open-Meteo_Marine_Real+TidalModel,https://marine-api.open-meteo.com/v1/marine?latitude=12.8698&longitude=74.8431&s
2024-07-11T00:00,12.8698,74.8431,Mangalore_Port,2.1045899654770466,2.14,2.0,0.31400000000000006,2.4185899654770466,HIGH,Chart_Datum_LAT,Open-Meteo_Marine_Real+TidalModel,https://marine-api.open-meteo.com/v1/marine?latitude=12.8698&longitude=74.8431&s
2024-07-11T01:00,12.8698,74.8431,Mangalore_Port,2.03717127407037,2.06,1.96,0.30400000000000005,2.34117127407037,HIGH,Chart_Datum_LAT,Open-Meteo_Marine_Real+TidalModel,https://marine-api.open-meteo.com/v1/marine?latitude=12.8698&longitude=74.8431&s
2024-07-11T02:00,12.8698,74.8431,Mangalore_Port,1.786051444427607,2.0,1.9,0.29500000000000004,2.081051444427607,FALLING,Chart_Datum_LAT,Open-Meteo_Marine_Real+TidalModel,https://marine-api.open-meteo.com/v1/marine?latitude=12.8698&longitude=74.8431&s
2024-07-11T03:00,12.8698,74.8431,Mangalore_Port,1.413044917807589,1.98,1.88,0.29200000000000004,1.705044917807589,FALLING,Chart_Datum_LAT,Open-Meteo_Marine_Real+TidalModel,https://marine-api.open-meteo.com/v1/marine?latitude=12.8698&longitude=74.8431&s
2024-07-11T04:00,12.8698,74.8431,Mangalore_Port,1.0098206880990046,1.94,1.86,0.28700000000000003,1.2968206880990047,FALLING,Chart_Datum_LAT,Open-Meteo_Marine_Real+TidalModel,https://marine-api.open-meteo.com/v1/marine?latitude=12.8698&longitude=74.8431&s
2024-07-11T05:00,12.8698,74.8431,Mangalore_Port,0.6751644480365953,1.92,1.84,0.28400000000000003,0.9591644480365953,LOW,Chart_Datum_LAT,Open-Meteo_Marine_Real+TidalModel,https://marine-api.open-meteo.com/v1/marine?latitude=12.8698&longitude=74.8431&s
2024-07-11T06:00,12.8698,74.8431,Mangalore_Port,0.4902404967523595,1.92,1.84,0.28400000000000003,0.7742404967523595,LOW,Chart_Datum_LAT,Open-Meteo_Marine_Real+TidalModel,https://marine-api.open-meteo.com/v1/marine?latitude=12.8698&longitude=74.8431&s
2024-07-11T07:00,12.8698,74.8431,Mangalore_Port,0.4980828408019724,1.94,1.86,0.28700000000000003,0.7850828408019724,LOW,Chart_Datum_LAT,Open-Meteo_Marine_Real+TidalModel,https://marine-api.open-meteo.com/v1/marine?latitude=12.8698&longitude=74.8431&s
2024-07-11T08:00,12.8698,74.8431,Mangalore_Port,0.6925530031994706,1.94,1.86,0.28700000000000003,0.9795530031994706,LOW,Chart_Datum_LAT,Open-Meteo_Marine_Real+TidalModel,https://marine-api.open-meteo.com/v1/marine?latitude=12.8698&longitude=74.8431&s
2024-07-11T09:00,12.8698,74.8431,Mangalore_Port,1.019668242300985,1.94,1.86,0.28700000000000003,1.3066682423009852,RISING,Chart_Datum_LAT,Open-Meteo_Marine_Real+TidalModel,https://marine-api.open-meteo.com/v1/marine?latitude=12.8698&longitude=74.8431&s
2024-07-11T10:00,12.8698,74.8431,Mangalore_Port,1.3911018434861062,1.94,1.88,0.28800000000000003,1.6791018434861062,RISING,Chart_Datum_LAT,Open-Meteo_Marine_Real+TidalModel,https://marine-api.open-meteo.com/v1/marine?latitude=12.8698&longitude=74.8431&s
2024-07-11T11:00,12.8698,74.8431,Mangalore_Port,1.7065641703071148,1.94,1.88,0.28800000000000003,1.9945641703071149,RISING,Chart_Datum_LAT,Open-Meteo_Marine_Real+TidalModel,https://marine-api.open-meteo.com/v1/marine?latitude=12.8698&longitude=74.8431&s
2024-07-11T12:00,12.8698,74.8431,Mangalore_Port,1.8794754234509665,1.92,1.86,0.28500000000000003,2.1644754234509667,HIGH,Chart_Datum_LAT,Open-Meteo_Marine_Real+TidalModel,https://marine-api.open-meteo.com/v1/marine?latitude=12.8698&longitude=74.8431&s
2024-07-11T13:00,12.8698,74.8431,Mangalore_Port,1.8594336521943005,1.92,1.86,0.28500000000000003,2.1444336521943006,HIGH,Chart_Datum_LAT,Open-Meteo_Marine_Real+TidalModel,https://marine-api.open-meteo.com/v1/marine?latitude=12.8698&longitude=74.8431&s
2024-07-11T14:00,12.8698,74.8431,Mangalore_Port,1.6457142165717258,1.9,1.84,0.28200000000000003,1.9277142165717258,FALLING,Chart_Datum_LAT,Open-Meteo_Marine_Real+TidalModel,https://marine-api.open-meteo.com/v1/marine?latitude=12.8698&longitude=74.8431&s
2024-07-11T15:00,12.8698,74.8431,Mangalore_Port,1.288245381976603,1.9,1.84,0.28200000000000003,1.5702453819766031,FALLING,Chart_Datum_LAT,Open-Meteo_Marine_Real+TidalModel,https://marine-api.open-meteo.com/v1/marine?latitude=12.8698&longitude=74.8431&s
2024-07-11T16:00,12.8698,74.8431,Mangalore_Port,0.8756468007673054,1.88,1.84,0.28,1.1556468007673053,FALLING,Chart_Datum_LAT,Open-Meteo_Marine_Real+TidalModel,https://marine-api.open-meteo.com/v1/marine?latitude=12.8698&longitude=74.8431&s
2024-07-11T17:00,12.8698,74.8431,Mangalore_Port,0.513205886001755,1.88,1.84,0.28,0.793205886001755,LOW,Chart_Datum_LAT,Open-Meteo_Marine_Real+TidalModel,https://marine-api.open-meteo.com/v1/marine?latitude=12.8698&longitude=74.8431&s
2024-07-11T18:00,12.8698,74.8431,Mangalore_Port,0.2962662028273021,1.86,1.82,0.277,0.5732662028273021,LOW,Chart_Datum_LAT,Open-Meteo_Marine_Real+TidalModel,https://marine-api.open-meteo.com/v1/marine?latitude=12.8698&longitude=74.8431&s
2024-07-11T19:00,12.8698,74.8431,Mangalore_Port,0.2857410754163636,1.82,1.78,0.271,0.5567410754163636,LOW,Chart_Datum_LAT,Open-Meteo_Marine_Real+TidalModel,https://marine-api.open-meteo.com/v1/marine?latitude=12.8698&longitude=74.8431&s
2024-07-11T20:00,12.8698,74.8431,Mangalore_Port,0.49201141254582315,1.8,1.76,0.268,0.7600114125458232,LOW,Chart_Datum_LAT,Open-Meteo_Marine_Real+TidalModel,https://marine-api.open-meteo.com/v1/marine?latitude=12.8698&longitude=74.8431&s
2024-07-11T21:00,12.8698,74.8431,Mangalore_Port,0.8714132894683548,1.78,1.74,0.265,1.1364132894683547,RISING,Chart_Datum_LAT,Open-Meteo_Marine_Real+TidalModel,https://marine-api.open-meteo.com/v1/marine?latitude=12.8698&longitude=74.8431&s
2024-07-11T22:00,12.8698,74.8431,Mangalore_Port,1.3363709850358383,1.76,1.7,0.261,1.5973709850358384,RISING,Chart_Datum_LAT,Open-Meteo_Marine_Real+TidalModel,https://marine-api.open-meteo.com/v1/marine?latitude=12.8698&longitude=74.8431&s
2024-07-11T23:00,12.8698,74.8431,Mangalore_Port,1.7767738032042029,1.74,1.68,0.258,2.034773803204203,RISING,Chart_Datum_LAT,Open-Meteo_Marine_Real+TidalModel,https://marine-api.open-meteo.com/v1/marine?latitude=12.8698&longitude=74.8431&s
2024-07-12T00:00,12.8698,74.8431,Mangalore_Port,2.0873072909720842,1.74,1.68,0.258,2.3453072909720842,HIGH,Chart_Datum_LAT,Open-Meteo_Marine_Real+TidalModel,https://marine-api.open-meteo.com/v1/marine?latitude=12.8698&longitude=74.8431&s
2024-07-12T01:00,12.8698,74.8431,Mangalore_Port,2.193874178372168,1.76,1.7,0.261,2.454874178372168,HIGH,Chart_Datum_LAT,Open-Meteo_Marine_Real+TidalModel,https://marine-api.open-meteo.com/v1/marine?latitude=12.8698&longitude=74.8431&s
2024-07-12T02:00,12.8698,74.8431,Mangalore_Port,2.0723945971920985,1.76,1.7,0.261,2.3333945971920986,HIGH,Chart_Datum_LAT,Open-Meteo_Marine_Real+TidalModel,https://marine-api.open-meteo.com/v1/marine?latitude=12.8698&longitude=74.8431&s
2024-07-12T03:00,12.8698,74.8431,Mangalore_Port,1.7551397735899341,1.76,1.7,0.261,2.0161397735899342,FALLING,Chart_Datum_LAT,Open-Meteo_Marine_Real+TidalModel,https://marine-api.open-meteo.com/v1/marine?latitude=12.8698&longitude=74.8431&s
2024-07-12T04:00,12.8698,74.8431,Mangalore_Port,1.3228726984980999,1.76,1.7,0.261,1.5838726984980998,FALLING,Chart_Datum_LAT,Open-Meteo_Marine_Real+TidalModel,https://marine-api.open-meteo.com/v1/marine?latitude=12.8698&longitude=74.8431&s
2024-07-12T05:00,12.8698,74.8431,Mangalore_Port,0.8846620447118361,1.76,1.7,0.261,1.1456620447118362,FALLING,Chart_Datum_LAT,Open-Meteo_Marine_Real+TidalModel,https://marine-api.open-meteo.com/v1/marine?latitude=12.8698&longitude=74.8431&s
2024-07-12T06:00,12.8698,74.8431,Mangalore_Port,0.550390823177019,1.76,1.7,0.261,0.811390823177019,LOW,Chart_Datum_LAT,Open-Meteo_Marine_Real+TidalModel,https://marine-api.open-meteo.com/v1/marine?latitude=12.8698&longitude=74.8431&s
2024-07-12T07:00,12.8698,74.8431,Mangalore_Port,0.40288938438608557,1.74,1.68,0.258,0.6608893843860856,LOW,Chart_Datum_LAT,Open-Meteo_Marine_Real+TidalModel,https://marine-api.open-meteo.com/v1/marine?latitude=12.8698&longitude=74.8431&s
2024-07-12T08:00,12.8698,74.8431,Mangalore_Port,0.47678323796302546,1.74,1.68,0.258,0.7347832379630255,LOW,Chart_Datum_LAT,Open-Meteo_Marine_Real+TidalModel,https://marine-api.open-meteo.com/v1/marine?latitude=12.8698&longitude=74.8431&s
2024-07-12T09:00,12.8698,74.8431,Mangalore_Port,0.749500372866819,1.74,1.64,0.256,1.005500372866819,RISING,Chart_Datum_LAT,Open-Meteo_Marine_Real+TidalModel,https://marine-api.open-meteo.com/v1/marine?latitude=12.8698&longitude=74.8431&s
2024-07-12T10:00,12.8698,74.8431,Mangalore_Port,1.1468317015910305,1.72,1.62,0.253,1.3998317015910304,RISING,Chart_Datum_LAT,Open-Meteo_Marine_Real+TidalModel,https://marine-api.open-meteo.com/v1/marine?latitude=12.8698&longitude=74.8431&s
2024-07-12T11:00,12.8698,74.8431,Mangalore_Port,1.5617465512584356,1.72,1.58,0.251,1.8127465512584355,RISING,Chart_Datum_LAT,Open-Meteo_Marine_Real+TidalModel,https://marine-api.open-meteo.com/v1/marine?latitude=12.8698&longitude=74.8431&s
2024-07-12T12:00,12.8698,74.8431,Mangalore_Port,1.8817690791962542,1.72,1.6,0.252,2.133769079196254,HIGH,Chart_Datum_LAT,Open-Meteo_Marine_Real+TidalModel,https://marine-api.open-meteo.com/v1/marine?latitude=12.8698&longitude=74.8431&s
2024-07-12T13:00,12.8698,74.8431,Mangalore_Port,2.0179914861259043,1.7,1.62,0.251,2.268991486125904,HIGH,Chart_Datum_LAT,Open-Meteo_Marine_Real+TidalModel,https://marine-api.open-meteo.com/v1/marine?latitude=12.8698&longitude=74.8431&s
2024-07-12T14:00,12.8698,74.8431,Mangalore_Port,1.9283171429674546,1.7,1.64,0.252,2.1803171429674544,HIGH,Chart_Datum_LAT,Open-Meteo_Marine_Real+TidalModel,https://marine-api.open-meteo.com/v1/marine?latitude=12.8698&longitude=74.8431&s
2024-07-12T15:00,12.8698,74.8431,Mangalore_Port,1.6289316383005013,1.7,1.64,0.252,1.8809316383005013,FALLING,Chart_Datum_LAT,Open-Meteo_Marine_Real+TidalModel,https://marine-api.open-meteo.com/v1/marine?latitude=12.8698&longitude=74.8431&s
2024-07-12T16:00,12.8698,74.8431,Mangalore_Port,1.190951501600359,1.72,1.66,0.255,1.445951501600359,FALLING,Chart_Datum_LAT,Open-Meteo_Marine_Real+TidalModel,https://marine-api.open-meteo.com/v1/marine?latitude=12.8698&longitude=74.8431&s
2024-07-12T17:00,12.8698,74.8431,Mangalore_Port,0.7229593473884133,1.72,1.66,0.255,0.9779593473884133,FALLING,Chart_Datum_LAT,Open-Meteo_Marine_Real+TidalModel,https://marine-api.open-meteo.com/v1/marine?latitude=12.8698&longitude=74.8431&s
2024-07-12T18:00,12.8698,74.8431,Mangalore_Port,0.34374727251769566,1.72,1.64,0.254,0.5977472725176957,LOW,Chart_Datum_LAT,Open-Meteo_Marine_Real+TidalModel,https://marine-api.open-meteo.com/v1/marine?latitude=12.8698&longitude=74.8431&s
2024-07-12T19:00,12.8698,74.8431,Mangalore_Port,0.15213264911230984,1.74,1.6,0.254,0.40613264911230984,LOW,Chart_Datum_LAT,Open-Meteo_Marine_Real+TidalModel,https://marine-api.open-meteo.com/v1/marine?latitude=12.8698&longitude=74.8431&s
2024-07-12T20:00,12.8698,74.8431,Mangalore_Port,0.20152231161892997,1.74,1.58,0.253,0.45452231161893,LOW,Chart_Datum_LAT,Open-Meteo_Marine_Real+TidalModel,https://marine-api.open-meteo.com/v1/marine?latitude=12.8698&longitude=74.8431&s
2024-07-12T21:00,12.8698,74.8431,Mangalore_Port,0.48575935509012713,1.76,1.58,0.255,0.7407593550901271,LOW,Chart_Datum_LAT,Open-Meteo_Marine_Real+TidalModel,https://marine-api.open-meteo.com/v1/marine?latitude=12.8698&longitude=74.8431&s
2024-07-12T22:00,12.8698,74.8431,Mangalore_Port,0.9399657994005355,1.78,1.58,0.257,1.1969657994005356,RISING,Chart_Datum_LAT,Open-Meteo_Marine_Real+TidalModel,https://marine-api.open-meteo.com/v1/marine?latitude=12.8698&longitude=74.8431&s
2024-07-12T23:00,12.8698,74.8431,Mangalore_Port,1.4563006006726114,1.8,1.58,0.259,1.7153006006726113,RISING,Chart_Datum_LAT,Open-Meteo_Marine_Real+TidalModel,https://marine-api.open-meteo.com/v1/marine?latitude=12.8698&longitude=74.8431&s
2024-07-13T00:00,12.8698,74.8431,Mangalore_Port,1.9107472532576408,1.82,1.6,0.262,2.172747253257641,HIGH,Chart_Datum_LAT,Open-Meteo_Marine_Real+TidalModel,https://marine-api.open-meteo.com/v1/marine?latitude=12.8698&longitude=74.8431&s
2024-07-13T01:00,12.8698,74.8431,Mangalore_Port,2.194201020869156,1.86,1.64,0.268,2.4622010208691556,HIGH,Chart_Datum_LAT,Open-Meteo_Marine_Real+TidalModel,https://marine-api.open-meteo.com/v1/marine?latitude=12.8698&longitude=74.8431&s
2024-07-13T02:00,12.8698,74.8431,Mangalore_Port,2.239977487221242,1.88,1.66,0.271,2.510977487221242,HIGH,Chart_Datum_LAT,Open-Meteo_Marine_Real+TidalModel,https://marine-api.open-meteo.com/v1/marine?latitude=12.8698&longitude=74.8431&s
2024-07-13T03:00,12.8698,74.8431,Mangalore_Port,2.0407186786975067,1.9,1.68,0.274,2.3147186786975067,HIGH,Chart_Datum_LAT,Open-Meteo_Marine_Real+TidalModel,https://marine-api.open-meteo.com/v1/marine?latitude=12.8698&longitude=74.8431&s
2024-07-13T04:00,12.8698,74.8431,Mangalore_Port,1.6503276383159189,1.92,1.72,0.278,1.928327638315919,FALLING,Chart_Datum_LAT,Open-Meteo_Marine_Real+TidalModel,https://marine-api.open-meteo.com/v1/marine?latitude=12.8698&longitude=74.8431&s
2024-07-13T05:00,12.8698,74.8431,Mangalore_Port,1.1703520818467819,1.94,1.74,0.281,1.4513520818467818,FALLING,Chart_Datum_LAT,Open-Meteo_Marine_Real+TidalModel,https://marine-api.open-meteo.com/v1/marine?latitude=12.8698&longitude=74.8431&s
2024-07-13T06:00,12.8698,74.8431,Mangalore_Port,0.724202182441842,1.96,1.76,0.28400000000000003,1.008202182441842,FALLING,Chart_Datum_LAT,Open-Meteo_Marine_Real+TidalModel,https://marine-api.open-meteo.com/v1/marine?latitude=12.8698&longitude=74.8431&s
2024-07-13T07:00,12.8698,74.8431,Mangalore_Port,0.42571423794295205,1.98,1.8,0.28800000000000003,0.7137142379429521,LOW,Chart_Datum_LAT,Open-Meteo_Marine_Real+TidalModel,https://marine-api.open-meteo.com/v1/marine?latitude=12.8698&longitude=74.8431&s
2024-07-13T08:00,12.8698,74.8431,Mangalore_Port,0.3500555073223437,2.0,1.82,0.29100000000000004,0.6410555073223437,LOW,Chart_Datum_LAT,Open-Meteo_Marine_Real+TidalModel,https://marine-api.open-meteo.com/v1/marine?latitude=12.8698&longitude=74.8431&s
2024-07-13T09:00,12.8698,74.8431,Mangalore_Port,0.5144150805137946,2.02,1.86,0.29500000000000004,0.8094150805137946,LOW,Chart_Datum_LAT,Open-Meteo_Marine_Real+TidalModel,https://marine-api.open-meteo.com/v1/marine?latitude=12.8698&longitude=74.8431&s
2024-07-13T10:00,12.8698,74.8431,Mangalore_Port,0.873468269565975,2.02,1.9,0.29700000000000004,1.170468269565975,RISING,Chart_Datum_LAT,Open-Meteo_Marine_Real+TidalModel,https://marine-api.open-meteo.com/v1/marine?latitude=12.8698&longitude=74.8431&s
2024-07-13T11:00,12.8698,74.8431,Mangalore_Port,1.3308536323570443,2.04,1.94,0.30100000000000005,1.6318536323570445,RISING,Chart_Datum_LAT,Open-Meteo_Marine_Real+TidalModel,https://marine-api.open-meteo.com/v1/marine?latitude=12.8698&longitude=74.8431&s
2024-07-13T12:00,12.8698,74.8431,Mangalore_Port,1.7638129441459387,2.06,1.96,0.30400000000000005,2.0678129441459387,RISING,Chart_Datum_LAT,Open-Meteo_Marine_Real+TidalModel,https://marine-api.open-meteo.com/v1/marine?latitude=12.8698&longitude=74.8431&s
2024-07-13T13:00,12.8698,74.8431,Mangalore_Port,2.054759261285585,2.06,2.0,0.30600000000000005,2.360759261285585,HIGH,Chart_Datum_LAT,Open-Meteo_Marine_Real+TidalModel,https://marine-api.open-meteo.com/v1/marine?latitude=12.8698&longitude=74.8431&s
2024-07-13T14:00,12.8698,74.8431,Mangalore_Port,2.121727403795852,2.08,2.02,0.30900000000000005,2.430727403795852,HIGH,Chart_Datum_LAT,Open-Meteo_Marine_Real+TidalModel,https://marine-api.open-meteo.com/v1/marine?latitude=12.8698&longitude=74.8431&s
2024-07-13T15:00,12.8698,74.8431,Mangalore_Port,1.9398979675135886,2.1,2.04,0.31200000000000006,2.251897967513589,HIGH,Chart_Datum_LAT,Open-Meteo_Marine_Real+TidalModel,https://marine-api.open-meteo.com/v1/marine?latitude=12.8698&longitude=74.8431&s
2024-07-13T16:00,12.8698,74.8431,Mangalore_Port,1.5486223520437945,2.14,2.08,0.31800000000000006,1.8666223520437946,FALLING,Chart_Datum_LAT,Open-Meteo_Marine_Real+TidalModel,https://marine-api.open-meteo.com/v1/marine?latitude=12.8698&longitude=74.8431&s
2024-07-13T17:00,12.8698,74.8431,Mangalore_Port,1.042052001996063,2.16,2.1,0.32100000000000006,1.363052001996063,FALLING,Chart_Datum_LAT,Open-Meteo_Marine_Real+TidalModel,https://marine-api.open-meteo.com/v1/marine?latitude=12.8698&longitude=74.8431&s
2024-07-13T18:00,12.8698,74.8431,Mangalore_Port,0.5456579579223154,2.2,2.14,0.32700000000000007,0.8726579579223155,LOW,Chart_Datum_LAT,Open-Meteo_Marine_Real+TidalModel,https://marine-api.open-meteo.com/v1/marine?latitude=12.8698&longitude=74.8431&s
2024-07-13T19:00,12.8698,74.8431,Mangalore_Port,0.18454939240582968,2.22,2.16,0.33000000000000007,0.5145493924058298,LOW,Chart_Datum_LAT,Open-Meteo_Marine_Real+TidalModel,https://marine-api.open-meteo.com/v1/marine?latitude=12.8698&longitude=74.8431&s
2024-07-13T20:00,12.8698,74.8431,Mangalore_Port,0.05163184938462795,2.26,2.2,0.33599999999999997,0.3876318493846279,LOW,Chart_Datum_LAT,Open-Meteo_Marine_Real+TidalModel,https://marine-api.open-meteo.com/v1/marine?latitude=12.8698&longitude=74.8431&s
2024-07-13T21:00,12.8698,74.8431,Mangalore_Port,0.18373355310895745,2.28,2.24,0.33999999999999997,0.5237335531089574,LOW,Chart_Datum_LAT,Open-Meteo_Marine_Real+TidalModel,https://marine-api.open-meteo.com/v1/marine?latitude=12.8698&longitude=74.8431&s
2024-07-13T22:00,12.8698,74.8431,Mangalore_Port,0.5518378883723223,2.32,2.26,0.345,0.8968378883723223,LOW,Chart_Datum_LAT,Open-Meteo_Marine_Real+TidalModel,https://marine-api.open-meteo.com/v1/marine?latitude=12.8698&longitude=74.8431&s
2024-07-13T23:00,12.8698,74.8431,Mangalore_Port,1.067990222492384,2.34,2.3,0.349,1.416990222492384,RISING,Chart_Datum_LAT,Open-Meteo_Marine_Real+TidalModel,https://marine-api.open-meteo.com/v1/marine?latitude=12.8698&longitude=74.8431&s
2024-07-14T00:00,12.8698,74.8431,Mangalore_Port,1.6072028559557743,2.36,2.32,0.352,1.9592028559557741,RISING,Chart_Datum_LAT,Open-Meteo_Marine_Real+TidalModel,https://marine-api.open-meteo.com/v1/marine?latitude=12.8698&longitude=74.8431&s
2024-07-14T01:00,12.8698,74.8431,Mangalore_Port,2.038845474139417,2.4,2.36,0.358,2.396845474139417,HIGH,Chart_Datum_LAT,Open-Meteo_Marine_Real+TidalModel,https://marine-api.open-meteo.com/v1/marine?latitude=12.8698&longitude=74.8431&s
2024-07-14T02:00,12.8698,74.8431,Mangalore_Port,2.2595632981336076,2.42,2.38,0.361,2.6205632981336073,HIGH,Chart_Datum_LAT,Open-Meteo_Marine_Real+TidalModel,https://marine-api.open-meteo.com/v1/marine?latitude=12.8698&longitude=74.8431&s
2024-07-14T03:00,12.8698,74.8431,Mangalore_Port,2.219342990827993,2.46,2.42,0.367,2.586342990827993,HIGH,Chart_Datum_LAT,Open-Meteo_Marine_Real+TidalModel,https://marine-api.open-meteo.com/v1/marine?latitude=12.8698&longitude=74.8431&s
2024-07-14T04:00,12.8698,74.8431,Mangalore_Port,1.9340641045899358,2.48,2.44,0.37,2.3040641045899357,HIGH,Chart_Datum_LAT,Open-Meteo_Marine_Real+TidalModel,https://marine-api.open-meteo.com/v1/marine?latitude=12.8698&longitude=74.8431&s
2024-07-14T05:00,12.8698,74.8431,Mangalore_Port,1.4813010742004602,2.52,2.48,0.376,1.85730107420046,FALLING,Chart_Datum_LAT,Open-Meteo_Marine_Real+TidalModel,https://marine-api.open-meteo.com/v1/marine?latitude=12.8698&longitude=74.8431&s
2024-07-14T06:00,12.8698,74.8431,Mangalore_Port,0.9804076760063702,2.46,2.42,0.367,1.3474076760063702,FALLING,Chart_Datum_LAT,Open-Meteo_Marine_Real+TidalModel,https://marine-api.open-meteo.com/v1/marine?latitude=12.8698&longitude=74.8431&s
2024-07-14T07:00,12.8698,74.8431,Mangalore_Port,0.5619342059615778,2.38,2.34,0.355,0.9169342059615778,LOW,Chart_Datum_LAT,Open-Meteo_Marine_Real+TidalModel,https://marine-api.open-meteo.com/v1/marine?latitude=12.8698&longitude=74.8431&s
2024-07-14T08:00,12.8698,74.8431,Mangalore_Port,0.33416843138458385,2.32,2.28,0.346,0.6801684313845838,LOW,Chart_Datum_LAT,Open-Meteo_Marine_Real+TidalModel,https://marine-api.open-meteo.com/v1/marine?latitude=12.8698&longitude=74.8431&s
2024-07-14T09:00,12.8698,74.8431,Mangalore_Port,0.35534881724112566,2.34,2.3,0.349,0.7043488172411256,LOW,Chart_Datum_LAT,Open-Meteo_Marine_Real+TidalModel,https://marine-api.open-meteo.com/v1/marine?latitude=12.8698&longitude=74.8431&s
2024-07-14T10:00,12.8698,74.8431,Mangalore_Port,0.6186719278926744,2.36,2.32,0.352,0.9706719278926744,LOW,Chart_Datum_LAT,Open-Meteo_Marine_Real+TidalModel,https://marine-api.open-meteo.com/v1/marine?latitude=12.8698&longitude=74.8431&s
2024-07-14T11:00,12.8698,74.8431,Mangalore_Port,1.0539629751829076,2.38,2.34,0.355,1.4089629751829076,RISING,Chart_Datum_LAT,Open-Meteo_Marine_Real+TidalModel,https://marine-api.open-meteo.com/v1/marine?latitude=12.8698&longitude=74.8431&s
2024-07-14T12:00,12.8698,74.8431,Mangalore_Port,1.5456257117158785,2.4,2.36,0.358,1.9036257117158786,RISING,Chart_Datum_LAT,Open-Meteo_Marine_Real+TidalModel,https://marine-api.open-meteo.com/v1/marine?latitude=12.8698&longitude=74.8431&s
2024-07-14T13:00,12.8698,74.8431,Mangalore_Port,1.9623204366730362,2.44,2.36,0.362,2.324320436673036,HIGH,Chart_Datum_LAT,Open-Meteo_Marine_Real+TidalModel,https://marine-api.open-meteo.com/v1/marine?latitude=12.8698&longitude=74.8431&s
2024-07-14T14:00,12.8698,74.8431,Mangalore_Port,2.1908035787671807,2.46,2.38,0.365,2.555803578767181,HIGH,Chart_Datum_LAT,Open-Meteo_Marine_Real+TidalModel,https://marine-api.open-meteo.com/v1/marine?latitude=12.8698&longitude=74.8431&s
2024-07-14T15:00,12.8698,74.8431,Mangalore_Port,2.1652742555250235,2.48,2.38,0.367,2.5322742555250235,HIGH,Chart_Datum_LAT,Open-Meteo_Marine_Real+TidalModel,https://marine-api.open-meteo.com/v1/marine?latitude=12.8698&longitude=74.8431&s
2024-07-14T16:00,12.8698,74.8431,Mangalore_Port,1.8846964028588933,2.52,2.38,0.371,2.2556964028588933,HIGH,Chart_Datum_LAT,Open-Meteo_Marine_Real+TidalModel,https://marine-api.open-meteo.com/v1/marine?latitude=12.8698&longitude=74.8431&s
2024-07-14T17:00,12.8698,74.8431,Mangalore_Port,1.4136182863179434,2.54,2.38,0.373,1.7866182863179434,FALLING,Chart_Datum_LAT,Open-Meteo_Marine_Real+TidalModel,https://marine-api.open-meteo.com/v1/marine?latitude=12.8698&longitude=74.8431&s
2024-07-14T18:00,12.8698,74.8431,Mangalore_Port,0.8662183937147674,2.58,2.42,0.379,1.2452183937147674,FALLING,Chart_Datum_LAT,Open-Meteo_Marine_Real+TidalModel,https://marine-api.open-meteo.com/v1/marine?latitude=12.8698&longitude=74.8431&s
2024-07-14T19:00,12.8698,74.8431,Mangalore_Port,0.37759442133740506,2.6,2.48,0.384,0.7615944213374051,LOW,Chart_Datum_LAT,Open-Meteo_Marine_Real+TidalModel,https://marine-api.open-meteo.com/v1/marine?latitude=12.8698&longitude=74.8431&s
2024-07-14T20:00,12.8698,74.8431,Mangalore_Port,0.06958359090607336,2.64,2.52,0.39,0.45958359090607337,LOW,Chart_Datum_LAT,Open-Meteo_Marine_Real+TidalModel,https://marine-api.open-meteo.com/v1/marine?latitude=12.8698&longitude=74.8431&s
2024-07-14T21:00,12.8698,74.8431,Mangalore_Port,0.019818664403441266,2.64,2.54,0.391,0.4108186644034413,LOW,Chart_Datum_LAT,Open-Meteo_Marine_Real+TidalModel,https://marine-api.open-meteo.com/v1/marine?latitude=12.8698&longitude=74.8431&s
2024-07-14T22:00,12.8698,74.8431,Mangalore_Port,0.2419185144388779,2.64,2.56,0.392,0.6339185144388779,LOW,Chart_Datum_LAT,Open-Meteo_Marine_Real+TidalModel,https://marine-api.open-meteo.com/v1/marine?latitude=12.8698&longitude=74.8431&s
2024-07-14T23:00,12.8698,74.8431,Mangalore_Port,0.6818864519144564,2.64,2.58,0.393,1.0748864519144563,LOW,Chart_Datum_LAT,Open-Meteo_Marine_Real+TidalModel,https://marine-api.open-meteo.com/v1/marine?latitude=12.8698&longitude=74.8431&s
2024-07-15T00:00,12.8698,74.8431,Mangalore_Port,1.2316624814823693,2.66,2.58,0.395,1.6266624814823694,RISING,Chart_Datum_LAT,Open-Meteo_Marine_Real+TidalModel,https://marine-api.open-meteo.com/v1/marine?latitude=12.8698&longitude=74.8431&s
2024-07-15T01:00,12.8698,74.8431,Mangalore_Port,1.7564002440911475,2.7,2.6,0.4,2.1564002440911474,RISING,Chart_Datum_LAT,Open-Meteo_Marine_Real+TidalModel,https://marine-api.open-meteo.com/v1/marine?latitude=12.8698&longitude=74.8431&s
2024-07-15T02:00,12.8698,74.8431,Mangalore_Port,2.1285338501124973,2.72,2.6,0.402,2.5305338501124974,HIGH,Chart_Datum_LAT,Open-Meteo_Marine_Real+TidalModel,https://marine-api.open-meteo.com/v1/marine?latitude=12.8698&longitude=74.8431&s
2024-07-15T03:00,12.8698,74.8431,Mangalore_Port,2.259961446118556,2.76,2.6,0.40599999999999997,2.665961446118556,HIGH,Chart_Datum_LAT,Open-Meteo_Marine_Real+TidalModel,https://marine-api.open-meteo.com/v1/marine?latitude=12.8698&longitude=74.8431&s
2024-07-15T04:00,12.8698,74.8431,Mangalore_Port,2.1241476455503903,2.78,2.62,0.409,2.53314764555039,HIGH,Chart_Datum_LAT,Open-Meteo_Marine_Real+TidalModel,https://marine-api.open-meteo.com/v1/marine?latitude=12.8698&longitude=74.8431&s
2024-07-15T05:00,12.8698,74.8431,Mangalore_Port,1.7625166152904959,2.82,2.62,0.413,2.175516615290496,FALLING,Chart_Datum_LAT,Open-Meteo_Marine_Real+TidalModel,https://marine-api.open-meteo.com/v1/marine?latitude=12.8698&longitude=74.8431&s
2024-07-15T06:00,12.8698,74.8431,Mangalore_Port,1.2735165402306439,2.86,2.64,0.418,1.6915165402306438,FALLING,Chart_Datum_LAT,Open-Meteo_Marine_Real+TidalModel,https://marine-api.open-meteo.com/v1/marine?latitude=12.8698&longitude=74.8431&s
2024-07-15T07:00,12.8698,74.8431,Mangalore_Port,0.7871605787292261,2.88,2.68,0.422,1.209160578729226,FALLING,Chart_Datum_LAT,Open-Meteo_Marine_Real+TidalModel,https://marine-api.open-meteo.com/v1/marine?latitude=12.8698&longitude=74.8431&s
2024-07-15T08:00,12.8698,74.8431,Mangalore_Port,0.43155846057784586,2.92,2.7,0.427,0.8585584605778458,LOW,Chart_Datum_LAT,Open-Meteo_Marine_Real+TidalModel,https://marine-api.open-meteo.com/v1/marine?latitude=12.8698&longitude=74.8431&s
2024-07-15T09:00,12.8698,74.8431,Mangalore_Port,0.29999805181491945,2.94,2.74,0.431,0.7309980518149195,LOW,Chart_Datum_LAT,Open-Meteo_Marine_Real+TidalModel,https://marine-api.open-meteo.com/v1/marine?latitude=12.8698&longitude=74.8431&s
2024-07-15T10:00,12.8698,74.8431,Mangalore_Port,0.4269941264281558,2.98,2.76,0.43599999999999994,0.8629941264281558,LOW,Chart_Datum_LAT,Open-Meteo_Marine_Real+TidalModel,https://marine-api.open-meteo.com/v1/marine?latitude=12.8698&longitude=74.8431&s
2024-07-15T11:00,12.8698,74.8431,Mangalore_Port,0.7794280918909343,3.0,2.8,0.44000000000000006,1.2194280918909344,RISING,Chart_Datum_LAT,Open-Meteo_Marine_Real+TidalModel,https://marine-api.open-meteo.com/v1/marine?latitude=12.8698&longitude=74.8431&s
2024-07-15T12:00,12.8698,74.8431,Mangalore_Port,1.2650436055452172,3.06,2.78,0.44500000000000006,1.7100436055452173,RISING,Chart_Datum_LAT,Open-Meteo_Marine_Real+TidalModel,https://marine-api.open-meteo.com/v1/marine?latitude=12.8698&longitude=74.8431&s
2024-07-15T13:00,12.8698,74.8431,Mangalore_Port,1.7561253748628782,3.14,2.78,0.45300000000000007,2.2091253748628783,RISING,Chart_Datum_LAT,Open-Meteo_Marine_Real+TidalModel,https://marine-api.open-meteo.com/v1/marine?latitude=12.8698&longitude=74.8431&s
2024-07-15T14:00,12.8698,74.8431,Mangalore_Port,2.1223064679253527,3.2,2.76,0.4580000000000001,2.580306467925353,HIGH,Chart_Datum_LAT,Open-Meteo_Marine_Real+TidalModel,https://marine-api.open-meteo.com/v1/marine?latitude=12.8698&longitude=74.8431&s
2024-07-15T15:00,12.8698,74.8431,Mangalore_Port,2.264115458026013,3.44,2.86,0.487,2.751115458026013,HIGH,Chart_Datum_LAT,Open-Meteo_Marine_Real+TidalModel,https://marine-api.open-meteo.com/v1/marine?latitude=12.8698&longitude=74.8431&s
2024-07-15T16:00,12.8698,74.8431,Mangalore_Port,2.138684934201719,3.68,2.96,0.516,2.654684934201719,HIGH,Chart_Datum_LAT,Open-Meteo_Marine_Real+TidalModel,https://marine-api.open-meteo.com/v1/marine?latitude=12.8698&longitude=74.8431&s
2024-07-15T17:00,12.8698,74.8431,Mangalore_Port,1.7710451359315993,3.92,3.06,0.545,2.316045135931599,FALLING,Chart_Datum_LAT,Open-Meteo_Marine_Real+TidalModel,https://marine-api.open-meteo.com/v1/marine?latitude=12.8698&longitude=74.8431&s
2024-07-15T18:00,12.8698,74.8431,Mangalore_Port,1.2481080933572644,3.94,3.14,0.551,1.7991080933572645,FALLING,Chart_Datum_LAT,Open-Meteo_Marine_Real+TidalModel,https://marine-api.open-meteo.com/v1/marine?latitude=12.8698&longitude=74.8431&s
2024-07-15T19:00,12.8698,74.8431,Mangalore_Port,0.696867040137655,3.96,3.2,0.556,1.2528670401376552,LOW,Chart_Datum_LAT,Open-Meteo_Marine_Real+TidalModel,https://marine-api.open-meteo.com/v1/marine?latitude=12.8698&longitude=74.8431&s
2024-07-15T20:00,12.8698,74.8431,Mangalore_Port,0.2523634680669573,3.98,3.28,0.562,0.8143634680669574,LOW,Chart_Datum_LAT,Open-Meteo_Marine_Real+TidalModel,https://marine-api.open-meteo.com/v1/marine?latitude=12.8698&longitude=74.8431&s
2024-07-15T21:00,12.8698,74.8431,Mangalore_Port,0.02358153819955544,3.98,3.36,0.5660000000000001,0.5895815381995555,LOW,Chart_Datum_LAT,Open-Meteo_Marine_Real+TidalModel,https://marine-api.open-meteo.com/v1/marine?latitude=12.8698&longitude=74.8431&s
2024-07-15T22:00,12.8698,74.8431,Mangalore_Port,0.06595211752487207,3.96,3.42,0.5670000000000001,0.6329521175248721,LOW,Chart_Datum_LAT,Open-Meteo_Marine_Real+TidalModel,https://marine-api.open-meteo.com/v1/marine?latitude=12.8698&longitude=74.8431&s
2024-07-15T23:00,12.8698,74.8431,Mangalore_Port,0.3674553693860867,3.96,3.5,0.5710000000000001,0.9384553693860868,LOW,Chart_Datum_LAT,Open-Meteo_Marine_Real+TidalModel,https://marine-api.open-meteo.com/v1/marine?latitude=12.8698&longitude=74.8431&s
2024-07-16T00:00,12.8698,74.8431,Mangalore_Port,0.85183677217464,3.94,3.5,0.5690000000000001,1.4208367721746402,RISING,Chart_Datum_LAT,Open-Meteo_Marine_Real+TidalModel,https://marine-api.open-meteo.com/v1/marine?latitude=12.8698&longitude=74.8431&s
2024-07-16T01:00,12.8698,74.8431,Mangalore_Port,1.398086128253503,3.9,3.48,0.5640000000000001,1.9620861282535031,RISING,Chart_Datum_LAT,Open-Meteo_Marine_Real+TidalModel,https://marine-api.open-meteo.com/v1/marine?latitude=12.8698&longitude=74.8431&s
2024-07-16T02:00,12.8698,74.8431,Mangalore_Port,1.871188261786087,3.88,3.48,0.562,2.4331882617860874,HIGH,Chart_Datum_LAT,Open-Meteo_Marine_Real+TidalModel,https://marine-api.open-meteo.com/v1/marine?latitude=12.8698&longitude=74.8431&s
2024-07-16T03:00,12.8698,74.8431,Mangalore_Port,2.1562941504982347,3.9,3.52,0.5660000000000001,2.722294150498235,HIGH,Chart_Datum_LAT,Open-Meteo_Marine_Real+TidalModel,https://marine-api.open-meteo.com/v1/marine?latitude=12.8698&longitude=74.8431&s
2024-07-16T04:00,12.8698,74.8431,Mangalore_Port,2.1876095522147665,3.9,3.56,0.5680000000000001,2.7556095522147666,HIGH,Chart_Datum_LAT,Open-Meteo_Marine_Real+TidalModel,https://marine-api.open-meteo.com/v1/marine?latitude=12.8698&longitude=74.8431&s
2024-07-16T05:00,12.8698,74.8431,Mangalore_Port,1.9646678266239457,3.92,3.6,0.5720000000000001,2.5366678266239457,HIGH,Chart_Datum_LAT,Open-Meteo_Marine_Real+TidalModel,https://marine-api.open-meteo.com/v1/marine?latitude=12.8698&longitude=74.8431&s
2024-07-16T06:00,12.8698,74.8431,Mangalore_Port,1.5518900095877,3.96,3.68,0.5800000000000001,2.1318900095877,FALLING,Chart_Datum_LAT,Open-Meteo_Marine_Real+TidalModel,https://marine-api.open-meteo.com/v1/marine?latitude=12.8698&longitude=74.8431&s
2024-07-16T07:00,12.8698,74.8431,Mangalore_Port,1.0616078635477417,3.98,3.78,0.587,1.6486078635477417,FALLING,Chart_Datum_LAT,Open-Meteo_Marine_Real+TidalModel,https://marine-api.open-meteo.com/v1/marine?latitude=12.8698&longitude=74.8431&s
2024-07-16T08:00,12.8698,74.8431,Mangalore_Port,0.6249416487846132,4.02,3.86,0.595,1.219941648784613,LOW,Chart_Datum_LAT,Open-Meteo_Marine_Real+TidalModel,https://marine-api.open-meteo.com/v1/marine?latitude=12.8698&longitude=74.8431&s
2024-07-16T09:00,12.8698,74.8431,Mangalore_Port,0.3580080644171695,3.96,3.82,0.587,0.9450080644171694,LOW,Chart_Datum_LAT,Open-Meteo_Marine_Real+TidalModel,https://marine-api.open-meteo.com/v1/marine?latitude=12.8698&longitude=74.8431&s
2024-07-16T10:00,12.8698,74.8431,Mangalore_Port,0.3321014934215727,3.92,3.8,0.5820000000000001,0.9141014934215728,LOW,Chart_Datum_LAT,Open-Meteo_Marine_Real+TidalModel,https://marine-api.open-meteo.com/v1/marine?latitude=12.8698&longitude=74.8431&s
2024-07-16T11:00,12.8698,74.8431,Mangalore_Port,0.5554509578418302,3.86,3.76,0.5740000000000001,1.1294509578418301,LOW,Chart_Datum_LAT,Open-Meteo_Marine_Real+TidalModel,https://marine-api.open-meteo.com/v1/marine?latitude=12.8698&longitude=74.8431&s
2024-07-16T12:00,12.8698,74.8431,Mangalore_Port,0.9711782027336897,3.8,3.7,0.5650000000000001,1.5361782027336899,RISING,Chart_Datum_LAT,Open-Meteo_Marine_Real+TidalModel,https://marine-api.open-meteo.com/v1/marine?latitude=12.8698&longitude=74.8431&s
2024-07-16T13:00,12.8698,74.8431,Mangalore_Port,1.4719345822769427,3.76,3.64,0.558,2.029934582276943,RISING,Chart_Datum_LAT,Open-Meteo_Marine_Real+TidalModel,https://marine-api.open-meteo.com/v1/marine?latitude=12.8698&longitude=74.8431&s
2024-07-16T14:00,12.8698,74.8431,Mangalore_Port,1.9274377699904894,3.7,3.58,0.549,2.4764377699904894,HIGH,Chart_Datum_LAT,Open-Meteo_Marine_Real+TidalModel,https://marine-api.open-meteo.com/v1/marine?latitude=12.8698&longitude=74.8431&s
2024-07-16T15:00,12.8698,74.8431,Mangalore_Port,2.2178499089058175,3.66,3.52,0.542,2.7598499089058173,HIGH,Chart_Datum_LAT,Open-Meteo_Marine_Real+TidalModel,https://marine-api.open-meteo.com/v1/marine?latitude=12.8698&longitude=74.8431&s
2024-07-16T16:00,12.8698,74.8431,Mangalore_Port,2.2644697783642873,3.62,3.46,0.535,2.7994697783642875,HIGH,Chart_Datum_LAT,Open-Meteo_Marine_Real+TidalModel,https://marine-api.open-meteo.com/v1/marine?latitude=12.8698&longitude=74.8431&s
2024-07-16T17:00,12.8698,74.8431,Mangalore_Port,2.049921232721318,3.58,3.4,0.528,2.577921232721318,HIGH,Chart_Datum_LAT,Open-Meteo_Marine_Real+TidalModel,https://marine-api.open-meteo.com/v1/marine?latitude=12.8698&longitude=74.8431&s
2024-07-16T18:00,12.8698,74.8431,Mangalore_Port,1.6227198468557518,3.54,3.38,0.523,2.145719846855752,FALLING,Chart_Datum_LAT,Open-Meteo_Marine_Real+TidalModel,https://marine-api.open-meteo.com/v1/marine?latitude=12.8698&longitude=74.8431&s
2024-07-16T19:00,12.8698,74.8431,Mangalore_Port,1.0850938680485038,3.5,3.38,0.519,1.604093868048504,FALLING,Chart_Datum_LAT,Open-Meteo_Marine_Real+TidalModel,https://marine-api.open-meteo.com/v1/marine?latitude=12.8698&longitude=74.8431&s
2024-07-16T20:00,12.8698,74.8431,Mangalore_Port,0.5672013444997943,3.46,3.36,0.514,1.0812013444997943,LOW,Chart_Datum_LAT,Open-Meteo_Marine_Real+TidalModel,https://marine-api.open-meteo.com/v1/marine?latitude=12.8698&longitude=74.8431&s
2024-07-16T21:00,12.8698,74.8431,Mangalore_Port,0.19433469125187663,3.44,3.34,0.511,0.7053346912518766,LOW,Chart_Datum_LAT,Open-Meteo_Marine_Real+TidalModel,https://marine-api.open-meteo.com/v1/marine?latitude=12.8698&longitude=74.8431&s
2024-07-16T22:00,12.8698,74.8431,Mangalore_Port,0.055461635252954444,3.4,3.32,0.506,0.5614616352529544,LOW,Chart_Datum_LAT,Open-Meteo_Marine_Real+TidalModel,https://marine-api.open-meteo.com/v1/marine?latitude=12.8698&longitude=74.8431&s
2024-07-16T23:00,12.8698,74.8431,Mangalore_Port,0.18107707204560364,3.38,3.3,0.503,0.6840770720456036,LOW,Chart_Datum_LAT,Open-Meteo_Marine_Real+TidalModel,https://marine-api.open-meteo.com/v1/marine?latitude=12.8698&longitude=74.8431&s
2024-07-17T00:00,12.8698,74.8431,Mangalore_Port,0.5359387603797688,3.36,3.26,0.499,1.0349387603797688,LOW,Chart_Datum_LAT,Open-Meteo_Marine_Real+TidalModel,https://marine-api.open-meteo.com/v1/marine?latitude=12.8698&longitude=74.8431&s
2024-07-17T01:00,12.8698,74.8431,Mangalore_Port,1.0284518658226667,3.34,3.22,0.49500000000000005,1.5234518658226668,RISING,Chart_Datum_LAT,Open-Meteo_Marine_Real+TidalModel,https://marine-api.open-meteo.com/v1/marine?latitude=12.8698&longitude=74.8431&s
2024-07-17T02:00,12.8698,74.8431,Mangalore_Port,1.5342292794928394,3.32,3.18,0.49100000000000005,2.0252292794928395,RISING,Chart_Datum_LAT,Open-Meteo_Marine_Real+TidalModel,https://marine-api.open-meteo.com/v1/marine?latitude=12.8698&longitude=74.8431&s
2024-07-17T03:00,12.8698,74.8431,Mangalore_Port,1.9277672321249186,3.3,3.14,0.48700000000000004,2.4147672321249187,HIGH,Chart_Datum_LAT,Open-Meteo_Marine_Real+TidalModel,https://marine-api.open-meteo.com/v1/marine?latitude=12.8698&longitude=74.8431&s
2024-07-17T04:00,12.8698,74.8431,Mangalore_Port,2.114148590699581,3.3,3.12,0.48600000000000004,2.600148590699581,HIGH,Chart_Datum_LAT,Open-Meteo_Marine_Real+TidalModel,https://marine-api.open-meteo.com/v1/marine?latitude=12.8698&longitude=74.8431&s
2024-07-17T05:00,12.8698,74.8431,Mangalore_Port,2.052726846753502,3.28,3.08,0.48200000000000004,2.534726846753502,HIGH,Chart_Datum_LAT,Open-Meteo_Marine_Real+TidalModel,https://marine-api.open-meteo.com/v1/marine?latitude=12.8698&longitude=74.8431&s
2024-07-17T06:00,12.8698,74.8431,Mangalore_Port,1.766830440451355,3.44,3.26,0.507,2.273830440451355,FALLING,Chart_Datum_LAT,Open-Meteo_Marine_Real+TidalModel,https://marine-api.open-meteo.com/v1/marine?latitude=12.8698&longitude=74.8431&s
2024-07-17T07:00,12.8698,74.8431,Mangalore_Port,1.3371172233283026,3.58,3.44,0.53,1.8671172233283027,FALLING,Chart_Datum_LAT,Open-Meteo_Marine_Real+TidalModel,https://marine-api.open-meteo.com/v1/marine?latitude=12.8698&longitude=74.8431&s
2024-07-17T08:00,12.8698,74.8431,Mangalore_Port,0.8803804415113289,3.74,3.62,0.555,1.435380441511329,FALLING,Chart_Datum_LAT,Open-Meteo_Marine_Real+TidalModel,https://marine-api.open-meteo.com/v1/marine?latitude=12.8698&longitude=74.8431&s
2024-07-17T09:00,12.8698,74.8431,Mangalore_Port,0.5192959375883008,3.62,3.52,0.538,1.0572959375883009,LOW,Chart_Datum_LAT,Open-Meteo_Marine_Real+TidalModel,https://marine-api.open-meteo.com/v1/marine?latitude=12.8698&longitude=74.8431&s
2024-07-17T10:00,12.8698,74.8431,Mangalore_Port,0.3508700051162561,3.5,3.42,0.521,0.8718700051162561,LOW,Chart_Datum_LAT,Open-Meteo_Marine_Real+TidalModel,https://marine-api.open-meteo.com/v1/marine?latitude=12.8698&longitude=74.8431&s
2024-07-17T11:00,12.8698,74.8431,Mangalore_Port,0.4216298594287815,3.38,3.32,0.504,0.9256298594287815,LOW,Chart_Datum_LAT,Open-Meteo_Marine_Real+TidalModel,https://marine-api.open-meteo.com/v1/marine?latitude=12.8698&longitude=74.8431&s
2024-07-17T12:00,12.8698,74.8431,Mangalore_Port,0.7158345293497648,3.36,3.3,0.501,1.2168345293497649,RISING,Chart_Datum_LAT,Open-Meteo_Marine_Real+TidalModel,https://marine-api.open-meteo.com/v1/marine?latitude=12.8698&longitude=74.8431&s
2024-07-17T13:00,12.8698,74.8431,Mangalore_Port,1.15963467486199,3.34,3.28,0.498,1.65763467486199,RISING,Chart_Datum_LAT,Open-Meteo_Marine_Real+TidalModel,https://marine-api.open-meteo.com/v1/marine?latitude=12.8698&longitude=74.8431&s
2024-07-17T14:00,12.8698,74.8431,Mangalore_Port,1.6400371278843209,3.32,3.26,0.495,2.135037127884321,RISING,Chart_Datum_LAT,Open-Meteo_Marine_Real+TidalModel,https://marine-api.open-meteo.com/v1/marine?latitude=12.8698&longitude=74.8431&s
2024-07-17T15:00,12.8698,74.8431,Mangalore_Port,2.0337738434893415,3.3,3.22,0.49100000000000005,2.5247738434893416,HIGH,Chart_Datum_LAT,Open-Meteo_Marine_Real+TidalModel,https://marine-api.open-meteo.com/v1/marine?latitude=12.8698&longitude=74.8431&s
2024-07-17T16:00,12.8698,74.8431,Mangalore_Port,2.2386879505812676,3.28,3.2,0.48800000000000004,2.7266879505812676,HIGH,Chart_Datum_LAT,Open-Meteo_Marine_Real+TidalModel,https://marine-api.open-meteo.com/v1/marine?latitude=12.8698&longitude=74.8431&s
2024-07-17T17:00,12.8698,74.8431,Mangalore_Port,2.1996550768321432,3.26,3.16,0.48400000000000004,2.683655076832143,HIGH,Chart_Datum_LAT,Open-Meteo_Marine_Real+TidalModel,https://marine-api.open-meteo.com/v1/marine?latitude=12.8698&longitude=74.8431&s
2024-07-17T18:00,12.8698,74.8431,Mangalore_Port,1.9224941397164157,3.24,3.14,0.4810000000000001,2.4034941397164156,HIGH,Chart_Datum_LAT,Open-Meteo_Marine_Real+TidalModel,https://marine-api.open-meteo.com/v1/marine?latitude=12.8698&longitude=74.8431&s
2024-07-17T19:00,12.8698,74.8431,Mangalore_Port,1.4724094722497967,3.24,3.14,0.4810000000000001,1.9534094722497968,FALLING,Chart_Datum_LAT,Open-Meteo_Marine_Real+TidalModel,https://marine-api.open-meteo.com/v1/marine?latitude=12.8698&longitude=74.8431&s
2024-07-17T20:00,12.8698,74.8431,Mangalore_Port,0.9574498054393104,3.22,3.12,0.4780000000000001,1.4354498054393106,FALLING,Chart_Datum_LAT,Open-Meteo_Marine_Real+TidalModel,https://marine-api.open-meteo.com/v1/marine?latitude=12.8698&longitude=74.8431&s
2024-07-17T21:00,12.8698,74.8431,Mangalore_Port,0.5012620983419306,3.2,3.12,0.4760000000000001,0.9772620983419307,LOW,Chart_Datum_LAT,Open-Meteo_Marine_Real+TidalModel,https://marine-api.open-meteo.com/v1/marine?latitude=12.8698&longitude=74.8431&s
2024-07-17T22:00,12.8698,74.8431,Mangalore_Port,0.21209836036993812,3.2,3.1,0.4750000000000001,0.6870983603699382,LOW,Chart_Datum_LAT,Open-Meteo_Marine_Real+TidalModel,https://marine-api.open-meteo.com/v1/marine?latitude=12.8698&longitude=74.8431&s
2024-07-17T23:00,12.8698,74.8431,Mangalore_Port,0.15593012666456385,3.18,3.1,0.4730000000000001,0.6289301266645639,LOW,Chart_Datum_LAT,Open-Meteo_Marine_Real+TidalModel,https://marine-api.open-meteo.com/v1/marine?latitude=12.8698&longitude=74.8431&s
2024-07-18T00:00,12.8698,74.8431,Mangalore_Port,0.34042478264297116,3.2,3.1,0.4750000000000001,0.8154247826429712,LOW,Chart_Datum_LAT,Open-Meteo_Marine_Real+TidalModel,https://marine-api.open-meteo.com/v1/marine?latitude=12.8698&longitude=74.8431&s
2024-07-18T01:00,12.8698,74.8431,Mangalore_Port,0.7137355589037102,3.2,3.08,0.4740000000000001,1.1877355589037104,RISING,Chart_Datum_LAT,Open-Meteo_Marine_Real+TidalModel,https://marine-api.open-meteo.com/v1/marine?latitude=12.8698&longitude=74.8431&s
2024-07-18T02:00,12.8698,74.8431,Mangalore_Port,1.1782770881724105,3.22,3.08,0.4760000000000001,1.6542770881724107,RISING,Chart_Datum_LAT,Open-Meteo_Marine_Real+TidalModel,https://marine-api.open-meteo.com/v1/marine?latitude=12.8698&longitude=74.8431&s
2024-07-18T03:00,12.8698,74.8431,Mangalore_Port,1.6158670990387742,3.22,3.08,0.4760000000000001,2.091867099038774,RISING,Chart_Datum_LAT,Open-Meteo_Marine_Real+TidalModel,https://marine-api.open-meteo.com/v1/marine?latitude=12.8698&longitude=74.8431&s
2024-07-18T04:00,12.8698,74.8431,Mangalore_Port,1.9177728553291593,3.24,3.06,0.4770000000000001,2.394772855329159,HIGH,Chart_Datum_LAT,Open-Meteo_Marine_Real+TidalModel,https://marine-api.open-meteo.com/v1/marine?latitude=12.8698&longitude=74.8431&s
2024-07-18T05:00,12.8698,74.8431,Mangalore_Port,2.0120199715280744,3.24,3.06,0.4770000000000001,2.4890199715280747,HIGH,Chart_Datum_LAT,Open-Meteo_Marine_Real+TidalModel,https://marine-api.open-meteo.com/v1/marine?latitude=12.8698&longitude=74.8431&s
2024-07-18T06:00,12.8698,74.8431,Mangalore_Port,1.8810855210403958,3.26,3.08,0.48000000000000004,2.361085521040396,HIGH,Chart_Datum_LAT,Open-Meteo_Marine_Real+TidalModel,https://marine-api.open-meteo.com/v1/marine?latitude=12.8698&longitude=74.8431&s
2024-07-18T07:00,12.8698,74.8431,Mangalore_Port,1.5655956378965183,3.26,3.1,0.48100000000000004,2.046595637896518,FALLING,Chart_Datum_LAT,Open-Meteo_Marine_Real+TidalModel,https://marine-api.open-meteo.com/v1/marine?latitude=12.8698&longitude=74.8431&s
2024-07-18T08:00,12.8698,74.8431,Mangalore_Port,1.1532314411104372,3.28,3.12,0.48400000000000004,1.6372314411104372,FALLING,Chart_Datum_LAT,Open-Meteo_Marine_Real+TidalModel,https://marine-api.open-meteo.com/v1/marine?latitude=12.8698&longitude=74.8431&s
2024-07-18T09:00,12.8698,74.8431,Mangalore_Port,0.7557985831510733,3.3,3.14,0.48700000000000004,1.2427985831510733,FALLING,Chart_Datum_LAT,Open-Meteo_Marine_Real+TidalModel,https://marine-api.open-meteo.com/v1/marine?latitude=12.8698&longitude=74.8431&s
2024-07-18T10:00,12.8698,74.8431,Mangalore_Port,0.4803837689131275,3.3,3.14,0.48700000000000004,0.9673837689131275,LOW,Chart_Datum_LAT,Open-Meteo_Marine_Real+TidalModel,https://marine-api.open-meteo.com/v1/marine?latitude=12.8698&longitude=74.8431&s
2024-07-18T11:00,12.8698,74.8431,Mangalore_Port,0.40196250029454217,3.32,3.16,0.49000000000000005,0.8919625002945422,LOW,Chart_Datum_LAT,Open-Meteo_Marine_Real+TidalModel,https://marine-api.open-meteo.com/v1/marine?latitude=12.8698&longitude=74.8431&s
2024-07-18T12:00,12.8698,74.8431,Mangalore_Port,0.5443862476125851,3.36,3.2,0.49600000000000005,1.0403862476125851,LOW,Chart_Datum_LAT,Open-Meteo_Marine_Real+TidalModel,https://marine-api.open-meteo.com/v1/marine?latitude=12.8698&longitude=74.8431&s
2024-07-18T13:00,12.8698,74.8431,Mangalore_Port,0.87449292094562,3.4,3.26,0.503,1.37749292094562,RISING,Chart_Datum_LAT,Open-Meteo_Marine_Real+TidalModel,https://marine-api.open-meteo.com/v1/marine?latitude=12.8698&longitude=74.8431&s
2024-07-18T14:00,12.8698,74.8431,Mangalore_Port,1.3107216636367047,3.44,3.3,0.509,1.8197216636367046,RISING,Chart_Datum_LAT,Open-Meteo_Marine_Real+TidalModel,https://marine-api.open-meteo.com/v1/marine?latitude=12.8698&longitude=74.8431&s
2024-07-18T15:00,12.8698,74.8431,Mangalore_Port,1.7439336754196286,3.44,3.32,0.51,2.2539336754196286,RISING,Chart_Datum_LAT,Open-Meteo_Marine_Real+TidalModel,https://marine-api.open-meteo.com/v1/marine?latitude=12.8698&longitude=74.8431&s
2024-07-18T16:00,12.8698,74.8431,Mangalore_Port,2.06507817828673,3.46,3.32,0.512,2.57707817828673,HIGH,Chart_Datum_LAT,Open-Meteo_Marine_Real+TidalModel,https://marine-api.open-meteo.com/v1/marine?latitude=12.8698&longitude=74.8431&s
2024-07-18T17:00,12.8698,74.8431,Mangalore_Port,2.192664273916271,3.46,3.34,0.513,2.705664273916271,HIGH,Chart_Datum_LAT,Open-Meteo_Marine_Real+TidalModel,https://marine-api.open-meteo.com/v1/marine?latitude=12.8698&longitude=74.8431&s
2024-07-18T18:00,12.8698,74.8431,Mangalore_Port,2.0931148524445145,3.44,3.32,0.51,2.6031148524445147,HIGH,Chart_Datum_LAT,Open-Meteo_Marine_Real+TidalModel,https://marine-api.open-meteo.com/v1/marine?latitude=12.8698&longitude=74.8431&s
2024-07-18T19:00,12.8698,74.8431,Mangalore_Port,1.788939873068074,3.4,3.32,0.506,2.294939873068074,FALLING,Chart_Datum_LAT,Open-Meteo_Marine_Real+TidalModel,https://marine-api.open-meteo.com/v1/marine?latitude=12.8698&longitude=74.8431&s
2024-07-18T20:00,12.8698,74.8431,Mangalore_Port,1.3527848754261105,3.38,3.3,0.503,1.8557848754261106,FALLING,Chart_Datum_LAT,Open-Meteo_Marine_Real+TidalModel,https://marine-api.open-meteo.com/v1/marine?latitude=12.8698&longitude=74.8431&s
2024-07-18T21:00,12.8698,74.8431,Mangalore_Port,0.8889861229199933,3.36,3.3,0.501,1.3899861229199932,FALLING,Chart_Datum_LAT,Open-Meteo_Marine_Real+TidalModel,https://marine-api.open-meteo.com/v1/marine?latitude=12.8698&longitude=74.8431&s
2024-07-18T22:00,12.8698,74.8431,Mangalore_Port,0.5073896493362826,3.36,3.28,0.5,1.0073896493362826,LOW,Chart_Datum_LAT,Open-Meteo_Marine_Real+TidalModel,https://marine-api.open-meteo.com/v1/marine?latitude=12.8698&longitude=74.8431&s
2024-07-18T23:00,12.8698,74.8431,Mangalore_Port,0.2960848302099237,3.34,3.28,0.498,0.7940848302099237,LOW,Chart_Datum_LAT,Open-Meteo_Marine_Real+TidalModel,https://marine-api.open-meteo.com/v1/marine?latitude=12.8698&longitude=74.8431&s
2024-07-19T00:00,12.8698,74.8431,Mangalore_Port,0.29990101172697814,3.34,3.28,0.498,0.7979010117269781,LOW,Chart_Datum_LAT,Open-Meteo_Marine_Real+TidalModel,https://marine-api.open-meteo.com/v1/marine?latitude=12.8698&longitude=74.8431&s
2024-07-19T01:00,12.8698,74.8431,Mangalore_Port,0.5099881622970017,3.36,3.28,0.5,1.0099881622970017,LOW,Chart_Datum_LAT,Open-Meteo_Marine_Real+TidalModel,https://marine-api.open-meteo.com/v1/marine?latitude=12.8698&longitude=74.8431&s
2024-07-19T02:00,12.8698,74.8431,Mangalore_Port,0.866954610435777,3.36,3.28,0.5,1.366954610435777,RISING,Chart_Datum_LAT,Open-Meteo_Marine_Real+TidalModel,https://marine-api.open-meteo.com/v1/marine?latitude=12.8698&longitude=74.8431&s
2024-07-19T03:00,12.8698,74.8431,Mangalore_Port,1.2765995129654175,3.36,3.28,0.5,1.7765995129654175,RISING,Chart_Datum_LAT,Open-Meteo_Marine_Real+TidalModel,https://marine-api.open-meteo.com/v1/marine?latitude=12.8698&longitude=74.8431&s
2024-07-19T04:00,12.8698,74.8431,Mangalore_Port,1.6341264558551398,3.36,3.26,0.499,2.1331264558551397,RISING,Chart_Datum_LAT,Open-Meteo_Marine_Real+TidalModel,https://marine-api.open-meteo.com/v1/marine?latitude=12.8698&longitude=74.8431&s
2024-07-19T05:00,12.8698,74.8431,Mangalore_Port,1.850646729101851,3.36,3.26,0.499,2.349646729101851,HIGH,Chart_Datum_LAT,Open-Meteo_Marine_Real+TidalModel,https://marine-api.open-meteo.com/v1/marine?latitude=12.8698&longitude=74.8431&s
2024-07-19T06:00,12.8698,74.8431,Mangalore_Port,1.87528535264269,3.36,3.26,0.499,2.37428535264269,HIGH,Chart_Datum_LAT,Open-Meteo_Marine_Real+TidalModel,https://marine-api.open-meteo.com/v1/marine?latitude=12.8698&longitude=74.8431&s
2024-07-19T07:00,12.8698,74.8431,Mangalore_Port,1.7073942017142172,3.34,3.24,0.49600000000000005,2.203394201714217,FALLING,Chart_Datum_LAT,Open-Meteo_Marine_Real+TidalModel,https://marine-api.open-meteo.com/v1/marine?latitude=12.8698&longitude=74.8431&s
2024-07-19T08:00,12.8698,74.8431,Mangalore_Port,1.3959333442145687,3.34,3.24,0.49600000000000005,1.8919333442145687,FALLING,Chart_Datum_LAT,Open-Meteo_Marine_Real+TidalModel,https://marine-api.open-meteo.com/v1/marine?latitude=12.8698&longitude=74.8431&s
2024-07-19T09:00,12.8698,74.8431,Mangalore_Port,1.0263436505559889,3.4,3.3,0.505,1.5313436505559888,FALLING,Chart_Datum_LAT,Open-Meteo_Marine_Real+TidalModel,https://marine-api.open-meteo.com/v1/marine?latitude=12.8698&longitude=74.8431&s
2024-07-19T10:00,12.8698,74.8431,Mangalore_Port,0.6983721447017668,3.44,3.36,0.512,1.2103721447017668,LOW,Chart_Datum_LAT,Open-Meteo_Marine_Real+TidalModel,https://marine-api.open-meteo.com/v1/marine?latitude=12.8698&longitude=74.8431&s
2024-07-19T11:00,12.8698,74.8431,Mangalore_Port,0.5005399323957308,3.5,3.42,0.521,1.0215399323957308,LOW,Chart_Datum_LAT,Open-Meteo_Marine_Real+TidalModel,https://marine-api.open-meteo.com/v1/marine?latitude=12.8698&longitude=74.8431&s
2024-07-19T12:00,12.8698,74.8431,Mangalore_Port,0.4877136374424913,3.5,3.42,0.521,1.0087136374424914,LOW,Chart_Datum_LAT,Open-Meteo_Marine_Real+TidalModel,https://marine-api.open-meteo.com/v1/marine?latitude=12.8698&longitude=74.8431&s
2024-07-19T13:00,12.8698,74.8431,Mangalore_Port,0.6673812304740752,3.48,3.4,0.518,1.1853812304740752,LOW,Chart_Datum_LAT,Open-Meteo_Marine_Real+TidalModel,https://marine-api.open-meteo.com/v1/marine?latitude=12.8698&longitude=74.8431&s
2024-07-19T14:00,12.8698,74.8431,Mangalore_Port,0.9979797933747159,3.48,3.4,0.518,1.515979793374716,RISING,Chart_Datum_LAT,Open-Meteo_Marine_Real+TidalModel,https://marine-api.open-meteo.com/v1/marine?latitude=12.8698&longitude=74.8431&s
2024-07-19T15:00,12.8698,74.8431,Mangalore_Port,1.399560088364201,3.46,3.4,0.516,1.915560088364201,RISING,Chart_Datum_LAT,Open-Meteo_Marine_Real+TidalModel,https://marine-api.open-meteo.com/v1/marine?latitude=12.8698&longitude=74.8431&s
2024-07-19T16:00,12.8698,74.8431,Mangalore_Port,1.7739793657151661,3.44,3.38,0.513,2.2869793657151662,RISING,Chart_Datum_LAT,Open-Meteo_Marine_Real+TidalModel,https://marine-api.open-meteo.com/v1/marine?latitude=12.8698&longitude=74.8431&s
2024-07-19T17:00,12.8698,74.8431,Mangalore_Port,2.0294647707013196,3.42,3.38,0.511,2.5404647707013197,HIGH,Chart_Datum_LAT,Open-Meteo_Marine_Real+TidalModel,https://marine-api.open-meteo.com/v1/marine?latitude=12.8698&longitude=74.8431&s
2024-07-19T18:00,12.8698,74.8431,Mangalore_Port,2.1033624815131753,3.4,3.36,0.508,2.6113624815131753,HIGH,Chart_Datum_LAT,Open-Meteo_Marine_Real+TidalModel,https://marine-api.open-meteo.com/v1/marine?latitude=12.8698&longitude=74.8431&s
2024-07-19T19:00,12.8698,74.8431,Mangalore_Port,1.9774204964151132,3.36,3.34,0.503,2.480420496415113,HIGH,Chart_Datum_LAT,Open-Meteo_Marine_Real+TidalModel,https://marine-api.open-meteo.com/v1/marine?latitude=12.8698&longitude=74.8431&s
2024-07-19T20:00,12.8698,74.8431,Mangalore_Port,1.6818901801013393,3.34,3.32,0.5,2.1818901801013393,FALLING,Chart_Datum_LAT,Open-Meteo_Marine_Real+TidalModel,https://marine-api.open-meteo.com/v1/marine?latitude=12.8698&longitude=74.8431&s
2024-07-19T21:00,12.8698,74.8431,Mangalore_Port,1.287568868048538,3.32,3.3,0.497,1.784568868048538,FALLING,Chart_Datum_LAT,Open-Meteo_Marine_Real+TidalModel,https://marine-api.open-meteo.com/v1/marine?latitude=12.8698&longitude=74.8431&s
2024-07-19T22:00,12.8698,74.8431,Mangalore_Port,0.8879213630121453,3.3,3.28,0.494,1.3819213630121454,FALLING,Chart_Datum_LAT,Open-Meteo_Marine_Real+TidalModel,https://marine-api.open-meteo.com/v1/marine?latitude=12.8698&longitude=74.8431&s
2024-07-19T23:00,12.8698,74.8431,Mangalore_Port,0.5758569207750517,3.28,3.26,0.491,1.0668569207750518,LOW,Chart_Datum_LAT,Open-Meteo_Marine_Real+TidalModel,https://marine-api.open-meteo.com/v1/marine?latitude=12.8698&longitude=74.8431&s
2024-07-20T00:00,12.8698,74.8431,Mangalore_Port,0.4210008757786976,3.26,3.24,0.48800000000000004,0.9090008757786976,LOW,Chart_Datum_LAT,Open-Meteo_Marine_Real+TidalModel,https://marine-api.open-meteo.com/v1/marine?latitude=12.8698&longitude=74.8431&s
2024-07-20T01:00,12.8698,74.8431,Mangalore_Port,0.4530897880187712,3.26,3.22,0.48700000000000004,0.9400897880187713,LOW,Chart_Datum_LAT,Open-Meteo_Marine_Real+TidalModel,https://marine-api.open-meteo.com/v1/marine?latitude=12.8698&longitude=74.8431&s
2024-07-20T02:00,12.8698,74.8431,Mangalore_Port,0.6555111908256018,3.24,3.2,0.4840000000000001,1.139511190825602,LOW,Chart_Datum_LAT,Open-Meteo_Marine_Real+TidalModel,https://marine-api.open-meteo.com/v1/marine?latitude=12.8698&longitude=74.8431&s
2024-07-20T03:00,12.8698,74.8431,Mangalore_Port,0.970425988655722,3.28,3.22,0.48900000000000005,1.4594259886557222,RISING,Chart_Datum_LAT,Open-Meteo_Marine_Real+TidalModel,https://marine-api.open-meteo.com/v1/marine?latitude=12.8698&longitude=74.8431&s
2024-07-20T04:00,12.8698,74.8431,Mangalore_Port,1.3140116010746108,3.32,3.26,0.495,1.809011601074611,RISING,Chart_Datum_LAT,Open-Meteo_Marine_Real+TidalModel,https://marine-api.open-meteo.com/v1/marine?latitude=12.8698&longitude=74.8431&s
2024-07-20T05:00,12.8698,74.8431,Mangalore_Port,1.5978734575877698,3.36,3.28,0.5,2.0978734575877698,RISING,Chart_Datum_LAT,Open-Meteo_Marine_Real+TidalModel,https://marine-api.open-meteo.com/v1/marine?latitude=12.8698&longitude=74.8431&s
2024-07-20T06:00,12.8698,74.8431,Mangalore_Port,1.751203914854021,3.38,3.3,0.503,2.254203914854021,RISING,Chart_Datum_LAT,Open-Meteo_Marine_Real+TidalModel,https://marine-api.open-meteo.com/v1/marine?latitude=12.8698&longitude=74.8431&s
2024-07-20T07:00,12.8698,74.8431,Mangalore_Port,1.7381692836092473,3.38,3.3,0.503,2.2411692836092474,FALLING,Chart_Datum_LAT,Open-Meteo_Marine_Real+TidalModel,https://marine-api.open-meteo.com/v1/marine?latitude=12.8698&longitude=74.8431&s
2024-07-20T08:00,12.8698,74.8431,Mangalore_Port,1.566279302081421,3.4,3.32,0.506,2.072279302081421,FALLING,Chart_Datum_LAT,Open-Meteo_Marine_Real+TidalModel,https://marine-api.open-meteo.com/v1/marine?latitude=12.8698&longitude=74.8431&s
2024-07-20T09:00,12.8698,74.8431,Mangalore_Port,1.283800219955723,3.38,3.3,0.503,1.786800219955723,FALLING,Chart_Datum_LAT,Open-Meteo_Marine_Real+TidalModel,https://marine-api.open-meteo.com/v1/marine?latitude=12.8698&longitude=74.8431&s
2024-07-20T10:00,12.8698,74.8431,Mangalore_Port,0.9670231871576819,3.36,3.3,0.501,1.4680231871576819,FALLING,Chart_Datum_LAT,Open-Meteo_Marine_Real+TidalModel,https://marine-api.open-meteo.com/v1/marine?latitude=12.8698&longitude=74.8431&s
2024-07-20T11:00,12.8698,74.8431,Mangalore_Port,0.7007044837920426,3.34,3.28,0.498,1.1987044837920426,FALLING,Chart_Datum_LAT,Open-Meteo_Marine_Real+TidalModel,https://marine-api.open-meteo.com/v1/marine?latitude=12.8698&longitude=74.8431&s
2024-07-20T12:00,12.8698,74.8431,Mangalore_Port,0.5566366974087025,3.24,3.18,0.4830000000000001,1.0396366974087026,LOW,Chart_Datum_LAT,Open-Meteo_Marine_Real+TidalModel,https://marine-api.open-meteo.com/v1/marine?latitude=12.8698&longitude=74.8431&s
2024-07-20T13:00,12.8698,74.8431,Mangalore_Port,0.5756979466947982,3.16,3.1,0.4710000000000001,1.0466979466947983,LOW,Chart_Datum_LAT,Open-Meteo_Marine_Real+TidalModel,https://marine-api.open-meteo.com/v1/marine?latitude=12.8698&longitude=74.8431&s
2024-07-20T14:00,12.8698,74.8431,Mangalore_Port,0.7577847224160976,3.06,3.0,0.45600000000000007,1.2137847224160976,RISING,Chart_Datum_LAT,Open-Meteo_Marine_Real+TidalModel,https://marine-api.open-meteo.com/v1/marine?latitude=12.8698&longitude=74.8431&s
2024-07-20T15:00,12.8698,74.8431,Mangalore_Port,1.0620180502983203,3.08,3.02,0.4590000000000001,1.5210180502983204,RISING,Chart_Datum_LAT,Open-Meteo_Marine_Real+TidalModel,https://marine-api.open-meteo.com/v1/marine?latitude=12.8698&longitude=74.8431&s
2024-07-20T16:00,12.8698,74.8431,Mangalore_Port,1.4170386550604586,3.12,3.02,0.4630000000000001,1.8800386550604586,RISING,Chart_Datum_LAT,Open-Meteo_Marine_Real+TidalModel,https://marine-api.open-meteo.com/v1/marine?latitude=12.8698&longitude=74.8431&s
2024-07-20T17:00,12.8698,74.8431,Mangalore_Port,1.7387194765381238,3.14,3.04,0.4660000000000001,2.204719476538124,RISING,Chart_Datum_LAT,Open-Meteo_Marine_Real+TidalModel,https://marine-api.open-meteo.com/v1/marine?latitude=12.8698&longitude=74.8431&s
2024-07-20T18:00,12.8698,74.8431,Mangalore_Port,1.9508352445205044,3.14,3.04,0.4660000000000001,2.4168352445205046,HIGH,Chart_Datum_LAT,Open-Meteo_Marine_Real+TidalModel,https://marine-api.open-meteo.com/v1/marine?latitude=12.8698&longitude=74.8431&s
2024-07-20T19:00,12.8698,74.8431,Mangalore_Port,2.003567667137696,3.14,3.04,0.4660000000000001,2.4695676671376963,HIGH,Chart_Datum_LAT,Open-Meteo_Marine_Real+TidalModel,https://marine-api.open-meteo.com/v1/marine?latitude=12.8698&longitude=74.8431&s
2024-07-20T20:00,12.8698,74.8431,Mangalore_Port,1.8853345383260347,3.14,3.04,0.4660000000000001,2.351334538326035,HIGH,Chart_Datum_LAT,Open-Meteo_Marine_Real+TidalModel,https://marine-api.open-meteo.com/v1/marine?latitude=12.8698&longitude=74.8431&s
2024-07-20T21:00,12.8698,74.8431,Mangalore_Port,1.6251398133473427,3.12,3.02,0.4630000000000001,2.0881398133473428,FALLING,Chart_Datum_LAT,Open-Meteo_Marine_Real+TidalModel,https://marine-api.open-meteo.com/v1/marine?latitude=12.8698&longitude=74.8431&s
2024-07-20T22:00,12.8698,74.8431,Mangalore_Port,1.2850104700183715,3.12,3.02,0.4630000000000001,1.7480104700183716,FALLING,Chart_Datum_LAT,Open-Meteo_Marine_Real+TidalModel,https://marine-api.open-meteo.com/v1/marine?latitude=12.8698&longitude=74.8431&s
2024-07-20T23:00,12.8698,74.8431,Mangalore_Port,0.9445217003938016,3.1,3.0,0.4600000000000001,1.4045217003938015,FALLING,Chart_Datum_LAT,Open-Meteo_Marine_Real+TidalModel,https://marine-api.open-meteo.com/v1/marine?latitude=12.8698&longitude=74.8431&s
2024-07-21T00:00,12.8698,74.8431,Mangalore_Port,0.6813160489900126,3.04,2.94,0.45100000000000007,1.1323160489900128,LOW,Chart_Datum_LAT,Open-Meteo_Marine_Real+TidalModel,https://marine-api.open-meteo.com/v1/marine?latitude=12.8698&longitude=74.8431&s
2024-07-21T01:00,12.8698,74.8431,Mangalore_Port,0.5524372998102589,2.96,2.86,0.43899999999999995,0.9914372998102589,LOW,Chart_Datum_LAT,Open-Meteo_Marine_Real+TidalModel,https://marine-api.open-meteo.com/v1/marine?latitude=12.8698&longitude=74.8431&s
2024-07-21T02:00,12.8698,74.8431,Mangalore_Port,0.5810196818552035,2.9,2.8,0.42999999999999994,1.0110196818552035,LOW,Chart_Datum_LAT,Open-Meteo_Marine_Real+TidalModel,https://marine-api.open-meteo.com/v1/marine?latitude=12.8698&longitude=74.8431&s
2024-07-21T03:00,12.8698,74.8431,Mangalore_Port,0.751487177822771,2.9,2.8,0.42999999999999994,1.181487177822771,RISING,Chart_Datum_LAT,Open-Meteo_Marine_Real+TidalModel,https://marine-api.open-meteo.com/v1/marine?latitude=12.8698&longitude=74.8431&s
2024-07-21T04:00,12.8698,74.8431,Mangalore_Port,1.01428491105345,2.9,2.8,0.42999999999999994,1.44428491105345,RISING,Chart_Datum_LAT,Open-Meteo_Marine_Real+TidalModel,https://marine-api.open-meteo.com/v1/marine?latitude=12.8698&longitude=74.8431&s
2024-07-21T05:00,12.8698,74.8431,Mangalore_Port,1.298819105986635,2.9,2.8,0.42999999999999994,1.728819105986635,RISING,Chart_Datum_LAT,Open-Meteo_Marine_Real+TidalModel,https://marine-api.open-meteo.com/v1/marine?latitude=12.8698&longitude=74.8431&s
2024-07-21T06:00,12.8698,74.8431,Mangalore_Port,1.5313002816453818,2.94,2.82,0.43499999999999994,1.9663002816453816,RISING,Chart_Datum_LAT,Open-Meteo_Marine_Real+TidalModel,https://marine-api.open-meteo.com/v1/marine?latitude=12.8698&longitude=74.8431&s
2024-07-21T07:00,12.8698,74.8431,Mangalore_Port,1.653043056053627,2.96,2.84,0.43799999999999994,2.0910430560536266,RISING,Chart_Datum_LAT,Open-Meteo_Marine_Real+TidalModel,https://marine-api.open-meteo.com/v1/marine?latitude=12.8698&longitude=74.8431&s
2024-07-21T08:00,12.8698,74.8431,Mangalore_Port,1.6347384648242813,3.0,2.86,0.44300000000000006,2.0777384648242814,FALLING,Chart_Datum_LAT,Open-Meteo_Marine_Real+TidalModel,https://marine-api.open-meteo.com/v1/marine?latitude=12.8698&longitude=74.8431&s
2024-07-21T09:00,12.8698,74.8431,Mangalore_Port,1.4832707072140658,2.98,2.84,0.43999999999999995,1.9232707072140658,FALLING,Chart_Datum_LAT,Open-Meteo_Marine_Real+TidalModel,https://marine-api.open-meteo.com/v1/marine?latitude=12.8698&longitude=74.8431&s
2024-07-21T10:00,12.8698,74.8431,Mangalore_Port,1.2395236447102556,2.94,2.8,0.43399999999999994,1.6735236447102555,FALLING,Chart_Datum_LAT,Open-Meteo_Marine_Real+TidalModel,https://marine-api.open-meteo.com/v1/marine?latitude=12.8698&longitude=74.8431&s
2024-07-21T11:00,12.8698,74.8431,Mangalore_Port,0.9678435377536038,2.92,2.78,0.43099999999999994,1.3988435377536037,FALLING,Chart_Datum_LAT,Open-Meteo_Marine_Real+TidalModel,https://marine-api.open-meteo.com/v1/marine?latitude=12.8698&longitude=74.8431&s
2024-07-21T12:00,12.8698,74.8431,Mangalore_Port,0.739847867662929,2.92,2.76,0.42999999999999994,1.169847867662929,FALLING,Chart_Datum_LAT,Open-Meteo_Marine_Real+TidalModel,https://marine-api.open-meteo.com/v1/marine?latitude=12.8698&longitude=74.8431&s
2024-07-21T13:00,12.8698,74.8431,Mangalore_Port,0.6166078889775123,2.94,2.76,0.43199999999999994,1.0486078889775121,LOW,Chart_Datum_LAT,Open-Meteo_Marine_Real+TidalModel,https://marine-api.open-meteo.com/v1/marine?latitude=12.8698&longitude=74.8431&s
2024-07-21T14:00,12.8698,74.8431,Mangalore_Port,0.6335718105801494,2.94,2.74,0.431,1.0645718105801494,LOW,Chart_Datum_LAT,Open-Meteo_Marine_Real+TidalModel,https://marine-api.open-meteo.com/v1/marine?latitude=12.8698&longitude=74.8431&s
2024-07-21T15:00,12.8698,74.8431,Mangalore_Port,0.7918704179345024,2.94,2.72,0.43,1.2218704179345024,RISING,Chart_Datum_LAT,Open-Meteo_Marine_Real+TidalModel,https://marine-api.open-meteo.com/v1/marine?latitude=12.8698&longitude=74.8431&s
2024-07-21T16:00,12.8698,74.8431,Mangalore_Port,1.058050201416568,2.92,2.68,0.426,1.484050201416568,RISING,Chart_Datum_LAT,Open-Meteo_Marine_Real+TidalModel,https://marine-api.open-meteo.com/v1/marine?latitude=12.8698&longitude=74.8431&s
2024-07-21T17:00,12.8698,74.8431,Mangalore_Port,1.3722105299802336,2.92,2.66,0.425,1.7972105299802337,RISING,Chart_Datum_LAT,Open-Meteo_Marine_Real+TidalModel,https://marine-api.open-meteo.com/v1/marine?latitude=12.8698&longitude=74.8431&s
2024-07-21T18:00,12.8698,74.8431,Mangalore_Port,1.6624880239660027,2.92,2.7,0.427,2.0894880239660027,RISING,Chart_Datum_LAT,Open-Meteo_Marine_Real+TidalModel,https://marine-api.open-meteo.com/v1/marine?latitude=12.8698&longitude=74.8431&s
2024-07-21T19:00,12.8698,74.8431,Mangalore_Port,1.8623230119002725,2.92,2.76,0.42999999999999994,2.2923230119002724,HIGH,Chart_Datum_LAT,Open-Meteo_Marine_Real+TidalModel,https://marine-api.open-meteo.com/v1/marine?latitude=12.8698&longitude=74.8431&s
2024-07-21T20:00,12.8698,74.8431,Mangalore_Port,1.9263153018891779,2.92,2.8,0.43199999999999994,2.358315301889178,HIGH,Chart_Datum_LAT,Open-Meteo_Marine_Real+TidalModel,https://marine-api.open-meteo.com/v1/marine?latitude=12.8698&longitude=74.8431&s
2024-07-21T21:00,12.8698,74.8431,Mangalore_Port,1.8408674341090292,2.92,2.8,0.43199999999999994,2.2728674341090294,HIGH,Chart_Datum_LAT,Open-Meteo_Marine_Real+TidalModel,https://marine-api.open-meteo.com/v1/marine?latitude=12.8698&longitude=74.8431&s
2024-07-21T22:00,12.8698,74.8431,Mangalore_Port,1.6271141965139724,2.92,2.8,0.43199999999999994,2.0591141965139723,FALLING,Chart_Datum_LAT,Open-Meteo_Marine_Real+TidalModel,https://marine-api.open-meteo.com/v1/marine?latitude=12.8698&longitude=74.8431&s
2024-07-21T23:00,12.8698,74.8431,Mangalore_Port,1.3355219634467754,2.92,2.8,0.43199999999999994,1.7675219634467754,FALLING,Chart_Datum_LAT,Open-Meteo_Marine_Real+TidalModel,https://marine-api.open-meteo.com/v1/marine?latitude=12.8698&longitude=74.8431&s
2024-07-22T00:00,12.8698,74.8431,Mangalore_Port,1.0335497603839081,2.92,2.78,0.43099999999999994,1.4645497603839082,FALLING,Chart_Datum_LAT,Open-Meteo_Marine_Real+TidalModel,https://marine-api.open-meteo.com/v1/marine?latitude=12.8698&longitude=74.8431&s
2024-07-22T01:00,12.8698,74.8431,Mangalore_Port,0.7894125499583708,2.9,2.78,0.42899999999999994,1.2184125499583707,FALLING,Chart_Datum_LAT,Open-Meteo_Marine_Real+TidalModel,https://marine-api.open-meteo.com/v1/marine?latitude=12.8698&longitude=74.8431&s
2024-07-22T02:00,12.8698,74.8431,Mangalore_Port,0.6558858800771732,2.9,2.76,0.42799999999999994,1.0838858800771731,LOW,Chart_Datum_LAT,Open-Meteo_Marine_Real+TidalModel,https://marine-api.open-meteo.com/v1/marine?latitude=12.8698&longitude=74.8431&s
2024-07-22T03:00,12.8698,74.8431,Mangalore_Port,0.6580343727361827,2.88,2.76,0.42599999999999993,1.0840343727361827,LOW,Chart_Datum_LAT,Open-Meteo_Marine_Real+TidalModel,https://marine-api.open-meteo.com/v1/marine?latitude=12.8698&longitude=74.8431&s
2024-07-22T04:00,12.8698,74.8431,Mangalore_Port,0.7877602481029274,2.88,2.74,0.425,1.2127602481029274,RISING,Chart_Datum_LAT,Open-Meteo_Marine_Real+TidalModel,https://marine-api.open-meteo.com/v1/marine?latitude=12.8698&longitude=74.8431&s
2024-07-22T05:00,12.8698,74.8431,Mangalore_Port,1.006399446465404,2.86,2.74,0.423,1.429399446465404,RISING,Chart_Datum_LAT,Open-Meteo_Marine_Real+TidalModel,https://marine-api.open-meteo.com/v1/marine?latitude=12.8698&longitude=74.8431&s
2024-07-22T06:00,12.8698,74.8431,Mangalore_Port,1.2546488350059637,2.86,2.74,0.423,1.6776488350059637,RISING,Chart_Datum_LAT,Open-Meteo_Marine_Real+TidalModel,https://marine-api.open-meteo.com/v1/marine?latitude=12.8698&longitude=74.8431&s
2024-07-22T07:00,12.8698,74.8431,Mangalore_Port,1.4673560689085738,2.84,2.72,0.42,1.8873560689085738,RISING,Chart_Datum_LAT,Open-Meteo_Marine_Real+TidalModel,https://marine-api.open-meteo.com/v1/marine?latitude=12.8698&longitude=74.8431&s
2024-07-22T08:00,12.8698,74.8431,Mangalore_Port,1.5895602862238771,2.84,2.72,0.42,2.009560286223877,RISING,Chart_Datum_LAT,Open-Meteo_Marine_Real+TidalModel,https://marine-api.open-meteo.com/v1/marine?latitude=12.8698&longitude=74.8431&s
2024-07-22T09:00,12.8698,74.8431,Mangalore_Port,1.5899038055334445,2.82,2.7,0.417,2.0069038055334443,RISING,Chart_Datum_LAT,Open-Meteo_Marine_Real+TidalModel,https://marine-api.open-meteo.com/v1/marine?latitude=12.8698&longitude=74.8431&s
2024-07-22T10:00,12.8698,74.8431,Mangalore_Port,1.468198070595619,2.82,2.7,0.417,1.885198070595619,FALLING,Chart_Datum_LAT,Open-Meteo_Marine_Real+TidalModel,https://marine-api.open-meteo.com/v1/marine?latitude=12.8698&longitude=74.8431&s
2024-07-22T11:00,12.8698,74.8431,Mangalore_Port,1.2553548728603483,2.8,2.68,0.414,1.6693548728603482,FALLING,Chart_Datum_LAT,Open-Meteo_Marine_Real+TidalModel,https://marine-api.open-meteo.com/v1/marine?latitude=12.8698&longitude=74.8431&s
2024-07-22T12:00,12.8698,74.8431,Mangalore_Port,1.0057396219828894,2.78,2.66,0.411,1.4167396219828894,FALLING,Chart_Datum_LAT,Open-Meteo_Marine_Real+TidalModel,https://marine-api.open-meteo.com/v1/marine?latitude=12.8698&longitude=74.8431&s
2024-07-22T13:00,12.8698,74.8431,Mangalore_Port,0.7838238589397418,2.74,2.62,0.405,1.1888238589397417,FALLING,Chart_Datum_LAT,Open-Meteo_Marine_Real+TidalModel,https://marine-api.open-meteo.com/v1/marine?latitude=12.8698&longitude=74.8431&s
2024-07-22T14:00,12.8698,74.8431,Mangalore_Port,0.648375392182849,2.72,2.6,0.402,1.0503753921828491,LOW,Chart_Datum_LAT,Open-Meteo_Marine_Real+TidalModel,https://marine-api.open-meteo.com/v1/marine?latitude=12.8698&longitude=74.8431&s
2024-07-22T15:00,12.8698,74.8431,Mangalore_Port,0.6380045090932496,2.7,2.58,0.399,1.0370045090932496,LOW,Chart_Datum_LAT,Open-Meteo_Marine_Real+TidalModel,https://marine-api.open-meteo.com/v1/marine?latitude=12.8698&longitude=74.8431&s
2024-07-22T16:00,12.8698,74.8431,Mangalore_Port,0.7615492868962199,2.68,2.56,0.396,1.15754928689622,RISING,Chart_Datum_LAT,Open-Meteo_Marine_Real+TidalModel,https://marine-api.open-meteo.com/v1/marine?latitude=12.8698&longitude=74.8431&s
2024-07-22T17:00,12.8698,74.8431,Mangalore_Port,0.9956158763157887,2.66,2.54,0.393,1.3886158763157888,RISING,Chart_Datum_LAT,Open-Meteo_Marine_Real+TidalModel,https://marine-api.open-meteo.com/v1/marine?latitude=12.8698&longitude=74.8431&s
2024-07-22T18:00,12.8698,74.8431,Mangalore_Port,1.2898717251686742,2.62,2.48,0.386,1.6758717251686743,RISING,Chart_Datum_LAT,Open-Meteo_Marine_Real+TidalModel,https://marine-api.open-meteo.com/v1/marine?latitude=12.8698&longitude=74.8431&s
2024-07-22T19:00,12.8698,74.8431,Mangalore_Port,1.578831840277251,2.56,2.44,0.378,1.956831840277251,RISING,Chart_Datum_LAT,Open-Meteo_Marine_Real+TidalModel,https://marine-api.open-meteo.com/v1/marine?latitude=12.8698&longitude=74.8431&s
2024-07-22T20:00,12.8698,74.8431,Mangalore_Port,1.7973232820697658,2.52,2.38,0.371,2.1683232820697658,RISING,Chart_Datum_LAT,Open-Meteo_Marine_Real+TidalModel,https://marine-api.open-meteo.com/v1/marine?latitude=12.8698&longitude=74.8431&s
2024-07-22T21:00,12.8698,74.8431,Mangalore_Port,1.89593127127418,2.5,2.36,0.368,2.26393127127418,HIGH,Chart_Datum_LAT,Open-Meteo_Marine_Real+TidalModel,https://marine-api.open-meteo.com/v1/marine?latitude=12.8698&longitude=74.8431&s
2024-07-22T22:00,12.8698,74.8431,Mangalore_Port,1.85273137063053,2.46,2.36,0.364,2.21673137063053,HIGH,Chart_Datum_LAT,Open-Meteo_Marine_Real+TidalModel,https://marine-api.open-meteo.com/v1/marine?latitude=12.8698&longitude=74.8431&s
2024-07-22T23:00,12.8698,74.8431,Mangalore_Port,1.6784961226893238,2.44,2.34,0.361,2.039496122689324,FALLING,Chart_Datum_LAT,Open-Meteo_Marine_Real+TidalModel,https://marine-api.open-meteo.com/v1/marine?latitude=12.8698&longitude=74.8431&s
2024-07-23T00:00,12.8698,74.8431,Mangalore_Port,1.414121344185249,2.42,2.28,0.356,1.7701213441852488,FALLING,Chart_Datum_LAT,Open-Meteo_Marine_Real+TidalModel,https://marine-api.open-meteo.com/v1/marine?latitude=12.8698&longitude=74.8431&s
2024-07-23T01:00,12.8698,74.8431,Mangalore_Port,1.1208767610588586,2.42,2.24,0.354,1.4748767610588587,FALLING,Chart_Datum_LAT,Open-Meteo_Marine_Real+TidalModel,https://marine-api.open-meteo.com/v1/marine?latitude=12.8698&longitude=74.8431&s
2024-07-23T02:00,12.8698,74.8431,Mangalore_Port,0.8658047932432853,2.4,2.18,0.349,1.2148047932432853,FALLING,Chart_Datum_LAT,Open-Meteo_Marine_Real+TidalModel,https://marine-api.open-meteo.com/v1/marine?latitude=12.8698&longitude=74.8431&s
2024-07-23T03:00,12.8698,74.8431,Mangalore_Port,0.705759200564852,2.4,2.22,0.351,1.0567592005648518,FALLING,Chart_Datum_LAT,Open-Meteo_Marine_Real+TidalModel,https://marine-api.open-meteo.com/v1/marine?latitude=12.8698&longitude=74.8431&s
2024-07-23T04:00,12.8698,74.8431,Mangalore_Port,0.6739109686527823,2.42,2.28,0.356,1.0299109686527823,LOW,Chart_Datum_LAT,Open-Meteo_Marine_Real+TidalModel,https://marine-api.open-meteo.com/v1/marine?latitude=12.8698&longitude=74.8431&s
2024-07-23T05:00,12.8698,74.8431,Mangalore_Port,0.7719684553717333,2.42,2.32,0.358,1.1299684553717333,RISING,Chart_Datum_LAT,Open-Meteo_Marine_Real+TidalModel,https://marine-api.open-meteo.com/v1/marine?latitude=12.8698&longitude=74.8431&s
2024-07-23T06:00,12.8698,74.8431,Mangalore_Port,0.9699968367791605,2.44,2.34,0.361,1.3309968367791605,RISING,Chart_Datum_LAT,Open-Meteo_Marine_Real+TidalModel,https://marine-api.open-meteo.com/v1/marine?latitude=12.8698&longitude=74.8431&s
2024-07-23T07:00,12.8698,74.8431,Mangalore_Port,1.2139002092243958,2.48,2.36,0.366,1.579900209224396,RISING,Chart_Datum_LAT,Open-Meteo_Marine_Real+TidalModel,https://marine-api.open-meteo.com/v1/marine?latitude=12.8698&longitude=74.8431&s
2024-07-23T08:00,12.8698,74.8431,Mangalore_Port,1.4387823189371032,2.5,2.38,0.369,1.8077823189371032,RISING,Chart_Datum_LAT,Open-Meteo_Marine_Real+TidalModel,https://marine-api.open-meteo.com/v1/marine?latitude=12.8698&longitude=74.8431&s
2024-07-23T09:00,12.8698,74.8431,Mangalore_Port,1.5849721666073633,2.56,2.44,0.378,1.9629721666073632,RISING,Chart_Datum_LAT,Open-Meteo_Marine_Real+TidalModel,https://marine-api.open-meteo.com/v1/marine?latitude=12.8698&longitude=74.8431&s
2024-07-23T10:00,12.8698,74.8431,Mangalore_Port,1.6128355451988787,2.62,2.52,0.388,2.000835545198879,RISING,Chart_Datum_LAT,Open-Meteo_Marine_Real+TidalModel,https://marine-api.open-meteo.com/v1/marine?latitude=12.8698&longitude=74.8431&s
2024-07-23T11:00,12.8698,74.8431,Mangalore_Port,1.5127594131113995,2.68,2.58,0.397,1.9097594131113995,FALLING,Chart_Datum_LAT,Open-Meteo_Marine_Real+TidalModel,https://marine-api.open-meteo.com/v1/marine?latitude=12.8698&longitude=74.8431&s
2024-07-23T12:00,12.8698,74.8431,Mangalore_Port,1.3078373036425093,2.66,2.56,0.394,1.7018373036425092,FALLING,Chart_Datum_LAT,Open-Meteo_Marine_Real+TidalModel,https://marine-api.open-meteo.com/v1/marine?latitude=12.8698&longitude=74.8431&s
2024-07-23T13:00,12.8698,74.8431,Mangalore_Port,1.0485339964013354,2.66,2.56,0.394,1.4425339964013353,FALLING,Chart_Datum_LAT,Open-Meteo_Marine_Real+TidalModel,https://marine-api.open-meteo.com/v1/marine?latitude=12.8698&longitude=74.8431&s
2024-07-23T14:00,12.8698,74.8431,Mangalore_Port,0.8005501692329275,2.64,2.54,0.391,1.1915501692329276,FALLING,Chart_Datum_LAT,Open-Meteo_Marine_Real+TidalModel,https://marine-api.open-meteo.com/v1/marine?latitude=12.8698&longitude=74.8431&s
2024-07-23T15:00,12.8698,74.8431,Mangalore_Port,0.628775201752279,2.64,2.54,0.391,1.019775201752279,LOW,Chart_Datum_LAT,Open-Meteo_Marine_Real+TidalModel,https://marine-api.open-meteo.com/v1/marine?latitude=12.8698&longitude=74.8431&s
2024-07-23T16:00,12.8698,74.8431,Mangalore_Port,0.5812018789597184,2.62,2.52,0.388,0.9692018789597184,LOW,Chart_Datum_LAT,Open-Meteo_Marine_Real+TidalModel,https://marine-api.open-meteo.com/v1/marine?latitude=12.8698&longitude=74.8431&s
2024-07-23T17:00,12.8698,74.8431,Mangalore_Port,0.6767332134031174,2.62,2.52,0.388,1.0647332134031173,LOW,Chart_Datum_LAT,Open-Meteo_Marine_Real+TidalModel,https://marine-api.open-meteo.com/v1/marine?latitude=12.8698&longitude=74.8431&s
2024-07-23T18:00,12.8698,74.8431,Mangalore_Port,0.8999132922063022,2.6,2.52,0.386,1.2859132922063021,RISING,Chart_Datum_LAT,Open-Meteo_Marine_Real+TidalModel,https://marine-api.open-meteo.com/v1/marine?latitude=12.8698&longitude=74.8431&s
2024-07-23T19:00,12.8698,74.8431,Mangalore_Port,1.2039663029980552,2.6,2.5,0.385,1.5889663029980552,RISING,Chart_Datum_LAT,Open-Meteo_Marine_Real+TidalModel,https://marine-api.open-meteo.com/v1/marine?latitude=12.8698&longitude=74.8431&s
2024-07-23T20:00,12.8698,74.8431,Mangalore_Port,1.521520845487325,2.58,2.5,0.383,1.904520845487325,RISING,Chart_Datum_LAT,Open-Meteo_Marine_Real+TidalModel,https://marine-api.open-meteo.com/v1/marine?latitude=12.8698&longitude=74.8431&s
2024-07-23T21:00,12.8698,74.8431,Mangalore_Port,1.7805135343599223,2.64,2.54,0.391,2.1715135343599226,RISING,Chart_Datum_LAT,Open-Meteo_Marine_Real+TidalModel,https://marine-api.open-meteo.com/v1/marine?latitude=12.8698&longitude=74.8431&s
2024-07-23T22:00,12.8698,74.8431,Mangalore_Port,1.9214672415054976,2.68,2.6,0.398,2.3194672415054978,HIGH,Chart_Datum_LAT,Open-Meteo_Marine_Real+TidalModel,https://marine-api.open-meteo.com/v1/marine?latitude=12.8698&longitude=74.8431&s
2024-07-23T23:00,12.8698,74.8431,Mangalore_Port,1.9119505137160853,2.74,2.64,0.406,2.3179505137160854,HIGH,Chart_Datum_LAT,Open-Meteo_Marine_Real+TidalModel,https://marine-api.open-meteo.com/v1/marine?latitude=12.8698&longitude=74.8431&s
2024-07-24T00:00,12.8698,74.8431,Mangalore_Port,1.7546545211959068,2.7,2.62,0.401,2.155654521195907,FALLING,Chart_Datum_LAT,Open-Meteo_Marine_Real+TidalModel,https://marine-api.open-meteo.com/v1/marine?latitude=12.8698&longitude=74.8431&s
2024-07-24T01:00,12.8698,74.8431,Mangalore_Port,1.48703423948669,2.68,2.58,0.397,1.88403423948669,FALLING,Chart_Datum_LAT,Open-Meteo_Marine_Real+TidalModel,https://marine-api.open-meteo.com/v1/marine?latitude=12.8698&longitude=74.8431&s
2024-07-24T02:00,12.8698,74.8431,Mangalore_Port,1.172495822034573,2.64,2.56,0.392,1.5644958220345728,FALLING,Chart_Datum_LAT,Open-Meteo_Marine_Real+TidalModel,https://marine-api.open-meteo.com/v1/marine?latitude=12.8698&longitude=74.8431&s
2024-07-24T03:00,12.8698,74.8431,Mangalore_Port,0.8851821962949336,2.58,2.5,0.383,1.2681821962949336,FALLING,Chart_Datum_LAT,Open-Meteo_Marine_Real+TidalModel,https://marine-api.open-meteo.com/v1/marine?latitude=12.8698&longitude=74.8431&s
2024-07-24T04:00,12.8698,74.8431,Mangalore_Port,0.6920068029715908,2.52,2.44,0.374,1.0660068029715908,LOW,Chart_Datum_LAT,Open-Meteo_Marine_Real+TidalModel,https://marine-api.open-meteo.com/v1/marine?latitude=12.8698&longitude=74.8431&s
2024-07-24T05:00,12.8698,74.8431,Mangalore_Port,0.6363111456346308,2.46,2.38,0.365,1.0013111456346309,LOW,Chart_Datum_LAT,Open-Meteo_Marine_Real+TidalModel,https://marine-api.open-meteo.com/v1/marine?latitude=12.8698&longitude=74.8431&s
2024-07-24T06:00,12.8698,74.8431,Mangalore_Port,0.7271827097261344,2.46,2.38,0.365,1.0921827097261345,RISING,Chart_Datum_LAT,Open-Meteo_Marine_Real+TidalModel,https://marine-api.open-meteo.com/v1/marine?latitude=12.8698&longitude=74.8431&s
2024-07-24T07:00,12.8698,74.8431,Mangalore_Port,0.9371316314704985,2.48,2.4,0.368,1.3051316314704984,RISING,Chart_Datum_LAT,Open-Meteo_Marine_Real+TidalModel,https://marine-api.open-meteo.com/v1/marine?latitude=12.8698&longitude=74.8431&s
2024-07-24T08:00,12.8698,74.8431,Mangalore_Port,1.2088002525685122,2.48,2.4,0.368,1.5768002525685123,RISING,Chart_Datum_LAT,Open-Meteo_Marine_Real+TidalModel,https://marine-api.open-meteo.com/v1/marine?latitude=12.8698&longitude=74.8431&s
2024-07-24T09:00,12.8698,74.8431,Mangalore_Port,1.4691572020425343,2.5,2.42,0.371,1.8401572020425343,RISING,Chart_Datum_LAT,Open-Meteo_Marine_Real+TidalModel,https://marine-api.open-meteo.com/v1/marine?latitude=12.8698&longitude=74.8431&s
2024-07-24T10:00,12.8698,74.8431,Mangalore_Port,1.6477525286645078,2.52,2.46,0.375,2.022752528664508,RISING,Chart_Datum_LAT,Open-Meteo_Marine_Real+TidalModel,https://marine-api.open-meteo.com/v1/marine?latitude=12.8698&longitude=74.8431&s
2024-07-24T11:00,12.8698,74.8431,Mangalore_Port,1.6945524195246506,2.54,2.48,0.378,2.0725524195246505,RISING,Chart_Datum_LAT,Open-Meteo_Marine_Real+TidalModel,https://marine-api.open-meteo.com/v1/marine?latitude=12.8698&longitude=74.8431&s
2024-07-24T12:00,12.8698,74.8431,Mangalore_Port,1.592907382031738,2.54,2.48,0.378,1.9709073820317382,FALLING,Chart_Datum_LAT,Open-Meteo_Marine_Real+TidalModel,https://marine-api.open-meteo.com/v1/marine?latitude=12.8698&longitude=74.8431&s
2024-07-24T13:00,12.8698,74.8431,Mangalore_Port,1.3643468858953283,2.52,2.46,0.375,1.7393468858953283,FALLING,Chart_Datum_LAT,Open-Meteo_Marine_Real+TidalModel,https://marine-api.open-meteo.com/v1/marine?latitude=12.8698&longitude=74.8431&s
2024-07-24T14:00,12.8698,74.8431,Mangalore_Port,1.0638732330231,2.52,2.46,0.375,1.4388732330231,FALLING,Chart_Datum_LAT,Open-Meteo_Marine_Real+TidalModel,https://marine-api.open-meteo.com/v1/marine?latitude=12.8698&longitude=74.8431&s
2024-07-24T15:00,12.8698,74.8431,Mangalore_Port,0.7667710583258174,2.54,2.48,0.378,1.1447710583258175,FALLING,Chart_Datum_LAT,Open-Meteo_Marine_Real+TidalModel,https://marine-api.open-meteo.com/v1/marine?latitude=12.8698&longitude=74.8431&s
2024-07-24T16:00,12.8698,74.8431,Mangalore_Port,0.5500801576762824,2.56,2.48,0.38,0.9300801576762824,LOW,Chart_Datum_LAT,Open-Meteo_Marine_Real+TidalModel,https://marine-api.open-meteo.com/v1/marine?latitude=12.8698&longitude=74.8431&s
2024-07-24T17:00,12.8698,74.8431,Mangalore_Port,0.4732640255478908,2.58,2.5,0.383,0.8562640255478908,LOW,Chart_Datum_LAT,Open-Meteo_Marine_Real+TidalModel,https://marine-api.open-meteo.com/v1/marine?latitude=12.8698&longitude=74.8431&s
2024-07-24T18:00,12.8698,74.8431,Mangalore_Port,0.5628861011613142,2.58,2.5,0.383,0.9458861011613142,LOW,Chart_Datum_LAT,Open-Meteo_Marine_Real+TidalModel,https://marine-api.open-meteo.com/v1/marine?latitude=12.8698&longitude=74.8431&s
2024-07-24T19:00,12.8698,74.8431,Mangalore_Port,0.805190438271298,2.58,2.48,0.382,1.187190438271298,RISING,Chart_Datum_LAT,Open-Meteo_Marine_Real+TidalModel,https://marine-api.open-meteo.com/v1/marine?latitude=12.8698&longitude=74.8431&s
2024-07-24T20:00,12.8698,74.8431,Mangalore_Port,1.148579869350269,2.58,2.48,0.382,1.530579869350269,RISING,Chart_Datum_LAT,Open-Meteo_Marine_Real+TidalModel,https://marine-api.open-meteo.com/v1/marine?latitude=12.8698&longitude=74.8431&s
2024-07-24T21:00,12.8698,74.8431,Mangalore_Port,1.5155499341397665,2.6,2.48,0.384,1.8995499341397664,RISING,Chart_Datum_LAT,Open-Meteo_Marine_Real+TidalModel,https://marine-api.open-meteo.com/v1/marine?latitude=12.8698&longitude=74.8431&s
2024-07-24T22:00,12.8698,74.8431,Mangalore_Port,1.8212694449136777,2.6,2.46,0.383,2.2042694449136775,HIGH,Chart_Datum_LAT,Open-Meteo_Marine_Real+TidalModel,https://marine-api.open-meteo.com/v1/marine?latitude=12.8698&longitude=74.8431&s
2024-07-24T23:00,12.8698,74.8431,Mangalore_Port,1.9942915523640439,2.62,2.46,0.385,2.3792915523640437,HIGH,Chart_Datum_LAT,Open-Meteo_Marine_Real+TidalModel,https://marine-api.open-meteo.com/v1/marine?latitude=12.8698&longitude=74.8431&s
2024-07-25T00:00,12.8698,74.8431,Mangalore_Port,1.9942714220649527,2.62,2.48,0.386,2.380271422064953,HIGH,Chart_Datum_LAT,Open-Meteo_Marine_Real+TidalModel,https://marine-api.open-meteo.com/v1/marine?latitude=12.8698&longitude=74.8431&s
2024-07-25T01:00,12.8698,74.8431,Mangalore_Port,1.8222299240632704,2.62,2.48,0.386,2.2082299240632706,HIGH,Chart_Datum_LAT,Open-Meteo_Marine_Real+TidalModel,https://marine-api.open-meteo.com/v1/marine?latitude=12.8698&longitude=74.8431&s
2024-07-25T02:00,12.8698,74.8431,Mangalore_Port,1.5206935411819607,2.62,2.5,0.387,1.9076935411819607,FALLING,Chart_Datum_LAT,Open-Meteo_Marine_Real+TidalModel,https://marine-api.open-meteo.com/v1/marine?latitude=12.8698&longitude=74.8431&s
2024-07-25T03:00,12.8698,74.8431,Mangalore_Port,1.1635300793272534,2.62,2.5,0.387,1.5505300793272534,FALLING,Chart_Datum_LAT,Open-Meteo_Marine_Real+TidalModel,https://marine-api.open-meteo.com/v1/marine?latitude=12.8698&longitude=74.8431&s
2024-07-25T04:00,12.8698,74.8431,Mangalore_Port,0.8378756079622276,2.6,2.52,0.386,1.2238756079622277,FALLING,Chart_Datum_LAT,Open-Meteo_Marine_Real+TidalModel,https://marine-api.open-meteo.com/v1/marine?latitude=12.8698&longitude=74.8431&s
2024-07-25T05:00,12.8698,74.8431,Mangalore_Port,0.6225654071634059,2.6,2.52,0.386,1.008565407163406,LOW,Chart_Datum_LAT,Open-Meteo_Marine_Real+TidalModel,https://marine-api.open-meteo.com/v1/marine?latitude=12.8698&longitude=74.8431&s
2024-07-25T06:00,12.8698,74.8431,Mangalore_Port,0.5684242834918043,2.62,2.54,0.389,0.9574242834918043,LOW,Chart_Datum_LAT,Open-Meteo_Marine_Real+TidalModel,https://marine-api.open-meteo.com/v1/marine?latitude=12.8698&longitude=74.8431&s
2024-07-25T07:00,12.8698,74.8431,Mangalore_Port,0.6853841946069401,2.64,2.54,0.391,1.0763841946069401,LOW,Chart_Datum_LAT,Open-Meteo_Marine_Real+TidalModel,https://marine-api.open-meteo.com/v1/marine?latitude=12.8698&longitude=74.8431&s
2024-07-25T08:00,12.8698,74.8431,Mangalore_Port,0.9397546028109423,2.66,2.56,0.394,1.3337546028109424,RISING,Chart_Datum_LAT,Open-Meteo_Marine_Real+TidalModel,https://marine-api.open-meteo.com/v1/marine?latitude=12.8698&longitude=74.8431&s
2024-07-25T09:00,12.8698,74.8431,Mangalore_Port,1.262465662247785,2.68,2.58,0.397,1.659465662247785,RISING,Chart_Datum_LAT,Open-Meteo_Marine_Real+TidalModel,https://marine-api.open-meteo.com/v1/marine?latitude=12.8698&longitude=74.8431&s
2024-07-25T10:00,12.8698,74.8431,Mangalore_Port,1.566352845291283,2.72,2.62,0.403,1.969352845291283,RISING,Chart_Datum_LAT,Open-Meteo_Marine_Real+TidalModel,https://marine-api.open-meteo.com/v1/marine?latitude=12.8698&longitude=74.8431&s
2024-07-25T11:00,12.8698,74.8431,Mangalore_Port,1.768243378903415,2.74,2.64,0.406,2.174243378903415,RISING,Chart_Datum_LAT,Open-Meteo_Marine_Real+TidalModel,https://marine-api.open-meteo.com/v1/marine?latitude=12.8698&longitude=74.8431&s
2024-07-25T12:00,12.8698,74.8431,Mangalore_Port,1.8103294492581852,2.78,2.68,0.412,2.222329449258185,HIGH,Chart_Datum_LAT,Open-Meteo_Marine_Real+TidalModel,https://marine-api.open-meteo.com/v1/marine?latitude=12.8698&longitude=74.8431&s
2024-07-25T13:00,12.8698,74.8431,Mangalore_Port,1.6754095024342561,2.8,2.72,0.416,2.091409502434256,FALLING,Chart_Datum_LAT,Open-Meteo_Marine_Real+TidalModel,https://marine-api.open-meteo.com/v1/marine?latitude=12.8698&longitude=74.8431&s
2024-07-25T14:00,12.8698,74.8431,Mangalore_Port,1.392045354450624,2.84,2.76,0.42199999999999993,1.8140453544506239,FALLING,Chart_Datum_LAT,Open-Meteo_Marine_Real+TidalModel,https://marine-api.open-meteo.com/v1/marine?latitude=12.8698&longitude=74.8431&s
2024-07-25T15:00,12.8698,74.8431,Mangalore_Port,1.0281711613889328,2.86,2.78,0.42499999999999993,1.4531711613889327,FALLING,Chart_Datum_LAT,Open-Meteo_Marine_Real+TidalModel,https://marine-api.open-meteo.com/v1/marine?latitude=12.8698&longitude=74.8431&s
2024-07-25T16:00,12.8698,74.8431,Mangalore_Port,0.6745882197714042,2.88,2.82,0.42899999999999994,1.103588219771404,LOW,Chart_Datum_LAT,Open-Meteo_Marine_Real+TidalModel,https://marine-api.open-meteo.com/v1/marine?latitude=12.8698&longitude=74.8431&s
2024-07-25T17:00,12.8698,74.8431,Mangalore_Port,0.4223608046833528,2.9,2.84,0.43199999999999994,0.8543608046833527,LOW,Chart_Datum_LAT,Open-Meteo_Marine_Real+TidalModel,https://marine-api.open-meteo.com/v1/marine?latitude=12.8698&longitude=74.8431&s
2024-07-25T18:00,12.8698,74.8431,Mangalore_Port,0.33973460774688513,2.9,2.84,0.43199999999999994,0.7717346077468851,LOW,Chart_Datum_LAT,Open-Meteo_Marine_Real+TidalModel,https://marine-api.open-meteo.com/v1/marine?latitude=12.8698&longitude=74.8431&s
2024-07-25T19:00,12.8698,74.8431,Mangalore_Port,0.45440859043250936,2.92,2.84,0.43399999999999994,0.8884085904325093,LOW,Chart_Datum_LAT,Open-Meteo_Marine_Real+TidalModel,https://marine-api.open-meteo.com/v1/marine?latitude=12.8698&longitude=74.8431&s
2024-07-25T20:00,12.8698,74.8431,Mangalore_Port,0.7457279899748093,2.92,2.84,0.43399999999999994,1.1797279899748092,RISING,Chart_Datum_LAT,Open-Meteo_Marine_Real+TidalModel,https://marine-api.open-meteo.com/v1/marine?latitude=12.8698&longitude=74.8431&s
2024-07-25T21:00,12.8698,74.8431,Mangalore_Port,1.1489274495536428,2.88,2.8,0.42799999999999994,1.5769274495536427,RISING,Chart_Datum_LAT,Open-Meteo_Marine_Real+TidalModel,https://marine-api.open-meteo.com/v1/marine?latitude=12.8698&longitude=74.8431&s
2024-07-25T22:00,12.8698,74.8431,Mangalore_Port,1.5705382286463896,2.86,2.76,0.42399999999999993,1.9945382286463895,RISING,Chart_Datum_LAT,Open-Meteo_Marine_Real+TidalModel,https://marine-api.open-meteo.com/v1/marine?latitude=12.8698&longitude=74.8431&s
2024-07-25T23:00,12.8698,74.8431,Mangalore_Port,1.9112372718136152,2.82,2.72,0.418,2.329237271813615,HIGH,Chart_Datum_LAT,Open-Meteo_Marine_Real+TidalModel,https://marine-api.open-meteo.com/v1/marine?latitude=12.8698&longitude=74.8431&s
2024-07-26T00:00,12.8698,74.8431,Mangalore_Port,2.090480165717005,2.82,2.7,0.417,2.5074801657170047,HIGH,Chart_Datum_LAT,Open-Meteo_Marine_Real+TidalModel,https://marine-api.open-meteo.com/v1/marine?latitude=12.8698&longitude=74.8431&s
2024-07-26T01:00,12.8698,74.8431,Mangalore_Port,2.0667290178370843,2.84,2.7,0.419,2.4857290178370843,HIGH,Chart_Datum_LAT,Open-Meteo_Marine_Real+TidalModel,https://marine-api.open-meteo.com/v1/marine?latitude=12.8698&longitude=74.8431&s
2024-07-26T02:00,12.8698,74.8431,Mangalore_Port,1.8481155509111824,2.84,2.68,0.418,2.2661155509111826,HIGH,Chart_Datum_LAT,Open-Meteo_Marine_Real+TidalModel,https://marine-api.open-meteo.com/v1/marine?latitude=12.8698&longitude=74.8431&s
2024-07-26T03:00,12.8698,74.8431,Mangalore_Port,1.4907309339626083,2.86,2.68,0.42,1.9107309339626082,FALLING,Chart_Datum_LAT,Open-Meteo_Marine_Real+TidalModel,https://marine-api.open-meteo.com/v1/marine?latitude=12.8698&longitude=74.8431&s
2024-07-26T04:00,12.8698,74.8431,Mangalore_Port,1.0848294541627417,2.86,2.66,0.419,1.5038294541627417,FALLING,Chart_Datum_LAT,Open-Meteo_Marine_Real+TidalModel,https://marine-api.open-meteo.com/v1/marine?latitude=12.8698&longitude=74.8431&s
2024-07-26T05:00,12.8698,74.8431,Mangalore_Port,0.7322978245800397,2.88,2.66,0.421,1.1532978245800396,FALLING,Chart_Datum_LAT,Open-Meteo_Marine_Real+TidalModel,https://marine-api.open-meteo.com/v1/marine?latitude=12.8698&longitude=74.8431&s
2024-07-26T06:00,12.8698,74.8431,Mangalore_Port,0.520997030220179,2.88,2.7,0.423,0.943997030220179,LOW,Chart_Datum_LAT,Open-Meteo_Marine_Real+TidalModel,https://marine-api.open-meteo.com/v1/marine?latitude=12.8698&longitude=74.8431&s
2024-07-26T07:00,12.8698,74.8431,Mangalore_Port,0.5024450726706933,2.9,2.76,0.42799999999999994,0.9304450726706932,LOW,Chart_Datum_LAT,Open-Meteo_Marine_Real+TidalModel,https://marine-api.open-meteo.com/v1/marine?latitude=12.8698&longitude=74.8431&s
2024-07-26T08:00,12.8698,74.8431,Mangalore_Port,0.6785388525062824,2.9,2.8,0.42999999999999994,1.1085388525062823,LOW,Chart_Datum_LAT,Open-Meteo_Marine_Real+TidalModel,https://marine-api.open-meteo.com/v1/marine?latitude=12.8698&longitude=74.8431&s
2024-07-26T09:00,12.8698,74.8431,Mangalore_Port,1.0007855398330683,2.92,2.84,0.43399999999999994,1.4347855398330682,RISING,Chart_Datum_LAT,Open-Meteo_Marine_Real+TidalModel,https://marine-api.open-meteo.com/v1/marine?latitude=12.8698&longitude=74.8431&s
2024-07-26T10:00,12.8698,74.8431,Mangalore_Port,1.3823753303278736,2.94,2.86,0.43699999999999994,1.8193753303278735,RISING,Chart_Datum_LAT,Open-Meteo_Marine_Real+TidalModel,https://marine-api.open-meteo.com/v1/marine?latitude=12.8698&longitude=74.8431&s
2024-07-26T11:00,12.8698,74.8431,Mangalore_Port,1.720164970653062,2.96,2.9,0.44099999999999995,2.161164970653062,RISING,Chart_Datum_LAT,Open-Meteo_Marine_Real+TidalModel,https://marine-api.open-meteo.com/v1/marine?latitude=12.8698&longitude=74.8431&s
2024-07-26T12:00,12.8698,74.8431,Mangalore_Port,1.9210836200656636,2.98,2.92,0.44399999999999995,2.3650836200656635,HIGH,Chart_Datum_LAT,Open-Meteo_Marine_Real+TidalModel,https://marine-api.open-meteo.com/v1/marine?latitude=12.8698&longitude=74.8431&s
2024-07-26T13:00,12.8698,74.8431,Mangalore_Port,1.9262798653312623,3.02,2.96,0.45000000000000007,2.3762798653312625,HIGH,Chart_Datum_LAT,Open-Meteo_Marine_Real+TidalModel,https://marine-api.open-meteo.com/v1/marine?latitude=12.8698&longitude=74.8431&s
2024-07-26T14:00,12.8698,74.8431,Mangalore_Port,1.7268223539531031,3.04,2.98,0.45300000000000007,2.179822353953103,FALLING,Chart_Datum_LAT,Open-Meteo_Marine_Real+TidalModel,https://marine-api.open-meteo.com/v1/marine?latitude=12.8698&longitude=74.8431&s
2024-07-26T15:00,12.8698,74.8431,Mangalore_Port,1.3668423239265686,3.04,2.98,0.45300000000000007,1.8198423239265686,FALLING,Chart_Datum_LAT,Open-Meteo_Marine_Real+TidalModel,https://marine-api.open-meteo.com/v1/marine?latitude=12.8698&longitude=74.8431&s
2024-07-26T16:00,12.8698,74.8431,Mangalore_Port,0.9331553916665783,3.06,3.0,0.45600000000000007,1.3891553916665784,FALLING,Chart_Datum_LAT,Open-Meteo_Marine_Real+TidalModel,https://marine-api.open-meteo.com/v1/marine?latitude=12.8698&longitude=74.8431&s
2024-07-26T17:00,12.8698,74.8431,Mangalore_Port,0.5338332377661418,3.06,3.0,0.45600000000000007,0.9898332377661418,LOW,Chart_Datum_LAT,Open-Meteo_Marine_Real+TidalModel,https://marine-api.open-meteo.com/v1/marine?latitude=12.8698&longitude=74.8431&s
2024-07-26T18:00,12.8698,74.8431,Mangalore_Port,0.27104173295703404,3.06,3.0,0.45600000000000007,0.7270417329570341,LOW,Chart_Datum_LAT,Open-Meteo_Marine_Real+TidalModel,https://marine-api.open-meteo.com/v1/marine?latitude=12.8698&longitude=74.8431&s
2024-07-26T19:00,12.8698,74.8431,Mangalore_Port,0.21498787614368875,3.06,3.0,0.45600000000000007,0.6709878761436888,LOW,Chart_Datum_LAT,Open-Meteo_Marine_Real+TidalModel,https://marine-api.open-meteo.com/v1/marine?latitude=12.8698&longitude=74.8431&s
2024-07-26T20:00,12.8698,74.8431,Mangalore_Port,0.3856186298843559,3.06,3.0,0.45600000000000007,0.841618629884356,LOW,Chart_Datum_LAT,Open-Meteo_Marine_Real+TidalModel,https://marine-api.open-meteo.com/v1/marine?latitude=12.8698&longitude=74.8431&s
2024-07-26T21:00,12.8698,74.8431,Mangalore_Port,0.7468204575578791,3.06,3.0,0.45600000000000007,1.2028204575578791,RISING,Chart_Datum_LAT,Open-Meteo_Marine_Real+TidalModel,https://marine-api.open-meteo.com/v1/marine?latitude=12.8698&longitude=74.8431&s
2024-07-26T22:00,12.8698,74.8431,Mangalore_Port,1.214742064106945,3.06,3.0,0.45600000000000007,1.6707420641069453,RISING,Chart_Datum_LAT,Open-Meteo_Marine_Real+TidalModel,https://marine-api.open-meteo.com/v1/marine?latitude=12.8698&longitude=74.8431&s
2024-07-26T23:00,12.8698,74.8431,Mangalore_Port,1.6782873923009247,3.06,3.0,0.45600000000000007,2.1342873923009247,RISING,Chart_Datum_LAT,Open-Meteo_Marine_Real+TidalModel,https://marine-api.open-meteo.com/v1/marine?latitude=12.8698&longitude=74.8431&s
2024-07-27T00:00,12.8698,74.8431,Mangalore_Port,2.026707999203661,3.06,3.0,0.45600000000000007,2.482707999203661,HIGH,Chart_Datum_LAT,Open-Meteo_Marine_Real+TidalModel,https://marine-api.open-meteo.com/v1/marine?latitude=12.8698&longitude=74.8431&s
2024-07-27T01:00,12.8698,74.8431,Mangalore_Port,2.1773638709949825,3.06,3.02,0.4570000000000001,2.6343638709949824,HIGH,Chart_Datum_LAT,Open-Meteo_Marine_Real+TidalModel,https://marine-api.open-meteo.com/v1/marine?latitude=12.8698&longitude=74.8431&s
2024-07-27T02:00,12.8698,74.8431,Mangalore_Port,2.0966078359405804,3.06,3.02,0.4570000000000001,2.5536078359405803,HIGH,Chart_Datum_LAT,Open-Meteo_Marine_Real+TidalModel,https://marine-api.open-meteo.com/v1/marine?latitude=12.8698&longitude=74.8431&s
2024-07-27T03:00,12.8698,74.8431,Mangalore_Port,1.8084289415696775,3.04,3.0,0.45400000000000007,2.2624289415696777,HIGH,Chart_Datum_LAT,Open-Meteo_Marine_Real+TidalModel,https://marine-api.open-meteo.com/v1/marine?latitude=12.8698&longitude=74.8431&s
2024-07-27T04:00,12.8698,74.8431,Mangalore_Port,1.3885548192154866,3.02,3.0,0.45200000000000007,1.8405548192154866,FALLING,Chart_Datum_LAT,Open-Meteo_Marine_Real+TidalModel,https://marine-api.open-meteo.com/v1/marine?latitude=12.8698&longitude=74.8431&s
2024-07-27T05:00,12.8698,74.8431,Mangalore_Port,0.945394535849001,3.0,2.98,0.44900000000000007,1.394394535849001,FALLING,Chart_Datum_LAT,Open-Meteo_Marine_Real+TidalModel,https://marine-api.open-meteo.com/v1/marine?latitude=12.8698&longitude=74.8431&s
2024-07-27T06:00,12.8698,74.8431,Mangalore_Port,0.5925684178491402,2.96,2.94,0.44299999999999995,1.0355684178491402,LOW,Chart_Datum_LAT,Open-Meteo_Marine_Real+TidalModel,https://marine-api.open-meteo.com/v1/marine?latitude=12.8698&longitude=74.8431&s
2024-07-27T07:00,12.8698,74.8431,Mangalore_Port,0.419957639458007,2.94,2.92,0.43999999999999995,0.859957639458007,LOW,Chart_Datum_LAT,Open-Meteo_Marine_Real+TidalModel,https://marine-api.open-meteo.com/v1/marine?latitude=12.8698&longitude=74.8431&s
2024-07-27T08:00,12.8698,74.8431,Mangalore_Port,0.47064413196137067,2.9,2.88,0.43399999999999994,0.9046441319613706,LOW,Chart_Datum_LAT,Open-Meteo_Marine_Real+TidalModel,https://marine-api.open-meteo.com/v1/marine?latitude=12.8698&longitude=74.8431&s
2024-07-27T09:00,12.8698,74.8431,Mangalore_Port,0.7296717990367299,2.84,2.82,0.42499999999999993,1.1546717990367297,RISING,Chart_Datum_LAT,Open-Meteo_Marine_Real+TidalModel,https://marine-api.open-meteo.com/v1/marine?latitude=12.8698&longitude=74.8431&s
2024-07-27T10:00,12.8698,74.8431,Mangalore_Port,1.1275928667758888,2.8,2.76,0.4179999999999999,1.5455928667758887,RISING,Chart_Datum_LAT,Open-Meteo_Marine_Real+TidalModel,https://marine-api.open-meteo.com/v1/marine?latitude=12.8698&longitude=74.8431&s
2024-07-27T11:00,12.8698,74.8431,Mangalore_Port,1.5580121101669964,2.74,2.7,0.40900000000000003,1.9670121101669964,RISING,Chart_Datum_LAT,Open-Meteo_Marine_Real+TidalModel,https://marine-api.open-meteo.com/v1/marine?latitude=12.8698&longitude=74.8431&s
2024-07-27T12:00,12.8698,74.8431,Mangalore_Port,1.9047579295696688,2.72,2.68,0.406,2.310757929569669,HIGH,Chart_Datum_LAT,Open-Meteo_Marine_Real+TidalModel,https://marine-api.open-meteo.com/v1/marine?latitude=12.8698&longitude=74.8431&s
2024-07-27T13:00,12.8698,74.8431,Mangalore_Port,2.071810310307774,2.7,2.68,0.404,2.4758103103077738,HIGH,Chart_Datum_LAT,Open-Meteo_Marine_Real+TidalModel,https://marine-api.open-meteo.com/v1/marine?latitude=12.8698&longitude=74.8431&s
2024-07-27T14:00,12.8698,74.8431,Mangalore_Port,2.0083502772651682,2.68,2.66,0.401,2.409350277265168,HIGH,Chart_Datum_LAT,Open-Meteo_Marine_Real+TidalModel,https://marine-api.open-meteo.com/v1/marine?latitude=12.8698&longitude=74.8431&s
2024-07-27T15:00,12.8698,74.8431,Mangalore_Port,1.722474888570321,2.66,2.62,0.397,2.1194748885703207,FALLING,Chart_Datum_LAT,Open-Meteo_Marine_Real+TidalModel,https://marine-api.open-meteo.com/v1/marine?latitude=12.8698&longitude=74.8431&s
2024-07-27T16:00,12.8698,74.8431,Mangalore_Port,1.2799619118339016,2.62,2.6,0.392,1.6719619118339017,FALLING,Chart_Datum_LAT,Open-Meteo_Marine_Real+TidalModel,https://marine-api.open-meteo.com/v1/marine?latitude=12.8698&longitude=74.8431&s
2024-07-27T17:00,12.8698,74.8431,Mangalore_Port,0.7882575665397175,2.6,2.56,0.388,1.1762575665397175,FALLING,Chart_Datum_LAT,Open-Meteo_Marine_Real+TidalModel,https://marine-api.open-meteo.com/v1/marine?latitude=12.8698&longitude=74.8431&s
2024-07-27T18:00,12.8698,74.8431,Mangalore_Port,0.36963848096870444,2.58,2.54,0.385,0.7546384809687045,LOW,Chart_Datum_LAT,Open-Meteo_Marine_Real+TidalModel,https://marine-api.open-meteo.com/v1/marine?latitude=12.8698&longitude=74.8431&s
2024-07-27T19:00,12.8698,74.8431,Mangalore_Port,0.13029926189120822,2.54,2.5,0.379,0.5092992618912082,LOW,Chart_Datum_LAT,Open-Meteo_Marine_Real+TidalModel,https://marine-api.open-meteo.com/v1/marine?latitude=12.8698&longitude=74.8431&s
2024-07-27T20:00,12.8698,74.8431,Mangalore_Port,0.1332155797696275,2.52,2.48,0.376,0.5092155797696275,LOW,Chart_Datum_LAT,Open-Meteo_Marine_Real+TidalModel,https://marine-api.open-meteo.com/v1/marine?latitude=12.8698&longitude=74.8431&s
2024-07-27T21:00,12.8698,74.8431,Mangalore_Port,0.3817344761994348,2.5,2.46,0.373,0.7547344761994348,LOW,Chart_Datum_LAT,Open-Meteo_Marine_Real+TidalModel,https://marine-api.open-meteo.com/v1/marine?latitude=12.8698&longitude=74.8431&s
2024-07-27T22:00,12.8698,74.8431,Mangalore_Port,0.8181621460988036,2.5,2.42,0.371,1.1891621460988036,RISING,Chart_Datum_LAT,Open-Meteo_Marine_Real+TidalModel,https://marine-api.open-meteo.com/v1/marine?latitude=12.8698&longitude=74.8431&s
2024-07-27T23:00,12.8698,74.8431,Mangalore_Port,1.3378261337780715,2.48,2.4,0.368,1.7058261337780714,RISING,Chart_Datum_LAT,Open-Meteo_Marine_Real+TidalModel,https://marine-api.open-meteo.com/v1/marine?latitude=12.8698&longitude=74.8431&s
2024-07-28T00:00,12.8698,74.8431,Mangalore_Port,1.8151448898843676,2.48,2.4,0.368,2.1831448898843675,HIGH,Chart_Datum_LAT,Open-Meteo_Marine_Real+TidalModel,https://marine-api.open-meteo.com/v1/marine?latitude=12.8698&longitude=74.8431&s
2024-07-28T01:00,12.8698,74.8431,Mangalore_Port,2.1351501464164175,2.46,2.38,0.365,2.5001501464164173,HIGH,Chart_Datum_LAT,Open-Meteo_Marine_Real+TidalModel,https://marine-api.open-meteo.com/v1/marine?latitude=12.8698&longitude=74.8431&s
2024-07-28T02:00,12.8698,74.8431,Mangalore_Port,2.222472251636222,2.46,2.38,0.365,2.587472251636222,HIGH,Chart_Datum_LAT,Open-Meteo_Marine_Real+TidalModel,https://marine-api.open-meteo.com/v1/marine?latitude=12.8698&longitude=74.8431&s
2024-07-28T03:00,12.8698,74.8431,Mangalore_Port,2.0603942959305512,2.46,2.4,0.366,2.4263942959305513,HIGH,Chart_Datum_LAT,Open-Meteo_Marine_Real+TidalModel,https://marine-api.open-meteo.com/v1/marine?latitude=12.8698&longitude=74.8431&s
2024-07-28T04:00,12.8698,74.8431,Mangalore_Port,1.695069437111355,2.48,2.4,0.368,2.063069437111355,FALLING,Chart_Datum_LAT,Open-Meteo_Marine_Real+TidalModel,https://marine-api.open-meteo.com/v1/marine?latitude=12.8698&longitude=74.8431&s
2024-07-28T05:00,12.8698,74.8431,Mangalore_Port,1.2237538336458382,2.48,2.42,0.369,1.5927538336458382,FALLING,Chart_Datum_LAT,Open-Meteo_Marine_Real+TidalModel,https://marine-api.open-meteo.com/v1/marine?latitude=12.8698&longitude=74.8431&s
2024-07-28T06:00,12.8698,74.8431,Mangalore_Port,0.7699823920551249,2.5,2.44,0.372,1.1419823920551249,FALLING,Chart_Datum_LAT,Open-Meteo_Marine_Real+TidalModel,https://marine-api.open-meteo.com/v1/marine?latitude=12.8698&longitude=74.8431&s
2024-07-28T07:00,12.8698,74.8431,Mangalore_Port,0.4519660006774704,2.54,2.48,0.378,0.8299660006774704,LOW,Chart_Datum_LAT,Open-Meteo_Marine_Real+TidalModel,https://marine-api.open-meteo.com/v1/marine?latitude=12.8698&longitude=74.8431&s
2024-07-28T08:00,12.8698,74.8431,Mangalore_Port,0.3522551962998529,2.56,2.5,0.381,0.7332551962998529,LOW,Chart_Datum_LAT,Open-Meteo_Marine_Real+TidalModel,https://marine-api.open-meteo.com/v1/marine?latitude=12.8698&longitude=74.8431&s
2024-07-28T09:00,12.8698,74.8431,Mangalore_Port,0.49643462001118877,2.58,2.52,0.384,0.8804346200111888,LOW,Chart_Datum_LAT,Open-Meteo_Marine_Real+TidalModel,https://marine-api.open-meteo.com/v1/marine?latitude=12.8698&longitude=74.8431&s
2024-07-28T10:00,12.8698,74.8431,Mangalore_Port,0.8463445322411738,2.62,2.52,0.388,1.234344532241174,RISING,Chart_Datum_LAT,Open-Meteo_Marine_Real+TidalModel,https://marine-api.open-meteo.com/v1/marine?latitude=12.8698&longitude=74.8431&s
2024-07-28T11:00,12.8698,74.8431,Mangalore_Port,1.3096386028047262,2.64,2.54,0.391,1.7006386028047262,RISING,Chart_Datum_LAT,Open-Meteo_Marine_Real+TidalModel,https://marine-api.open-meteo.com/v1/marine?latitude=12.8698&longitude=74.8431&s
2024-07-28T12:00,12.8698,74.8431,Mangalore_Port,1.763316413442707,2.62,2.54,0.389,2.152316413442707,RISING,Chart_Datum_LAT,Open-Meteo_Marine_Real+TidalModel,https://marine-api.open-meteo.com/v1/marine?latitude=12.8698&longitude=74.8431&s
2024-07-28T13:00,12.8698,74.8431,Mangalore_Port,2.085279243315518,2.62,2.54,0.389,2.474279243315518,HIGH,Chart_Datum_LAT,Open-Meteo_Marine_Real+TidalModel,https://marine-api.open-meteo.com/v1/marine?latitude=12.8698&longitude=74.8431&s
2024-07-28T14:00,12.8698,74.8431,Mangalore_Port,2.185870838723898,2.6,2.54,0.387,2.572870838723898,HIGH,Chart_Datum_LAT,Open-Meteo_Marine_Real+TidalModel,https://marine-api.open-meteo.com/v1/marine?latitude=12.8698&longitude=74.8431&s
2024-07-28T15:00,12.8698,74.8431,Mangalore_Port,2.0313235000601395,2.6,2.52,0.386,2.4173235000601396,HIGH,Chart_Datum_LAT,Open-Meteo_Marine_Real+TidalModel,https://marine-api.open-meteo.com/v1/marine?latitude=12.8698&longitude=74.8431&s
2024-07-28T16:00,12.8698,74.8431,Mangalore_Port,1.6530557373571084,2.58,2.52,0.384,2.0370557373571083,FALLING,Chart_Datum_LAT,Open-Meteo_Marine_Real+TidalModel,https://marine-api.open-meteo.com/v1/marine?latitude=12.8698&longitude=74.8431&s
2024-07-28T17:00,12.8698,74.8431,Mangalore_Port,1.1403535404818743,2.58,2.5,0.383,1.5233535404818743,FALLING,Chart_Datum_LAT,Open-Meteo_Marine_Real+TidalModel,https://marine-api.open-meteo.com/v1/marine?latitude=12.8698&longitude=74.8431&s
2024-07-28T18:00,12.8698,74.8431,Mangalore_Port,0.6182034820326417,2.58,2.5,0.383,1.0012034820326416,LOW,Chart_Datum_LAT,Open-Meteo_Marine_Real+TidalModel,https://marine-api.open-meteo.com/v1/marine?latitude=12.8698&longitude=74.8431&s
2024-07-28T19:00,12.8698,74.8431,Mangalore_Port,0.215851684311414,2.56,2.5,0.381,0.596851684311414,LOW,Chart_Datum_LAT,Open-Meteo_Marine_Real+TidalModel,https://marine-api.open-meteo.com/v1/marine?latitude=12.8698&longitude=74.8431&s
2024-07-28T20:00,12.8698,74.8431,Mangalore_Port,0.034062120911267035,2.56,2.5,0.381,0.41506212091126704,LOW,Chart_Datum_LAT,Open-Meteo_Marine_Real+TidalModel,https://marine-api.open-meteo.com/v1/marine?latitude=12.8698&longitude=74.8431&s
2024-07-28T21:00,12.8698,74.8431,Mangalore_Port,0.11942002824948372,2.56,2.5,0.381,0.5004200282494837,LOW,Chart_Datum_LAT,Open-Meteo_Marine_Real+TidalModel,https://marine-api.open-meteo.com/v1/marine?latitude=12.8698&longitude=74.8431&s
2024-07-28T22:00,12.8698,74.8431,Mangalore_Port,0.4522666035499956,2.56,2.52,0.382,0.8342666035499956,LOW,Chart_Datum_LAT,Open-Meteo_Marine_Real+TidalModel,https://marine-api.open-meteo.com/v1/marine?latitude=12.8698&longitude=74.8431&s
2024-07-28T23:00,12.8698,74.8431,Mangalore_Port,0.9514001569992164,2.56,2.52,0.382,1.3334001569992164,RISING,Chart_Datum_LAT,Open-Meteo_Marine_Real+TidalModel,https://marine-api.open-meteo.com/v1/marine?latitude=12.8698&longitude=74.8431&s
2024-07-29T00:00,12.8698,74.8431,Mangalore_Port,1.4944118917731553,2.58,2.52,0.384,1.8784118917731552,RISING,Chart_Datum_LAT,Open-Meteo_Marine_Real+TidalModel,https://marine-api.open-meteo.com/v1/marine?latitude=12.8698&longitude=74.8431&s
2024-07-29T01:00,12.8698,74.8431,Mangalore_Port,1.9485295646773004,2.58,2.54,0.385,2.3335295646773004,HIGH,Chart_Datum_LAT,Open-Meteo_Marine_Real+TidalModel,https://marine-api.open-meteo.com/v1/marine?latitude=12.8698&longitude=74.8431&s
2024-07-29T02:00,12.8698,74.8431,Mangalore_Port,2.204142355835088,2.6,2.54,0.387,2.591142355835088,HIGH,Chart_Datum_LAT,Open-Meteo_Marine_Real+TidalModel,https://marine-api.open-meteo.com/v1/marine?latitude=12.8698&longitude=74.8431&s
2024-07-29T03:00,12.8698,74.8431,Mangalore_Port,2.2024708785748635,2.62,2.54,0.389,2.5914708785748637,HIGH,Chart_Datum_LAT,Open-Meteo_Marine_Real+TidalModel,https://marine-api.open-meteo.com/v1/marine?latitude=12.8698&longitude=74.8431&s
2024-07-29T04:00,12.8698,74.8431,Mangalore_Port,1.9503160906250456,2.64,2.54,0.391,2.3413160906250456,HIGH,Chart_Datum_LAT,Open-Meteo_Marine_Real+TidalModel,https://marine-api.open-meteo.com/v1/marine?latitude=12.8698&longitude=74.8431&s
2024-07-29T05:00,12.8698,74.8431,Mangalore_Port,1.518101527420777,2.66,2.54,0.393,1.911101527420777,FALLING,Chart_Datum_LAT,Open-Meteo_Marine_Real+TidalModel,https://marine-api.open-meteo.com/v1/marine?latitude=12.8698&longitude=74.8431&s
2024-07-29T06:00,12.8698,74.8431,Mangalore_Port,1.0216815724152761,2.68,2.56,0.396,1.417681572415276,FALLING,Chart_Datum_LAT,Open-Meteo_Marine_Real+TidalModel,https://marine-api.open-meteo.com/v1/marine?latitude=12.8698&longitude=74.8431&s
2024-07-29T07:00,12.8698,74.8431,Mangalore_Port,0.5925381591742265,2.68,2.58,0.397,0.9895381591742265,LOW,Chart_Datum_LAT,Open-Meteo_Marine_Real+TidalModel,https://marine-api.open-meteo.com/v1/marine?latitude=12.8698&longitude=74.8431&s
2024-07-29T08:00,12.8698,74.8431,Mangalore_Port,0.34396740060548603,2.7,2.6,0.4,0.743967400605486,LOW,Chart_Datum_LAT,Open-Meteo_Marine_Real+TidalModel,https://marine-api.open-meteo.com/v1/marine?latitude=12.8698&longitude=74.8431&s
2024-07-29T09:00,12.8698,74.8431,Mangalore_Port,0.3419005354129828,2.68,2.6,0.398,0.7399005354129828,LOW,Chart_Datum_LAT,Open-Meteo_Marine_Real+TidalModel,https://marine-api.open-meteo.com/v1/marine?latitude=12.8698&longitude=74.8431&s
2024-07-29T10:00,12.8698,74.8431,Mangalore_Port,0.5878379890892059,2.68,2.6,0.398,0.985837989089206,LOW,Chart_Datum_LAT,Open-Meteo_Marine_Real+TidalModel,https://marine-api.open-meteo.com/v1/marine?latitude=12.8698&longitude=74.8431&s
2024-07-29T11:00,12.8698,74.8431,Mangalore_Port,1.0182935379455316,2.66,2.6,0.396,1.4142935379455315,RISING,Chart_Datum_LAT,Open-Meteo_Marine_Real+TidalModel,https://marine-api.open-meteo.com/v1/marine?latitude=12.8698&longitude=74.8431&s
2024-07-29T12:00,12.8698,74.8431,Mangalore_Port,1.520931129801055,2.66,2.6,0.396,1.9169311298010552,RISING,Chart_Datum_LAT,Open-Meteo_Marine_Real+TidalModel,https://marine-api.open-meteo.com/v1/marine?latitude=12.8698&longitude=74.8431&s
2024-07-29T13:00,12.8698,74.8431,Mangalore_Port,1.9633054325713486,2.66,2.6,0.396,2.3593054325713485,HIGH,Chart_Datum_LAT,Open-Meteo_Marine_Real+TidalModel,https://marine-api.open-meteo.com/v1/marine?latitude=12.8698&longitude=74.8431&s
2024-07-29T14:00,12.8698,74.8431,Mangalore_Port,2.226881536777647,2.66,2.6,0.396,2.622881536777647,HIGH,Chart_Datum_LAT,Open-Meteo_Marine_Real+TidalModel,https://marine-api.open-meteo.com/v1/marine?latitude=12.8698&longitude=74.8431&s
2024-07-29T15:00,12.8698,74.8431,Mangalore_Port,2.237639795854544,2.66,2.6,0.396,2.633639795854544,HIGH,Chart_Datum_LAT,Open-Meteo_Marine_Real+TidalModel,https://marine-api.open-meteo.com/v1/marine?latitude=12.8698&longitude=74.8431&s
2024-07-29T16:00,12.8698,74.8431,Mangalore_Port,1.9854231440085188,2.66,2.62,0.397,2.382423144008519,HIGH,Chart_Datum_LAT,Open-Meteo_Marine_Real+TidalModel,https://marine-api.open-meteo.com/v1/marine?latitude=12.8698&longitude=74.8431&s
2024-07-29T17:00,12.8698,74.8431,Mangalore_Port,1.527043350261462,2.66,2.62,0.397,1.924043350261462,FALLING,Chart_Datum_LAT,Open-Meteo_Marine_Real+TidalModel,https://marine-api.open-meteo.com/v1/marine?latitude=12.8698&longitude=74.8431&s
2024-07-29T18:00,12.8698,74.8431,Mangalore_Port,0.9723022385672881,2.68,2.64,0.4,1.372302238567288,FALLING,Chart_Datum_LAT,Open-Meteo_Marine_Real+TidalModel,https://marine-api.open-meteo.com/v1/marine?latitude=12.8698&longitude=74.8431&s
2024-07-29T19:00,12.8698,74.8431,Mangalore_Port,0.4564475433148989,2.68,2.64,0.4,0.8564475433148989,LOW,Chart_Datum_LAT,Open-Meteo_Marine_Real+TidalModel,https://marine-api.open-meteo.com/v1/marine?latitude=12.8698&longitude=74.8431&s
2024-07-29T20:00,12.8698,74.8431,Mangalore_Port,0.10605516751042043,2.7,2.66,0.403,0.5090551675104205,LOW,Chart_Datum_LAT,Open-Meteo_Marine_Real+TidalModel,https://marine-api.open-meteo.com/v1/marine?latitude=12.8698&longitude=74.8431&s
2024-07-29T21:00,12.8698,74.8431,Mangalore_Port,0.007020828801587831,2.68,2.64,0.4,0.40702082880158785,LOW,Chart_Datum_LAT,Open-Meteo_Marine_Real+TidalModel,https://marine-api.open-meteo.com/v1/marine?latitude=12.8698&longitude=74.8431&s
2024-07-29T22:00,12.8698,74.8431,Mangalore_Port,0.18281935902427926,2.66,2.62,0.397,0.5798193590242793,LOW,Chart_Datum_LAT,Open-Meteo_Marine_Real+TidalModel,https://marine-api.open-meteo.com/v1/marine?latitude=12.8698&longitude=74.8431&s
2024-07-29T23:00,12.8698,74.8431,Mangalore_Port,0.5885804975512258,2.64,2.6,0.394,0.9825804975512258,LOW,Chart_Datum_LAT,Open-Meteo_Marine_Real+TidalModel,https://marine-api.open-meteo.com/v1/marine?latitude=12.8698&longitude=74.8431&s
2024-07-30T00:00,12.8698,74.8431,Mangalore_Port,1.1225005448505256,2.64,2.6,0.394,1.5165005448505258,RISING,Chart_Datum_LAT,Open-Meteo_Marine_Real+TidalModel,https://marine-api.open-meteo.com/v1/marine?latitude=12.8698&longitude=74.8431&s
2024-07-30T01:00,12.8698,74.8431,Mangalore_Port,1.6516883032922696,2.62,2.58,0.391,2.0426883032922696,RISING,Chart_Datum_LAT,Open-Meteo_Marine_Real+TidalModel,https://marine-api.open-meteo.com/v1/marine?latitude=12.8698&longitude=74.8431&s
2024-07-30T02:00,12.8698,74.8431,Mangalore_Port,2.0458609652973463,2.62,2.58,0.391,2.4368609652973463,HIGH,Chart_Datum_LAT,Open-Meteo_Marine_Real+TidalModel,https://marine-api.open-meteo.com/v1/marine?latitude=12.8698&longitude=74.8431&s
2024-07-30T03:00,12.8698,74.8431,Mangalore_Port,2.210302715850893,2.62,2.56,0.39,2.6003027158508933,HIGH,Chart_Datum_LAT,Open-Meteo_Marine_Real+TidalModel,https://marine-api.open-meteo.com/v1/marine?latitude=12.8698&longitude=74.8431&s
2024-07-30T04:00,12.8698,74.8431,Mangalore_Port,2.1096884583307163,2.6,2.54,0.387,2.4966884583307163,HIGH,Chart_Datum_LAT,Open-Meteo_Marine_Real+TidalModel,https://marine-api.open-meteo.com/v1/marine?latitude=12.8698&longitude=74.8431&s
2024-07-30T05:00,12.8698,74.8431,Mangalore_Port,1.7767094501836231,2.6,2.52,0.386,2.1627094501836233,FALLING,Chart_Datum_LAT,Open-Meteo_Marine_Real+TidalModel,https://marine-api.open-meteo.com/v1/marine?latitude=12.8698&longitude=74.8431&s
2024-07-30T06:00,12.8698,74.8431,Mangalore_Port,1.3033204800335865,2.78,2.7,0.413,1.7163204800335865,FALLING,Chart_Datum_LAT,Open-Meteo_Marine_Real+TidalModel,https://marine-api.open-meteo.com/v1/marine?latitude=12.8698&longitude=74.8431&s
2024-07-30T07:00,12.8698,74.8431,Mangalore_Port,0.8168671915976164,2.94,2.88,0.43799999999999994,1.2548671915976164,FALLING,Chart_Datum_LAT,Open-Meteo_Marine_Real+TidalModel,https://marine-api.open-meteo.com/v1/marine?latitude=12.8698&longitude=74.8431&s
2024-07-30T08:00,12.8698,74.8431,Mangalore_Port,0.4472126726328438,3.12,3.06,0.4650000000000001,0.9122126726328439,LOW,Chart_Datum_LAT,Open-Meteo_Marine_Real+TidalModel,https://marine-api.open-meteo.com/v1/marine?latitude=12.8698&longitude=74.8431&s
2024-07-30T09:00,12.8698,74.8431,Mangalore_Port,0.29327789588274433,3.06,3.0,0.45600000000000007,0.7492778958827444,LOW,Chart_Datum_LAT,Open-Meteo_Marine_Real+TidalModel,https://marine-api.open-meteo.com/v1/marine?latitude=12.8698&longitude=74.8431&s
2024-07-30T10:00,12.8698,74.8431,Mangalore_Port,0.3975548152881099,2.98,2.94,0.44499999999999995,0.8425548152881098,LOW,Chart_Datum_LAT,Open-Meteo_Marine_Real+TidalModel,https://marine-api.open-meteo.com/v1/marine?latitude=12.8698&longitude=74.8431&s
2024-07-30T11:00,12.8698,74.8431,Mangalore_Port,0.735107910699547,2.92,2.88,0.43599999999999994,1.171107910699547,RISING,Chart_Datum_LAT,Open-Meteo_Marine_Real+TidalModel,https://marine-api.open-meteo.com/v1/marine?latitude=12.8698&longitude=74.8431&s
2024-07-30T12:00,12.8698,74.8431,Mangalore_Port,1.2198730015676047,2.88,2.84,0.42999999999999994,1.6498730015676046,RISING,Chart_Datum_LAT,Open-Meteo_Marine_Real+TidalModel,https://marine-api.open-meteo.com/v1/marine?latitude=12.8698&longitude=74.8431&s
2024-07-30T13:00,12.8698,74.8431,Mangalore_Port,1.72663960677778,2.82,2.78,0.42099999999999993,2.14763960677778,RISING,Chart_Datum_LAT,Open-Meteo_Marine_Real+TidalModel,https://marine-api.open-meteo.com/v1/marine?latitude=12.8698&longitude=74.8431&s
2024-07-30T14:00,12.8698,74.8431,Mangalore_Port,2.123095717870518,2.78,2.74,0.415,2.538095717870518,HIGH,Chart_Datum_LAT,Open-Meteo_Marine_Real+TidalModel,https://marine-api.open-meteo.com/v1/marine?latitude=12.8698&longitude=74.8431&s
2024-07-30T15:00,12.8698,74.8431,Mangalore_Port,2.303745294366065,2.76,2.72,0.412,2.715745294366065,HIGH,Chart_Datum_LAT,Open-Meteo_Marine_Real+TidalModel,https://marine-api.open-meteo.com/v1/marine?latitude=12.8698&longitude=74.8431&s
2024-07-30T16:00,12.8698,74.8431,Mangalore_Port,2.217034124062229,2.74,2.68,0.40800000000000003,2.625034124062229,HIGH,Chart_Datum_LAT,Open-Meteo_Marine_Real+TidalModel,https://marine-api.open-meteo.com/v1/marine?latitude=12.8698&longitude=74.8431&s
2024-07-30T17:00,12.8698,74.8431,Mangalore_Port,1.8787581543898462,2.72,2.66,0.405,2.2837581543898464,HIGH,Chart_Datum_LAT,Open-Meteo_Marine_Real+TidalModel,https://marine-api.open-meteo.com/v1/marine?latitude=12.8698&longitude=74.8431&s
2024-07-30T18:00,12.8698,74.8431,Mangalore_Port,1.3683335349190622,2.68,2.62,0.399,1.7673335349190622,FALLING,Chart_Datum_LAT,Open-Meteo_Marine_Real+TidalModel,https://marine-api.open-meteo.com/v1/marine?latitude=12.8698&longitude=74.8431&s
2024-07-30T19:00,12.8698,74.8431,Mangalore_Port,0.8088821007705707,2.64,2.6,0.394,1.2028821007705708,FALLING,Chart_Datum_LAT,Open-Meteo_Marine_Real+TidalModel,https://marine-api.open-meteo.com/v1/marine?latitude=12.8698&longitude=74.8431&s
2024-07-30T20:00,12.8698,74.8431,Mangalore_Port,0.3362116909955404,2.6,2.56,0.388,0.7242116909955404,LOW,Chart_Datum_LAT,Open-Meteo_Marine_Real+TidalModel,https://marine-api.open-meteo.com/v1/marine?latitude=12.8698&longitude=74.8431&s
2024-07-30T21:00,12.8698,74.8431,Mangalore_Port,0.06459462003543326,2.58,2.54,0.385,0.44959462003543327,LOW,Chart_Datum_LAT,Open-Meteo_Marine_Real+TidalModel,https://marine-api.open-meteo.com/v1/marine?latitude=12.8698&longitude=74.8431&s
2024-07-30T22:00,12.8698,74.8431,Mangalore_Port,0.058051135155879674,2.54,2.5,0.379,0.4370511351558797,LOW,Chart_Datum_LAT,Open-Meteo_Marine_Real+TidalModel,https://marine-api.open-meteo.com/v1/marine?latitude=12.8698&longitude=74.8431&s
2024-07-30T23:00,12.8698,74.8431,Mangalore_Port,0.31442642279943733,2.52,2.48,0.376,0.6904264227994373,LOW,Chart_Datum_LAT,Open-Meteo_Marine_Real+TidalModel,https://marine-api.open-meteo.com/v1/marine?latitude=12.8698&longitude=74.8431&s
2024-07-31T00:00,12.8698,74.8431,Mangalore_Port,0.7662760426765036,2.5,2.44,0.372,1.1382760426765035,RISING,Chart_Datum_LAT,Open-Meteo_Marine_Real+TidalModel,https://marine-api.open-meteo.com/v1/marine?latitude=12.8698&longitude=74.8431&s
2024-07-31T01:00,12.8698,74.8431,Mangalore_Port,1.2982849047549436,2.46,2.42,0.367,1.6652849047549436,RISING,Chart_Datum_LAT,Open-Meteo_Marine_Real+TidalModel,https://marine-api.open-meteo.com/v1/marine?latitude=12.8698&longitude=74.8431&s
2024-07-31T02:00,12.8698,74.8431,Mangalore_Port,1.7767358937614066,2.44,2.38,0.363,2.1397358937614066,RISING,Chart_Datum_LAT,Open-Meteo_Marine_Real+TidalModel,https://marine-api.open-meteo.com/v1/marine?latitude=12.8698&longitude=74.8431&s
2024-07-31T03:00,12.8698,74.8431,Mangalore_Port,2.0834895424016056,2.44,2.38,0.363,2.4464895424016055,HIGH,Chart_Datum_LAT,Open-Meteo_Marine_Real+TidalModel,https://marine-api.open-meteo.com/v1/marine?latitude=12.8698&longitude=74.8431&s
2024-07-31T04:00,12.8698,74.8431,Mangalore_Port,2.1458118976080622,2.42,2.38,0.361,2.5068118976080624,HIGH,Chart_Datum_LAT,Open-Meteo_Marine_Real+TidalModel,https://marine-api.open-meteo.com/v1/marine?latitude=12.8698&longitude=74.8431&s
2024-07-31T05:00,12.8698,74.8431,Mangalore_Port,1.9544752138162318,2.42,2.38,0.361,2.3154752138162316,HIGH,Chart_Datum_LAT,Open-Meteo_Marine_Real+TidalModel,https://marine-api.open-meteo.com/v1/marine?latitude=12.8698&longitude=74.8431&s
2024-07-31T06:00,12.8698,74.8431,Mangalore_Port,1.5655713546554701,2.44,2.38,0.363,1.9285713546554701,FALLING,Chart_Datum_LAT,Open-Meteo_Marine_Real+TidalModel,https://marine-api.open-meteo.com/v1/marine?latitude=12.8698&longitude=74.8431&s
2024-07-31T07:00,12.8698,74.8431,Mangalore_Port,1.0856456841928392,2.44,2.4,0.364,1.4496456841928391,FALLING,Chart_Datum_LAT,Open-Meteo_Marine_Real+TidalModel,https://marine-api.open-meteo.com/v1/marine?latitude=12.8698&longitude=74.8431&s
2024-07-31T08:00,12.8698,74.8431,Mangalore_Port,0.6440129651474719,2.46,2.4,0.366,1.0100129651474719,LOW,Chart_Datum_LAT,Open-Meteo_Marine_Real+TidalModel,https://marine-api.open-meteo.com/v1/marine?latitude=12.8698&longitude=74.8431&s
2024-07-31T09:00,12.8698,74.8431,Mangalore_Port,0.35937111502692787,2.46,2.4,0.366,0.7253711150269279,LOW,Chart_Datum_LAT,Open-Meteo_Marine_Real+TidalModel,https://marine-api.open-meteo.com/v1/marine?latitude=12.8698&longitude=74.8431&s
2024-07-31T10:00,12.8698,74.8431,Mangalore_Port,0.3092570309588436,2.44,2.4,0.364,0.6732570309588436,LOW,Chart_Datum_LAT,Open-Meteo_Marine_Real+TidalModel,https://marine-api.open-meteo.com/v1/marine?latitude=12.8698&longitude=74.8431&s
2024-07-31T11:00,12.8698,74.8431,Mangalore_Port,0.5101332607672286,2.44,2.4,0.364,0.8741332607672286,LOW,Chart_Datum_LAT,Open-Meteo_Marine_Real+TidalModel,https://marine-api.open-meteo.com/v1/marine?latitude=12.8698&longitude=74.8431&s
2024-07-31T12:00,12.8698,74.8431,Mangalore_Port,0.9131556426267463,2.44,2.4,0.364,1.2771556426267463,RISING,Chart_Datum_LAT,Open-Meteo_Marine_Real+TidalModel,https://marine-api.open-meteo.com/v1/marine?latitude=12.8698&longitude=74.8431&s
2024-07-31T13:00,12.8698,74.8431,Mangalore_Port,1.4166558585357418,2.42,2.38,0.361,1.7776558585357418,RISING,Chart_Datum_LAT,Open-Meteo_Marine_Real+TidalModel,https://marine-api.open-meteo.com/v1/marine?latitude=12.8698&longitude=74.8431&s
2024-07-31T14:00,12.8698,74.8431,Mangalore_Port,1.8921079649000636,2.42,2.38,0.361,2.253107964900064,HIGH,Chart_Datum_LAT,Open-Meteo_Marine_Real+TidalModel,https://marine-api.open-meteo.com/v1/marine?latitude=12.8698&longitude=74.8431&s
2024-07-31T15:00,12.8698,74.8431,Mangalore_Port,2.2169225423005483,2.4,2.36,0.358,2.5749225423005484,HIGH,Chart_Datum_LAT,Open-Meteo_Marine_Real+TidalModel,https://marine-api.open-meteo.com/v1/marine?latitude=12.8698&longitude=74.8431&s
2024-07-31T16:00,12.8698,74.8431,Mangalore_Port,2.3056958274310095,2.38,2.36,0.356,2.6616958274310094,HIGH,Chart_Datum_LAT,Open-Meteo_Marine_Real+TidalModel,https://marine-api.open-meteo.com/v1/marine?latitude=12.8698&longitude=74.8431&s
2024-07-31T17:00,12.8698,74.8431,Mangalore_Port,2.1319643525625427,2.36,2.34,0.353,2.4849643525625424,HIGH,Chart_Datum_LAT,Open-Meteo_Marine_Real+TidalModel,https://marine-api.open-meteo.com/v1/marine?latitude=12.8698&longitude=74.8431&s
2024-07-31T18:00,12.8698,74.8431,Mangalore_Port,1.734961322107135,2.34,2.32,0.35,2.084961322107135,FALLING,Chart_Datum_LAT,Open-Meteo_Marine_Real+TidalModel,https://marine-api.open-meteo.com/v1/marine?latitude=12.8698&longitude=74.8431&s
2024-07-31T19:00,12.8698,74.8431,Mangalore_Port,1.2097073782589651,2.34,2.3,0.349,1.558707378258965,FALLING,Chart_Datum_LAT,Open-Meteo_Marine_Real+TidalModel,https://marine-api.open-meteo.com/v1/marine?latitude=12.8698&longitude=74.8431&s
2024-07-31T20:00,12.8698,74.8431,Mangalore_Port,0.6830122767917682,2.32,2.28,0.346,1.0290122767917682,LOW,Chart_Datum_LAT,Open-Meteo_Marine_Real+TidalModel,https://marine-api.open-meteo.com/v1/marine?latitude=12.8698&longitude=74.8431&s
2024-07-31T21:00,12.8698,74.8431,Mangalore_Port,0.2815329187155682,2.3,2.26,0.34299999999999997,0.6245329187155682,LOW,Chart_Datum_LAT,Open-Meteo_Marine_Real+TidalModel,https://marine-api.open-meteo.com/v1/marine?latitude=12.8698&longitude=74.8431&s
2024-07-31T22:00,12.8698,74.8431,Mangalore_Port,0.10002200898003633,2.28,2.22,0.33899999999999997,0.4390220089800363,LOW,Chart_Datum_LAT,Open-Meteo_Marine_Real+TidalModel,https://marine-api.open-meteo.com/v1/marine?latitude=12.8698&longitude=74.8431&s
2024-07-31T23:00,12.8698,74.8431,Mangalore_Port,0.17781217786335435,2.26,2.2,0.33599999999999997,0.5138121778633543,LOW,Chart_Datum_LAT,Open-Meteo_Marine_Real+TidalModel,https://marine-api.open-meteo.com/v1/marine?latitude=12.8698&longitude=74.8431&s
2024-08-01T00:00,12.8698,74.8431,Mangalore_Port,0.4894463281999505,2.24,2.18,0.3330000000000001,0.8224463281999506,LOW,Chart_Datum_LAT,Open-Meteo_Marine_Real+TidalModel,https://marine-api.open-meteo.com/v1/marine?latitude=12.8698&longitude=74.8431&s
2024-08-01T01:00,12.8698,74.8431,Mangalore_Port,0.9517402396927486,2.24,2.18,0.3330000000000001,1.2847402396927485,RISING,Chart_Datum_LAT,Open-Meteo_Marine_Real+TidalModel,https://marine-api.open-meteo.com/v1/marine?latitude=12.8698&longitude=74.8431&s
2024-08-01T02:00,12.8698,74.8431,Mangalore_Port,1.4453784135872336,2.22,2.16,0.33000000000000007,1.7753784135872337,RISING,Chart_Datum_LAT,Open-Meteo_Marine_Real+TidalModel,https://marine-api.open-meteo.com/v1/marine?latitude=12.8698&longitude=74.8431&s
2024-08-01T03:00,12.8698,74.8431,Mangalore_Port,1.8454664111696095,2.2,2.14,0.32700000000000007,2.1724664111696095,HIGH,Chart_Datum_LAT,Open-Meteo_Marine_Real+TidalModel,https://marine-api.open-meteo.com/v1/marine?latitude=12.8698&longitude=74.8431&s
2024-08-01T04:00,12.8698,74.8431,Mangalore_Port,2.0532247948937177,2.18,2.14,0.32500000000000007,2.378224794893718,HIGH,Chart_Datum_LAT,Open-Meteo_Marine_Real+TidalModel,https://marine-api.open-meteo.com/v1/marine?latitude=12.8698&longitude=74.8431&s
2024-08-01T05:00,12.8698,74.8431,Mangalore_Port,2.0207715814522906,2.16,2.12,0.32200000000000006,2.3427715814522907,HIGH,Chart_Datum_LAT,Open-Meteo_Marine_Real+TidalModel,https://marine-api.open-meteo.com/v1/marine?latitude=12.8698&longitude=74.8431&s
2024-08-01T06:00,12.8698,74.8431,Mangalore_Port,1.7627499553251456,2.14,2.1,0.31900000000000006,2.0817499553251455,FALLING,Chart_Datum_LAT,Open-Meteo_Marine_Real+TidalModel,https://marine-api.open-meteo.com/v1/marine?latitude=12.8698&longitude=74.8431&s
2024-08-01T07:00,12.8698,74.8431,Mangalore_Port,1.3519426786107576,2.14,2.1,0.31900000000000006,1.6709426786107575,FALLING,Chart_Datum_LAT,Open-Meteo_Marine_Real+TidalModel,https://marine-api.open-meteo.com/v1/marine?latitude=12.8698&longitude=74.8431&s
2024-08-01T08:00,12.8698,74.8431,Mangalore_Port,0.9001034684590119,2.12,2.08,0.31600000000000006,1.216103468459012,FALLING,Chart_Datum_LAT,Open-Meteo_Marine_Real+TidalModel,https://marine-api.open-meteo.com/v1/marine?latitude=12.8698&longitude=74.8431&s
2024-08-01T09:00,12.8698,74.8431,Mangalore_Port,0.5289845505597401,2.1,2.02,0.31100000000000005,0.8399845505597402,LOW,Chart_Datum_LAT,Open-Meteo_Marine_Real+TidalModel,https://marine-api.open-meteo.com/v1/marine?latitude=12.8698&longitude=74.8431&s
2024-08-01T10:00,12.8698,74.8431,Mangalore_Port,0.3389980217868014,2.1,1.94,0.30700000000000005,0.6459980217868014,LOW,Chart_Datum_LAT,Open-Meteo_Marine_Real+TidalModel,https://marine-api.open-meteo.com/v1/marine?latitude=12.8698&longitude=74.8431&s
2024-08-01T11:00,12.8698,74.8431,Mangalore_Port,0.3835005517058119,2.08,1.88,0.30200000000000005,0.6855005517058119,LOW,Chart_Datum_LAT,Open-Meteo_Marine_Real+TidalModel,https://marine-api.open-meteo.com/v1/marine?latitude=12.8698&longitude=74.8431&s
2024-08-01T12:00,12.8698,74.8431,Mangalore_Port,0.6552092340048247,2.06,1.84,0.29800000000000004,0.9532092340048247,LOW,Chart_Datum_LAT,Open-Meteo_Marine_Real+TidalModel,https://marine-api.open-meteo.com/v1/marine?latitude=12.8698&longitude=74.8431&s
2024-08-01T13:00,12.8698,74.8431,Mangalore_Port,1.0881317370828472,2.06,1.8,0.29600000000000004,1.3841317370828472,RISING,Chart_Datum_LAT,Open-Meteo_Marine_Real+TidalModel,https://marine-api.open-meteo.com/v1/marine?latitude=12.8698&longitude=74.8431&s
2024-08-01T14:00,12.8698,74.8431,Mangalore_Port,1.5744316453036444,2.04,1.76,0.29200000000000004,1.8664316453036445,RISING,Chart_Datum_LAT,Open-Meteo_Marine_Real+TidalModel,https://marine-api.open-meteo.com/v1/marine?latitude=12.8698&longitude=74.8431&s
2024-08-01T15:00,12.8698,74.8431,Mangalore_Port,1.991862273240708,2.04,1.78,0.29300000000000004,2.2848622732407082,HIGH,Chart_Datum_LAT,Open-Meteo_Marine_Real+TidalModel,https://marine-api.open-meteo.com/v1/marine?latitude=12.8698&longitude=74.8431&s
2024-08-01T16:00,12.8698,74.8431,Mangalore_Port,2.234749609321459,2.02,1.82,0.29300000000000004,2.527749609321459,HIGH,Chart_Datum_LAT,Open-Meteo_Marine_Real+TidalModel,https://marine-api.open-meteo.com/v1/marine?latitude=12.8698&longitude=74.8431&s
2024-08-01T17:00,12.8698,74.8431,Mangalore_Port,2.2406522244084717,2.02,1.84,0.29400000000000004,2.5346522244084717,HIGH,Chart_Datum_LAT,Open-Meteo_Marine_Real+TidalModel,https://marine-api.open-meteo.com/v1/marine?latitude=12.8698&longitude=74.8431&s
2024-08-01T18:00,12.8698,74.8431,Mangalore_Port,2.005975708310231,2.06,1.92,0.30200000000000005,2.3079757083102312,HIGH,Chart_Datum_LAT,Open-Meteo_Marine_Real+TidalModel,https://marine-api.open-meteo.com/v1/marine?latitude=12.8698&longitude=74.8431&s
2024-08-01T19:00,12.8698,74.8431,Mangalore_Port,1.5866643377871152,2.1,2.02,0.31100000000000005,1.8976643377871154,FALLING,Chart_Datum_LAT,Open-Meteo_Marine_Real+TidalModel,https://marine-api.open-meteo.com/v1/marine?latitude=12.8698&longitude=74.8431&s
2024-08-01T20:00,12.8698,74.8431,Mangalore_Port,1.0838983548500964,2.14,2.1,0.31900000000000006,1.4028983548500964,FALLING,Chart_Datum_LAT,Open-Meteo_Marine_Real+TidalModel,https://marine-api.open-meteo.com/v1/marine?latitude=12.8698&longitude=74.8431&s
2024-08-01T21:00,12.8698,74.8431,Mangalore_Port,0.6185189205920023,2.12,2.08,0.31600000000000006,0.9345189205920024,LOW,Chart_Datum_LAT,Open-Meteo_Marine_Real+TidalModel,https://marine-api.open-meteo.com/v1/marine?latitude=12.8698&longitude=74.8431&s
2024-08-01T22:00,12.8698,74.8431,Mangalore_Port,0.30072316605068494,2.08,2.04,0.31000000000000005,0.610723166050685,LOW,Chart_Datum_LAT,Open-Meteo_Marine_Real+TidalModel,https://marine-api.open-meteo.com/v1/marine?latitude=12.8698&longitude=74.8431&s
2024-08-01T23:00,12.8698,74.8431,Mangalore_Port,0.20271245334828758,2.06,2.02,0.30700000000000005,0.5097124533482876,LOW,Chart_Datum_LAT,Open-Meteo_Marine_Real+TidalModel,https://marine-api.open-meteo.com/v1/marine?latitude=12.8698&longitude=74.8431&s
2024-08-02T00:00,12.8698,74.8431,Mangalore_Port,0.34116359556705733,2.04,2.0,0.30400000000000005,0.6451635955670574,LOW,Chart_Datum_LAT,Open-Meteo_Marine_Real+TidalModel,https://marine-api.open-meteo.com/v1/marine?latitude=12.8698&longitude=74.8431&s
2024-08-02T01:00,12.8698,74.8431,Mangalore_Port,0.6738486343503884,2.04,1.98,0.30300000000000005,0.9768486343503885,LOW,Chart_Datum_LAT,Open-Meteo_Marine_Real+TidalModel,https://marine-api.open-meteo.com/v1/marine?latitude=12.8698&longitude=74.8431&s
2024-08-02T02:00,12.8698,74.8431,Mangalore_Port,1.1111136260026173,2.02,1.96,0.30000000000000004,1.4111136260026174,RISING,Chart_Datum_LAT,Open-Meteo_Marine_Real+TidalModel,https://marine-api.open-meteo.com/v1/marine?latitude=12.8698&longitude=74.8431&s
2024-08-02T03:00,12.8698,74.8431,Mangalore_Port,1.5391657352053836,2.0,1.92,0.29600000000000004,1.8351657352053836,RISING,Chart_Datum_LAT,Open-Meteo_Marine_Real+TidalModel,https://marine-api.open-meteo.com/v1/marine?latitude=12.8698&longitude=74.8431&s
2024-08-02T04:00,12.8698,74.8431,Mangalore_Port,1.849164052619125,2.0,1.86,0.29300000000000004,2.1421640526191252,HIGH,Chart_Datum_LAT,Open-Meteo_Marine_Real+TidalModel,https://marine-api.open-meteo.com/v1/marine?latitude=12.8698&longitude=74.8431&s
2024-08-02T05:00,12.8698,74.8431,Mangalore_Port,1.964702679494878,1.98,1.82,0.28900000000000003,2.2537026794948782,HIGH,Chart_Datum_LAT,Open-Meteo_Marine_Real+TidalModel,https://marine-api.open-meteo.com/v1/marine?latitude=12.8698&longitude=74.8431&s
2024-08-02T06:00,12.8698,74.8431,Mangalore_Port,1.8607556669059533,1.98,1.76,0.28600000000000003,2.1467556669059533,HIGH,Chart_Datum_LAT,Open-Meteo_Marine_Real+TidalModel,https://marine-api.open-meteo.com/v1/marine?latitude=12.8698&longitude=74.8431&s
2024-08-02T07:00,12.8698,74.8431,Mangalore_Port,1.5693820593938983,1.98,1.68,0.28200000000000003,1.8513820593938983,FALLING,Chart_Datum_LAT,Open-Meteo_Marine_Real+TidalModel,https://marine-api.open-meteo.com/v1/marine?latitude=12.8698&longitude=74.8431&s
2024-08-02T08:00,12.8698,74.8431,Mangalore_Port,1.1708844453356466,1.98,1.62,0.279,1.4498844453356465,FALLING,Chart_Datum_LAT,Open-Meteo_Marine_Real+TidalModel,https://marine-api.open-meteo.com/v1/marine?latitude=12.8698&longitude=74.8431&s
2024-08-02T09:00,12.8698,74.8431,Mangalore_Port,0.7728057261022775,1.98,1.64,0.28,1.0528057261022776,FALLING,Chart_Datum_LAT,Open-Meteo_Marine_Real+TidalModel,https://marine-api.open-meteo.com/v1/marine?latitude=12.8698&longitude=74.8431&s
2024-08-02T10:00,12.8698,74.8431,Mangalore_Port,0.48220000951393116,2.0,1.64,0.28200000000000003,0.7642000095139312,LOW,Chart_Datum_LAT,Open-Meteo_Marine_Real+TidalModel,https://marine-api.open-meteo.com/v1/marine?latitude=12.8698&longitude=74.8431&s
2024-08-02T11:00,12.8698,74.8431,Mangalore_Port,0.378259975317751,2.0,1.66,0.28300000000000003,0.661259975317751,LOW,Chart_Datum_LAT,Open-Meteo_Marine_Real+TidalModel,https://marine-api.open-meteo.com/v1/marine?latitude=12.8698&longitude=74.8431&s
2024-08-02T12:00,12.8698,74.8431,Mangalore_Port,0.49222332360287113,2.0,1.68,0.28400000000000003,0.7762233236028712,LOW,Chart_Datum_LAT,Open-Meteo_Marine_Real+TidalModel,https://marine-api.open-meteo.com/v1/marine?latitude=12.8698&longitude=74.8431&s
2024-08-02T13:00,12.8698,74.8431,Mangalore_Port,0.7995743462149212,2.0,1.72,0.28600000000000003,1.0855743462149212,RISING,Chart_Datum_LAT,Open-Meteo_Marine_Real+TidalModel,https://marine-api.open-meteo.com/v1/marine?latitude=12.8698&longitude=74.8431&s
2024-08-02T14:00,12.8698,74.8431,Mangalore_Port,1.226403301444863,2.0,1.74,0.28700000000000003,1.5134033014448631,RISING,Chart_Datum_LAT,Open-Meteo_Marine_Real+TidalModel,https://marine-api.open-meteo.com/v1/marine?latitude=12.8698&longitude=74.8431&s
2024-08-02T15:00,12.8698,74.8431,Mangalore_Port,1.6681955825599626,2.0,1.68,0.28400000000000003,1.9521955825599626,RISING,Chart_Datum_LAT,Open-Meteo_Marine_Real+TidalModel,https://marine-api.open-meteo.com/v1/marine?latitude=12.8698&longitude=74.8431&s
2024-08-02T16:00,12.8698,74.8431,Mangalore_Port,2.016205526475849,2.0,1.64,0.28200000000000003,2.298205526475849,HIGH,Chart_Datum_LAT,Open-Meteo_Marine_Real+TidalModel,https://marine-api.open-meteo.com/v1/marine?latitude=12.8698&longitude=74.8431&s
2024-08-02T17:00,12.8698,74.8431,Mangalore_Port,2.1847071964856237,2.0,1.58,0.279,2.4637071964856236,HIGH,Chart_Datum_LAT,Open-Meteo_Marine_Real+TidalModel,https://marine-api.open-meteo.com/v1/marine?latitude=12.8698&longitude=74.8431&s
2024-08-02T18:00,12.8698,74.8431,Mangalore_Port,2.1322622043449124,1.98,1.56,0.276,2.4082622043449122,HIGH,Chart_Datum_LAT,Open-Meteo_Marine_Real+TidalModel,https://marine-api.open-meteo.com/v1/marine?latitude=12.8698&longitude=74.8431&s
2024-08-02T19:00,12.8698,74.8431,Mangalore_Port,1.8717216066082316,1.98,1.56,0.276,2.147721606608232,HIGH,Chart_Datum_LAT,Open-Meteo_Marine_Real+TidalModel,https://marine-api.open-meteo.com/v1/marine?latitude=12.8698&longitude=74.8431&s
2024-08-02T20:00,12.8698,74.8431,Mangalore_Port,1.4665679318792142,1.96,1.54,0.273,1.7395679318792143,FALLING,Chart_Datum_LAT,Open-Meteo_Marine_Real+TidalModel,https://marine-api.open-meteo.com/v1/marine?latitude=12.8698&longitude=74.8431&s
2024-08-02T21:00,12.8698,74.8431,Mangalore_Port,1.014661614807895,2.0,1.66,0.28300000000000003,1.297661614807895,FALLING,Chart_Datum_LAT,Open-Meteo_Marine_Real+TidalModel,https://marine-api.open-meteo.com/v1/marine?latitude=12.8698&longitude=74.8431&s
2024-08-02T22:00,12.8698,74.8431,Mangalore_Port,0.6236062953059153,2.02,1.8,0.29200000000000004,0.9156062953059153,LOW,Chart_Datum_LAT,Open-Meteo_Marine_Real+TidalModel,https://marine-api.open-meteo.com/v1/marine?latitude=12.8698&longitude=74.8431&s
2024-08-02T23:00,12.8698,74.8431,Mangalore_Port,0.3840007251773757,2.06,1.92,0.30200000000000005,0.6860007251773758,LOW,Chart_Datum_LAT,Open-Meteo_Marine_Real+TidalModel,https://marine-api.open-meteo.com/v1/marine?latitude=12.8698&longitude=74.8431&s
2024-08-03T00:00,12.8698,74.8431,Mangalore_Port,0.34729852248640614,2.06,1.96,0.30400000000000005,0.6512985224864062,LOW,Chart_Datum_LAT,Open-Meteo_Marine_Real+TidalModel,https://marine-api.open-meteo.com/v1/marine?latitude=12.8698&longitude=74.8431&s
2024-08-03T01:00,12.8698,74.8431,Mangalore_Port,0.5137567710386565,2.06,1.98,0.30500000000000005,0.8187567710386565,LOW,Chart_Datum_LAT,Open-Meteo_Marine_Real+TidalModel,https://marine-api.open-meteo.com/v1/marine?latitude=12.8698&longitude=74.8431&s
2024-08-03T02:00,12.8698,74.8431,Mangalore_Port,0.8333537664463766,2.06,2.02,0.30700000000000005,1.1403537664463768,RISING,Chart_Datum_LAT,Open-Meteo_Marine_Real+TidalModel,https://marine-api.open-meteo.com/v1/marine?latitude=12.8698&longitude=74.8431&s
2024-08-03T03:00,12.8698,74.8431,Mangalore_Port,1.2192660721021782,2.06,2.02,0.30700000000000005,1.5262660721021781,RISING,Chart_Datum_LAT,Open-Meteo_Marine_Real+TidalModel,https://marine-api.open-meteo.com/v1/marine?latitude=12.8698&longitude=74.8431&s
2024-08-03T04:00,12.8698,74.8431,Mangalore_Port,1.5703508870765048,2.04,2.0,0.30400000000000005,1.8743508870765049,RISING,Chart_Datum_LAT,Open-Meteo_Marine_Real+TidalModel,https://marine-api.open-meteo.com/v1/marine?latitude=12.8698&longitude=74.8431&s
2024-08-03T05:00,12.8698,74.8431,Mangalore_Port,1.7968690781984034,2.04,2.0,0.30400000000000005,2.1008690781984036,RISING,Chart_Datum_LAT,Open-Meteo_Marine_Real+TidalModel,https://marine-api.open-meteo.com/v1/marine?latitude=12.8698&longitude=74.8431&s
2024-08-03T06:00,12.8698,74.8431,Mangalore_Port,1.842949458633724,2.04,1.98,0.30300000000000005,2.145949458633724,HIGH,Chart_Datum_LAT,Open-Meteo_Marine_Real+TidalModel,https://marine-api.open-meteo.com/v1/marine?latitude=12.8698&longitude=74.8431&s
2024-08-03T07:00,12.8698,74.8431,Mangalore_Port,1.7002003570883495,2.04,1.98,0.30300000000000005,2.0032003570883496,FALLING,Chart_Datum_LAT,Open-Meteo_Marine_Real+TidalModel,https://marine-api.open-meteo.com/v1/marine?latitude=12.8698&longitude=74.8431&s
2024-08-03T08:00,12.8698,74.8431,Mangalore_Port,1.4091706072284098,2.04,1.96,0.30200000000000005,1.7111706072284099,FALLING,Chart_Datum_LAT,Open-Meteo_Marine_Real+TidalModel,https://marine-api.open-meteo.com/v1/marine?latitude=12.8698&longitude=74.8431&s
2024-08-03T09:00,12.8698,74.8431,Mangalore_Port,1.0484537966984893,2.06,1.9,0.30100000000000005,1.3494537966984894,FALLING,Chart_Datum_LAT,Open-Meteo_Marine_Real+TidalModel,https://marine-api.open-meteo.com/v1/marine?latitude=12.8698&longitude=74.8431&s
2024-08-03T10:00,12.8698,74.8431,Mangalore_Port,0.7143308485325108,2.06,1.86,0.29900000000000004,1.0133308485325108,FALLING,Chart_Datum_LAT,Open-Meteo_Marine_Real+TidalModel,https://marine-api.open-meteo.com/v1/marine?latitude=12.8698&longitude=74.8431&s
2024-08-03T11:00,12.8698,74.8431,Mangalore_Port,0.49617952344096505,2.08,1.8,0.29800000000000004,0.7941795234409651,LOW,Chart_Datum_LAT,Open-Meteo_Marine_Real+TidalModel,https://marine-api.open-meteo.com/v1/marine?latitude=12.8698&longitude=74.8431&s
2024-08-03T12:00,12.8698,74.8431,Mangalore_Port,0.4538715780203628,2.08,1.88,0.30200000000000005,0.7558715780203629,LOW,Chart_Datum_LAT,Open-Meteo_Marine_Real+TidalModel,https://marine-api.open-meteo.com/v1/marine?latitude=12.8698&longitude=74.8431&s
2024-08-03T13:00,12.8698,74.8431,Mangalore_Port,0.6027997463636711,2.08,1.94,0.30500000000000005,0.9077997463636711,LOW,Chart_Datum_LAT,Open-Meteo_Marine_Real+TidalModel,https://marine-api.open-meteo.com/v1/marine?latitude=12.8698&longitude=74.8431&s
2024-08-03T14:00,12.8698,74.8431,Mangalore_Port,0.9101946481153314,2.08,2.02,0.30900000000000005,1.2191946481153315,RISING,Chart_Datum_LAT,Open-Meteo_Marine_Real+TidalModel,https://marine-api.open-meteo.com/v1/marine?latitude=12.8698&longitude=74.8431&s
2024-08-03T15:00,12.8698,74.8431,Mangalore_Port,1.30352204504108,2.18,2.08,0.32200000000000006,1.62552204504108,RISING,Chart_Datum_LAT,Open-Meteo_Marine_Real+TidalModel,https://marine-api.open-meteo.com/v1/marine?latitude=12.8698&longitude=74.8431&s
2024-08-03T16:00,12.8698,74.8431,Mangalore_Port,1.6887236713126952,2.26,2.16,0.33399999999999996,2.0227236713126953,RISING,Chart_Datum_LAT,Open-Meteo_Marine_Real+TidalModel,https://marine-api.open-meteo.com/v1/marine?latitude=12.8698&longitude=74.8431&s
2024-08-03T17:00,12.8698,74.8431,Mangalore_Port,1.9736385613905338,2.36,2.22,0.347,2.320638561390534,HIGH,Chart_Datum_LAT,Open-Meteo_Marine_Real+TidalModel,https://marine-api.open-meteo.com/v1/marine?latitude=12.8698&longitude=74.8431&s
2024-08-03T18:00,12.8698,74.8431,Mangalore_Port,2.0907131190829413,2.32,2.2,0.34199999999999997,2.4327131190829414,HIGH,Chart_Datum_LAT,Open-Meteo_Marine_Real+TidalModel,https://marine-api.open-meteo.com/v1/marine?latitude=12.8698&longitude=74.8431&s
2024-08-03T19:00,12.8698,74.8431,Mangalore_Port,2.0133656647462486,2.3,2.2,0.33999999999999997,2.3533656647462484,HIGH,Chart_Datum_LAT,Open-Meteo_Marine_Real+TidalModel,https://marine-api.open-meteo.com/v1/marine?latitude=12.8698&longitude=74.8431&s
2024-08-03T20:00,12.8698,74.8431,Mangalore_Port,1.7620281590135753,2.26,2.18,0.33499999999999996,2.0970281590135755,FALLING,Chart_Datum_LAT,Open-Meteo_Marine_Real+TidalModel,https://marine-api.open-meteo.com/v1/marine?latitude=12.8698&longitude=74.8431&s
2024-08-03T21:00,12.8698,74.8431,Mangalore_Port,1.3985099922259507,2.28,2.2,0.33799999999999997,1.7365099922259506,FALLING,Chart_Datum_LAT,Open-Meteo_Marine_Real+TidalModel,https://marine-api.open-meteo.com/v1/marine?latitude=12.8698&longitude=74.8431&s
2024-08-03T22:00,12.8698,74.8431,Mangalore_Port,1.0102483556846478,2.28,2.2,0.33799999999999997,1.3482483556846478,FALLING,Chart_Datum_LAT,Open-Meteo_Marine_Real+TidalModel,https://marine-api.open-meteo.com/v1/marine?latitude=12.8698&longitude=74.8431&s
2024-08-03T23:00,12.8698,74.8431,Mangalore_Port,0.688495708695761,2.3,2.22,0.34099999999999997,1.029495708695761,LOW,Chart_Datum_LAT,Open-Meteo_Marine_Real+TidalModel,https://marine-api.open-meteo.com/v1/marine?latitude=12.8698&longitude=74.8431&s
2024-08-04T00:00,12.8698,74.8431,Mangalore_Port,0.5059360095197571,2.28,2.2,0.33799999999999997,0.8439360095197571,LOW,Chart_Datum_LAT,Open-Meteo_Marine_Real+TidalModel,https://marine-api.open-meteo.com/v1/marine?latitude=12.8698&longitude=74.8431&s
2024-08-04T01:00,12.8698,74.8431,Mangalore_Port,0.4992764138375462,2.24,2.16,0.3320000000000001,0.8312764138375462,LOW,Chart_Datum_LAT,Open-Meteo_Marine_Real+TidalModel,https://marine-api.open-meteo.com/v1/marine?latitude=12.8698&longitude=74.8431&s
2024-08-04T02:00,12.8698,74.8431,Mangalore_Port,0.6610389895197472,2.22,2.14,0.32900000000000007,0.9900389895197472,LOW,Chart_Datum_LAT,Open-Meteo_Marine_Real+TidalModel,https://marine-api.open-meteo.com/v1/marine?latitude=12.8698&longitude=74.8431&s
2024-08-04T03:00,12.8698,74.8431,Mangalore_Port,0.9424285115497729,2.22,2.14,0.32900000000000007,1.271428511549773,RISING,Chart_Datum_LAT,Open-Meteo_Marine_Real+TidalModel,https://marine-api.open-meteo.com/v1/marine?latitude=12.8698&longitude=74.8431&s
2024-08-04T04:00,12.8698,74.8431,Mangalore_Port,1.266377257916269,2.22,2.12,0.32800000000000007,1.5943772579162692,RISING,Chart_Datum_LAT,Open-Meteo_Marine_Real+TidalModel,https://marine-api.open-meteo.com/v1/marine?latitude=12.8698&longitude=74.8431&s
2024-08-04T05:00,12.8698,74.8431,Mangalore_Port,1.5473611666015632,2.22,2.12,0.32800000000000007,1.8753611666015633,RISING,Chart_Datum_LAT,Open-Meteo_Marine_Real+TidalModel,https://marine-api.open-meteo.com/v1/marine?latitude=12.8698&longitude=74.8431&s
2024-08-04T06:00,12.8698,74.8431,Mangalore_Port,1.7129603744565065,2.22,2.12,0.32800000000000007,2.040960374456507,RISING,Chart_Datum_LAT,Open-Meteo_Marine_Real+TidalModel,https://marine-api.open-meteo.com/v1/marine?latitude=12.8698&longitude=74.8431&s
2024-08-04T07:00,12.8698,74.8431,Mangalore_Port,1.7217876143018733,2.22,2.14,0.32900000000000007,2.0507876143018735,RISING,Chart_Datum_LAT,Open-Meteo_Marine_Real+TidalModel,https://marine-api.open-meteo.com/v1/marine?latitude=12.8698&longitude=74.8431&s
2024-08-04T08:00,12.8698,74.8431,Mangalore_Port,1.5733950841542437,2.22,2.14,0.32900000000000007,1.9023950841542439,FALLING,Chart_Datum_LAT,Open-Meteo_Marine_Real+TidalModel,https://marine-api.open-meteo.com/v1/marine?latitude=12.8698&longitude=74.8431&s
2024-08-04T09:00,12.8698,74.8431,Mangalore_Port,1.3078272000206164,2.22,2.14,0.32900000000000007,1.6368272000206163,FALLING,Chart_Datum_LAT,Open-Meteo_Marine_Real+TidalModel,https://marine-api.open-meteo.com/v1/marine?latitude=12.8698&longitude=74.8431&s
2024-08-04T10:00,12.8698,74.8431,Mangalore_Port,0.9950862927012012,2.24,2.14,0.33100000000000007,1.3260862927012012,FALLING,Chart_Datum_LAT,Open-Meteo_Marine_Real+TidalModel,https://marine-api.open-meteo.com/v1/marine?latitude=12.8698&longitude=74.8431&s
2024-08-04T11:00,12.8698,74.8431,Mangalore_Port,0.7172692166178414,2.24,2.14,0.33100000000000007,1.0482692166178413,FALLING,Chart_Datum_LAT,Open-Meteo_Marine_Real+TidalModel,https://marine-api.open-meteo.com/v1/marine?latitude=12.8698&longitude=74.8431&s
2024-08-04T12:00,12.8698,74.8431,Mangalore_Port,0.5479018818047854,2.24,2.14,0.33100000000000007,0.8789018818047855,LOW,Chart_Datum_LAT,Open-Meteo_Marine_Real+TidalModel,https://marine-api.open-meteo.com/v1/marine?latitude=12.8698&longitude=74.8431&s
2024-08-04T13:00,12.8698,74.8431,Mangalore_Port,0.5336218527680102,2.26,2.16,0.33399999999999996,0.8676218527680102,LOW,Chart_Datum_LAT,Open-Meteo_Marine_Real+TidalModel,https://marine-api.open-meteo.com/v1/marine?latitude=12.8698&longitude=74.8431&s
2024-08-04T14:00,12.8698,74.8431,Mangalore_Port,0.6827024468840998,2.26,2.16,0.33399999999999996,1.0167024468840997,LOW,Chart_Datum_LAT,Open-Meteo_Marine_Real+TidalModel,https://marine-api.open-meteo.com/v1/marine?latitude=12.8698&longitude=74.8431&s
2024-08-04T15:00,12.8698,74.8431,Mangalore_Port,0.963158940099947,2.28,2.18,0.33699999999999997,1.300158940099947,RISING,Chart_Datum_LAT,Open-Meteo_Marine_Real+TidalModel,https://marine-api.open-meteo.com/v1/marine?latitude=12.8698&longitude=74.8431&s
2024-08-04T16:00,12.8698,74.8431,Mangalore_Port,1.3107787151718377,2.28,2.2,0.33799999999999997,1.6487787151718378,RISING,Chart_Datum_LAT,Open-Meteo_Marine_Real+TidalModel,https://marine-api.open-meteo.com/v1/marine?latitude=12.8698&longitude=74.8431&s
2024-08-04T17:00,12.8698,74.8431,Mangalore_Port,1.6449732972175157,2.3,2.22,0.34099999999999997,1.9859732972175157,RISING,Chart_Datum_LAT,Open-Meteo_Marine_Real+TidalModel,https://marine-api.open-meteo.com/v1/marine?latitude=12.8698&longitude=74.8431&s
2024-08-04T18:00,12.8698,74.8431,Mangalore_Port,1.8884621948113178,2.3,2.24,0.34199999999999997,2.230462194811318,HIGH,Chart_Datum_LAT,Open-Meteo_Marine_Real+TidalModel,https://marine-api.open-meteo.com/v1/marine?latitude=12.8698&longitude=74.8431&s
2024-08-04T19:00,12.8698,74.8431,Mangalore_Port,1.9859198920825971,2.32,2.24,0.344,2.329919892082597,HIGH,Chart_Datum_LAT,Open-Meteo_Marine_Real+TidalModel,https://marine-api.open-meteo.com/v1/marine?latitude=12.8698&longitude=74.8431&s
2024-08-04T20:00,12.8698,74.8431,Mangalore_Port,1.9170459943820566,2.32,2.26,0.345,2.2620459943820563,HIGH,Chart_Datum_LAT,Open-Meteo_Marine_Real+TidalModel,https://marine-api.open-meteo.com/v1/marine?latitude=12.8698&longitude=74.8431&s
2024-08-04T21:00,12.8698,74.8431,Mangalore_Port,1.700952844765717,2.34,2.28,0.348,2.048952844765717,FALLING,Chart_Datum_LAT,Open-Meteo_Marine_Real+TidalModel,https://marine-api.open-meteo.com/v1/marine?latitude=12.8698&longitude=74.8431&s
2024-08-04T22:00,12.8698,74.8431,Mangalore_Port,1.390934626147032,2.34,2.28,0.348,1.738934626147032,FALLING,Chart_Datum_LAT,Open-Meteo_Marine_Real+TidalModel,https://marine-api.open-meteo.com/v1/marine?latitude=12.8698&longitude=74.8431&s
2024-08-04T23:00,12.8698,74.8431,Mangalore_Port,1.0610438206212138,2.36,2.3,0.351,1.4120438206212138,FALLING,Chart_Datum_LAT,Open-Meteo_Marine_Real+TidalModel,https://marine-api.open-meteo.com/v1/marine?latitude=12.8698&longitude=74.8431&s
2024-08-05T00:00,12.8698,74.8431,Mangalore_Port,0.787874807261948,2.36,2.3,0.351,1.138874807261948,FALLING,Chart_Datum_LAT,Open-Meteo_Marine_Real+TidalModel,https://marine-api.open-meteo.com/v1/marine?latitude=12.8698&longitude=74.8431&s
2024-08-05T01:00,12.8698,74.8431,Mangalore_Port,0.6320656499968555,2.36,2.3,0.351,0.9830656499968555,LOW,Chart_Datum_LAT,Open-Meteo_Marine_Real+TidalModel,https://marine-api.open-meteo.com/v1/marine?latitude=12.8698&longitude=74.8431&s
2024-08-05T02:00,12.8698,74.8431,Mangalore_Port,0.6240221626058157,2.36,2.3,0.351,0.9750221626058156,LOW,Chart_Datum_LAT,Open-Meteo_Marine_Real+TidalModel,https://marine-api.open-meteo.com/v1/marine?latitude=12.8698&longitude=74.8431&s
2024-08-05T03:00,12.8698,74.8431,Mangalore_Port,0.75726463163248,2.36,2.28,0.35,1.10726463163248,RISING,Chart_Datum_LAT,Open-Meteo_Marine_Real+TidalModel,https://marine-api.open-meteo.com/v1/marine?latitude=12.8698&longitude=74.8431&s
2024-08-05T04:00,12.8698,74.8431,Mangalore_Port,0.9908850967693645,2.34,2.28,0.348,1.3388850967693644,RISING,Chart_Datum_LAT,Open-Meteo_Marine_Real+TidalModel,https://marine-api.open-meteo.com/v1/marine?latitude=12.8698&longitude=74.8431&s
2024-08-05T05:00,12.8698,74.8431,Mangalore_Port,1.2603611082071646,2.34,2.26,0.347,1.6073611082071646,RISING,Chart_Datum_LAT,Open-Meteo_Marine_Real+TidalModel,https://marine-api.open-meteo.com/v1/marine?latitude=12.8698&longitude=74.8431&s
2024-08-05T06:00,12.8698,74.8431,Mangalore_Port,1.4939509110631926,2.34,2.26,0.347,1.8409509110631925,RISING,Chart_Datum_LAT,Open-Meteo_Marine_Real+TidalModel,https://marine-api.open-meteo.com/v1/marine?latitude=12.8698&longitude=74.8431&s
2024-08-05T07:00,12.8698,74.8431,Mangalore_Port,1.6305818846344469,2.32,2.24,0.344,1.9745818846344467,RISING,Chart_Datum_LAT,Open-Meteo_Marine_Real+TidalModel,https://marine-api.open-meteo.com/v1/marine?latitude=12.8698&longitude=74.8431&s
2024-08-05T08:00,12.8698,74.8431,Mangalore_Port,1.6348452049059383,2.32,2.24,0.344,1.9788452049059382,RISING,Chart_Datum_LAT,Open-Meteo_Marine_Real+TidalModel,https://marine-api.open-meteo.com/v1/marine?latitude=12.8698&longitude=74.8431&s
2024-08-05T09:00,12.8698,74.8431,Mangalore_Port,1.5054803606842904,2.28,2.2,0.33799999999999997,1.8434803606842904,FALLING,Chart_Datum_LAT,Open-Meteo_Marine_Real+TidalModel,https://marine-api.open-meteo.com/v1/marine?latitude=12.8698&longitude=74.8431&s
2024-08-05T10:00,12.8698,74.8431,Mangalore_Port,1.2753688167493236,2.24,2.16,0.3320000000000001,1.6073688167493236,FALLING,Chart_Datum_LAT,Open-Meteo_Marine_Real+TidalModel,https://marine-api.open-meteo.com/v1/marine?latitude=12.8698&longitude=74.8431&s
2024-08-05T11:00,12.8698,74.8431,Mangalore_Port,1.0031467416361406,2.2,2.12,0.32600000000000007,1.3291467416361407,FALLING,Chart_Datum_LAT,Open-Meteo_Marine_Real+TidalModel,https://marine-api.open-meteo.com/v1/marine?latitude=12.8698&longitude=74.8431&s
2024-08-05T12:00,12.8698,74.8431,Mangalore_Port,0.758579481323554,2.18,2.1,0.32300000000000006,1.081579481323554,FALLING,Chart_Datum_LAT,Open-Meteo_Marine_Real+TidalModel,https://marine-api.open-meteo.com/v1/marine?latitude=12.8698&longitude=74.8431&s
2024-08-05T13:00,12.8698,74.8431,Mangalore_Port,0.605325238303646,2.16,2.1,0.32100000000000006,0.9263252383036461,LOW,Chart_Datum_LAT,Open-Meteo_Marine_Real+TidalModel,https://marine-api.open-meteo.com/v1/marine?latitude=12.8698&longitude=74.8431&s
2024-08-05T14:00,12.8698,74.8431,Mangalore_Port,0.5853023707816177,2.14,2.08,0.31800000000000006,0.9033023707816178,LOW,Chart_Datum_LAT,Open-Meteo_Marine_Real+TidalModel,https://marine-api.open-meteo.com/v1/marine?latitude=12.8698&longitude=74.8431&s
2024-08-05T15:00,12.8698,74.8431,Mangalore_Port,0.7084359490692811,2.12,2.06,0.31500000000000006,1.023435949069281,RISING,Chart_Datum_LAT,Open-Meteo_Marine_Real+TidalModel,https://marine-api.open-meteo.com/v1/marine?latitude=12.8698&longitude=74.8431&s
2024-08-05T16:00,12.8698,74.8431,Mangalore_Port,0.9502155621730154,2.12,2.06,0.31500000000000006,1.2652155621730155,RISING,Chart_Datum_LAT,Open-Meteo_Marine_Real+TidalModel,https://marine-api.open-meteo.com/v1/marine?latitude=12.8698&longitude=74.8431&s
2024-08-05T17:00,12.8698,74.8431,Mangalore_Port,1.2575842283102947,2.1,2.04,0.31200000000000006,1.5695842283102948,RISING,Chart_Datum_LAT,Open-Meteo_Marine_Real+TidalModel,https://marine-api.open-meteo.com/v1/marine?latitude=12.8698&longitude=74.8431&s
2024-08-05T18:00,12.8698,74.8431,Mangalore_Port,1.5616652519571148,2.12,2.04,0.31400000000000006,1.8756652519571149,RISING,Chart_Datum_LAT,Open-Meteo_Marine_Real+TidalModel,https://marine-api.open-meteo.com/v1/marine?latitude=12.8698&longitude=74.8431&s
2024-08-05T19:00,12.8698,74.8431,Mangalore_Port,1.794204735299648,2.12,2.06,0.31500000000000006,2.109204735299648,RISING,Chart_Datum_LAT,Open-Meteo_Marine_Real+TidalModel,https://marine-api.open-meteo.com/v1/marine?latitude=12.8698&longitude=74.8431&s
2024-08-05T20:00,12.8698,74.8431,Mangalore_Port,1.903747848397261,2.14,2.06,0.31700000000000006,2.220747848397261,HIGH,Chart_Datum_LAT,Open-Meteo_Marine_Real+TidalModel,https://marine-api.open-meteo.com/v1/marine?latitude=12.8698&longitude=74.8431&s
2024-08-05T21:00,12.8698,74.8431,Mangalore_Port,1.8676728588705125,2.14,2.06,0.31700000000000006,2.1846728588705124,HIGH,Chart_Datum_LAT,Open-Meteo_Marine_Real+TidalModel,https://marine-api.open-meteo.com/v1/marine?latitude=12.8698&longitude=74.8431&s
2024-08-05T22:00,12.8698,74.8431,Mangalore_Port,1.697240716929055,2.12,2.04,0.31400000000000006,2.011240716929055,FALLING,Chart_Datum_LAT,Open-Meteo_Marine_Real+TidalModel,https://marine-api.open-meteo.com/v1/marine?latitude=12.8698&longitude=74.8431&s
2024-08-05T23:00,12.8698,74.8431,Mangalore_Port,1.4345209333052997,2.12,2.04,0.31400000000000006,1.7485209333052998,FALLING,Chart_Datum_LAT,Open-Meteo_Marine_Real+TidalModel,https://marine-api.open-meteo.com/v1/marine?latitude=12.8698&longitude=74.8431&s
2024-08-06T00:00,12.8698,74.8431,Mangalore_Port,1.1420114820110723,2.12,2.04,0.31400000000000006,1.4560114820110723,FALLING,Chart_Datum_LAT,Open-Meteo_Marine_Real+TidalModel,https://marine-api.open-meteo.com/v1/marine?latitude=12.8698&longitude=74.8431&s
2024-08-06T01:00,12.8698,74.8431,Mangalore_Port,0.8875110308494374,2.1,2.02,0.31100000000000005,1.1985110308494376,FALLING,Chart_Datum_LAT,Open-Meteo_Marine_Real+TidalModel,https://marine-api.open-meteo.com/v1/marine?latitude=12.8698&longitude=74.8431&s
2024-08-06T02:00,12.8698,74.8431,Mangalore_Port,0.7279127215075896,2.1,2.02,0.31100000000000005,1.0389127215075895,FALLING,Chart_Datum_LAT,Open-Meteo_Marine_Real+TidalModel,https://marine-api.open-meteo.com/v1/marine?latitude=12.8698&longitude=74.8431&s
2024-08-06T03:00,12.8698,74.8431,Mangalore_Port,0.6958114860798238,2.1,2.02,0.31100000000000005,1.0068114860798238,LOW,Chart_Datum_LAT,Open-Meteo_Marine_Real+TidalModel,https://marine-api.open-meteo.com/v1/marine?latitude=12.8698&longitude=74.8431&s
2024-08-06T04:00,12.8698,74.8431,Mangalore_Port,0.7921072482626358,2.12,2.04,0.31400000000000006,1.106107248262636,RISING,Chart_Datum_LAT,Open-Meteo_Marine_Real+TidalModel,https://marine-api.open-meteo.com/v1/marine?latitude=12.8698&longitude=74.8431&s
2024-08-06T05:00,12.8698,74.8431,Mangalore_Port,0.9863223737358287,2.12,2.04,0.31400000000000006,1.3003223737358287,RISING,Chart_Datum_LAT,Open-Meteo_Marine_Real+TidalModel,https://marine-api.open-meteo.com/v1/marine?latitude=12.8698&longitude=74.8431&s
2024-08-06T06:00,12.8698,74.8431,Mangalore_Port,1.2244891490266567,2.14,2.06,0.31700000000000006,1.5414891490266567,RISING,Chart_Datum_LAT,Open-Meteo_Marine_Real+TidalModel,https://marine-api.open-meteo.com/v1/marine?latitude=12.8698&longitude=74.8431&s
2024-08-06T07:00,12.8698,74.8431,Mangalore_Port,1.4426491876483427,2.14,2.06,0.31700000000000006,1.7596491876483427,RISING,Chart_Datum_LAT,Open-Meteo_Marine_Real+TidalModel,https://marine-api.open-meteo.com/v1/marine?latitude=12.8698&longitude=74.8431&s
2024-08-06T08:00,12.8698,74.8431,Mangalore_Port,1.5826735023671081,2.16,2.08,0.32000000000000006,1.9026735023671082,RISING,Chart_Datum_LAT,Open-Meteo_Marine_Real+TidalModel,https://marine-api.open-meteo.com/v1/marine?latitude=12.8698&longitude=74.8431&s
2024-08-06T09:00,12.8698,74.8431,Mangalore_Port,1.606574057382218,2.16,2.08,0.32000000000000006,1.926574057382218,RISING,Chart_Datum_LAT,Open-Meteo_Marine_Real+TidalModel,https://marine-api.open-meteo.com/v1/marine?latitude=12.8698&longitude=74.8431&s
2024-08-06T10:00,12.8698,74.8431,Mangalore_Port,1.505858359889031,2.16,2.08,0.32000000000000006,1.825858359889031,FALLING,Chart_Datum_LAT,Open-Meteo_Marine_Real+TidalModel,https://marine-api.open-meteo.com/v1/marine?latitude=12.8698&longitude=74.8431&s
2024-08-06T11:00,12.8698,74.8431,Mangalore_Port,1.3036825170313666,2.16,2.08,0.32000000000000006,1.6236825170313667,FALLING,Chart_Datum_LAT,Open-Meteo_Marine_Real+TidalModel,https://marine-api.open-meteo.com/v1/marine?latitude=12.8698&longitude=74.8431&s
2024-08-06T12:00,12.8698,74.8431,Mangalore_Port,1.0492945825606723,2.16,2.08,0.32000000000000006,1.3692945825606724,FALLING,Chart_Datum_LAT,Open-Meteo_Marine_Real+TidalModel,https://marine-api.open-meteo.com/v1/marine?latitude=12.8698&longitude=74.8431&s
2024-08-06T13:00,12.8698,74.8431,Mangalore_Port,0.8061131202338647,2.14,2.06,0.31700000000000006,1.1231131202338647,FALLING,Chart_Datum_LAT,Open-Meteo_Marine_Real+TidalModel,https://marine-api.open-meteo.com/v1/marine?latitude=12.8698&longitude=74.8431&s
2024-08-06T14:00,12.8698,74.8431,Mangalore_Port,0.6363136272337322,2.14,2.06,0.31700000000000006,0.9533136272337323,LOW,Chart_Datum_LAT,Open-Meteo_Marine_Real+TidalModel,https://marine-api.open-meteo.com/v1/marine?latitude=12.8698&longitude=74.8431&s
2024-08-06T15:00,12.8698,74.8431,Mangalore_Port,0.585634186176242,2.12,2.04,0.31400000000000006,0.899634186176242,LOW,Chart_Datum_LAT,Open-Meteo_Marine_Real+TidalModel,https://marine-api.open-meteo.com/v1/marine?latitude=12.8698&longitude=74.8431&s
2024-08-06T16:00,12.8698,74.8431,Mangalore_Port,0.6720622258093925,2.1,2.02,0.31100000000000005,0.9830622258093925,LOW,Chart_Datum_LAT,Open-Meteo_Marine_Real+TidalModel,https://marine-api.open-meteo.com/v1/marine?latitude=12.8698&longitude=74.8431&s
2024-08-06T17:00,12.8698,74.8431,Mangalore_Port,0.8811386458670389,2.08,2.0,0.30800000000000005,1.189138645867039,RISING,Chart_Datum_LAT,Open-Meteo_Marine_Real+TidalModel,https://marine-api.open-meteo.com/v1/marine?latitude=12.8698&longitude=74.8431&s
2024-08-06T18:00,12.8698,74.8431,Mangalore_Port,1.1690341718434618,2.08,2.0,0.30800000000000005,1.4770341718434619,RISING,Chart_Datum_LAT,Open-Meteo_Marine_Real+TidalModel,https://marine-api.open-meteo.com/v1/marine?latitude=12.8698&longitude=74.8431&s
2024-08-06T19:00,12.8698,74.8431,Mangalore_Port,1.4726921354288665,2.1,2.02,0.31100000000000005,1.7836921354288666,RISING,Chart_Datum_LAT,Open-Meteo_Marine_Real+TidalModel,https://marine-api.open-meteo.com/v1/marine?latitude=12.8698&longitude=74.8431&s
2024-08-06T20:00,12.8698,74.8431,Mangalore_Port,1.7246354356070004,2.1,2.02,0.31100000000000005,2.0356354356070003,RISING,Chart_Datum_LAT,Open-Meteo_Marine_Real+TidalModel,https://marine-api.open-meteo.com/v1/marine?latitude=12.8698&longitude=74.8431&s
2024-08-06T21:00,12.8698,74.8431,Mangalore_Port,1.8689086812579445,2.16,2.06,0.31900000000000006,2.1879086812579445,HIGH,Chart_Datum_LAT,Open-Meteo_Marine_Real+TidalModel,https://marine-api.open-meteo.com/v1/marine?latitude=12.8698&longitude=74.8431&s
2024-08-06T22:00,12.8698,74.8431,Mangalore_Port,1.8743404978387472,2.24,2.12,0.33000000000000007,2.2043404978387473,HIGH,Chart_Datum_LAT,Open-Meteo_Marine_Real+TidalModel,https://marine-api.open-meteo.com/v1/marine?latitude=12.8698&longitude=74.8431&s
2024-08-06T23:00,12.8698,74.8431,Mangalore_Port,1.741937446830089,2.3,2.16,0.33799999999999997,2.079937446830089,FALLING,Chart_Datum_LAT,Open-Meteo_Marine_Real+TidalModel,https://marine-api.open-meteo.com/v1/marine?latitude=12.8698&longitude=74.8431&s
2024-08-07T00:00,12.8698,74.8431,Mangalore_Port,1.5046144249957347,2.26,2.12,0.33199999999999996,1.8366144249957346,FALLING,Chart_Datum_LAT,Open-Meteo_Marine_Real+TidalModel,https://marine-api.open-meteo.com/v1/marine?latitude=12.8698&longitude=74.8431&s
2024-08-07T01:00,12.8698,74.8431,Mangalore_Port,1.219297406192831,2.24,2.1,0.32900000000000007,1.5482974061928312,FALLING,Chart_Datum_LAT,Open-Meteo_Marine_Real+TidalModel,https://marine-api.open-meteo.com/v1/marine?latitude=12.8698&longitude=74.8431&s
2024-08-07T02:00,12.8698,74.8431,Mangalore_Port,0.9532670295891781,2.2,2.06,0.32300000000000006,1.276267029589178,FALLING,Chart_Datum_LAT,Open-Meteo_Marine_Real+TidalModel,https://marine-api.open-meteo.com/v1/marine?latitude=12.8698&longitude=74.8431&s
2024-08-07T03:00,12.8698,74.8431,Mangalore_Port,0.7680065061831248,2.16,2.02,0.31700000000000006,1.0850065061831249,FALLING,Chart_Datum_LAT,Open-Meteo_Marine_Real+TidalModel,https://marine-api.open-meteo.com/v1/marine?latitude=12.8698&longitude=74.8431&s
2024-08-07T04:00,12.8698,74.8431,Mangalore_Port,0.7044367285483156,2.14,2.0,0.31400000000000006,1.0184367285483158,FALLING,Chart_Datum_LAT,Open-Meteo_Marine_Real+TidalModel,https://marine-api.open-meteo.com/v1/marine?latitude=12.8698&longitude=74.8431&s
2024-08-07T05:00,12.8698,74.8431,Mangalore_Port,0.773110495634814,2.1,1.96,0.30800000000000005,1.081110495634814,RISING,Chart_Datum_LAT,Open-Meteo_Marine_Real+TidalModel,https://marine-api.open-meteo.com/v1/marine?latitude=12.8698&longitude=74.8431&s
2024-08-07T06:00,12.8698,74.8431,Mangalore_Port,0.9517633924570842,2.08,1.94,0.30500000000000005,1.2567633924570842,RISING,Chart_Datum_LAT,Open-Meteo_Marine_Real+TidalModel,https://marine-api.open-meteo.com/v1/marine?latitude=12.8698&longitude=74.8431&s
2024-08-07T07:00,12.8698,74.8431,Mangalore_Port,1.190856109051595,2.08,1.94,0.30500000000000005,1.4958561090515952,RISING,Chart_Datum_LAT,Open-Meteo_Marine_Real+TidalModel,https://marine-api.open-meteo.com/v1/marine?latitude=12.8698&longitude=74.8431&s
2024-08-07T08:00,12.8698,74.8431,Mangalore_Port,1.425811189639806,2.06,1.92,0.30200000000000005,1.727811189639806,RISING,Chart_Datum_LAT,Open-Meteo_Marine_Real+TidalModel,https://marine-api.open-meteo.com/v1/marine?latitude=12.8698&longitude=74.8431&s
2024-08-07T09:00,12.8698,74.8431,Mangalore_Port,1.593011001721187,2.04,1.9,0.29900000000000004,1.8920110017211869,RISING,Chart_Datum_LAT,Open-Meteo_Marine_Real+TidalModel,https://marine-api.open-meteo.com/v1/marine?latitude=12.8698&longitude=74.8431&s
2024-08-07T10:00,12.8698,74.8431,Mangalore_Port,1.6456818288762798,2.04,1.86,0.29700000000000004,1.94268182887628,RISING,Chart_Datum_LAT,Open-Meteo_Marine_Real+TidalModel,https://marine-api.open-meteo.com/v1/marine?latitude=12.8698&longitude=74.8431&s
2024-08-07T11:00,12.8698,74.8431,Mangalore_Port,1.5657773562249153,2.02,1.84,0.29400000000000004,1.8597773562249154,FALLING,Chart_Datum_LAT,Open-Meteo_Marine_Real+TidalModel,https://marine-api.open-meteo.com/v1/marine?latitude=12.8698&longitude=74.8431&s
2024-08-07T12:00,12.8698,74.8431,Mangalore_Port,1.3689074781242832,2.0,1.78,0.28900000000000003,1.657907478124283,FALLING,Chart_Datum_LAT,Open-Meteo_Marine_Real+TidalModel,https://marine-api.open-meteo.com/v1/marine?latitude=12.8698&longitude=74.8431&s
2024-08-07T13:00,12.8698,74.8431,Mangalore_Port,1.1010209444590453,2.0,1.7,0.28500000000000003,1.3860209444590454,FALLING,Chart_Datum_LAT,Open-Meteo_Marine_Real+TidalModel,https://marine-api.open-meteo.com/v1/marine?latitude=12.8698&longitude=74.8431&s
2024-08-07T14:00,12.8698,74.8431,Mangalore_Port,0.8275485917279869,1.98,1.64,0.28,1.107548591727987,FALLING,Chart_Datum_LAT,Open-Meteo_Marine_Real+TidalModel,https://marine-api.open-meteo.com/v1/marine?latitude=12.8698&longitude=74.8431&s
2024-08-07T15:00,12.8698,74.8431,Mangalore_Port,0.6175663498433275,1.98,1.7,0.28300000000000003,0.9005663498433275,LOW,Chart_Datum_LAT,Open-Meteo_Marine_Real+TidalModel,https://marine-api.open-meteo.com/v1/marine?latitude=12.8698&longitude=74.8431&s
2024-08-07T16:00,12.8698,74.8431,Mangalore_Port,0.5267907109634987,1.96,1.76,0.28400000000000003,0.8107907109634988,LOW,Chart_Datum_LAT,Open-Meteo_Marine_Real+TidalModel,https://marine-api.open-meteo.com/v1/marine?latitude=12.8698&longitude=74.8431&s
2024-08-07T17:00,12.8698,74.8431,Mangalore_Port,0.5835595268667173,1.96,1.82,0.28700000000000003,0.8705595268667173,LOW,Chart_Datum_LAT,Open-Meteo_Marine_Real+TidalModel,https://marine-api.open-meteo.com/v1/marine?latitude=12.8698&longitude=74.8431&s
2024-08-07T18:00,12.8698,74.8431,Mangalore_Port,0.7812810725152766,1.96,1.76,0.28400000000000003,1.0652810725152766,RISING,Chart_Datum_LAT,Open-Meteo_Marine_Real+TidalModel,https://marine-api.open-meteo.com/v1/marine?latitude=12.8698&longitude=74.8431&s
2024-08-07T19:00,12.8698,74.8431,Mangalore_Port,1.0793023322506765,1.98,1.7,0.28300000000000003,1.3623023322506764,RISING,Chart_Datum_LAT,Open-Meteo_Marine_Real+TidalModel,https://marine-api.open-meteo.com/v1/marine?latitude=12.8698&longitude=74.8431&s
2024-08-07T20:00,12.8698,74.8431,Mangalore_Port,1.412114480107868,1.98,1.64,0.28,1.692114480107868,RISING,Chart_Datum_LAT,Open-Meteo_Marine_Real+TidalModel,https://marine-api.open-meteo.com/v1/marine?latitude=12.8698&longitude=74.8431&s
2024-08-07T21:00,12.8698,74.8431,Mangalore_Port,1.7047691652482968,1.94,1.58,0.273,1.9777691652482967,RISING,Chart_Datum_LAT,Open-Meteo_Marine_Real+TidalModel,https://marine-api.open-meteo.com/v1/marine?latitude=12.8698&longitude=74.8431&s
2024-08-07T22:00,12.8698,74.8431,Mangalore_Port,1.8908242516203315,1.92,1.52,0.268,2.1588242516203318,HIGH,Chart_Datum_LAT,Open-Meteo_Marine_Real+TidalModel,https://marine-api.open-meteo.com/v1/marine?latitude=12.8698&longitude=74.8431&s
2024-08-07T23:00,12.8698,74.8431,Mangalore_Port,1.9284615841145887,1.88,1.46,0.261,2.189461584114589,HIGH,Chart_Datum_LAT,Open-Meteo_Marine_Real+TidalModel,https://marine-api.open-meteo.com/v1/marine?latitude=12.8698&longitude=74.8431&s
2024-08-08T00:00,12.8698,74.8431,Mangalore_Port,1.8108027914115745,1.86,1.44,0.258,2.0688027914115743,HIGH,Chart_Datum_LAT,Open-Meteo_Marine_Real+TidalModel,https://marine-api.open-meteo.com/v1/marine?latitude=12.8698&longitude=74.8431&s
2024-08-08T01:00,12.8698,74.8431,Mangalore_Port,1.567815599155277,1.86,1.44,0.258,1.825815599155277,FALLING,Chart_Datum_LAT,Open-Meteo_Marine_Real+TidalModel,https://marine-api.open-meteo.com/v1/marine?latitude=12.8698&longitude=74.8431&s
2024-08-08T02:00,12.8698,74.8431,Mangalore_Port,1.259232949590618,1.84,1.42,0.255,1.514232949590618,FALLING,Chart_Datum_LAT,Open-Meteo_Marine_Real+TidalModel,https://marine-api.open-meteo.com/v1/marine?latitude=12.8698&longitude=74.8431&s
2024-08-08T03:00,12.8698,74.8431,Mangalore_Port,0.960111612086198,1.82,1.44,0.254,1.214111612086198,FALLING,Chart_Datum_LAT,Open-Meteo_Marine_Real+TidalModel,https://marine-api.open-meteo.com/v1/marine?latitude=12.8698&longitude=74.8431&s
2024-08-08T04:00,12.8698,74.8431,Mangalore_Port,0.7424952248764025,1.82,1.48,0.256,0.9984952248764025,FALLING,Chart_Datum_LAT,Open-Meteo_Marine_Real+TidalModel,https://marine-api.open-meteo.com/v1/marine?latitude=12.8698&longitude=74.8431&s
2024-08-08T05:00,12.8698,74.8431,Mangalore_Port,0.65765865432143,1.8,1.5,0.255,0.91265865432143,LOW,Chart_Datum_LAT,Open-Meteo_Marine_Real+TidalModel,https://marine-api.open-meteo.com/v1/marine?latitude=12.8698&longitude=74.8431&s
2024-08-08T06:00,12.8698,74.8431,Mangalore_Port,0.723331798896765,1.8,1.5,0.255,0.978331798896765,RISING,Chart_Datum_LAT,Open-Meteo_Marine_Real+TidalModel,https://marine-api.open-meteo.com/v1/marine?latitude=12.8698&longitude=74.8431&s
2024-08-08T07:00,12.8698,74.8431,Mangalore_Port,0.9191321129488597,1.78,1.48,0.252,1.1711321129488597,RISING,Chart_Datum_LAT,Open-Meteo_Marine_Real+TidalModel,https://marine-api.open-meteo.com/v1/marine?latitude=12.8698&longitude=74.8431&s
2024-08-08T08:00,12.8698,74.8431,Mangalore_Port,1.1914468392560142,1.78,1.48,0.252,1.4434468392560142,RISING,Chart_Datum_LAT,Open-Meteo_Marine_Real+TidalModel,https://marine-api.open-meteo.com/v1/marine?latitude=12.8698&longitude=74.8431&s
2024-08-08T09:00,12.8698,74.8431,Mangalore_Port,1.466677123519397,1.78,1.48,0.252,1.718677123519397,RISING,Chart_Datum_LAT,Open-Meteo_Marine_Real+TidalModel,https://marine-api.open-meteo.com/v1/marine?latitude=12.8698&longitude=74.8431&s
2024-08-08T10:00,12.8698,74.8431,Mangalore_Port,1.6696592116773639,1.76,1.5,0.251,1.9206592116773638,RISING,Chart_Datum_LAT,Open-Meteo_Marine_Real+TidalModel,https://marine-api.open-meteo.com/v1/marine?latitude=12.8698&longitude=74.8431&s
2024-08-08T11:00,12.8698,74.8431,Mangalore_Port,1.7427382553828763,1.76,1.5,0.251,1.9937382553828762,RISING,Chart_Datum_LAT,Open-Meteo_Marine_Real+TidalModel,https://marine-api.open-meteo.com/v1/marine?latitude=12.8698&longitude=74.8431&s
2024-08-08T12:00,12.8698,74.8431,Mangalore_Port,1.660734762740916,1.74,1.52,0.25,1.910734762740916,FALLING,Chart_Datum_LAT,Open-Meteo_Marine_Real+TidalModel,https://marine-api.open-meteo.com/v1/marine?latitude=12.8698&longitude=74.8431&s
2024-08-08T13:00,12.8698,74.8431,Mangalore_Port,1.4379908445992213,1.74,1.54,0.251,1.6889908445992212,FALLING,Chart_Datum_LAT,Open-Meteo_Marine_Real+TidalModel,https://marine-api.open-meteo.com/v1/marine?latitude=12.8698&longitude=74.8431&s
2024-08-08T14:00,12.8698,74.8431,Mangalore_Port,1.1255982035745031,1.72,1.56,0.25,1.3755982035745031,FALLING,Chart_Datum_LAT,Open-Meteo_Marine_Real+TidalModel,https://marine-api.open-meteo.com/v1/marine?latitude=12.8698&longitude=74.8431&s
2024-08-08T15:00,12.8698,74.8431,Mangalore_Port,0.7993318712368942,1.72,1.56,0.25,1.0493318712368942,FALLING,Chart_Datum_LAT,Open-Meteo_Marine_Real+TidalModel,https://marine-api.open-meteo.com/v1/marine?latitude=12.8698&longitude=74.8431&s
2024-08-08T16:00,12.8698,74.8431,Mangalore_Port,0.5411472322760428,1.7,1.54,0.24700000000000003,0.7881472322760428,LOW,Chart_Datum_LAT,Open-Meteo_Marine_Real+TidalModel,https://marine-api.open-meteo.com/v1/marine?latitude=12.8698&longitude=74.8431&s
2024-08-08T17:00,12.8698,74.8431,Mangalore_Port,0.4187579917698253,1.7,1.54,0.24700000000000003,0.6657579917698253,LOW,Chart_Datum_LAT,Open-Meteo_Marine_Real+TidalModel,https://marine-api.open-meteo.com/v1/marine?latitude=12.8698&longitude=74.8431&s
2024-08-08T18:00,12.8698,74.8431,Mangalore_Port,0.46837198878298447,1.7,1.54,0.24700000000000003,0.7153719887829845,LOW,Chart_Datum_LAT,Open-Meteo_Marine_Real+TidalModel,https://marine-api.open-meteo.com/v1/marine?latitude=12.8698&longitude=74.8431&s
2024-08-08T19:00,12.8698,74.8431,Mangalore_Port,0.6849602330870073,1.68,1.52,0.24400000000000002,0.9289602330870073,LOW,Chart_Datum_LAT,Open-Meteo_Marine_Real+TidalModel,https://marine-api.open-meteo.com/v1/marine?latitude=12.8698&longitude=74.8431&s
2024-08-08T20:00,12.8698,74.8431,Mangalore_Port,1.022625181371274,1.68,1.52,0.24400000000000002,1.266625181371274,RISING,Chart_Datum_LAT,Open-Meteo_Marine_Real+TidalModel,https://marine-api.open-meteo.com/v1/marine?latitude=12.8698&longitude=74.8431&s
2024-08-08T21:00,12.8698,74.8431,Mangalore_Port,1.4051505834184514,1.68,1.52,0.24400000000000002,1.6491505834184514,RISING,Chart_Datum_LAT,Open-Meteo_Marine_Real+TidalModel,https://marine-api.open-meteo.com/v1/marine?latitude=12.8698&longitude=74.8431&s
2024-08-08T22:00,12.8698,74.8431,Mangalore_Port,1.744267925864874,1.66,1.5,0.24100000000000002,1.985267925864874,RISING,Chart_Datum_LAT,Open-Meteo_Marine_Real+TidalModel,https://marine-api.open-meteo.com/v1/marine?latitude=12.8698&longitude=74.8431&s
2024-08-08T23:00,12.8698,74.8431,Mangalore_Port,1.9612015232621407,1.66,1.5,0.24100000000000002,2.202201523262141,HIGH,Chart_Datum_LAT,Open-Meteo_Marine_Real+TidalModel,https://marine-api.open-meteo.com/v1/marine?latitude=12.8698&longitude=74.8431&s
2024-08-09T00:00,12.8698,74.8431,Mangalore_Port,2.0061610258350537,1.66,1.5,0.24100000000000002,2.247161025835054,HIGH,Chart_Datum_LAT,Open-Meteo_Marine_Real+TidalModel,https://marine-api.open-meteo.com/v1/marine?latitude=12.8698&longitude=74.8431&s
2024-08-09T01:00,12.8698,74.8431,Mangalore_Port,1.8708797275255336,1.66,1.5,0.24100000000000002,2.1118797275255337,HIGH,Chart_Datum_LAT,Open-Meteo_Marine_Real+TidalModel,https://marine-api.open-meteo.com/v1/marine?latitude=12.8698&longitude=74.8431&s
2024-08-09T02:00,12.8698,74.8431,Mangalore_Port,1.5909644522493163,1.66,1.5,0.24100000000000002,1.8319644522493164,FALLING,Chart_Datum_LAT,Open-Meteo_Marine_Real+TidalModel,https://marine-api.open-meteo.com/v1/marine?latitude=12.8698&longitude=74.8431&s
2024-08-09T03:00,12.8698,74.8431,Mangalore_Port,1.237329844954445,1.66,1.48,0.24,1.477329844954445,FALLING,Chart_Datum_LAT,Open-Meteo_Marine_Real+TidalModel,https://marine-api.open-meteo.com/v1/marine?latitude=12.8698&longitude=74.8431&s
2024-08-09T04:00,12.8698,74.8431,Mangalore_Port,0.8987199756346683,1.64,1.48,0.238,1.1367199756346684,FALLING,Chart_Datum_LAT,Open-Meteo_Marine_Real+TidalModel,https://marine-api.open-meteo.com/v1/marine?latitude=12.8698&longitude=74.8431&s
2024-08-09T05:00,12.8698,74.8431,Mangalore_Port,0.6595896133120185,1.64,1.46,0.237,0.8965896133120185,LOW,Chart_Datum_LAT,Open-Meteo_Marine_Real+TidalModel,https://marine-api.open-meteo.com/v1/marine?latitude=12.8698&longitude=74.8431&s
2024-08-09T06:00,12.8698,74.8431,Mangalore_Port,0.5788468866389778,1.64,1.46,0.237,0.8158468866389778,LOW,Chart_Datum_LAT,Open-Meteo_Marine_Real+TidalModel,https://marine-api.open-meteo.com/v1/marine?latitude=12.8698&longitude=74.8431&s
2024-08-09T07:00,12.8698,74.8431,Mangalore_Port,0.6748212253989542,1.62,1.46,0.23500000000000004,0.9098212253989542,LOW,Chart_Datum_LAT,Open-Meteo_Marine_Real+TidalModel,https://marine-api.open-meteo.com/v1/marine?latitude=12.8698&longitude=74.8431&s
2024-08-09T08:00,12.8698,74.8431,Mangalore_Port,0.9203278789901091,1.62,1.46,0.23500000000000004,1.1553278789901091,RISING,Chart_Datum_LAT,Open-Meteo_Marine_Real+TidalModel,https://marine-api.open-meteo.com/v1/marine?latitude=12.8698&longitude=74.8431&s
2024-08-09T09:00,12.8698,74.8431,Mangalore_Port,1.2492077308227307,1.56,1.38,0.22500000000000003,1.4742077308227308,RISING,Chart_Datum_LAT,Open-Meteo_Marine_Real+TidalModel,https://marine-api.open-meteo.com/v1/marine?latitude=12.8698&longitude=74.8431&s
2024-08-09T10:00,12.8698,74.8431,Mangalore_Port,1.5728420705791883,1.5,1.3,0.21500000000000002,1.7878420705791884,RISING,Chart_Datum_LAT,Open-Meteo_Marine_Real+TidalModel,https://marine-api.open-meteo.com/v1/marine?latitude=12.8698&longitude=74.8431&s
2024-08-09T11:00,12.8698,74.8431,Mangalore_Port,1.8025979520108955,1.44,1.22,0.205,2.0075979520108955,HIGH,Chart_Datum_LAT,Open-Meteo_Marine_Real+TidalModel,https://marine-api.open-meteo.com/v1/marine?latitude=12.8698&longitude=74.8431&s
2024-08-09T12:00,12.8698,74.8431,Mangalore_Port,1.8725994958796652,1.46,1.26,0.209,2.081599495879665,HIGH,Chart_Datum_LAT,Open-Meteo_Marine_Real+TidalModel,https://marine-api.open-meteo.com/v1/marine?latitude=12.8698&longitude=74.8431&s
2024-08-09T13:00,12.8698,74.8431,Mangalore_Port,1.7570544387485536,1.48,1.3,0.213,1.9700544387485537,FALLING,Chart_Datum_LAT,Open-Meteo_Marine_Real+TidalModel,https://marine-api.open-meteo.com/v1/marine?latitude=12.8698&longitude=74.8431&s
2024-08-09T14:00,12.8698,74.8431,Mangalore_Port,1.4776574786101517,1.5,1.34,0.21700000000000003,1.6946574786101518,FALLING,Chart_Datum_LAT,Open-Meteo_Marine_Real+TidalModel,https://marine-api.open-meteo.com/v1/marine?latitude=12.8698&longitude=74.8431&s
2024-08-09T15:00,12.8698,74.8431,Mangalore_Port,1.099038204834682,1.52,1.34,0.21900000000000003,1.3180382048346821,FALLING,Chart_Datum_LAT,Open-Meteo_Marine_Real+TidalModel,https://marine-api.open-meteo.com/v1/marine?latitude=12.8698&longitude=74.8431&s
2024-08-09T16:00,12.8698,74.8431,Mangalore_Port,0.7132199039005545,1.52,1.36,0.22000000000000003,0.9332199039005544,FALLING,Chart_Datum_LAT,Open-Meteo_Marine_Real+TidalModel,https://marine-api.open-meteo.com/v1/marine?latitude=12.8698&longitude=74.8431&s
2024-08-09T17:00,12.8698,74.8431,Mangalore_Port,0.4168549269064451,1.54,1.36,0.22200000000000003,0.6388549269064452,LOW,Chart_Datum_LAT,Open-Meteo_Marine_Real+TidalModel,https://marine-api.open-meteo.com/v1/marine?latitude=12.8698&longitude=74.8431&s
2024-08-09T18:00,12.8698,74.8431,Mangalore_Port,0.28688979843463835,1.56,1.38,0.22500000000000003,0.5118897984346384,LOW,Chart_Datum_LAT,Open-Meteo_Marine_Real+TidalModel,https://marine-api.open-meteo.com/v1/marine?latitude=12.8698&longitude=74.8431&s
2024-08-09T19:00,12.8698,74.8431,Mangalore_Port,0.3607962237780904,1.6,1.42,0.23100000000000004,0.5917962237780905,LOW,Chart_Datum_LAT,Open-Meteo_Marine_Real+TidalModel,https://marine-api.open-meteo.com/v1/marine?latitude=12.8698&longitude=74.8431&s
2024-08-09T20:00,12.8698,74.8431,Mangalore_Port,0.6264388135353266,1.62,1.44,0.23400000000000004,0.8604388135353267,LOW,Chart_Datum_LAT,Open-Meteo_Marine_Real+TidalModel,https://marine-api.open-meteo.com/v1/marine?latitude=12.8698&longitude=74.8431&s
2024-08-09T21:00,12.8698,74.8431,Mangalore_Port,1.02428377159799,1.62,1.46,0.23500000000000004,1.25928377159799,RISING,Chart_Datum_LAT,Open-Meteo_Marine_Real+TidalModel,https://marine-api.open-meteo.com/v1/marine?latitude=12.8698&longitude=74.8431&s
2024-08-09T22:00,12.8698,74.8431,Mangalore_Port,1.4615662812101466,1.64,1.48,0.238,1.6995662812101466,RISING,Chart_Datum_LAT,Open-Meteo_Marine_Real+TidalModel,https://marine-api.open-meteo.com/v1/marine?latitude=12.8698&longitude=74.8431&s
2024-08-09T23:00,12.8698,74.8431,Mangalore_Port,1.8350007927269392,1.64,1.5,0.23900000000000002,2.074000792726939,HIGH,Chart_Datum_LAT,Open-Meteo_Marine_Real+TidalModel,https://marine-api.open-meteo.com/v1/marine?latitude=12.8698&longitude=74.8431&s
2024-08-10T00:00,12.8698,74.8431,Mangalore_Port,2.0564087962511635,1.62,1.48,0.23600000000000004,2.2924087962511637,HIGH,Chart_Datum_LAT,Open-Meteo_Marine_Real+TidalModel,https://marine-api.open-meteo.com/v1/marine?latitude=12.8698&longitude=74.8431&s
2024-08-10T01:00,12.8698,74.8431,Mangalore_Port,2.0748257693209435,1.62,1.44,0.23400000000000004,2.3088257693209435,HIGH,Chart_Datum_LAT,Open-Meteo_Marine_Real+TidalModel,https://marine-api.open-meteo.com/v1/marine?latitude=12.8698&longitude=74.8431&s
2024-08-10T02:00,12.8698,74.8431,Mangalore_Port,1.889458825491507,1.6,1.42,0.23100000000000004,2.120458825491507,HIGH,Chart_Datum_LAT,Open-Meteo_Marine_Real+TidalModel,https://marine-api.open-meteo.com/v1/marine?latitude=12.8698&longitude=74.8431&s
2024-08-10T03:00,12.8698,74.8431,Mangalore_Port,1.5501157093231777,1.6,1.4,0.23000000000000004,1.7801157093231776,FALLING,Chart_Datum_LAT,Open-Meteo_Marine_Real+TidalModel,https://marine-api.open-meteo.com/v1/marine?latitude=12.8698&longitude=74.8431&s
2024-08-10T04:00,12.8698,74.8431,Mangalore_Port,1.1448620400360374,1.58,1.38,0.22700000000000004,1.3718620400360375,FALLING,Chart_Datum_LAT,Open-Meteo_Marine_Real+TidalModel,https://marine-api.open-meteo.com/v1/marine?latitude=12.8698&longitude=74.8431&s
2024-08-10T05:00,12.8698,74.8431,Mangalore_Port,0.7779015586450622,1.58,1.36,0.22600000000000003,1.0039015586450621,FALLING,Chart_Datum_LAT,Open-Meteo_Marine_Real+TidalModel,https://marine-api.open-meteo.com/v1/marine?latitude=12.8698&longitude=74.8431&s
2024-08-10T06:00,12.8698,74.8431,Mangalore_Port,0.5431914280938379,1.58,1.36,0.22600000000000003,0.7691914280938379,LOW,Chart_Datum_LAT,Open-Meteo_Marine_Real+TidalModel,https://marine-api.open-meteo.com/v1/marine?latitude=12.8698&longitude=74.8431&s
2024-08-10T07:00,12.8698,74.8431,Mangalore_Port,0.5004515663203947,1.56,1.34,0.22300000000000003,0.7234515663203946,LOW,Chart_Datum_LAT,Open-Meteo_Marine_Real+TidalModel,https://marine-api.open-meteo.com/v1/marine?latitude=12.8698&longitude=74.8431&s
2024-08-10T08:00,12.8698,74.8431,Mangalore_Port,0.6596940831447671,1.56,1.34,0.22300000000000003,0.8826940831447672,LOW,Chart_Datum_LAT,Open-Meteo_Marine_Real+TidalModel,https://marine-api.open-meteo.com/v1/marine?latitude=12.8698&longitude=74.8431&s
2024-08-10T09:00,12.8698,74.8431,Mangalore_Port,0.9783005290329023,1.54,1.34,0.22100000000000003,1.1993005290329024,RISING,Chart_Datum_LAT,Open-Meteo_Marine_Real+TidalModel,https://marine-api.open-meteo.com/v1/marine?latitude=12.8698&longitude=74.8431&s
2024-08-10T10:00,12.8698,74.8431,Mangalore_Port,1.3715256317856068,1.54,1.34,0.22100000000000003,1.592525631785607,RISING,Chart_Datum_LAT,Open-Meteo_Marine_Real+TidalModel,https://marine-api.open-meteo.com/v1/marine?latitude=12.8698&longitude=74.8431&s
2024-08-10T11:00,12.8698,74.8431,Mangalore_Port,1.7338957076618622,1.52,1.34,0.21900000000000003,1.9528957076618623,RISING,Chart_Datum_LAT,Open-Meteo_Marine_Real+TidalModel,https://marine-api.open-meteo.com/v1/marine?latitude=12.8698&longitude=74.8431&s
2024-08-10T12:00,12.8698,74.8431,Mangalore_Port,1.9661638959381023,1.52,1.34,0.21900000000000003,2.185163895938102,HIGH,Chart_Datum_LAT,Open-Meteo_Marine_Real+TidalModel,https://marine-api.open-meteo.com/v1/marine?latitude=12.8698&longitude=74.8431&s
2024-08-10T13:00,12.8698,74.8431,Mangalore_Port,2.0010054367833017,1.5,1.32,0.21600000000000003,2.217005436783302,HIGH,Chart_Datum_LAT,Open-Meteo_Marine_Real+TidalModel,https://marine-api.open-meteo.com/v1/marine?latitude=12.8698&longitude=74.8431&s
2024-08-10T14:00,12.8698,74.8431,Mangalore_Port,1.8208775304290725,1.5,1.32,0.21600000000000003,2.0368775304290727,HIGH,Chart_Datum_LAT,Open-Meteo_Marine_Real+TidalModel,https://marine-api.open-meteo.com/v1/marine?latitude=12.8698&longitude=74.8431&s
2024-08-10T15:00,12.8698,74.8431,Mangalore_Port,1.4633889844488188,1.5,1.32,0.21600000000000003,1.6793889844488188,FALLING,Chart_Datum_LAT,Open-Meteo_Marine_Real+TidalModel,https://marine-api.open-meteo.com/v1/marine?latitude=12.8698&longitude=74.8431&s
2024-08-10T16:00,12.8698,74.8431,Mangalore_Port,1.0126549695640048,1.48,1.3,0.213,1.2256549695640049,FALLING,Chart_Datum_LAT,Open-Meteo_Marine_Real+TidalModel,https://marine-api.open-meteo.com/v1/marine?latitude=12.8698&longitude=74.8431&s
2024-08-10T17:00,12.8698,74.8431,Mangalore_Port,0.5786675549860455,1.48,1.3,0.213,0.7916675549860455,LOW,Chart_Datum_LAT,Open-Meteo_Marine_Real+TidalModel,https://marine-api.open-meteo.com/v1/marine?latitude=12.8698&longitude=74.8431&s
2024-08-10T18:00,12.8698,74.8431,Mangalore_Port,0.2697912322350503,1.48,1.2,0.208,0.47779123223505027,LOW,Chart_Datum_LAT,Open-Meteo_Marine_Real+TidalModel,https://marine-api.open-meteo.com/v1/marine?latitude=12.8698&longitude=74.8431&s
2024-08-10T19:00,12.8698,74.8431,Mangalore_Port,0.1653034661334305,1.48,1.08,0.202,0.3673034661334305,LOW,Chart_Datum_LAT,Open-Meteo_Marine_Real+TidalModel,https://marine-api.open-meteo.com/v1/marine?latitude=12.8698&longitude=74.8431&s
2024-08-10T20:00,12.8698,74.8431,Mangalore_Port,0.294967049546349,1.48,0.98,0.197,0.491967049546349,LOW,Chart_Datum_LAT,Open-Meteo_Marine_Real+TidalModel,https://marine-api.open-meteo.com/v1/marine?latitude=12.8698&longitude=74.8431&s
2024-08-10T21:00,12.8698,74.8431,Mangalore_Port,0.6309071902825547,1.48,1.1,0.203,0.8339071902825548,LOW,Chart_Datum_LAT,Open-Meteo_Marine_Real+TidalModel,https://marine-api.open-meteo.com/v1/marine?latitude=12.8698&longitude=74.8431&s
2024-08-10T22:00,12.8698,74.8431,Mangalore_Port,1.093989594334821,1.5,1.2,0.21000000000000002,1.303989594334821,RISING,Chart_Datum_LAT,Open-Meteo_Marine_Real+TidalModel,https://marine-api.open-meteo.com/v1/marine?latitude=12.8698&longitude=74.8431&s
2024-08-10T23:00,12.8698,74.8431,Mangalore_Port,1.573226735694556,1.5,1.32,0.21600000000000003,1.789226735694556,RISING,Chart_Datum_LAT,Open-Meteo_Marine_Real+TidalModel,https://marine-api.open-meteo.com/v1/marine?latitude=12.8698&longitude=74.8431&s
2024-08-11T00:00,12.8698,74.8431,Mangalore_Port,1.9534080838615744,1.5,1.34,0.21700000000000003,2.1704080838615742,HIGH,Chart_Datum_LAT,Open-Meteo_Marine_Real+TidalModel,https://marine-api.open-meteo.com/v1/marine?latitude=12.8698&longitude=74.8431&s
2024-08-11T01:00,12.8698,74.8431,Mangalore_Port,2.1440100324217717,1.52,1.34,0.21900000000000003,2.3630100324217715,HIGH,Chart_Datum_LAT,Open-Meteo_Marine_Real+TidalModel,https://marine-api.open-meteo.com/v1/marine?latitude=12.8698&longitude=74.8431&s
2024-08-11T02:00,12.8698,74.8431,Mangalore_Port,2.1020509739182964,1.52,1.36,0.22000000000000003,2.3220509739182966,HIGH,Chart_Datum_LAT,Open-Meteo_Marine_Real+TidalModel,https://marine-api.open-meteo.com/v1/marine?latitude=12.8698&longitude=74.8431&s
2024-08-11T03:00,12.8698,74.8431,Mangalore_Port,1.8430334592936297,1.5,1.36,0.21800000000000003,2.06103345929363,HIGH,Chart_Datum_LAT,Open-Meteo_Marine_Real+TidalModel,https://marine-api.open-meteo.com/v1/marine?latitude=12.8698&longitude=74.8431&s
2024-08-11T04:00,12.8698,74.8431,Mangalore_Port,1.4370999204006958,1.5,1.34,0.21700000000000003,1.6540999204006959,FALLING,Chart_Datum_LAT,Open-Meteo_Marine_Real+TidalModel,https://marine-api.open-meteo.com/v1/marine?latitude=12.8698&longitude=74.8431&s
2024-08-11T05:00,12.8698,74.8431,Mangalore_Port,0.9912733381073786,1.48,1.34,0.215,1.2062733381073787,FALLING,Chart_Datum_LAT,Open-Meteo_Marine_Real+TidalModel,https://marine-api.open-meteo.com/v1/marine?latitude=12.8698&longitude=74.8431&s
2024-08-11T06:00,12.8698,74.8431,Mangalore_Port,0.6222101905043886,1.48,1.34,0.215,0.8372101905043886,LOW,Chart_Datum_LAT,Open-Meteo_Marine_Real+TidalModel,https://marine-api.open-meteo.com/v1/marine?latitude=12.8698&longitude=74.8431&s
2024-08-11T07:00,12.8698,74.8431,Mangalore_Port,0.42634989119523203,1.46,1.34,0.213,0.639349891195232,LOW,Chart_Datum_LAT,Open-Meteo_Marine_Real+TidalModel,https://marine-api.open-meteo.com/v1/marine?latitude=12.8698&longitude=74.8431&s
2024-08-11T08:00,12.8698,74.8431,Mangalore_Port,0.45506499806243217,1.46,1.34,0.213,0.6680649980624321,LOW,Chart_Datum_LAT,Open-Meteo_Marine_Real+TidalModel,https://marine-api.open-meteo.com/v1/marine?latitude=12.8698&longitude=74.8431&s
2024-08-11T09:00,12.8698,74.8431,Mangalore_Port,0.7012001733732622,1.42,1.3,0.207,0.9082001733732622,RISING,Chart_Datum_LAT,Open-Meteo_Marine_Real+TidalModel,https://marine-api.open-meteo.com/v1/marine?latitude=12.8698&longitude=74.8431&s
2024-08-11T10:00,12.8698,74.8431,Mangalore_Port,1.1005289962350335,1.38,1.24,0.19999999999999998,1.3005289962350335,RISING,Chart_Datum_LAT,Open-Meteo_Marine_Real+TidalModel,https://marine-api.open-meteo.com/v1/marine?latitude=12.8698&longitude=74.8431&s
2024-08-11T11:00,12.8698,74.8431,Mangalore_Port,1.5478728047268828,1.34,1.2,0.194,1.7418728047268828,RISING,Chart_Datum_LAT,Open-Meteo_Marine_Real+TidalModel,https://marine-api.open-meteo.com/v1/marine?latitude=12.8698&longitude=74.8431&s
2024-08-11T12:00,12.8698,74.8431,Mangalore_Port,1.92387453714466,1.38,1.22,0.19899999999999998,2.12287453714466,HIGH,Chart_Datum_LAT,Open-Meteo_Marine_Real+TidalModel,https://marine-api.open-meteo.com/v1/marine?latitude=12.8698&longitude=74.8431&s
2024-08-11T13:00,12.8698,74.8431,Mangalore_Port,2.125662567711239,1.42,1.22,0.20299999999999999,2.328662567711239,HIGH,Chart_Datum_LAT,Open-Meteo_Marine_Real+TidalModel,https://marine-api.open-meteo.com/v1/marine?latitude=12.8698&longitude=74.8431&s
2024-08-11T14:00,12.8698,74.8431,Mangalore_Port,2.093588461456511,1.46,1.24,0.208,2.301588461456511,HIGH,Chart_Datum_LAT,Open-Meteo_Marine_Real+TidalModel,https://marine-api.open-meteo.com/v1/marine?latitude=12.8698&longitude=74.8431&s
2024-08-11T15:00,12.8698,74.8431,Mangalore_Port,1.8271614049541225,1.5,1.22,0.21100000000000002,2.0381614049541223,HIGH,Chart_Datum_LAT,Open-Meteo_Marine_Real+TidalModel,https://marine-api.open-meteo.com/v1/marine?latitude=12.8698&longitude=74.8431&s
2024-08-11T16:00,12.8698,74.8431,Mangalore_Port,1.3860070100541446,1.52,1.18,0.21100000000000002,1.5970070100541447,FALLING,Chart_Datum_LAT,Open-Meteo_Marine_Real+TidalModel,https://marine-api.open-meteo.com/v1/marine?latitude=12.8698&longitude=74.8431&s
2024-08-11T17:00,12.8698,74.8431,Mangalore_Port,0.8754716934267563,1.56,1.16,0.21400000000000002,1.0894716934267563,FALLING,Chart_Datum_LAT,Open-Meteo_Marine_Real+TidalModel,https://marine-api.open-meteo.com/v1/marine?latitude=12.8698&longitude=74.8431&s
2024-08-11T18:00,12.8698,74.8431,Mangalore_Port,0.42041434323073257,1.56,1.2,0.21600000000000003,0.6364143432307325,LOW,Chart_Datum_LAT,Open-Meteo_Marine_Real+TidalModel,https://marine-api.open-meteo.com/v1/marine?latitude=12.8698&longitude=74.8431&s
2024-08-11T19:00,12.8698,74.8431,Mangalore_Port,0.13377280995183427,1.54,1.24,0.21600000000000003,0.3497728099518343,LOW,Chart_Datum_LAT,Open-Meteo_Marine_Real+TidalModel,https://marine-api.open-meteo.com/v1/marine?latitude=12.8698&longitude=74.8431&s
2024-08-11T20:00,12.8698,74.8431,Mangalore_Port,0.08787824860284288,1.54,1.28,0.21800000000000003,0.3058782486028429,LOW,Chart_Datum_LAT,Open-Meteo_Marine_Real+TidalModel,https://marine-api.open-meteo.com/v1/marine?latitude=12.8698&longitude=74.8431&s
2024-08-11T21:00,12.8698,74.8431,Mangalore_Port,0.29584872137292184,1.52,1.3,0.21700000000000003,0.5128487213729218,LOW,Chart_Datum_LAT,Open-Meteo_Marine_Real+TidalModel,https://marine-api.open-meteo.com/v1/marine?latitude=12.8698&longitude=74.8431&s
2024-08-11T22:00,12.8698,74.8431,Mangalore_Port,0.7078739602393671,1.5,1.34,0.21700000000000003,0.9248739602393672,RISING,Chart_Datum_LAT,Open-Meteo_Marine_Real+TidalModel,https://marine-api.open-meteo.com/v1/marine?latitude=12.8698&longitude=74.8431&s
2024-08-11T23:00,12.8698,74.8431,Mangalore_Port,1.2234366397768996,1.48,1.36,0.216,1.4394366397768996,RISING,Chart_Datum_LAT,Open-Meteo_Marine_Real+TidalModel,https://marine-api.open-meteo.com/v1/marine?latitude=12.8698&longitude=74.8431&s
2024-08-12T00:00,12.8698,74.8431,Mangalore_Port,1.716456389318716,1.46,1.34,0.213,1.929456389318716,RISING,Chart_Datum_LAT,Open-Meteo_Marine_Real+TidalModel,https://marine-api.open-meteo.com/v1/marine?latitude=12.8698&longitude=74.8431&s
2024-08-12T01:00,12.8698,74.8431,Mangalore_Port,2.0670270660968866,1.44,1.34,0.211,2.2780270660968864,HIGH,Chart_Datum_LAT,Open-Meteo_Marine_Real+TidalModel,https://marine-api.open-meteo.com/v1/marine?latitude=12.8698&longitude=74.8431&s
2024-08-12T02:00,12.8698,74.8431,Mangalore_Port,2.1916982963905194,1.42,1.32,0.208,2.3996982963905196,HIGH,Chart_Datum_LAT,Open-Meteo_Marine_Real+TidalModel,https://marine-api.open-meteo.com/v1/marine?latitude=12.8698&longitude=74.8431&s
2024-08-12T03:00,12.8698,74.8431,Mangalore_Port,2.064578908188669,1.4,1.3,0.205,2.2695789081886693,HIGH,Chart_Datum_LAT,Open-Meteo_Marine_Real+TidalModel,https://marine-api.open-meteo.com/v1/marine?latitude=12.8698&longitude=74.8431&s
2024-08-12T04:00,12.8698,74.8431,Mangalore_Port,1.7238418101020476,1.36,1.26,0.199,1.9228418101020477,FALLING,Chart_Datum_LAT,Open-Meteo_Marine_Real+TidalModel,https://marine-api.open-meteo.com/v1/marine?latitude=12.8698&longitude=74.8431&s
2024-08-12T05:00,12.8698,74.8431,Mangalore_Port,1.261910290527145,1.34,1.24,0.196,1.457910290527145,FALLING,Chart_Datum_LAT,Open-Meteo_Marine_Real+TidalModel,https://marine-api.open-meteo.com/v1/marine?latitude=12.8698&longitude=74.8431&s
2024-08-12T06:00,12.8698,74.8431,Mangalore_Port,0.8017662944210083,1.36,1.24,0.198,0.9997662944210084,FALLING,Chart_Datum_LAT,Open-Meteo_Marine_Real+TidalModel,https://marine-api.open-meteo.com/v1/marine?latitude=12.8698&longitude=74.8431&s
2024-08-12T07:00,12.8698,74.8431,Mangalore_Port,0.46538024058498395,1.38,1.26,0.20099999999999998,0.6663802405849839,LOW,Chart_Datum_LAT,Open-Meteo_Marine_Real+TidalModel,https://marine-api.open-meteo.com/v1/marine?latitude=12.8698&longitude=74.8431&s
2024-08-12T08:00,12.8698,74.8431,Mangalore_Port,0.3423054059624785,1.4,1.26,0.20299999999999999,0.5453054059624785,LOW,Chart_Datum_LAT,Open-Meteo_Marine_Real+TidalModel,https://marine-api.open-meteo.com/v1/marine?latitude=12.8698&longitude=74.8431&s
2024-08-12T09:00,12.8698,74.8431,Mangalore_Port,0.46647661573886,1.38,1.24,0.19999999999999998,0.66647661573886,LOW,Chart_Datum_LAT,Open-Meteo_Marine_Real+TidalModel,https://marine-api.open-meteo.com/v1/marine?latitude=12.8698&longitude=74.8431&s
2024-08-12T10:00,12.8698,74.8431,Mangalore_Port,0.8071927639713743,1.38,1.2,0.19799999999999998,1.0051927639713742,RISING,Chart_Datum_LAT,Open-Meteo_Marine_Real+TidalModel,https://marine-api.open-meteo.com/v1/marine?latitude=12.8698&longitude=74.8431&s
2024-08-12T11:00,12.8698,74.8431,Mangalore_Port,1.2766619536814272,1.36,1.18,0.195,1.4716619536814273,RISING,Chart_Datum_LAT,Open-Meteo_Marine_Real+TidalModel,https://marine-api.open-meteo.com/v1/marine?latitude=12.8698&longitude=74.8431&s
2024-08-12T12:00,12.8698,74.8431,Mangalore_Port,1.7522603876333,1.36,1.18,0.195,1.9472603876333001,RISING,Chart_Datum_LAT,Open-Meteo_Marine_Real+TidalModel,https://marine-api.open-meteo.com/v1/marine?latitude=12.8698&longitude=74.8431&s
2024-08-12T13:00,12.8698,74.8431,Mangalore_Port,2.1078804564121447,1.38,1.16,0.19599999999999998,2.303880456412145,HIGH,Chart_Datum_LAT,Open-Meteo_Marine_Real+TidalModel,https://marine-api.open-meteo.com/v1/marine?latitude=12.8698&longitude=74.8431&s
2024-08-12T14:00,12.8698,74.8431,Mangalore_Port,2.246388435567484,1.38,1.16,0.19599999999999998,2.442388435567484,HIGH,Chart_Datum_LAT,Open-Meteo_Marine_Real+TidalModel,https://marine-api.open-meteo.com/v1/marine?latitude=12.8698&longitude=74.8431&s
2024-08-12T15:00,12.8698,74.8431,Mangalore_Port,2.1248875681765913,1.4,1.14,0.19699999999999998,2.3218875681765914,HIGH,Chart_Datum_LAT,Open-Meteo_Marine_Real+TidalModel,https://marine-api.open-meteo.com/v1/marine?latitude=12.8698&longitude=74.8431&s
2024-08-12T16:00,12.8698,74.8431,Mangalore_Port,1.7662809119825207,1.42,1.14,0.19899999999999998,1.9652809119825208,FALLING,Chart_Datum_LAT,Open-Meteo_Marine_Real+TidalModel,https://marine-api.open-meteo.com/v1/marine?latitude=12.8698&longitude=74.8431&s
2024-08-12T17:00,12.8698,74.8431,Mangalore_Port,1.2540998150826093,1.44,1.12,0.2,1.4540998150826092,FALLING,Chart_Datum_LAT,Open-Meteo_Marine_Real+TidalModel,https://marine-api.open-meteo.com/v1/marine?latitude=12.8698&longitude=74.8431&s
2024-08-12T18:00,12.8698,74.8431,Mangalore_Port,0.7118275079927391,1.46,1.12,0.202,0.9138275079927392,FALLING,Chart_Datum_LAT,Open-Meteo_Marine_Real+TidalModel,https://marine-api.open-meteo.com/v1/marine?latitude=12.8698&longitude=74.8431&s
2024-08-12T19:00,12.8698,74.8431,Mangalore_Port,0.271915573734698,1.46,1.14,0.20299999999999999,0.47491557373469795,LOW,Chart_Datum_LAT,Open-Meteo_Marine_Real+TidalModel,https://marine-api.open-meteo.com/v1/marine?latitude=12.8698&longitude=74.8431&s
2024-08-12T20:00,12.8698,74.8431,Mangalore_Port,0.04234738826559603,1.48,1.14,0.205,0.24734738826559602,LOW,Chart_Datum_LAT,Open-Meteo_Marine_Real+TidalModel,https://marine-api.open-meteo.com/v1/marine?latitude=12.8698&longitude=74.8431&s
2024-08-12T21:00,12.8698,74.8431,Mangalore_Port,0.07926200684956974,1.48,1.18,0.207,0.2862620068495697,LOW,Chart_Datum_LAT,Open-Meteo_Marine_Real+TidalModel,https://marine-api.open-meteo.com/v1/marine?latitude=12.8698&longitude=74.8431&s
2024-08-12T22:00,12.8698,74.8431,Mangalore_Port,0.37263781564586407,1.46,1.2,0.206,0.578637815645864,LOW,Chart_Datum_LAT,Open-Meteo_Marine_Real+TidalModel,https://marine-api.open-meteo.com/v1/marine?latitude=12.8698&longitude=74.8431&s
2024-08-12T23:00,12.8698,74.8431,Mangalore_Port,0.8487266509960605,1.46,1.24,0.208,1.0567266509960604,RISING,Chart_Datum_LAT,Open-Meteo_Marine_Real+TidalModel,https://marine-api.open-meteo.com/v1/marine?latitude=12.8698&longitude=74.8431&s
2024-08-13T00:00,12.8698,74.8431,Mangalore_Port,1.3886658110385928,1.46,1.24,0.208,1.5966658110385927,RISING,Chart_Datum_LAT,Open-Meteo_Marine_Real+TidalModel,https://marine-api.open-meteo.com/v1/marine?latitude=12.8698&longitude=74.8431&s
2024-08-13T01:00,12.8698,74.8431,Mangalore_Port,1.8585645897675716,1.44,1.24,0.206,2.0645645897675715,HIGH,Chart_Datum_LAT,Open-Meteo_Marine_Real+TidalModel,https://marine-api.open-meteo.com/v1/marine?latitude=12.8698&longitude=74.8431&s
2024-08-13T02:00,12.8698,74.8431,Mangalore_Port,2.143420601346659,1.44,1.24,0.206,2.349420601346659,HIGH,Chart_Datum_LAT,Open-Meteo_Marine_Real+TidalModel,https://marine-api.open-meteo.com/v1/marine?latitude=12.8698&longitude=74.8431&s
2024-08-13T03:00,12.8698,74.8431,Mangalore_Port,2.176225204224007,1.44,1.24,0.206,2.382225204224007,HIGH,Chart_Datum_LAT,Open-Meteo_Marine_Real+TidalModel,https://marine-api.open-meteo.com/v1/marine?latitude=12.8698&longitude=74.8431&s
2024-08-13T04:00,12.8698,74.8431,Mangalore_Port,1.9548271992403836,1.42,1.24,0.204,2.158827199240384,HIGH,Chart_Datum_LAT,Open-Meteo_Marine_Real+TidalModel,https://marine-api.open-meteo.com/v1/marine?latitude=12.8698&longitude=74.8431&s
2024-08-13T05:00,12.8698,74.8431,Mangalore_Port,1.5422362991622756,1.42,1.24,0.204,1.7462362991622755,FALLING,Chart_Datum_LAT,Open-Meteo_Marine_Real+TidalModel,https://marine-api.open-meteo.com/v1/marine?latitude=12.8698&longitude=74.8431&s
2024-08-13T06:00,12.8698,74.8431,Mangalore_Port,1.0502715150571034,1.42,1.22,0.20299999999999999,1.2532715150571034,FALLING,Chart_Datum_LAT,Open-Meteo_Marine_Real+TidalModel,https://marine-api.open-meteo.com/v1/marine?latitude=12.8698&longitude=74.8431&s
2024-08-13T07:00,12.8698,74.8431,Mangalore_Port,0.6107168881015739,1.4,1.22,0.20099999999999998,0.8117168881015738,LOW,Chart_Datum_LAT,Open-Meteo_Marine_Real+TidalModel,https://marine-api.open-meteo.com/v1/marine?latitude=12.8698&longitude=74.8431&s
2024-08-13T08:00,12.8698,74.8431,Mangalore_Port,0.34134886831711,1.4,1.2,0.19999999999999998,0.5413488683171099,LOW,Chart_Datum_LAT,Open-Meteo_Marine_Real+TidalModel,https://marine-api.open-meteo.com/v1/marine?latitude=12.8698&longitude=74.8431&s
2024-08-13T09:00,12.8698,74.8431,Mangalore_Port,0.31552454928876905,1.42,1.22,0.20299999999999999,0.518524549288769,LOW,Chart_Datum_LAT,Open-Meteo_Marine_Real+TidalModel,https://marine-api.open-meteo.com/v1/marine?latitude=12.8698&longitude=74.8431&s
2024-08-13T10:00,12.8698,74.8431,Mangalore_Port,0.5431248699986239,1.46,1.24,0.208,0.7511248699986238,LOW,Chart_Datum_LAT,Open-Meteo_Marine_Real+TidalModel,https://marine-api.open-meteo.com/v1/marine?latitude=12.8698&longitude=74.8431&s
2024-08-13T11:00,12.8698,74.8431,Mangalore_Port,0.9677562069091311,1.48,1.26,0.211,1.178756206909131,RISING,Chart_Datum_LAT,Open-Meteo_Marine_Real+TidalModel,https://marine-api.open-meteo.com/v1/marine?latitude=12.8698&longitude=74.8431&s
2024-08-13T12:00,12.8698,74.8431,Mangalore_Port,1.480963142352939,1.46,1.24,0.208,1.688963142352939,RISING,Chart_Datum_LAT,Open-Meteo_Marine_Real+TidalModel,https://marine-api.open-meteo.com/v1/marine?latitude=12.8698&longitude=74.8431&s
2024-08-13T13:00,12.8698,74.8431,Mangalore_Port,1.9498541617603198,1.46,1.22,0.207,2.15685416176032,HIGH,Chart_Datum_LAT,Open-Meteo_Marine_Real+TidalModel,https://marine-api.open-meteo.com/v1/marine?latitude=12.8698&longitude=74.8431&s
2024-08-13T14:00,12.8698,74.8431,Mangalore_Port,2.2511034013860494,1.44,1.2,0.204,2.4551034013860495,HIGH,Chart_Datum_LAT,Open-Meteo_Marine_Real+TidalModel,https://marine-api.open-meteo.com/v1/marine?latitude=12.8698&longitude=74.8431&s
2024-08-13T15:00,12.8698,74.8431,Mangalore_Port,2.302646572793612,1.44,1.2,0.204,2.506646572793612,HIGH,Chart_Datum_LAT,Open-Meteo_Marine_Real+TidalModel,https://marine-api.open-meteo.com/v1/marine?latitude=12.8698&longitude=74.8431&s
2024-08-13T16:00,12.8698,74.8431,Mangalore_Port,2.0849615006318043,1.46,1.18,0.205,2.2899615006318044,HIGH,Chart_Datum_LAT,Open-Meteo_Marine_Real+TidalModel,https://marine-api.open-meteo.com/v1/marine?latitude=12.8698&longitude=74.8431&s
2024-08-13T17:00,12.8698,74.8431,Mangalore_Port,1.6464702680116086,1.46,1.18,0.205,1.8514702680116086,FALLING,Chart_Datum_LAT,Open-Meteo_Marine_Real+TidalModel,https://marine-api.open-meteo.com/v1/marine?latitude=12.8698&longitude=74.8431&s
2024-08-13T18:00,12.8698,74.8431,Mangalore_Port,1.091646802080914,1.48,1.2,0.208,1.299646802080914,FALLING,Chart_Datum_LAT,Open-Meteo_Marine_Real+TidalModel,https://marine-api.open-meteo.com/v1/marine?latitude=12.8698&longitude=74.8431&s
2024-08-13T19:00,12.8698,74.8431,Mangalore_Port,0.5548278087469747,1.48,1.22,0.209,0.7638278087469746,LOW,Chart_Datum_LAT,Open-Meteo_Marine_Real+TidalModel,https://marine-api.open-meteo.com/v1/marine?latitude=12.8698&longitude=74.8431&s
2024-08-13T20:00,12.8698,74.8431,Mangalore_Port,0.16637815597909156,1.5,1.24,0.21200000000000002,0.3783781559790916,LOW,Chart_Datum_LAT,Open-Meteo_Marine_Real+TidalModel,https://marine-api.open-meteo.com/v1/marine?latitude=12.8698&longitude=74.8431&s
2024-08-13T21:00,12.8698,74.8431,Mangalore_Port,0.01981952873853876,1.5,1.26,0.21300000000000002,0.23281952873853878,LOW,Chart_Datum_LAT,Open-Meteo_Marine_Real+TidalModel,https://marine-api.open-meteo.com/v1/marine?latitude=12.8698&longitude=74.8431&s
2024-08-13T22:00,12.8698,74.8431,Mangalore_Port,0.14829173421532937,1.52,1.3,0.21700000000000003,0.3652917342153294,LOW,Chart_Datum_LAT,Open-Meteo_Marine_Real+TidalModel,https://marine-api.open-meteo.com/v1/marine?latitude=12.8698&longitude=74.8431&s
2024-08-13T23:00,12.8698,74.8431,Mangalore_Port,0.5163392980136725,1.52,1.32,0.21800000000000003,0.7343392980136725,LOW,Chart_Datum_LAT,Open-Meteo_Marine_Real+TidalModel,https://marine-api.open-meteo.com/v1/marine?latitude=12.8698&longitude=74.8431&s
2024-08-14T00:00,12.8698,74.8431,Mangalore_Port,1.0291084169953704,1.52,1.32,0.21800000000000003,1.2471084169953703,RISING,Chart_Datum_LAT,Open-Meteo_Marine_Real+TidalModel,https://marine-api.open-meteo.com/v1/marine?latitude=12.8698&longitude=74.8431&s
2024-08-14T01:00,12.8698,74.8431,Mangalore_Port,1.5565990360928121,1.5,1.32,0.21600000000000003,1.772599036092812,RISING,Chart_Datum_LAT,Open-Meteo_Marine_Real+TidalModel,https://marine-api.open-meteo.com/v1/marine?latitude=12.8698&longitude=74.8431&s
2024-08-14T02:00,12.8698,74.8431,Mangalore_Port,1.9667783232802591,1.5,1.32,0.21600000000000003,2.1827783232802593,HIGH,Chart_Datum_LAT,Open-Meteo_Marine_Real+TidalModel,https://marine-api.open-meteo.com/v1/marine?latitude=12.8698&longitude=74.8431&s
2024-08-14T03:00,12.8698,74.8431,Mangalore_Port,2.1591058538649612,1.5,1.32,0.21600000000000003,2.3751058538649614,HIGH,Chart_Datum_LAT,Open-Meteo_Marine_Real+TidalModel,https://marine-api.open-meteo.com/v1/marine?latitude=12.8698&longitude=74.8431&s
2024-08-14T04:00,12.8698,74.8431,Mangalore_Port,2.089923422905205,1.52,1.32,0.21800000000000003,2.307923422905205,HIGH,Chart_Datum_LAT,Open-Meteo_Marine_Real+TidalModel,https://marine-api.open-meteo.com/v1/marine?latitude=12.8698&longitude=74.8431&s
2024-08-14T05:00,12.8698,74.8431,Mangalore_Port,1.783247642473045,1.52,1.32,0.21800000000000003,2.001247642473045,FALLING,Chart_Datum_LAT,Open-Meteo_Marine_Real+TidalModel,https://marine-api.open-meteo.com/v1/marine?latitude=12.8698&longitude=74.8431&s
2024-08-14T06:00,12.8698,74.8431,Mangalore_Port,1.3242374200601563,1.54,1.36,0.22200000000000003,1.5462374200601563,FALLING,Chart_Datum_LAT,Open-Meteo_Marine_Real+TidalModel,https://marine-api.open-meteo.com/v1/marine?latitude=12.8698&longitude=74.8431&s
2024-08-14T07:00,12.8698,74.8431,Mangalore_Port,0.8370359244131601,1.54,1.38,0.22300000000000003,1.06003592441316,FALLING,Chart_Datum_LAT,Open-Meteo_Marine_Real+TidalModel,https://marine-api.open-meteo.com/v1/marine?latitude=12.8698&longitude=74.8431&s
2024-08-14T08:00,12.8698,74.8431,Mangalore_Port,0.45267589576992473,1.56,1.42,0.22700000000000004,0.6796758957699247,LOW,Chart_Datum_LAT,Open-Meteo_Marine_Real+TidalModel,https://marine-api.open-meteo.com/v1/marine?latitude=12.8698&longitude=74.8431&s
2024-08-14T09:00,12.8698,74.8431,Mangalore_Port,0.27526919338662037,1.56,1.44,0.22800000000000004,0.5032691933866205,LOW,Chart_Datum_LAT,Open-Meteo_Marine_Real+TidalModel,https://marine-api.open-meteo.com/v1/marine?latitude=12.8698&longitude=74.8431&s
2024-08-14T10:00,12.8698,74.8431,Mangalore_Port,0.3551306982693556,1.56,1.44,0.22800000000000004,0.5831306982693556,LOW,Chart_Datum_LAT,Open-Meteo_Marine_Real+TidalModel,https://marine-api.open-meteo.com/v1/marine?latitude=12.8698&longitude=74.8431&s
2024-08-14T11:00,12.8698,74.8431,Mangalore_Port,0.675705611065522,1.56,1.46,0.22900000000000004,0.904705611065522,LOW,Chart_Datum_LAT,Open-Meteo_Marine_Real+TidalModel,https://marine-api.open-meteo.com/v1/marine?latitude=12.8698&longitude=74.8431&s
2024-08-14T12:00,12.8698,74.8431,Mangalore_Port,1.1576353422993608,1.56,1.44,0.22800000000000004,1.3856353422993608,RISING,Chart_Datum_LAT,Open-Meteo_Marine_Real+TidalModel,https://marine-api.open-meteo.com/v1/marine?latitude=12.8698&longitude=74.8431&s
2024-08-14T13:00,12.8698,74.8431,Mangalore_Port,1.678915515860207,1.56,1.44,0.22800000000000004,1.906915515860207,RISING,Chart_Datum_LAT,Open-Meteo_Marine_Real+TidalModel,https://marine-api.open-meteo.com/v1/marine?latitude=12.8698&longitude=74.8431&s
2024-08-14T14:00,12.8698,74.8431,Mangalore_Port,2.1059904971935555,1.56,1.42,0.22700000000000004,2.3329904971935553,HIGH,Chart_Datum_LAT,Open-Meteo_Marine_Real+TidalModel,https://marine-api.open-meteo.com/v1/marine?latitude=12.8698&longitude=74.8431&s
2024-08-14T15:00,12.8698,74.8431,Mangalore_Port,2.327841471867668,1.58,1.4,0.22800000000000004,2.555841471867668,HIGH,Chart_Datum_LAT,Open-Meteo_Marine_Real+TidalModel,https://marine-api.open-meteo.com/v1/marine?latitude=12.8698&longitude=74.8431&s
2024-08-14T16:00,12.8698,74.8431,Mangalore_Port,2.2843692900404626,1.62,1.38,0.23100000000000004,2.5153692900404625,HIGH,Chart_Datum_LAT,Open-Meteo_Marine_Real+TidalModel,https://marine-api.open-meteo.com/v1/marine?latitude=12.8698&longitude=74.8431&s
2024-08-14T17:00,12.8698,74.8431,Mangalore_Port,1.9818387463965923,1.64,1.36,0.232,2.2138387463965925,HIGH,Chart_Datum_LAT,Open-Meteo_Marine_Real+TidalModel,https://marine-api.open-meteo.com/v1/marine?latitude=12.8698&longitude=74.8431&s
2024-08-14T18:00,12.8698,74.8431,Mangalore_Port,1.4914596681062329,1.68,1.28,0.232,1.7234596681062329,FALLING,Chart_Datum_LAT,Open-Meteo_Marine_Real+TidalModel,https://marine-api.open-meteo.com/v1/marine?latitude=12.8698&longitude=74.8431&s
2024-08-14T19:00,12.8698,74.8431,Mangalore_Port,0.9314841050530128,1.7,1.22,0.231,1.1624841050530128,FALLING,Chart_Datum_LAT,Open-Meteo_Marine_Real+TidalModel,https://marine-api.open-meteo.com/v1/marine?latitude=12.8698&longitude=74.8431&s
2024-08-14T20:00,12.8698,74.8431,Mangalore_Port,0.4373976517019379,1.74,1.14,0.231,0.6683976517019379,LOW,Chart_Datum_LAT,Open-Meteo_Marine_Real+TidalModel,https://marine-api.open-meteo.com/v1/marine?latitude=12.8698&longitude=74.8431&s
2024-08-14T21:00,12.8698,74.8431,Mangalore_Port,0.12780537125016989,1.76,1.16,0.234,0.36180537125016987,LOW,Chart_Datum_LAT,Open-Meteo_Marine_Real+TidalModel,https://marine-api.open-meteo.com/v1/marine?latitude=12.8698&longitude=74.8431&s
2024-08-14T22:00,12.8698,74.8431,Mangalore_Port,0.07469066159638116,1.78,1.16,0.23600000000000002,0.31069066159638115,LOW,Chart_Datum_LAT,Open-Meteo_Marine_Real+TidalModel,https://marine-api.open-meteo.com/v1/marine?latitude=12.8698&longitude=74.8431&s
2024-08-14T23:00,12.8698,74.8431,Mangalore_Port,0.2855887176305997,1.8,1.18,0.23900000000000002,0.5245887176305997,LOW,Chart_Datum_LAT,Open-Meteo_Marine_Real+TidalModel,https://marine-api.open-meteo.com/v1/marine?latitude=12.8698&longitude=74.8431&s
2024-08-15T00:00,12.8698,74.8431,Mangalore_Port,0.702160953024642,1.78,1.28,0.24200000000000002,0.944160953024642,RISING,Chart_Datum_LAT,Open-Meteo_Marine_Real+TidalModel,https://marine-api.open-meteo.com/v1/marine?latitude=12.8698&longitude=74.8431&s
2024-08-15T01:00,12.8698,74.8431,Mangalore_Port,1.2154675769445868,1.74,1.36,0.24200000000000002,1.4574675769445868,RISING,Chart_Datum_LAT,Open-Meteo_Marine_Real+TidalModel,https://marine-api.open-meteo.com/v1/marine?latitude=12.8698&longitude=74.8431&s
2024-08-15T02:00,12.8698,74.8431,Mangalore_Port,1.6939841960047706,1.72,1.46,0.245,1.9389841960047707,RISING,Chart_Datum_LAT,Open-Meteo_Marine_Real+TidalModel,https://marine-api.open-meteo.com/v1/marine?latitude=12.8698&longitude=74.8431&s
2024-08-15T03:00,12.8698,74.8431,Mangalore_Port,2.0171790472790043,1.7,1.48,0.244,2.261179047279004,HIGH,Chart_Datum_LAT,Open-Meteo_Marine_Real+TidalModel,https://marine-api.open-meteo.com/v1/marine?latitude=12.8698&longitude=74.8431&s
2024-08-15T04:00,12.8698,74.8431,Mangalore_Port,2.1060801697303098,1.68,1.5,0.24300000000000002,2.3490801697303096,HIGH,Chart_Datum_LAT,Open-Meteo_Marine_Real+TidalModel,https://marine-api.open-meteo.com/v1/marine?latitude=12.8698&longitude=74.8431&s
2024-08-15T05:00,12.8698,74.8431,Mangalore_Port,1.9430636912781538,1.66,1.52,0.24200000000000002,2.185063691278154,HIGH,Chart_Datum_LAT,Open-Meteo_Marine_Real+TidalModel,https://marine-api.open-meteo.com/v1/marine?latitude=12.8698&longitude=74.8431&s
2024-08-15T06:00,12.8698,74.8431,Mangalore_Port,1.5758729862583836,1.64,1.5,0.23900000000000002,1.8148729862583837,FALLING,Chart_Datum_LAT,Open-Meteo_Marine_Real+TidalModel,https://marine-api.open-meteo.com/v1/marine?latitude=12.8698&longitude=74.8431&s
2024-08-15T07:00,12.8698,74.8431,Mangalore_Port,1.1049178748835262,1.6,1.5,0.23500000000000004,1.3399178748835263,FALLING,Chart_Datum_LAT,Open-Meteo_Marine_Real+TidalModel,https://marine-api.open-meteo.com/v1/marine?latitude=12.8698&longitude=74.8431&s
2024-08-15T08:00,12.8698,74.8431,Mangalore_Port,0.6571685855046724,1.58,1.48,0.23200000000000004,0.8891685855046725,LOW,Chart_Datum_LAT,Open-Meteo_Marine_Real+TidalModel,https://marine-api.open-meteo.com/v1/marine?latitude=12.8698&longitude=74.8431&s
2024-08-15T09:00,12.8698,74.8431,Mangalore_Port,0.35336258442438806,1.6,1.5,0.23500000000000004,0.588362584424388,LOW,Chart_Datum_LAT,Open-Meteo_Marine_Real+TidalModel,https://marine-api.open-meteo.com/v1/marine?latitude=12.8698&longitude=74.8431&s
2024-08-15T10:00,12.8698,74.8431,Mangalore_Port,0.2769195722162866,1.62,1.5,0.23700000000000004,0.5139195722162866,LOW,Chart_Datum_LAT,Open-Meteo_Marine_Real+TidalModel,https://marine-api.open-meteo.com/v1/marine?latitude=12.8698&longitude=74.8431&s
2024-08-15T11:00,12.8698,74.8431,Mangalore_Port,0.45249067124690423,1.64,1.52,0.24000000000000002,0.6924906712469042,LOW,Chart_Datum_LAT,Open-Meteo_Marine_Real+TidalModel,https://marine-api.open-meteo.com/v1/marine?latitude=12.8698&longitude=74.8431&s
2024-08-15T12:00,12.8698,74.8431,Mangalore_Port,0.8395808465606407,1.62,1.5,0.23700000000000004,1.0765808465606408,RISING,Chart_Datum_LAT,Open-Meteo_Marine_Real+TidalModel,https://marine-api.open-meteo.com/v1/marine?latitude=12.8698&longitude=74.8431&s
2024-08-15T13:00,12.8698,74.8431,Mangalore_Port,1.3428214461072632,1.6,1.48,0.23400000000000004,1.5768214461072632,RISING,Chart_Datum_LAT,Open-Meteo_Marine_Real+TidalModel,https://marine-api.open-meteo.com/v1/marine?latitude=12.8698&longitude=74.8431&s
2024-08-15T14:00,12.8698,74.8431,Mangalore_Port,1.8362225443710636,1.58,1.46,0.23100000000000004,2.0672225443710635,HIGH,Chart_Datum_LAT,Open-Meteo_Marine_Real+TidalModel,https://marine-api.open-meteo.com/v1/marine?latitude=12.8698&longitude=74.8431&s
2024-08-15T15:00,12.8698,74.8431,Mangalore_Port,2.1951861769335044,1.58,1.44,0.23000000000000004,2.4251861769335044,HIGH,Chart_Datum_LAT,Open-Meteo_Marine_Real+TidalModel,https://marine-api.open-meteo.com/v1/marine?latitude=12.8698&longitude=74.8431&s
2024-08-15T16:00,12.8698,74.8431,Mangalore_Port,2.328112039991865,1.56,1.44,0.22800000000000004,2.556112039991865,HIGH,Chart_Datum_LAT,Open-Meteo_Marine_Real+TidalModel,https://marine-api.open-meteo.com/v1/marine?latitude=12.8698&longitude=74.8431&s
2024-08-15T17:00,12.8698,74.8431,Mangalore_Port,2.1995654932251227,1.56,1.42,0.22700000000000004,2.4265654932251226,HIGH,Chart_Datum_LAT,Open-Meteo_Marine_Real+TidalModel,https://marine-api.open-meteo.com/v1/marine?latitude=12.8698&longitude=74.8431&s
2024-08-15T18:00,12.8698,74.8431,Mangalore_Port,1.8391582149067625,1.54,1.4,0.22400000000000003,2.0631582149067627,HIGH,Chart_Datum_LAT,Open-Meteo_Marine_Real+TidalModel,https://marine-api.open-meteo.com/v1/marine?latitude=12.8698&longitude=74.8431&s
2024-08-15T19:00,12.8698,74.8431,Mangalore_Port,1.333949252769591,1.54,1.38,0.22300000000000003,1.5569492527695912,FALLING,Chart_Datum_LAT,Open-Meteo_Marine_Real+TidalModel,https://marine-api.open-meteo.com/v1/marine?latitude=12.8698&longitude=74.8431&s
2024-08-15T20:00,12.8698,74.8431,Mangalore_Port,0.8063701255078131,1.52,1.36,0.22000000000000003,1.026370125507813,FALLING,Chart_Datum_LAT,Open-Meteo_Marine_Real+TidalModel,https://marine-api.open-meteo.com/v1/marine?latitude=12.8698&longitude=74.8431&s
2024-08-15T21:00,12.8698,74.8431,Mangalore_Port,0.3833417611006188,1.54,1.38,0.22300000000000003,0.6063417611006188,LOW,Chart_Datum_LAT,Open-Meteo_Marine_Real+TidalModel,https://marine-api.open-meteo.com/v1/marine?latitude=12.8698&longitude=74.8431&s
2024-08-15T22:00,12.8698,74.8431,Mangalore_Port,0.1644545045397816,1.56,1.42,0.22700000000000004,0.39145450453978164,LOW,Chart_Datum_LAT,Open-Meteo_Marine_Real+TidalModel,https://marine-api.open-meteo.com/v1/marine?latitude=12.8698&longitude=74.8431&s
2024-08-15T23:00,12.8698,74.8431,Mangalore_Port,0.19727337652670363,1.58,1.44,0.23000000000000004,0.42727337652670366,LOW,Chart_Datum_LAT,Open-Meteo_Marine_Real+TidalModel,https://marine-api.open-meteo.com/v1/marine?latitude=12.8698&longitude=74.8431&s
2024-08-16T00:00,12.8698,74.8431,Mangalore_Port,0.46597272259356526,1.58,1.44,0.23000000000000004,0.6959727225935652,LOW,Chart_Datum_LAT,Open-Meteo_Marine_Real+TidalModel,https://marine-api.open-meteo.com/v1/marine?latitude=12.8698&longitude=74.8431&s
2024-08-16T01:00,12.8698,74.8431,Mangalore_Port,0.8960823100368386,1.58,1.44,0.23000000000000004,1.1260823100368387,RISING,Chart_Datum_LAT,Open-Meteo_Marine_Real+TidalModel,https://marine-api.open-meteo.com/v1/marine?latitude=12.8698&longitude=74.8431&s
2024-08-16T02:00,12.8698,74.8431,Mangalore_Port,1.3740205011329785,1.58,1.44,0.23000000000000004,1.6040205011329784,RISING,Chart_Datum_LAT,Open-Meteo_Marine_Real+TidalModel,https://marine-api.open-meteo.com/v1/marine?latitude=12.8698&longitude=74.8431&s
2024-08-16T03:00,12.8698,74.8431,Mangalore_Port,1.7763473973178645,1.58,1.44,0.23000000000000004,2.0063473973178647,RISING,Chart_Datum_LAT,Open-Meteo_Marine_Real+TidalModel,https://marine-api.open-meteo.com/v1/marine?latitude=12.8698&longitude=74.8431&s
2024-08-16T04:00,12.8698,74.8431,Mangalore_Port,2.0012404451869736,1.58,1.44,0.23000000000000004,2.2312404451869736,HIGH,Chart_Datum_LAT,Open-Meteo_Marine_Real+TidalModel,https://marine-api.open-meteo.com/v1/marine?latitude=12.8698&longitude=74.8431&s
2024-08-16T05:00,12.8698,74.8431,Mangalore_Port,1.9941855038950194,1.58,1.44,0.23000000000000004,2.2241855038950193,HIGH,Chart_Datum_LAT,Open-Meteo_Marine_Real+TidalModel,https://marine-api.open-meteo.com/v1/marine?latitude=12.8698&longitude=74.8431&s
2024-08-16T06:00,12.8698,74.8431,Mangalore_Port,1.761403881776511,1.58,1.44,0.23000000000000004,1.991403881776511,FALLING,Chart_Datum_LAT,Open-Meteo_Marine_Real+TidalModel,https://marine-api.open-meteo.com/v1/marine?latitude=12.8698&longitude=74.8431&s
2024-08-16T07:00,12.8698,74.8431,Mangalore_Port,1.3676978960918114,1.58,1.46,0.23100000000000004,1.5986978960918115,FALLING,Chart_Datum_LAT,Open-Meteo_Marine_Real+TidalModel,https://marine-api.open-meteo.com/v1/marine?latitude=12.8698&longitude=74.8431&s
2024-08-16T08:00,12.8698,74.8431,Mangalore_Port,0.9193791398086473,1.58,1.46,0.23100000000000004,1.1503791398086474,FALLING,Chart_Datum_LAT,Open-Meteo_Marine_Real+TidalModel,https://marine-api.open-meteo.com/v1/marine?latitude=12.8698&longitude=74.8431&s
2024-08-16T09:00,12.8698,74.8431,Mangalore_Port,0.5367276058718935,1.58,1.46,0.23100000000000004,0.7677276058718936,LOW,Chart_Datum_LAT,Open-Meteo_Marine_Real+TidalModel,https://marine-api.open-meteo.com/v1/marine?latitude=12.8698&longitude=74.8431&s
2024-08-16T10:00,12.8698,74.8431,Mangalore_Port,0.3230566507892385,1.56,1.44,0.22800000000000004,0.5510566507892385,LOW,Chart_Datum_LAT,Open-Meteo_Marine_Real+TidalModel,https://marine-api.open-meteo.com/v1/marine?latitude=12.8698&longitude=74.8431&s
2024-08-16T11:00,12.8698,74.8431,Mangalore_Port,0.3382701693296636,1.56,1.44,0.22800000000000004,0.5662701693296637,LOW,Chart_Datum_LAT,Open-Meteo_Marine_Real+TidalModel,https://marine-api.open-meteo.com/v1/marine?latitude=12.8698&longitude=74.8431&s
2024-08-16T12:00,12.8698,74.8431,Mangalore_Port,0.5836020902820429,1.56,1.42,0.22700000000000004,0.810602090282043,LOW,Chart_Datum_LAT,Open-Meteo_Marine_Real+TidalModel,https://marine-api.open-meteo.com/v1/marine?latitude=12.8698&longitude=74.8431&s
2024-08-16T13:00,12.8698,74.8431,Mangalore_Port,1.001343427017033,1.56,1.42,0.22700000000000004,1.228343427017033,RISING,Chart_Datum_LAT,Open-Meteo_Marine_Real+TidalModel,https://marine-api.open-meteo.com/v1/marine?latitude=12.8698&longitude=74.8431&s
2024-08-16T14:00,12.8698,74.8431,Mangalore_Port,1.489533780229647,1.56,1.4,0.22600000000000003,1.715533780229647,RISING,Chart_Datum_LAT,Open-Meteo_Marine_Real+TidalModel,https://marine-api.open-meteo.com/v1/marine?latitude=12.8698&longitude=74.8431&s
2024-08-16T15:00,12.8698,74.8431,Mangalore_Port,1.9278009730724104,1.56,1.4,0.22600000000000003,2.1538009730724106,HIGH,Chart_Datum_LAT,Open-Meteo_Marine_Real+TidalModel,https://marine-api.open-meteo.com/v1/marine?latitude=12.8698&longitude=74.8431&s
2024-08-16T16:00,12.8698,74.8431,Mangalore_Port,2.207736039015723,1.56,1.38,0.22500000000000003,2.432736039015723,HIGH,Chart_Datum_LAT,Open-Meteo_Marine_Real+TidalModel,https://marine-api.open-meteo.com/v1/marine?latitude=12.8698&longitude=74.8431&s
2024-08-16T17:00,12.8698,74.8431,Mangalore_Port,2.260091853333835,1.56,1.38,0.22500000000000003,2.4850918533338353,HIGH,Chart_Datum_LAT,Open-Meteo_Marine_Real+TidalModel,https://marine-api.open-meteo.com/v1/marine?latitude=12.8698&longitude=74.8431&s
2024-08-16T18:00,12.8698,74.8431,Mangalore_Port,2.071956641013983,1.56,1.4,0.22600000000000003,2.297956641013983,HIGH,Chart_Datum_LAT,Open-Meteo_Marine_Real+TidalModel,https://marine-api.open-meteo.com/v1/marine?latitude=12.8698&longitude=74.8431&s
2024-08-16T19:00,12.8698,74.8431,Mangalore_Port,1.689643088163502,1.58,1.4,0.22800000000000004,1.917643088163502,FALLING,Chart_Datum_LAT,Open-Meteo_Marine_Real+TidalModel,https://marine-api.open-meteo.com/v1/marine?latitude=12.8698&longitude=74.8431&s
2024-08-16T20:00,12.8698,74.8431,Mangalore_Port,1.206678997442782,1.58,1.42,0.22900000000000004,1.4356789974427822,FALLING,Chart_Datum_LAT,Open-Meteo_Marine_Real+TidalModel,https://marine-api.open-meteo.com/v1/marine?latitude=12.8698&longitude=74.8431&s
2024-08-16T21:00,12.8698,74.8431,Mangalore_Port,0.7400540671964237,1.58,1.42,0.22900000000000004,0.9690540671964238,FALLING,Chart_Datum_LAT,Open-Meteo_Marine_Real+TidalModel,https://marine-api.open-meteo.com/v1/marine?latitude=12.8698&longitude=74.8431&s
2024-08-16T22:00,12.8698,74.8431,Mangalore_Port,0.40081443190721067,1.56,1.42,0.22700000000000004,0.6278144319072108,LOW,Chart_Datum_LAT,Open-Meteo_Marine_Real+TidalModel,https://marine-api.open-meteo.com/v1/marine?latitude=12.8698&longitude=74.8431&s
2024-08-16T23:00,12.8698,74.8431,Mangalore_Port,0.26646659267003026,1.56,1.42,0.22700000000000004,0.4934665926700303,LOW,Chart_Datum_LAT,Open-Meteo_Marine_Real+TidalModel,https://marine-api.open-meteo.com/v1/marine?latitude=12.8698&longitude=74.8431&s
2024-08-17T00:00,12.8698,74.8431,Mangalore_Port,0.36212355927202156,1.54,1.42,0.22500000000000003,0.5871235592720216,LOW,Chart_Datum_LAT,Open-Meteo_Marine_Real+TidalModel,https://marine-api.open-meteo.com/v1/marine?latitude=12.8698&longitude=74.8431&s
2024-08-17T01:00,12.8698,74.8431,Mangalore_Port,0.6550505230014958,1.54,1.42,0.22500000000000003,0.8800505230014959,LOW,Chart_Datum_LAT,Open-Meteo_Marine_Real+TidalModel,https://marine-api.open-meteo.com/v1/marine?latitude=12.8698&longitude=74.8431&s
2024-08-17T02:00,12.8698,74.8431,Mangalore_Port,1.0638377907982421,1.52,1.42,0.22300000000000003,1.2868377907982422,RISING,Chart_Datum_LAT,Open-Meteo_Marine_Real+TidalModel,https://marine-api.open-meteo.com/v1/marine?latitude=12.8698&longitude=74.8431&s
2024-08-17T03:00,12.8698,74.8431,Mangalore_Port,1.4797236692738474,1.52,1.42,0.22300000000000003,1.7027236692738474,RISING,Chart_Datum_LAT,Open-Meteo_Marine_Real+TidalModel,https://marine-api.open-meteo.com/v1/marine?latitude=12.8698&longitude=74.8431&s
2024-08-17T04:00,12.8698,74.8431,Mangalore_Port,1.7945488221367087,1.54,1.44,0.22600000000000003,2.0205488221367087,RISING,Chart_Datum_LAT,Open-Meteo_Marine_Real+TidalModel,https://marine-api.open-meteo.com/v1/marine?latitude=12.8698&longitude=74.8431&s
2024-08-17T05:00,12.8698,74.8431,Mangalore_Port,1.9282080429549269,1.54,1.44,0.22600000000000003,2.154208042954927,HIGH,Chart_Datum_LAT,Open-Meteo_Marine_Real+TidalModel,https://marine-api.open-meteo.com/v1/marine?latitude=12.8698&longitude=74.8431&s
2024-08-17T06:00,12.8698,74.8431,Mangalore_Port,1.848668658832132,1.56,1.46,0.22900000000000004,2.077668658832132,HIGH,Chart_Datum_LAT,Open-Meteo_Marine_Real+TidalModel,https://marine-api.open-meteo.com/v1/marine?latitude=12.8698&longitude=74.8431&s
2024-08-17T07:00,12.8698,74.8431,Mangalore_Port,1.579576249244358,1.56,1.48,0.23000000000000004,1.809576249244358,FALLING,Chart_Datum_LAT,Open-Meteo_Marine_Real+TidalModel,https://marine-api.open-meteo.com/v1/marine?latitude=12.8698&longitude=74.8431&s
2024-08-17T08:00,12.8698,74.8431,Mangalore_Port,1.1936563672116927,1.58,1.5,0.23300000000000004,1.4266563672116928,FALLING,Chart_Datum_LAT,Open-Meteo_Marine_Real+TidalModel,https://marine-api.open-meteo.com/v1/marine?latitude=12.8698&longitude=74.8431&s
2024-08-17T09:00,12.8698,74.8431,Mangalore_Port,0.7937270435486925,1.6,1.5,0.23500000000000004,1.0287270435486926,FALLING,Chart_Datum_LAT,Open-Meteo_Marine_Real+TidalModel,https://marine-api.open-meteo.com/v1/marine?latitude=12.8698&longitude=74.8431&s
2024-08-17T10:00,12.8698,74.8431,Mangalore_Port,0.48624607911588347,1.6,1.52,0.23600000000000004,0.7222460791158836,LOW,Chart_Datum_LAT,Open-Meteo_Marine_Real+TidalModel,https://marine-api.open-meteo.com/v1/marine?latitude=12.8698&longitude=74.8431&s
2024-08-17T11:00,12.8698,74.8431,Mangalore_Port,0.35415025016741,1.62,1.52,0.23800000000000004,0.5921502501674101,LOW,Chart_Datum_LAT,Open-Meteo_Marine_Real+TidalModel,https://marine-api.open-meteo.com/v1/marine?latitude=12.8698&longitude=74.8431&s
2024-08-17T12:00,12.8698,74.8431,Mangalore_Port,0.43585228832172573,1.64,1.54,0.24100000000000002,0.6768522883217257,LOW,Chart_Datum_LAT,Open-Meteo_Marine_Real+TidalModel,https://marine-api.open-meteo.com/v1/marine?latitude=12.8698&longitude=74.8431&s
2024-08-17T13:00,12.8698,74.8431,Mangalore_Port,0.7156378325442321,1.64,1.56,0.24200000000000002,0.9576378325442321,RISING,Chart_Datum_LAT,Open-Meteo_Marine_Real+TidalModel,https://marine-api.open-meteo.com/v1/marine?latitude=12.8698&longitude=74.8431&s
2024-08-17T14:00,12.8698,74.8431,Mangalore_Port,1.1277775404601749,1.66,1.58,0.24500000000000002,1.372777540460175,RISING,Chart_Datum_LAT,Open-Meteo_Marine_Real+TidalModel,https://marine-api.open-meteo.com/v1/marine?latitude=12.8698&longitude=74.8431&s
2024-08-17T15:00,12.8698,74.8431,Mangalore_Port,1.5731918214878455,1.68,1.6,0.24800000000000003,1.8211918214878455,RISING,Chart_Datum_LAT,Open-Meteo_Marine_Real+TidalModel,https://marine-api.open-meteo.com/v1/marine?latitude=12.8698&longitude=74.8431&s
2024-08-17T16:00,12.8698,74.8431,Mangalore_Port,1.9443596682907942,1.68,1.62,0.24900000000000003,2.1933596682907943,HIGH,Chart_Datum_LAT,Open-Meteo_Marine_Real+TidalModel,https://marine-api.open-meteo.com/v1/marine?latitude=12.8698&longitude=74.8431&s
2024-08-17T17:00,12.8698,74.8431,Mangalore_Port,2.1521370139788667,1.7,1.64,0.252,2.4041370139788665,HIGH,Chart_Datum_LAT,Open-Meteo_Marine_Real+TidalModel,https://marine-api.open-meteo.com/v1/marine?latitude=12.8698&longitude=74.8431&s
2024-08-17T18:00,12.8698,74.8431,Mangalore_Port,2.1477404124403443,1.72,1.66,0.255,2.402740412440344,HIGH,Chart_Datum_LAT,Open-Meteo_Marine_Real+TidalModel,https://marine-api.open-meteo.com/v1/marine?latitude=12.8698&longitude=74.8431&s
2024-08-17T19:00,12.8698,74.8431,Mangalore_Port,1.9344420184504205,1.72,1.66,0.255,2.1894420184504204,HIGH,Chart_Datum_LAT,Open-Meteo_Marine_Real+TidalModel,https://marine-api.open-meteo.com/v1/marine?latitude=12.8698&longitude=74.8431&s
2024-08-17T20:00,12.8698,74.8431,Mangalore_Port,1.566166440746187,1.74,1.68,0.258,1.824166440746187,FALLING,Chart_Datum_LAT,Open-Meteo_Marine_Real+TidalModel,https://marine-api.open-meteo.com/v1/marine?latitude=12.8698&longitude=74.8431&s
2024-08-17T21:00,12.8698,74.8431,Mangalore_Port,1.1334974099061772,1.74,1.68,0.258,1.3914974099061772,FALLING,Chart_Datum_LAT,Open-Meteo_Marine_Real+TidalModel,https://marine-api.open-meteo.com/v1/marine?latitude=12.8698&longitude=74.8431&s
2024-08-17T22:00,12.8698,74.8431,Mangalore_Port,0.7407504023061422,1.74,1.68,0.258,0.9987504023061422,FALLING,Chart_Datum_LAT,Open-Meteo_Marine_Real+TidalModel,https://marine-api.open-meteo.com/v1/marine?latitude=12.8698&longitude=74.8431&s
2024-08-17T23:00,12.8698,74.8431,Mangalore_Port,0.4799580631169129,1.74,1.68,0.258,0.7379580631169129,LOW,Chart_Datum_LAT,Open-Meteo_Marine_Real+TidalModel,https://marine-api.open-meteo.com/v1/marine?latitude=12.8698&longitude=74.8431&s
2024-08-18T00:00,12.8698,74.8431,Mangalore_Port,0.4083112277429434,1.74,1.68,0.258,0.6663112277429434,LOW,Chart_Datum_LAT,Open-Meteo_Marine_Real+TidalModel,https://marine-api.open-meteo.com/v1/marine?latitude=12.8698&longitude=74.8431&s
2024-08-18T01:00,12.8698,74.8431,Mangalore_Port,0.5346449453945166,1.72,1.68,0.256,0.7906449453945166,LOW,Chart_Datum_LAT,Open-Meteo_Marine_Real+TidalModel,https://marine-api.open-meteo.com/v1/marine?latitude=12.8698&longitude=74.8431&s
2024-08-18T02:00,12.8698,74.8431,Mangalore_Port,0.8182176957060046,1.72,1.68,0.256,1.0742176957060046,RISING,Chart_Datum_LAT,Open-Meteo_Marine_Real+TidalModel,https://marine-api.open-meteo.com/v1/marine?latitude=12.8698&longitude=74.8431&s
2024-08-18T03:00,12.8698,74.8431,Mangalore_Port,1.1799090844312714,1.7,1.66,0.253,1.4329090844312713,RISING,Chart_Datum_LAT,Open-Meteo_Marine_Real+TidalModel,https://marine-api.open-meteo.com/v1/marine?latitude=12.8698&longitude=74.8431&s
2024-08-18T04:00,12.8698,74.8431,Mangalore_Port,1.522850355778901,1.68,1.64,0.25,1.772850355778901,RISING,Chart_Datum_LAT,Open-Meteo_Marine_Real+TidalModel,https://marine-api.open-meteo.com/v1/marine?latitude=12.8698&longitude=74.8431&s
2024-08-18T05:00,12.8698,74.8431,Mangalore_Port,1.7571824031291188,1.66,1.62,0.24700000000000003,2.0041824031291187,RISING,Chart_Datum_LAT,Open-Meteo_Marine_Real+TidalModel,https://marine-api.open-meteo.com/v1/marine?latitude=12.8698&longitude=74.8431&s
2024-08-18T06:00,12.8698,74.8431,Mangalore_Port,1.8226773851445157,1.74,1.7,0.259,2.081677385144516,HIGH,Chart_Datum_LAT,Open-Meteo_Marine_Real+TidalModel,https://marine-api.open-meteo.com/v1/marine?latitude=12.8698&longitude=74.8431&s
2024-08-18T07:00,12.8698,74.8431,Mangalore_Port,1.7035830757633077,1.8,1.76,0.268,1.9715830757633077,FALLING,Chart_Datum_LAT,Open-Meteo_Marine_Real+TidalModel,https://marine-api.open-meteo.com/v1/marine?latitude=12.8698&longitude=74.8431&s
2024-08-18T08:00,12.8698,74.8431,Mangalore_Port,1.4320749167131082,1.88,1.84,0.28,1.7120749167131082,FALLING,Chart_Datum_LAT,Open-Meteo_Marine_Real+TidalModel,https://marine-api.open-meteo.com/v1/marine?latitude=12.8698&longitude=74.8431&s
2024-08-18T09:00,12.8698,74.8431,Mangalore_Port,1.0796021502424547,1.9,1.84,0.28200000000000003,1.3616021502424547,FALLING,Chart_Datum_LAT,Open-Meteo_Marine_Real+TidalModel,https://marine-api.open-meteo.com/v1/marine?latitude=12.8698&longitude=74.8431&s
2024-08-18T10:00,12.8698,74.8431,Mangalore_Port,0.7384529802680295,1.9,1.86,0.28300000000000003,1.0214529802680294,FALLING,Chart_Datum_LAT,Open-Meteo_Marine_Real+TidalModel,https://marine-api.open-meteo.com/v1/marine?latitude=12.8698&longitude=74.8431&s
2024-08-18T11:00,12.8698,74.8431,Mangalore_Port,0.4982778886540683,1.92,1.86,0.28500000000000003,0.7832778886540683,LOW,Chart_Datum_LAT,Open-Meteo_Marine_Real+TidalModel,https://marine-api.open-meteo.com/v1/marine?latitude=12.8698&longitude=74.8431&s
2024-08-18T12:00,12.8698,74.8431,Mangalore_Port,0.42350612159428636,1.94,1.88,0.28800000000000003,0.7115061215942864,LOW,Chart_Datum_LAT,Open-Meteo_Marine_Real+TidalModel,https://marine-api.open-meteo.com/v1/marine?latitude=12.8698&longitude=74.8431&s
2024-08-18T13:00,12.8698,74.8431,Mangalore_Port,0.5372875068059021,1.98,1.92,0.29400000000000004,0.8312875068059021,LOW,Chart_Datum_LAT,Open-Meteo_Marine_Real+TidalModel,https://marine-api.open-meteo.com/v1/marine?latitude=12.8698&longitude=74.8431&s
2024-08-18T14:00,12.8698,74.8431,Mangalore_Port,0.8158882223208876,2.0,1.94,0.29700000000000004,1.1128882223208878,RISING,Chart_Datum_LAT,Open-Meteo_Marine_Real+TidalModel,https://marine-api.open-meteo.com/v1/marine?latitude=12.8698&longitude=74.8431&s
2024-08-18T15:00,12.8698,74.8431,Mangalore_Port,1.1948109097388775,1.98,1.94,0.29500000000000004,1.4898109097388774,RISING,Chart_Datum_LAT,Open-Meteo_Marine_Real+TidalModel,https://marine-api.open-meteo.com/v1/marine?latitude=12.8698&longitude=74.8431&s
2024-08-18T16:00,12.8698,74.8431,Mangalore_Port,1.58497361777335,1.98,1.92,0.29400000000000004,1.87897361777335,RISING,Chart_Datum_LAT,Open-Meteo_Marine_Real+TidalModel,https://marine-api.open-meteo.com/v1/marine?latitude=12.8698&longitude=74.8431&s
2024-08-18T17:00,12.8698,74.8431,Mangalore_Port,1.8948038936564937,1.96,1.92,0.29200000000000004,2.186803893656494,HIGH,Chart_Datum_LAT,Open-Meteo_Marine_Real+TidalModel,https://marine-api.open-meteo.com/v1/marine?latitude=12.8698&longitude=74.8431&s
2024-08-18T18:00,12.8698,74.8431,Mangalore_Port,2.0526935081230238,1.96,1.9,0.29100000000000004,2.3436935081230237,HIGH,Chart_Datum_LAT,Open-Meteo_Marine_Real+TidalModel,https://marine-api.open-meteo.com/v1/marine?latitude=12.8698&longitude=74.8431&s
2024-08-18T19:00,12.8698,74.8431,Mangalore_Port,2.0242498773517372,1.94,1.9,0.28900000000000003,2.3132498773517374,HIGH,Chart_Datum_LAT,Open-Meteo_Marine_Real+TidalModel,https://marine-api.open-meteo.com/v1/marine?latitude=12.8698&longitude=74.8431&s
2024-08-18T20:00,12.8698,74.8431,Mangalore_Port,1.8201522984070453,1.94,1.88,0.28800000000000003,2.1081522984070453,HIGH,Chart_Datum_LAT,Open-Meteo_Marine_Real+TidalModel,https://marine-api.open-meteo.com/v1/marine?latitude=12.8698&longitude=74.8431&s
2024-08-18T21:00,12.8698,74.8431,Mangalore_Port,1.4928117058151147,1.94,1.88,0.28800000000000003,1.7808117058151147,FALLING,Chart_Datum_LAT,Open-Meteo_Marine_Real+TidalModel,https://marine-api.open-meteo.com/v1/marine?latitude=12.8698&longitude=74.8431&s
2024-08-18T22:00,12.8698,74.8431,Mangalore_Port,1.1228319656172505,1.92,1.88,0.28600000000000003,1.4088319656172505,FALLING,Chart_Datum_LAT,Open-Meteo_Marine_Real+TidalModel,https://marine-api.open-meteo.com/v1/marine?latitude=12.8698&longitude=74.8431&s
2024-08-18T23:00,12.8698,74.8431,Mangalore_Port,0.7987778085730416,1.92,1.88,0.28600000000000003,1.0847778085730417,FALLING,Chart_Datum_LAT,Open-Meteo_Marine_Real+TidalModel,https://marine-api.open-meteo.com/v1/marine?latitude=12.8698&longitude=74.8431&s
2024-08-19T00:00,12.8698,74.8431,Mangalore_Port,0.5953528815761254,1.92,1.88,0.28600000000000003,0.8813528815761255,LOW,Chart_Datum_LAT,Open-Meteo_Marine_Real+TidalModel,https://marine-api.open-meteo.com/v1/marine?latitude=12.8698&longitude=74.8431&s
2024-08-19T01:00,12.8698,74.8431,Mangalore_Port,0.5554004462367046,1.94,1.9,0.28900000000000003,0.8444004462367046,LOW,Chart_Datum_LAT,Open-Meteo_Marine_Real+TidalModel,https://marine-api.open-meteo.com/v1/marine?latitude=12.8698&longitude=74.8431&s
2024-08-19T02:00,12.8698,74.8431,Mangalore_Port,0.6801043388097183,1.94,1.9,0.28900000000000003,0.9691043388097184,LOW,Chart_Datum_LAT,Open-Meteo_Marine_Real+TidalModel,https://marine-api.open-meteo.com/v1/marine?latitude=12.8698&longitude=74.8431&s
2024-08-19T03:00,12.8698,74.8431,Mangalore_Port,0.929667920272427,1.94,1.9,0.28900000000000003,1.218667920272427,RISING,Chart_Datum_LAT,Open-Meteo_Marine_Real+TidalModel,https://marine-api.open-meteo.com/v1/marine?latitude=12.8698&longitude=74.8431&s
2024-08-19T04:00,12.8698,74.8431,Mangalore_Port,1.2341213926329893,1.92,1.88,0.28600000000000003,1.5201213926329893,RISING,Chart_Datum_LAT,Open-Meteo_Marine_Real+TidalModel,https://marine-api.open-meteo.com/v1/marine?latitude=12.8698&longitude=74.8431&s
2024-08-19T05:00,12.8698,74.8431,Mangalore_Port,1.5114113744258624,1.92,1.88,0.28600000000000003,1.7974113744258624,RISING,Chart_Datum_LAT,Open-Meteo_Marine_Real+TidalModel,https://marine-api.open-meteo.com/v1/marine?latitude=12.8698&longitude=74.8431&s
2024-08-19T06:00,12.8698,74.8431,Mangalore_Port,1.6881752533463144,1.88,1.84,0.28,1.9681752533463144,RISING,Chart_Datum_LAT,Open-Meteo_Marine_Real+TidalModel,https://marine-api.open-meteo.com/v1/marine?latitude=12.8698&longitude=74.8431&s
2024-08-19T07:00,12.8698,74.8431,Mangalore_Port,1.7180158372295564,1.82,1.8,0.272,1.9900158372295564,RISING,Chart_Datum_LAT,Open-Meteo_Marine_Real+TidalModel,https://marine-api.open-meteo.com/v1/marine?latitude=12.8698&longitude=74.8431&s
2024-08-19T08:00,12.8698,74.8431,Mangalore_Port,1.5927936887925784,1.78,1.76,0.266,1.8587936887925784,FALLING,Chart_Datum_LAT,Open-Meteo_Marine_Real+TidalModel,https://marine-api.open-meteo.com/v1/marine?latitude=12.8698&longitude=74.8431&s
2024-08-19T09:00,12.8698,74.8431,Mangalore_Port,1.3442497911495819,1.8,1.76,0.268,1.612249791149582,FALLING,Chart_Datum_LAT,Open-Meteo_Marine_Real+TidalModel,https://marine-api.open-meteo.com/v1/marine?latitude=12.8698&longitude=74.8431&s
2024-08-19T10:00,12.8698,74.8431,Mangalore_Port,1.0356986308812417,1.8,1.78,0.269,1.3046986308812416,FALLING,Chart_Datum_LAT,Open-Meteo_Marine_Real+TidalModel,https://marine-api.open-meteo.com/v1/marine?latitude=12.8698&longitude=74.8431&s
2024-08-19T11:00,12.8698,74.8431,Mangalore_Port,0.7459829954630002,1.82,1.78,0.271,1.016982995463,FALLING,Chart_Datum_LAT,Open-Meteo_Marine_Real+TidalModel,https://marine-api.open-meteo.com/v1/marine?latitude=12.8698&longitude=74.8431&s
2024-08-19T12:00,12.8698,74.8431,Mangalore_Port,0.5497535985588844,1.82,1.76,0.27,0.8197535985588844,LOW,Chart_Datum_LAT,Open-Meteo_Marine_Real+TidalModel,https://marine-api.open-meteo.com/v1/marine?latitude=12.8698&longitude=74.8431&s
2024-08-19T13:00,12.8698,74.8431,Mangalore_Port,0.4989792620888961,1.84,1.76,0.272,0.7709792620888961,LOW,Chart_Datum_LAT,Open-Meteo_Marine_Real+TidalModel,https://marine-api.open-meteo.com/v1/marine?latitude=12.8698&longitude=74.8431&s
2024-08-19T14:00,12.8698,74.8431,Mangalore_Port,0.6102178364863384,1.84,1.74,0.271,0.8812178364863384,LOW,Chart_Datum_LAT,Open-Meteo_Marine_Real+TidalModel,https://marine-api.open-meteo.com/v1/marine?latitude=12.8698&longitude=74.8431&s
2024-08-19T15:00,12.8698,74.8431,Mangalore_Port,0.8606975527969083,1.88,1.78,0.277,1.1376975527969084,RISING,Chart_Datum_LAT,Open-Meteo_Marine_Real+TidalModel,https://marine-api.open-meteo.com/v1/marine?latitude=12.8698&longitude=74.8431&s
2024-08-19T16:00,12.8698,74.8431,Mangalore_Port,1.1940549201844595,1.9,1.84,0.28200000000000003,1.4760549201844595,RISING,Chart_Datum_LAT,Open-Meteo_Marine_Real+TidalModel,https://marine-api.open-meteo.com/v1/marine?latitude=12.8698&longitude=74.8431&s
2024-08-19T17:00,12.8698,74.8431,Mangalore_Port,1.5342004304173338,1.94,1.88,0.28800000000000003,1.8222004304173338,RISING,Chart_Datum_LAT,Open-Meteo_Marine_Real+TidalModel,https://marine-api.open-meteo.com/v1/marine?latitude=12.8698&longitude=74.8431&s
2024-08-19T18:00,12.8698,74.8431,Mangalore_Port,1.803820772800792,1.98,1.9,0.29300000000000004,2.096820772800792,HIGH,Chart_Datum_LAT,Open-Meteo_Marine_Real+TidalModel,https://marine-api.open-meteo.com/v1/marine?latitude=12.8698&longitude=74.8431&s
2024-08-19T19:00,12.8698,74.8431,Mangalore_Port,1.9429481358634084,2.0,1.94,0.29700000000000004,2.2399481358634086,HIGH,Chart_Datum_LAT,Open-Meteo_Marine_Real+TidalModel,https://marine-api.open-meteo.com/v1/marine?latitude=12.8698&longitude=74.8431&s
2024-08-19T20:00,12.8698,74.8431,Mangalore_Port,1.923081123415252,2.04,1.96,0.30200000000000005,2.225081123415252,HIGH,Chart_Datum_LAT,Open-Meteo_Marine_Real+TidalModel,https://marine-api.open-meteo.com/v1/marine?latitude=12.8698&longitude=74.8431&s
2024-08-19T21:00,12.8698,74.8431,Mangalore_Port,1.7534949792907057,2.0,1.92,0.29600000000000004,2.0494949792907056,FALLING,Chart_Datum_LAT,Open-Meteo_Marine_Real+TidalModel,https://marine-api.open-meteo.com/v1/marine?latitude=12.8698&longitude=74.8431&s
2024-08-19T22:00,12.8698,74.8431,Mangalore_Port,1.4783312631167722,1.94,1.88,0.28800000000000003,1.7663312631167722,FALLING,Chart_Datum_LAT,Open-Meteo_Marine_Real+TidalModel,https://marine-api.open-meteo.com/v1/marine?latitude=12.8698&longitude=74.8431&s
2024-08-19T23:00,12.8698,74.8431,Mangalore_Port,1.1653199810029176,1.9,1.84,0.28200000000000003,1.4473199810029176,FALLING,Chart_Datum_LAT,Open-Meteo_Marine_Real+TidalModel,https://marine-api.open-meteo.com/v1/marine?latitude=12.8698&longitude=74.8431&s
2024-08-20T00:00,12.8698,74.8431,Mangalore_Port,0.8890051026988395,1.88,1.82,0.279,1.1680051026988396,FALLING,Chart_Datum_LAT,Open-Meteo_Marine_Real+TidalModel,https://marine-api.open-meteo.com/v1/marine?latitude=12.8698&longitude=74.8431&s
2024-08-20T01:00,12.8698,74.8431,Mangalore_Port,0.7126316587937496,1.84,1.78,0.273,0.9856316587937496,FALLING,Chart_Datum_LAT,Open-Meteo_Marine_Real+TidalModel,https://marine-api.open-meteo.com/v1/marine?latitude=12.8698&longitude=74.8431&s
2024-08-20T02:00,12.8698,74.8431,Mangalore_Port,0.6731095421622815,1.82,1.76,0.27,0.9431095421622815,LOW,Chart_Datum_LAT,Open-Meteo_Marine_Real+TidalModel,https://marine-api.open-meteo.com/v1/marine?latitude=12.8698&longitude=74.8431&s
2024-08-20T03:00,12.8698,74.8431,Mangalore_Port,0.7726511676917218,1.8,1.74,0.267,1.039651167691722,RISING,Chart_Datum_LAT,Open-Meteo_Marine_Real+TidalModel,https://marine-api.open-meteo.com/v1/marine?latitude=12.8698&longitude=74.8431&s
2024-08-20T04:00,12.8698,74.8431,Mangalore_Port,0.9790037323125285,1.8,1.72,0.266,1.2450037323125285,RISING,Chart_Datum_LAT,Open-Meteo_Marine_Real+TidalModel,https://marine-api.open-meteo.com/v1/marine?latitude=12.8698&longitude=74.8431&s
2024-08-20T05:00,12.8698,74.8431,Mangalore_Port,1.2340821961057673,1.78,1.7,0.263,1.4970821961057674,RISING,Chart_Datum_LAT,Open-Meteo_Marine_Real+TidalModel,https://marine-api.open-meteo.com/v1/marine?latitude=12.8698&longitude=74.8431&s
2024-08-20T06:00,12.8698,74.8431,Mangalore_Port,1.4687749907062888,1.76,1.68,0.26,1.7287749907062888,RISING,Chart_Datum_LAT,Open-Meteo_Marine_Real+TidalModel,https://marine-api.open-meteo.com/v1/marine?latitude=12.8698&longitude=74.8431&s
2024-08-20T07:00,12.8698,74.8431,Mangalore_Port,1.6202311042090616,1.76,1.68,0.26,1.8802311042090616,RISING,Chart_Datum_LAT,Open-Meteo_Marine_Real+TidalModel,https://marine-api.open-meteo.com/v1/marine?latitude=12.8698&longitude=74.8431&s
2024-08-20T08:00,12.8698,74.8431,Mangalore_Port,1.6473887684915858,1.74,1.66,0.257,1.904388768491586,RISING,Chart_Datum_LAT,Open-Meteo_Marine_Real+TidalModel,https://marine-api.open-meteo.com/v1/marine?latitude=12.8698&longitude=74.8431&s
2024-08-20T09:00,12.8698,74.8431,Mangalore_Port,1.5409903823700588,1.74,1.66,0.257,1.7979903823700587,FALLING,Chart_Datum_LAT,Open-Meteo_Marine_Real+TidalModel,https://marine-api.open-meteo.com/v1/marine?latitude=12.8698&longitude=74.8431&s
2024-08-20T10:00,12.8698,74.8431,Mangalore_Port,1.3257128408046441,1.72,1.64,0.254,1.5797128408046441,FALLING,Chart_Datum_LAT,Open-Meteo_Marine_Real+TidalModel,https://marine-api.open-meteo.com/v1/marine?latitude=12.8698&longitude=74.8431&s
2024-08-20T11:00,12.8698,74.8431,Mangalore_Port,1.0539800669411512,1.72,1.64,0.254,1.3079800669411512,FALLING,Chart_Datum_LAT,Open-Meteo_Marine_Real+TidalModel,https://marine-api.open-meteo.com/v1/marine?latitude=12.8698&longitude=74.8431&s
2024-08-20T12:00,12.8698,74.8431,Mangalore_Port,0.7930408326616799,1.72,1.64,0.254,1.04704083266168,FALLING,Chart_Datum_LAT,Open-Meteo_Marine_Real+TidalModel,https://marine-api.open-meteo.com/v1/marine?latitude=12.8698&longitude=74.8431&s
2024-08-20T13:00,12.8698,74.8431,Mangalore_Port,0.6085039455491456,1.7,1.64,0.252,0.8605039455491456,LOW,Chart_Datum_LAT,Open-Meteo_Marine_Real+TidalModel,https://marine-api.open-meteo.com/v1/marine?latitude=12.8698&longitude=74.8431&s
2024-08-20T14:00,12.8698,74.8431,Mangalore_Port,0.5483436299572223,1.7,1.64,0.252,0.8003436299572223,LOW,Chart_Datum_LAT,Open-Meteo_Marine_Real+TidalModel,https://marine-api.open-meteo.com/v1/marine?latitude=12.8698&longitude=74.8431&s
2024-08-20T15:00,12.8698,74.8431,Mangalore_Port,0.6312339371867893,1.72,1.64,0.254,0.8852339371867893,LOW,Chart_Datum_LAT,Open-Meteo_Marine_Real+TidalModel,https://marine-api.open-meteo.com/v1/marine?latitude=12.8698&longitude=74.8431&s
2024-08-20T16:00,12.8698,74.8431,Mangalore_Port,0.8419917583931373,1.72,1.66,0.255,1.0969917583931372,RISING,Chart_Datum_LAT,Open-Meteo_Marine_Real+TidalModel,https://marine-api.open-meteo.com/v1/marine?latitude=12.8698&longitude=74.8431&s
2024-08-20T17:00,12.8698,74.8431,Mangalore_Port,1.1351735473603901,1.74,1.66,0.257,1.39217354736039,RISING,Chart_Datum_LAT,Open-Meteo_Marine_Real+TidalModel,https://marine-api.open-meteo.com/v1/marine?latitude=12.8698&longitude=74.8431&s
2024-08-20T18:00,12.8698,74.8431,Mangalore_Port,1.4459042050944304,1.74,1.66,0.257,1.7029042050944305,RISING,Chart_Datum_LAT,Open-Meteo_Marine_Real+TidalModel,https://marine-api.open-meteo.com/v1/marine?latitude=12.8698&longitude=74.8431&s
2024-08-20T19:00,12.8698,74.8431,Mangalore_Port,1.7052907567837694,1.76,1.68,0.26,1.9652907567837694,RISING,Chart_Datum_LAT,Open-Meteo_Marine_Real+TidalModel,https://marine-api.open-meteo.com/v1/marine?latitude=12.8698&longitude=74.8431&s
2024-08-20T20:00,12.8698,74.8431,Mangalore_Port,1.8566982183447303,1.76,1.68,0.26,2.1166982183447303,HIGH,Chart_Datum_LAT,Open-Meteo_Marine_Real+TidalModel,https://marine-api.open-meteo.com/v1/marine?latitude=12.8698&longitude=74.8431&s
2024-08-20T21:00,12.8698,74.8431,Mangalore_Port,1.8689902680610568,1.76,1.68,0.26,2.128990268061057,HIGH,Chart_Datum_LAT,Open-Meteo_Marine_Real+TidalModel,https://marine-api.open-meteo.com/v1/marine?latitude=12.8698&longitude=74.8431&s
2024-08-20T22:00,12.8698,74.8431,Mangalore_Port,1.7435956028899584,1.76,1.68,0.26,2.003595602889958,FALLING,Chart_Datum_LAT,Open-Meteo_Marine_Real+TidalModel,https://marine-api.open-meteo.com/v1/marine?latitude=12.8698&longitude=74.8431&s
2024-08-20T23:00,12.8698,74.8431,Mangalore_Port,1.5137623357098973,1.76,1.68,0.26,1.7737623357098973,FALLING,Chart_Datum_LAT,Open-Meteo_Marine_Real+TidalModel,https://marine-api.open-meteo.com/v1/marine?latitude=12.8698&longitude=74.8431&s
2024-08-21T00:00,12.8698,74.8431,Mangalore_Port,1.2362427675595231,1.76,1.68,0.26,1.4962427675595231,FALLING,Chart_Datum_LAT,Open-Meteo_Marine_Real+TidalModel,https://marine-api.open-meteo.com/v1/marine?latitude=12.8698&longitude=74.8431&s
2024-08-21T01:00,12.8698,74.8431,Mangalore_Port,0.9774581019854283,1.74,1.66,0.257,1.2344581019854282,FALLING,Chart_Datum_LAT,Open-Meteo_Marine_Real+TidalModel,https://marine-api.open-meteo.com/v1/marine?latitude=12.8698&longitude=74.8431&s
2024-08-21T02:00,12.8698,74.8431,Mangalore_Port,0.7974971921383374,1.74,1.66,0.257,1.0544971921383373,FALLING,Chart_Datum_LAT,Open-Meteo_Marine_Real+TidalModel,https://marine-api.open-meteo.com/v1/marine?latitude=12.8698&longitude=74.8431&s
2024-08-21T03:00,12.8698,74.8431,Mangalore_Port,0.7357982160651172,1.74,1.66,0.257,0.9927982160651172,FALLING,Chart_Datum_LAT,Open-Meteo_Marine_Real+TidalModel,https://marine-api.open-meteo.com/v1/marine?latitude=12.8698&longitude=74.8431&s
2024-08-21T04:00,12.8698,74.8431,Mangalore_Port,0.8019348854008653,1.76,1.66,0.259,1.0609348854008653,RISING,Chart_Datum_LAT,Open-Meteo_Marine_Real+TidalModel,https://marine-api.open-meteo.com/v1/marine?latitude=12.8698&longitude=74.8431&s
2024-08-21T05:00,12.8698,74.8431,Mangalore_Port,0.9736867854839443,1.76,1.66,0.259,1.2326867854839443,RISING,Chart_Datum_LAT,Open-Meteo_Marine_Real+TidalModel,https://marine-api.open-meteo.com/v1/marine?latitude=12.8698&longitude=74.8431&s
2024-08-21T06:00,12.8698,74.8431,Mangalore_Port,1.2028169337305132,1.76,1.66,0.259,1.4618169337305131,RISING,Chart_Datum_LAT,Open-Meteo_Marine_Real+TidalModel,https://marine-api.open-meteo.com/v1/marine?latitude=12.8698&longitude=74.8431&s
2024-08-21T07:00,12.8698,74.8431,Mangalore_Port,1.4271294597498903,1.74,1.64,0.256,1.6831294597498903,RISING,Chart_Datum_LAT,Open-Meteo_Marine_Real+TidalModel,https://marine-api.open-meteo.com/v1/marine?latitude=12.8698&longitude=74.8431&s
2024-08-21T08:00,12.8698,74.8431,Mangalore_Port,1.585877679439791,1.74,1.64,0.256,1.841877679439791,RISING,Chart_Datum_LAT,Open-Meteo_Marine_Real+TidalModel,https://marine-api.open-meteo.com/v1/marine?latitude=12.8698&longitude=74.8431&s
2024-08-21T09:00,12.8698,74.8431,Mangalore_Port,1.634794848114721,1.76,1.64,0.258,1.892794848114721,RISING,Chart_Datum_LAT,Open-Meteo_Marine_Real+TidalModel,https://marine-api.open-meteo.com/v1/marine?latitude=12.8698&longitude=74.8431&s
2024-08-21T10:00,12.8698,74.8431,Mangalore_Port,1.55711524373341,1.8,1.64,0.262,1.81911524373341,FALLING,Chart_Datum_LAT,Open-Meteo_Marine_Real+TidalModel,https://marine-api.open-meteo.com/v1/marine?latitude=12.8698&longitude=74.8431&s
2024-08-21T11:00,12.8698,74.8431,Mangalore_Port,1.3679180102823163,1.82,1.64,0.264,1.6319180102823163,FALLING,Chart_Datum_LAT,Open-Meteo_Marine_Real+TidalModel,https://marine-api.open-meteo.com/v1/marine?latitude=12.8698&longitude=74.8431&s
2024-08-21T12:00,12.8698,74.8431,Mangalore_Port,1.110729794046725,1.86,1.64,0.268,1.378729794046725,FALLING,Chart_Datum_LAT,Open-Meteo_Marine_Real+TidalModel,https://marine-api.open-meteo.com/v1/marine?latitude=12.8698&longitude=74.8431&s
2024-08-21T13:00,12.8698,74.8431,Mangalore_Port,0.8471821573882443,1.88,1.62,0.269,1.1161821573882444,FALLING,Chart_Datum_LAT,Open-Meteo_Marine_Real+TidalModel,https://marine-api.open-meteo.com/v1/marine?latitude=12.8698&longitude=74.8431&s
2024-08-21T14:00,12.8698,74.8431,Mangalore_Port,0.6421923104210489,1.92,1.62,0.273,0.9151923104210489,LOW,Chart_Datum_LAT,Open-Meteo_Marine_Real+TidalModel,https://marine-api.open-meteo.com/v1/marine?latitude=12.8698&longitude=74.8431&s
2024-08-21T15:00,12.8698,74.8431,Mangalore_Port,0.5482210051410366,1.94,1.6,0.274,0.8222210051410366,LOW,Chart_Datum_LAT,Open-Meteo_Marine_Real+TidalModel,https://marine-api.open-meteo.com/v1/marine?latitude=12.8698&longitude=74.8431&s
2024-08-21T16:00,12.8698,74.8431,Mangalore_Port,0.5923984983313116,1.98,1.6,0.278,0.8703984983313117,LOW,Chart_Datum_LAT,Open-Meteo_Marine_Real+TidalModel,https://marine-api.open-meteo.com/v1/marine?latitude=12.8698&longitude=74.8431&s
2024-08-21T17:00,12.8698,74.8431,Mangalore_Port,0.7696385750320665,2.0,1.58,0.279,1.0486385750320664,RISING,Chart_Datum_LAT,Open-Meteo_Marine_Real+TidalModel,https://marine-api.open-meteo.com/v1/marine?latitude=12.8698&longitude=74.8431&s
2024-08-21T18:00,12.8698,74.8431,Mangalore_Port,1.0434382411529282,2.0,1.58,0.279,1.3224382411529283,RISING,Chart_Datum_LAT,Open-Meteo_Marine_Real+TidalModel,https://marine-api.open-meteo.com/v1/marine?latitude=12.8698&longitude=74.8431&s
2024-08-21T19:00,12.8698,74.8431,Mangalore_Port,1.3542234131816882,2.0,1.58,0.279,1.633223413181688,RISING,Chart_Datum_LAT,Open-Meteo_Marine_Real+TidalModel,https://marine-api.open-meteo.com/v1/marine?latitude=12.8698&longitude=74.8431&s
2024-08-21T20:00,12.8698,74.8431,Mangalore_Port,1.6332863046510504,2.0,1.58,0.279,1.9122863046510505,RISING,Chart_Datum_LAT,Open-Meteo_Marine_Real+TidalModel,https://marine-api.open-meteo.com/v1/marine?latitude=12.8698&longitude=74.8431&s
2024-08-21T21:00,12.8698,74.8431,Mangalore_Port,1.8190031831190567,2.06,1.62,0.28700000000000003,2.1060031831190567,HIGH,Chart_Datum_LAT,Open-Meteo_Marine_Real+TidalModel,https://marine-api.open-meteo.com/v1/marine?latitude=12.8698&longitude=74.8431&s
2024-08-21T22:00,12.8698,74.8431,Mangalore_Port,1.8714503609459678,2.1,1.64,0.29200000000000004,2.163450360945968,HIGH,Chart_Datum_LAT,Open-Meteo_Marine_Real+TidalModel,https://marine-api.open-meteo.com/v1/marine?latitude=12.8698&longitude=74.8431&s
2024-08-21T23:00,12.8698,74.8431,Mangalore_Port,1.7818946579555257,2.16,1.68,0.30000000000000004,2.0818946579555258,FALLING,Chart_Datum_LAT,Open-Meteo_Marine_Real+TidalModel,https://marine-api.open-meteo.com/v1/marine?latitude=12.8698&longitude=74.8431&s
2024-08-22T00:00,12.8698,74.8431,Mangalore_Port,1.5748436462556494,2.3,1.88,0.32399999999999995,1.8988436462556493,FALLING,Chart_Datum_LAT,Open-Meteo_Marine_Real+TidalModel,https://marine-api.open-meteo.com/v1/marine?latitude=12.8698&longitude=74.8431&s
2024-08-22T01:00,12.8698,74.8431,Mangalore_Port,1.3021174604736032,2.44,2.1,0.349,1.6511174604736032,FALLING,Chart_Datum_LAT,Open-Meteo_Marine_Real+TidalModel,https://marine-api.open-meteo.com/v1/marine?latitude=12.8698&longitude=74.8431&s
2024-08-22T02:00,12.8698,74.8431,Mangalore_Port,1.0303254737640701,2.58,2.3,0.373,1.4033254737640701,FALLING,Chart_Datum_LAT,Open-Meteo_Marine_Real+TidalModel,https://marine-api.open-meteo.com/v1/marine?latitude=12.8698&longitude=74.8431&s
2024-08-22T03:00,12.8698,74.8431,Mangalore_Port,0.824736058893335,2.66,2.4,0.386,1.210736058893335,FALLING,Chart_Datum_LAT,Open-Meteo_Marine_Real+TidalModel,https://marine-api.open-meteo.com/v1/marine?latitude=12.8698&longitude=74.8431&s
2024-08-22T04:00,12.8698,74.8431,Mangalore_Port,0.7334254656758206,2.76,2.48,0.39999999999999997,1.1334254656758205,FALLING,Chart_Datum_LAT,Open-Meteo_Marine_Real+TidalModel,https://marine-api.open-meteo.com/v1/marine?latitude=12.8698&longitude=74.8431&s
2024-08-22T05:00,12.8698,74.8431,Mangalore_Port,0.7755579756853367,2.84,2.58,0.413,1.1885579756853366,RISING,Chart_Datum_LAT,Open-Meteo_Marine_Real+TidalModel,https://marine-api.open-meteo.com/v1/marine?latitude=12.8698&longitude=74.8431&s
2024-08-22T06:00,12.8698,74.8431,Mangalore_Port,0.9366815400476977,2.84,2.64,0.416,1.3526815400476977,RISING,Chart_Datum_LAT,Open-Meteo_Marine_Real+TidalModel,https://marine-api.open-meteo.com/v1/marine?latitude=12.8698&longitude=74.8431&s
2024-08-22T07:00,12.8698,74.8431,Mangalore_Port,1.1722444282295765,2.86,2.68,0.42,1.5922444282295765,RISING,Chart_Datum_LAT,Open-Meteo_Marine_Real+TidalModel,https://marine-api.open-meteo.com/v1/marine?latitude=12.8698&longitude=74.8431&s
2024-08-22T08:00,12.8698,74.8431,Mangalore_Port,1.4185473797692347,2.86,2.74,0.423,1.8415473797692348,RISING,Chart_Datum_LAT,Open-Meteo_Marine_Real+TidalModel,https://marine-api.open-meteo.com/v1/marine?latitude=12.8698&longitude=74.8431&s
2024-08-22T09:00,12.8698,74.8431,Mangalore_Port,1.6085219302615286,2.86,2.74,0.423,2.0315219302615284,RISING,Chart_Datum_LAT,Open-Meteo_Marine_Real+TidalModel,https://marine-api.open-meteo.com/v1/marine?latitude=12.8698&longitude=74.8431&s
2024-08-22T10:00,12.8698,74.8431,Mangalore_Port,1.6885148182379364,2.84,2.76,0.42199999999999993,2.1105148182379363,RISING,Chart_Datum_LAT,Open-Meteo_Marine_Real+TidalModel,https://marine-api.open-meteo.com/v1/marine?latitude=12.8698&longitude=74.8431&s
2024-08-22T11:00,12.8698,74.8431,Mangalore_Port,1.6319640882074533,2.84,2.76,0.42199999999999993,2.0539640882074535,FALLING,Chart_Datum_LAT,Open-Meteo_Marine_Real+TidalModel,https://marine-api.open-meteo.com/v1/marine?latitude=12.8698&longitude=74.8431&s
2024-08-22T12:00,12.8698,74.8431,Mangalore_Port,1.4465596643634426,2.82,2.74,0.419,1.8655596643634427,FALLING,Chart_Datum_LAT,Open-Meteo_Marine_Real+TidalModel,https://marine-api.open-meteo.com/v1/marine?latitude=12.8698&longitude=74.8431&s
2024-08-22T13:00,12.8698,74.8431,Mangalore_Port,1.1730320173808406,2.8,2.74,0.417,1.5900320173808407,FALLING,Chart_Datum_LAT,Open-Meteo_Marine_Real+TidalModel,https://marine-api.open-meteo.com/v1/marine?latitude=12.8698&longitude=74.8431&s
2024-08-22T14:00,12.8698,74.8431,Mangalore_Port,0.8757408942459295,2.78,2.72,0.414,1.2897408942459294,FALLING,Chart_Datum_LAT,Open-Meteo_Marine_Real+TidalModel,https://marine-api.open-meteo.com/v1/marine?latitude=12.8698&longitude=74.8431&s
2024-08-22T15:00,12.8698,74.8431,Mangalore_Port,0.6272530365354647,2.74,2.68,0.40800000000000003,1.0352530365354649,LOW,Chart_Datum_LAT,Open-Meteo_Marine_Real+TidalModel,https://marine-api.open-meteo.com/v1/marine?latitude=12.8698&longitude=74.8431&s
2024-08-22T16:00,12.8698,74.8431,Mangalore_Port,0.4906090559368408,2.72,2.66,0.405,0.8956090559368408,LOW,Chart_Datum_LAT,Open-Meteo_Marine_Real+TidalModel,https://marine-api.open-meteo.com/v1/marine?latitude=12.8698&longitude=74.8431&s
2024-08-22T17:00,12.8698,74.8431,Mangalore_Port,0.5036062596050122,2.68,2.62,0.399,0.9026062596050122,LOW,Chart_Datum_LAT,Open-Meteo_Marine_Real+TidalModel,https://marine-api.open-meteo.com/v1/marine?latitude=12.8698&longitude=74.8431&s
2024-08-22T18:00,12.8698,74.8431,Mangalore_Port,0.6689976681912726,2.66,2.6,0.396,1.0649976681912725,LOW,Chart_Datum_LAT,Open-Meteo_Marine_Real+TidalModel,https://marine-api.open-meteo.com/v1/marine?latitude=12.8698&longitude=74.8431&s
2024-08-22T19:00,12.8698,74.8431,Mangalore_Port,0.95311480099632,2.66,2.6,0.396,1.34911480099632,RISING,Chart_Datum_LAT,Open-Meteo_Marine_Real+TidalModel,https://marine-api.open-meteo.com/v1/marine?latitude=12.8698&longitude=74.8431&s
2024-08-22T20:00,12.8698,74.8431,Mangalore_Port,1.2933891048151356,2.64,2.58,0.393,1.6863891048151356,RISING,Chart_Datum_LAT,Open-Meteo_Marine_Real+TidalModel,https://marine-api.open-meteo.com/v1/marine?latitude=12.8698&longitude=74.8431&s
2024-08-22T21:00,12.8698,74.8431,Mangalore_Port,1.6130636479268008,2.6,2.54,0.387,2.000063647926801,RISING,Chart_Datum_LAT,Open-Meteo_Marine_Real+TidalModel,https://marine-api.open-meteo.com/v1/marine?latitude=12.8698&longitude=74.8431&s
2024-08-22T22:00,12.8698,74.8431,Mangalore_Port,1.8395883541799296,2.58,2.52,0.384,2.2235883541799297,HIGH,Chart_Datum_LAT,Open-Meteo_Marine_Real+TidalModel,https://marine-api.open-meteo.com/v1/marine?latitude=12.8698&longitude=74.8431&s
2024-08-22T23:00,12.8698,74.8431,Mangalore_Port,1.9222289553003218,2.54,2.48,0.378,2.3002289553003217,HIGH,Chart_Datum_LAT,Open-Meteo_Marine_Real+TidalModel,https://marine-api.open-meteo.com/v1/marine?latitude=12.8698&longitude=74.8431&s
2024-08-23T00:00,12.8698,74.8431,Mangalore_Port,1.8445444015094266,2.5,2.44,0.372,2.2165444015094264,HIGH,Chart_Datum_LAT,Open-Meteo_Marine_Real+TidalModel,https://marine-api.open-meteo.com/v1/marine?latitude=12.8698&longitude=74.8431&s
2024-08-23T01:00,12.8698,74.8431,Mangalore_Port,1.6285879316533836,2.48,2.4,0.368,1.9965879316533837,FALLING,Chart_Datum_LAT,Open-Meteo_Marine_Real+TidalModel,https://marine-api.open-meteo.com/v1/marine?latitude=12.8698&longitude=74.8431&s
2024-08-23T02:00,12.8698,74.8431,Mangalore_Port,1.3296851691795895,2.44,2.36,0.362,1.6916851691795896,FALLING,Chart_Datum_LAT,Open-Meteo_Marine_Real+TidalModel,https://marine-api.open-meteo.com/v1/marine?latitude=12.8698&longitude=74.8431&s
2024-08-23T03:00,12.8698,74.8431,Mangalore_Port,1.0229575167300486,2.42,2.34,0.359,1.3819575167300486,FALLING,Chart_Datum_LAT,Open-Meteo_Marine_Real+TidalModel,https://marine-api.open-meteo.com/v1/marine?latitude=12.8698&longitude=74.8431&s
2024-08-23T04:00,12.8698,74.8431,Mangalore_Port,0.7848223057624671,2.38,2.32,0.354,1.1388223057624671,FALLING,Chart_Datum_LAT,Open-Meteo_Marine_Real+TidalModel,https://marine-api.open-meteo.com/v1/marine?latitude=12.8698&longitude=74.8431&s
2024-08-23T05:00,12.8698,74.8431,Mangalore_Port,0.6739960388763739,2.36,2.3,0.351,1.024996038876374,LOW,Chart_Datum_LAT,Open-Meteo_Marine_Real+TidalModel,https://marine-api.open-meteo.com/v1/marine?latitude=12.8698&longitude=74.8431&s
2024-08-23T06:00,12.8698,74.8431,Mangalore_Port,0.7167183410253031,2.34,2.28,0.348,1.0647183410253032,RISING,Chart_Datum_LAT,Open-Meteo_Marine_Real+TidalModel,https://marine-api.open-meteo.com/v1/marine?latitude=12.8698&longitude=74.8431&s
2024-08-23T07:00,12.8698,74.8431,Mangalore_Port,0.8999348793238126,2.32,2.24,0.344,1.2439348793238125,RISING,Chart_Datum_LAT,Open-Meteo_Marine_Real+TidalModel,https://marine-api.open-meteo.com/v1/marine?latitude=12.8698&longitude=74.8431&s
2024-08-23T08:00,12.8698,74.8431,Mangalore_Port,1.1742507415073726,2.3,2.22,0.34099999999999997,1.5152507415073726,RISING,Chart_Datum_LAT,Open-Meteo_Marine_Real+TidalModel,https://marine-api.open-meteo.com/v1/marine?latitude=12.8698&longitude=74.8431&s
2024-08-23T09:00,12.8698,74.8431,Mangalore_Port,1.4660551352738633,2.24,2.16,0.3320000000000001,1.7980551352738634,RISING,Chart_Datum_LAT,Open-Meteo_Marine_Real+TidalModel,https://marine-api.open-meteo.com/v1/marine?latitude=12.8698&longitude=74.8431&s
2024-08-23T10:00,12.8698,74.8431,Mangalore_Port,1.6959167394639858,2.16,2.1,0.32100000000000006,2.0169167394639858,RISING,Chart_Datum_LAT,Open-Meteo_Marine_Real+TidalModel,https://marine-api.open-meteo.com/v1/marine?latitude=12.8698&longitude=74.8431&s
2024-08-23T11:00,12.8698,74.8431,Mangalore_Port,1.7987334064907534,2.1,2.04,0.31200000000000006,2.1107334064907537,RISING,Chart_Datum_LAT,Open-Meteo_Marine_Real+TidalModel,https://marine-api.open-meteo.com/v1/marine?latitude=12.8698&longitude=74.8431&s
2024-08-23T12:00,12.8698,74.8431,Mangalore_Port,1.7406063233532774,2.08,2.02,0.30900000000000005,2.0496063233532773,FALLING,Chart_Datum_LAT,Open-Meteo_Marine_Real+TidalModel,https://marine-api.open-meteo.com/v1/marine?latitude=12.8698&longitude=74.8431&s
2024-08-23T13:00,12.8698,74.8431,Mangalore_Port,1.528145393103546,2.08,2.0,0.30800000000000005,1.836145393103546,FALLING,Chart_Datum_LAT,Open-Meteo_Marine_Real+TidalModel,https://marine-api.open-meteo.com/v1/marine?latitude=12.8698&longitude=74.8431&s
2024-08-23T14:00,12.8698,74.8431,Mangalore_Port,1.2077374275624388,2.06,1.98,0.30500000000000005,1.5127374275624388,FALLING,Chart_Datum_LAT,Open-Meteo_Marine_Real+TidalModel,https://marine-api.open-meteo.com/v1/marine?latitude=12.8698&longitude=74.8431&s
2024-08-23T15:00,12.8698,74.8431,Mangalore_Port,0.8547839751562318,2.04,1.96,0.30200000000000005,1.1567839751562319,FALLING,Chart_Datum_LAT,Open-Meteo_Marine_Real+TidalModel,https://marine-api.open-meteo.com/v1/marine?latitude=12.8698&longitude=74.8431&s
2024-08-23T16:00,12.8698,74.8431,Mangalore_Port,0.555432236134998,2.0,1.92,0.29600000000000004,0.8514322361349981,LOW,Chart_Datum_LAT,Open-Meteo_Marine_Real+TidalModel,https://marine-api.open-meteo.com/v1/marine?latitude=12.8698&longitude=74.8431&s
2024-08-23T17:00,12.8698,74.8431,Mangalore_Port,0.3852498591093123,1.98,1.9,0.29300000000000004,0.6782498591093123,LOW,Chart_Datum_LAT,Open-Meteo_Marine_Real+TidalModel,https://marine-api.open-meteo.com/v1/marine?latitude=12.8698&longitude=74.8431&s
2024-08-23T18:00,12.8698,74.8431,Mangalore_Port,0.39013812157118266,1.96,1.88,0.29000000000000004,0.6801381215711827,LOW,Chart_Datum_LAT,Open-Meteo_Marine_Real+TidalModel,https://marine-api.open-meteo.com/v1/marine?latitude=12.8698&longitude=74.8431&s
2024-08-23T19:00,12.8698,74.8431,Mangalore_Port,0.5743069304780823,1.94,1.84,0.28600000000000003,0.8603069304780824,LOW,Chart_Datum_LAT,Open-Meteo_Marine_Real+TidalModel,https://marine-api.open-meteo.com/v1/marine?latitude=12.8698&longitude=74.8431&s
2024-08-23T20:00,12.8698,74.8431,Mangalore_Port,0.8984444357759812,1.92,1.82,0.28300000000000003,1.1814444357759812,RISING,Chart_Datum_LAT,Open-Meteo_Marine_Real+TidalModel,https://marine-api.open-meteo.com/v1/marine?latitude=12.8698&longitude=74.8431&s
2024-08-23T21:00,12.8698,74.8431,Mangalore_Port,1.28870756121957,1.9,1.8,0.28,1.56870756121957,RISING,Chart_Datum_LAT,Open-Meteo_Marine_Real+TidalModel,https://marine-api.open-meteo.com/v1/marine?latitude=12.8698&longitude=74.8431&s
2024-08-23T22:00,12.8698,74.8431,Mangalore_Port,1.6544537797109515,1.88,1.78,0.277,1.9314537797109517,RISING,Chart_Datum_LAT,Open-Meteo_Marine_Real+TidalModel,https://marine-api.open-meteo.com/v1/marine?latitude=12.8698&longitude=74.8431&s
2024-08-23T23:00,12.8698,74.8431,Mangalore_Port,1.9104065989572185,1.86,1.76,0.274,2.1844065989572186,HIGH,Chart_Datum_LAT,Open-Meteo_Marine_Real+TidalModel,https://marine-api.open-meteo.com/v1/marine?latitude=12.8698&longitude=74.8431&s
2024-08-24T00:00,12.8698,74.8431,Mangalore_Port,1.9977665959712974,1.84,1.72,0.27,2.267766595971297,HIGH,Chart_Datum_LAT,Open-Meteo_Marine_Real+TidalModel,https://marine-api.open-meteo.com/v1/marine?latitude=12.8698&longitude=74.8431&s
2024-08-24T01:00,12.8698,74.8431,Mangalore_Port,1.8989615089171656,1.84,1.7,0.269,2.1679615089171658,HIGH,Chart_Datum_LAT,Open-Meteo_Marine_Real+TidalModel,https://marine-api.open-meteo.com/v1/marine?latitude=12.8698&longitude=74.8431&s
2024-08-24T02:00,12.8698,74.8431,Mangalore_Port,1.6422497375288534,1.82,1.66,0.265,1.9072497375288533,FALLING,Chart_Datum_LAT,Open-Meteo_Marine_Real+TidalModel,https://marine-api.open-meteo.com/v1/marine?latitude=12.8698&longitude=74.8431&s
2024-08-24T03:00,12.8698,74.8431,Mangalore_Port,1.2948900845723263,1.82,1.62,0.263,1.5578900845723265,FALLING,Chart_Datum_LAT,Open-Meteo_Marine_Real+TidalModel,https://marine-api.open-meteo.com/v1/marine?latitude=12.8698&longitude=74.8431&s
2024-08-24T04:00,12.8698,74.8431,Mangalore_Port,0.9464521027601136,1.8,1.6,0.26,1.2064521027601136,FALLING,Chart_Datum_LAT,Open-Meteo_Marine_Real+TidalModel,https://marine-api.open-meteo.com/v1/marine?latitude=12.8698&longitude=74.8431&s
2024-08-24T05:00,12.8698,74.8431,Mangalore_Port,0.6863493014324195,1.8,1.56,0.258,0.9443493014324195,LOW,Chart_Datum_LAT,Open-Meteo_Marine_Real+TidalModel,https://marine-api.open-meteo.com/v1/marine?latitude=12.8698&longitude=74.8431&s
2024-08-24T06:00,12.8698,74.8431,Mangalore_Port,0.5811924503457413,1.82,1.54,0.259,0.8401924503457413,LOW,Chart_Datum_LAT,Open-Meteo_Marine_Real+TidalModel,https://marine-api.open-meteo.com/v1/marine?latitude=12.8698&longitude=74.8431&s
2024-08-24T07:00,12.8698,74.8431,Mangalore_Port,0.6576835989771039,1.82,1.54,0.259,0.9166835989771039,LOW,Chart_Datum_LAT,Open-Meteo_Marine_Real+TidalModel,https://marine-api.open-meteo.com/v1/marine?latitude=12.8698&longitude=74.8431&s
2024-08-24T08:00,12.8698,74.8431,Mangalore_Port,0.8954501593216624,1.84,1.52,0.26,1.1554501593216624,RISING,Chart_Datum_LAT,Open-Meteo_Marine_Real+TidalModel,https://marine-api.open-meteo.com/v1/marine?latitude=12.8698&longitude=74.8431&s
2024-08-24T09:00,12.8698,74.8431,Mangalore_Port,1.2317643646223881,1.82,1.56,0.26,1.4917643646223882,RISING,Chart_Datum_LAT,Open-Meteo_Marine_Real+TidalModel,https://marine-api.open-meteo.com/v1/marine?latitude=12.8698&longitude=74.8431&s
2024-08-24T10:00,12.8698,74.8431,Mangalore_Port,1.5771104990354998,1.82,1.6,0.262,1.8391104990354998,RISING,Chart_Datum_LAT,Open-Meteo_Marine_Real+TidalModel,https://marine-api.open-meteo.com/v1/marine?latitude=12.8698&longitude=74.8431&s
2024-08-24T11:00,12.8698,74.8431,Mangalore_Port,1.837798081612605,1.8,1.64,0.262,2.099798081612605,HIGH,Chart_Datum_LAT,Open-Meteo_Marine_Real+TidalModel,https://marine-api.open-meteo.com/v1/marine?latitude=12.8698&longitude=74.8431&s
2024-08-24T12:00,12.8698,74.8431,Mangalore_Port,1.9399776732861624,1.78,1.62,0.259,2.1989776732861626,HIGH,Chart_Datum_LAT,Open-Meteo_Marine_Real+TidalModel,https://marine-api.open-meteo.com/v1/marine?latitude=12.8698&longitude=74.8431&s
2024-08-24T13:00,12.8698,74.8431,Mangalore_Port,1.8489781651705839,1.76,1.6,0.256,2.104978165170584,HIGH,Chart_Datum_LAT,Open-Meteo_Marine_Real+TidalModel,https://marine-api.open-meteo.com/v1/marine?latitude=12.8698&longitude=74.8431&s
2024-08-24T14:00,12.8698,74.8431,Mangalore_Port,1.578982597811552,1.74,1.58,0.253,1.8319825978115518,FALLING,Chart_Datum_LAT,Open-Meteo_Marine_Real+TidalModel,https://marine-api.open-meteo.com/v1/marine?latitude=12.8698&longitude=74.8431&s
2024-08-24T15:00,12.8698,74.8431,Mangalore_Port,1.1904381698749806,1.72,1.58,0.251,1.4414381698749805,FALLING,Chart_Datum_LAT,Open-Meteo_Marine_Real+TidalModel,https://marine-api.open-meteo.com/v1/marine?latitude=12.8698&longitude=74.8431&s
2024-08-24T16:00,12.8698,74.8431,Mangalore_Port,0.7756704655309312,1.7,1.56,0.24800000000000003,1.0236704655309312,FALLING,Chart_Datum_LAT,Open-Meteo_Marine_Real+TidalModel,https://marine-api.open-meteo.com/v1/marine?latitude=12.8698&longitude=74.8431&s
2024-08-24T17:00,12.8698,74.8431,Mangalore_Port,0.43617179122466454,1.68,1.56,0.24600000000000002,0.6821717912246645,LOW,Chart_Datum_LAT,Open-Meteo_Marine_Real+TidalModel,https://marine-api.open-meteo.com/v1/marine?latitude=12.8698&longitude=74.8431&s
2024-08-24T18:00,12.8698,74.8431,Mangalore_Port,0.2571959481106951,1.66,1.56,0.24400000000000002,0.5011959481106951,LOW,Chart_Datum_LAT,Open-Meteo_Marine_Real+TidalModel,https://marine-api.open-meteo.com/v1/marine?latitude=12.8698&longitude=74.8431&s
2024-08-24T19:00,12.8698,74.8431,Mangalore_Port,0.28605535683274264,1.64,1.54,0.24100000000000002,0.5270553568327426,LOW,Chart_Datum_LAT,Open-Meteo_Marine_Real+TidalModel,https://marine-api.open-meteo.com/v1/marine?latitude=12.8698&longitude=74.8431&s
2024-08-24T20:00,12.8698,74.8431,Mangalore_Port,0.5196671460533316,1.62,1.54,0.23900000000000005,0.7586671460533316,LOW,Chart_Datum_LAT,Open-Meteo_Marine_Real+TidalModel,https://marine-api.open-meteo.com/v1/marine?latitude=12.8698&longitude=74.8431&s
2024-08-24T21:00,12.8698,74.8431,Mangalore_Port,0.9046255937486705,1.6,1.52,0.23600000000000004,1.1406255937486705,RISING,Chart_Datum_LAT,Open-Meteo_Marine_Real+TidalModel,https://marine-api.open-meteo.com/v1/marine?latitude=12.8698&longitude=74.8431&s
2024-08-24T22:00,12.8698,74.8431,Mangalore_Port,1.3499460670536456,1.58,1.48,0.23200000000000004,1.5819460670536456,RISING,Chart_Datum_LAT,Open-Meteo_Marine_Real+TidalModel,https://marine-api.open-meteo.com/v1/marine?latitude=12.8698&longitude=74.8431&s
2024-08-24T23:00,12.8698,74.8431,Mangalore_Port,1.7494146756760698,1.56,1.46,0.22900000000000004,1.9784146756760699,RISING,Chart_Datum_LAT,Open-Meteo_Marine_Real+TidalModel,https://marine-api.open-meteo.com/v1/marine?latitude=12.8698&longitude=74.8431&s
2024-08-25T00:00,12.8698,74.8431,Mangalore_Port,2.008003538451626,1.54,1.44,0.22600000000000003,2.234003538451626,HIGH,Chart_Datum_LAT,Open-Meteo_Marine_Real+TidalModel,https://marine-api.open-meteo.com/v1/marine?latitude=12.8698&longitude=74.8431&s
2024-08-25T01:00,12.8698,74.8431,Mangalore_Port,2.0657128978175563,1.52,1.44,0.22400000000000003,2.2897128978175565,HIGH,Chart_Datum_LAT,Open-Meteo_Marine_Real+TidalModel,https://marine-api.open-meteo.com/v1/marine?latitude=12.8698&longitude=74.8431&s
2024-08-25T02:00,12.8698,74.8431,Mangalore_Port,1.9127757851769271,1.5,1.42,0.22100000000000003,2.133775785176927,HIGH,Chart_Datum_LAT,Open-Meteo_Marine_Real+TidalModel,https://marine-api.open-meteo.com/v1/marine?latitude=12.8698&longitude=74.8431&s
2024-08-25T03:00,12.8698,74.8431,Mangalore_Port,1.5922839396424835,1.48,1.4,0.21799999999999997,1.8102839396424835,FALLING,Chart_Datum_LAT,Open-Meteo_Marine_Real+TidalModel,https://marine-api.open-meteo.com/v1/marine?latitude=12.8698&longitude=74.8431&s
2024-08-25T04:00,12.8698,74.8431,Mangalore_Port,1.1894445375014824,1.48,1.4,0.21799999999999997,1.4074445375014824,FALLING,Chart_Datum_LAT,Open-Meteo_Marine_Real+TidalModel,https://marine-api.open-meteo.com/v1/marine?latitude=12.8698&longitude=74.8431&s
2024-08-25T05:00,12.8698,74.8431,Mangalore_Port,0.8100666808698044,1.46,1.38,0.21499999999999997,1.0250666808698043,FALLING,Chart_Datum_LAT,Open-Meteo_Marine_Real+TidalModel,https://marine-api.open-meteo.com/v1/marine?latitude=12.8698&longitude=74.8431&s
2024-08-25T06:00,12.8698,74.8431,Mangalore_Port,0.5536442947439607,1.5,1.4,0.22000000000000003,0.7736442947439608,LOW,Chart_Datum_LAT,Open-Meteo_Marine_Real+TidalModel,https://marine-api.open-meteo.com/v1/marine?latitude=12.8698&longitude=74.8431&s
2024-08-25T07:00,12.8698,74.8431,Mangalore_Port,0.48783546172933956,1.52,1.44,0.22400000000000003,0.7118354617293396,LOW,Chart_Datum_LAT,Open-Meteo_Marine_Real+TidalModel,https://marine-api.open-meteo.com/v1/marine?latitude=12.8698&longitude=74.8431&s
2024-08-25T08:00,12.8698,74.8431,Mangalore_Port,0.6308559770978208,1.56,1.46,0.22900000000000004,0.8598559770978209,LOW,Chart_Datum_LAT,Open-Meteo_Marine_Real+TidalModel,https://marine-api.open-meteo.com/v1/marine?latitude=12.8698&longitude=74.8431&s
2024-08-25T09:00,12.8698,74.8431,Mangalore_Port,0.9463585802238852,1.56,1.46,0.22900000000000004,1.1753585802238853,RISING,Chart_Datum_LAT,Open-Meteo_Marine_Real+TidalModel,https://marine-api.open-meteo.com/v1/marine?latitude=12.8698&longitude=74.8431&s
2024-08-25T10:00,12.8698,74.8431,Mangalore_Port,1.3522355941548505,1.56,1.46,0.22900000000000004,1.5812355941548506,RISING,Chart_Datum_LAT,Open-Meteo_Marine_Real+TidalModel,https://marine-api.open-meteo.com/v1/marine?latitude=12.8698&longitude=74.8431&s
2024-08-25T11:00,12.8698,74.8431,Mangalore_Port,1.7412469751270734,1.56,1.46,0.22900000000000004,1.9702469751270735,RISING,Chart_Datum_LAT,Open-Meteo_Marine_Real+TidalModel,https://marine-api.open-meteo.com/v1/marine?latitude=12.8698&longitude=74.8431&s
2024-08-25T12:00,12.8698,74.8431,Mangalore_Port,2.008335366890357,1.56,1.46,0.22900000000000004,2.237335366890357,HIGH,Chart_Datum_LAT,Open-Meteo_Marine_Real+TidalModel,https://marine-api.open-meteo.com/v1/marine?latitude=12.8698&longitude=74.8431&s
2024-08-25T13:00,12.8698,74.8431,Mangalore_Port,2.077726111331173,1.56,1.46,0.22900000000000004,2.306726111331173,HIGH,Chart_Datum_LAT,Open-Meteo_Marine_Real+TidalModel,https://marine-api.open-meteo.com/v1/marine?latitude=12.8698&longitude=74.8431&s
2024-08-25T14:00,12.8698,74.8431,Mangalore_Port,1.9228878446817843,1.56,1.46,0.22900000000000004,2.1518878446817844,HIGH,Chart_Datum_LAT,Open-Meteo_Marine_Real+TidalModel,https://marine-api.open-meteo.com/v1/marine?latitude=12.8698&longitude=74.8431&s
2024-08-25T15:00,12.8698,74.8431,Mangalore_Port,1.5741735674441921,1.56,1.46,0.22900000000000004,1.8031735674441922,FALLING,Chart_Datum_LAT,Open-Meteo_Marine_Real+TidalModel,https://marine-api.open-meteo.com/v1/marine?latitude=12.8698&longitude=74.8431&s
2024-08-25T16:00,12.8698,74.8431,Mangalore_Port,1.1120473243081617,1.58,1.46,0.23100000000000004,1.3430473243081618,FALLING,Chart_Datum_LAT,Open-Meteo_Marine_Real+TidalModel,https://marine-api.open-meteo.com/v1/marine?latitude=12.8698&longitude=74.8431&s
2024-08-25T17:00,12.8698,74.8431,Mangalore_Port,0.6474550235945759,1.58,1.46,0.23100000000000004,0.8784550235945758,LOW,Chart_Datum_LAT,Open-Meteo_Marine_Real+TidalModel,https://marine-api.open-meteo.com/v1/marine?latitude=12.8698&longitude=74.8431&s
2024-08-25T18:00,12.8698,74.8431,Mangalore_Port,0.29419297336302297,1.6,1.48,0.23400000000000004,0.5281929733630231,LOW,Chart_Datum_LAT,Open-Meteo_Marine_Real+TidalModel,https://marine-api.open-meteo.com/v1/marine?latitude=12.8698&longitude=74.8431&s
2024-08-25T19:00,12.8698,74.8431,Mangalore_Port,0.1402193877455269,1.6,1.5,0.23500000000000004,0.37521938774552693,LOW,Chart_Datum_LAT,Open-Meteo_Marine_Real+TidalModel,https://marine-api.open-meteo.com/v1/marine?latitude=12.8698&longitude=74.8431&s
2024-08-25T20:00,12.8698,74.8431,Mangalore_Port,0.2251957736578135,1.62,1.52,0.23800000000000004,0.46319577365781356,LOW,Chart_Datum_LAT,Open-Meteo_Marine_Real+TidalModel,https://marine-api.open-meteo.com/v1/marine?latitude=12.8698&longitude=74.8431&s
2024-08-25T21:00,12.8698,74.8431,Mangalore_Port,0.5300314478407796,1.62,1.52,0.23800000000000004,0.7680314478407797,LOW,Chart_Datum_LAT,Open-Meteo_Marine_Real+TidalModel,https://marine-api.open-meteo.com/v1/marine?latitude=12.8698&longitude=74.8431&s
2024-08-25T22:00,12.8698,74.8431,Mangalore_Port,0.9812031186036214,1.62,1.52,0.23800000000000004,1.2192031186036214,RISING,Chart_Datum_LAT,Open-Meteo_Marine_Real+TidalModel,https://marine-api.open-meteo.com/v1/marine?latitude=12.8698&longitude=74.8431&s
2024-08-25T23:00,12.8698,74.8431,Mangalore_Port,1.4688840382535002,1.62,1.52,0.23800000000000004,1.7068840382535002,RISING,Chart_Datum_LAT,Open-Meteo_Marine_Real+TidalModel,https://marine-api.open-meteo.com/v1/marine?latitude=12.8698&longitude=74.8431&s
2024-08-26T00:00,12.8698,74.8431,Mangalore_Port,1.8743908614849016,1.62,1.52,0.23800000000000004,2.1123908614849016,HIGH,Chart_Datum_LAT,Open-Meteo_Marine_Real+TidalModel,https://marine-api.open-meteo.com/v1/marine?latitude=12.8698&longitude=74.8431&s
2024-08-26T01:00,12.8698,74.8431,Mangalore_Port,2.1000435598946643,1.64,1.52,0.24000000000000002,2.3400435598946645,HIGH,Chart_Datum_LAT,Open-Meteo_Marine_Real+TidalModel,https://marine-api.open-meteo.com/v1/marine?latitude=12.8698&longitude=74.8431&s
2024-08-26T02:00,12.8698,74.8431,Mangalore_Port,2.093861138167546,1.64,1.52,0.24000000000000002,2.333861138167546,HIGH,Chart_Datum_LAT,Open-Meteo_Marine_Real+TidalModel,https://marine-api.open-meteo.com/v1/marine?latitude=12.8698&longitude=74.8431&s
2024-08-26T03:00,12.8698,74.8431,Mangalore_Port,1.862771161814119,1.66,1.52,0.24200000000000002,2.104771161814119,HIGH,Chart_Datum_LAT,Open-Meteo_Marine_Real+TidalModel,https://marine-api.open-meteo.com/v1/marine?latitude=12.8698&longitude=74.8431&s
2024-08-26T04:00,12.8698,74.8431,Mangalore_Port,1.4708908051780982,1.7,1.54,0.24700000000000003,1.7178908051780983,FALLING,Chart_Datum_LAT,Open-Meteo_Marine_Real+TidalModel,https://marine-api.open-meteo.com/v1/marine?latitude=12.8698&longitude=74.8431&s
2024-08-26T05:00,12.8698,74.8431,Mangalore_Port,1.0232197213836263,1.72,1.54,0.24900000000000003,1.2722197213836264,FALLING,Chart_Datum_LAT,Open-Meteo_Marine_Real+TidalModel,https://marine-api.open-meteo.com/v1/marine?latitude=12.8698&longitude=74.8431&s
2024-08-26T06:00,12.8698,74.8431,Mangalore_Port,0.6388116414251389,1.76,1.6,0.256,0.8948116414251389,LOW,Chart_Datum_LAT,Open-Meteo_Marine_Real+TidalModel,https://marine-api.open-meteo.com/v1/marine?latitude=12.8698&longitude=74.8431&s
2024-08-26T07:00,12.8698,74.8431,Mangalore_Port,0.4202092325239598,1.78,1.66,0.261,0.6812092325239598,LOW,Chart_Datum_LAT,Open-Meteo_Marine_Real+TidalModel,https://marine-api.open-meteo.com/v1/marine?latitude=12.8698&longitude=74.8431&s
2024-08-26T08:00,12.8698,74.8431,Mangalore_Port,0.4269322287522056,1.82,1.72,0.268,0.6949322287522056,LOW,Chart_Datum_LAT,Open-Meteo_Marine_Real+TidalModel,https://marine-api.open-meteo.com/v1/marine?latitude=12.8698&longitude=74.8431&s
2024-08-26T09:00,12.8698,74.8431,Mangalore_Port,0.6598310350392254,1.82,1.74,0.269,0.9288310350392254,LOW,Chart_Datum_LAT,Open-Meteo_Marine_Real+TidalModel,https://marine-api.open-meteo.com/v1/marine?latitude=12.8698&longitude=74.8431&s
2024-08-26T10:00,12.8698,74.8431,Mangalore_Port,1.0603908775518893,1.84,1.76,0.272,1.3323908775518893,RISING,Chart_Datum_LAT,Open-Meteo_Marine_Real+TidalModel,https://marine-api.open-meteo.com/v1/marine?latitude=12.8698&longitude=74.8431&s
2024-08-26T11:00,12.8698,74.8431,Mangalore_Port,1.5252786206938047,1.84,1.78,0.273,1.7982786206938046,RISING,Chart_Datum_LAT,Open-Meteo_Marine_Real+TidalModel,https://marine-api.open-meteo.com/v1/marine?latitude=12.8698&longitude=74.8431&s
2024-08-26T12:00,12.8698,74.8431,Mangalore_Port,1.932527355125404,1.84,1.78,0.273,2.205527355125404,HIGH,Chart_Datum_LAT,Open-Meteo_Marine_Real+TidalModel,https://marine-api.open-meteo.com/v1/marine?latitude=12.8698&longitude=74.8431&s
2024-08-26T13:00,12.8698,74.8431,Mangalore_Port,2.1727488480027954,1.84,1.78,0.273,2.4457488480027956,HIGH,Chart_Datum_LAT,Open-Meteo_Marine_Real+TidalModel,https://marine-api.open-meteo.com/v1/marine?latitude=12.8698&longitude=74.8431&s
2024-08-26T14:00,12.8698,74.8431,Mangalore_Port,2.1774265422756933,1.84,1.78,0.273,2.4504265422756935,HIGH,Chart_Datum_LAT,Open-Meteo_Marine_Real+TidalModel,https://marine-api.open-meteo.com/v1/marine?latitude=12.8698&longitude=74.8431&s
2024-08-26T15:00,12.8698,74.8431,Mangalore_Port,1.9370268020152523,1.84,1.78,0.273,2.2100268020152525,HIGH,Chart_Datum_LAT,Open-Meteo_Marine_Real+TidalModel,https://marine-api.open-meteo.com/v1/marine?latitude=12.8698&longitude=74.8431&s
2024-08-26T16:00,12.8698,74.8431,Mangalore_Port,1.504213414433039,1.84,1.76,0.272,1.776213414433039,FALLING,Chart_Datum_LAT,Open-Meteo_Marine_Real+TidalModel,https://marine-api.open-meteo.com/v1/marine?latitude=12.8698&longitude=74.8431&s
2024-08-26T17:00,12.8698,74.8431,Mangalore_Port,0.9812220339752807,1.84,1.76,0.272,1.2532220339752809,FALLING,Chart_Datum_LAT,Open-Meteo_Marine_Real+TidalModel,https://marine-api.open-meteo.com/v1/marine?latitude=12.8698&longitude=74.8431&s
2024-08-26T18:00,12.8698,74.8431,Mangalore_Port,0.49449131814692227,1.84,1.76,0.272,0.7664913181469223,LOW,Chart_Datum_LAT,Open-Meteo_Marine_Real+TidalModel,https://marine-api.open-meteo.com/v1/marine?latitude=12.8698&longitude=74.8431&s
2024-08-26T19:00,12.8698,74.8431,Mangalore_Port,0.1629244463154993,1.84,1.78,0.273,0.4359244463154993,LOW,Chart_Datum_LAT,Open-Meteo_Marine_Real+TidalModel,https://marine-api.open-meteo.com/v1/marine?latitude=12.8698&longitude=74.8431&s
2024-08-26T20:00,12.8698,74.8431,Mangalore_Port,0.06782509934931014,1.84,1.78,0.273,0.34082509934931016,LOW,Chart_Datum_LAT,Open-Meteo_Marine_Real+TidalModel,https://marine-api.open-meteo.com/v1/marine?latitude=12.8698&longitude=74.8431&s
2024-08-26T21:00,12.8698,74.8431,Mangalore_Port,0.23217777225316982,1.84,1.78,0.273,0.5051777722531698,LOW,Chart_Datum_LAT,Open-Meteo_Marine_Real+TidalModel,https://marine-api.open-meteo.com/v1/marine?latitude=12.8698&longitude=74.8431&s
2024-08-26T22:00,12.8698,74.8431,Mangalore_Port,0.6146058075041144,1.84,1.76,0.272,0.8866058075041144,LOW,Chart_Datum_LAT,Open-Meteo_Marine_Real+TidalModel,https://marine-api.open-meteo.com/v1/marine?latitude=12.8698&longitude=74.8431&s
2024-08-26T23:00,12.8698,74.8431,Mangalore_Port,1.1196268387308175,1.84,1.76,0.272,1.3916268387308175,RISING,Chart_Datum_LAT,Open-Meteo_Marine_Real+TidalModel,https://marine-api.open-meteo.com/v1/marine?latitude=12.8698&longitude=74.8431&s
2024-08-27T00:00,12.8698,74.8431,Mangalore_Port,1.6216756869879934,1.84,1.76,0.272,1.8936756869879934,RISING,Chart_Datum_LAT,Open-Meteo_Marine_Real+TidalModel,https://marine-api.open-meteo.com/v1/marine?latitude=12.8698&longitude=74.8431&s
2024-08-27T01:00,12.8698,74.8431,Mangalore_Port,1.9968378255699575,1.84,1.76,0.272,2.2688378255699577,HIGH,Chart_Datum_LAT,Open-Meteo_Marine_Real+TidalModel,https://marine-api.open-meteo.com/v1/marine?latitude=12.8698&longitude=74.8431&s
2024-08-27T02:00,12.8698,74.8431,Mangalore_Port,2.154237993717882,1.84,1.76,0.272,2.4262379937178817,HIGH,Chart_Datum_LAT,Open-Meteo_Marine_Real+TidalModel,https://marine-api.open-meteo.com/v1/marine?latitude=12.8698&longitude=74.8431&s
2024-08-27T03:00,12.8698,74.8431,Mangalore_Port,2.0590781799611357,1.84,1.76,0.272,2.3310781799611355,HIGH,Chart_Datum_LAT,Open-Meteo_Marine_Real+TidalModel,https://marine-api.open-meteo.com/v1/marine?latitude=12.8698&longitude=74.8431&s
2024-08-27T04:00,12.8698,74.8431,Mangalore_Port,1.7414155050472653,1.84,1.78,0.273,2.0144155050472654,FALLING,Chart_Datum_LAT,Open-Meteo_Marine_Real+TidalModel,https://marine-api.open-meteo.com/v1/marine?latitude=12.8698&longitude=74.8431&s
2024-08-27T05:00,12.8698,74.8431,Mangalore_Port,1.2883880985844964,1.84,1.78,0.273,1.5613880985844966,FALLING,Chart_Datum_LAT,Open-Meteo_Marine_Real+TidalModel,https://marine-api.open-meteo.com/v1/marine?latitude=12.8698&longitude=74.8431&s
2024-08-27T06:00,12.8698,74.8431,Mangalore_Port,0.8218182012903463,1.86,1.78,0.275,1.0968182012903465,FALLING,Chart_Datum_LAT,Open-Meteo_Marine_Real+TidalModel,https://marine-api.open-meteo.com/v1/marine?latitude=12.8698&longitude=74.8431&s
2024-08-27T07:00,12.8698,74.8431,Mangalore_Port,0.4668694019663393,1.86,1.8,0.276,0.7428694019663393,LOW,Chart_Datum_LAT,Open-Meteo_Marine_Real+TidalModel,https://marine-api.open-meteo.com/v1/marine?latitude=12.8698&longitude=74.8431&s
2024-08-27T08:00,12.8698,74.8431,Mangalore_Port,0.3197477820167415,1.88,1.8,0.278,0.5977477820167415,LOW,Chart_Datum_LAT,Open-Meteo_Marine_Real+TidalModel,https://marine-api.open-meteo.com/v1/marine?latitude=12.8698&longitude=74.8431&s
2024-08-27T09:00,12.8698,74.8431,Mangalore_Port,0.42271597443512765,1.88,1.8,0.278,0.7007159744351277,LOW,Chart_Datum_LAT,Open-Meteo_Marine_Real+TidalModel,https://marine-api.open-meteo.com/v1/marine?latitude=12.8698&longitude=74.8431&s
2024-08-27T10:00,12.8698,74.8431,Mangalore_Port,0.7528536928132048,1.88,1.82,0.279,1.031853692813205,RISING,Chart_Datum_LAT,Open-Meteo_Marine_Real+TidalModel,https://marine-api.open-meteo.com/v1/marine?latitude=12.8698&longitude=74.8431&s
2024-08-27T11:00,12.8698,74.8431,Mangalore_Port,1.2275081613747165,1.88,1.82,0.279,1.5065081613747164,RISING,Chart_Datum_LAT,Open-Meteo_Marine_Real+TidalModel,https://marine-api.open-meteo.com/v1/marine?latitude=12.8698&longitude=74.8431&s
2024-08-27T12:00,12.8698,74.8431,Mangalore_Port,1.7251189077119018,1.88,1.82,0.279,2.0041189077119017,RISING,Chart_Datum_LAT,Open-Meteo_Marine_Real+TidalModel,https://marine-api.open-meteo.com/v1/marine?latitude=12.8698&longitude=74.8431&s
2024-08-27T13:00,12.8698,74.8431,Mangalore_Port,2.116160271002058,1.88,1.82,0.279,2.395160271002058,HIGH,Chart_Datum_LAT,Open-Meteo_Marine_Real+TidalModel,https://marine-api.open-meteo.com/v1/marine?latitude=12.8698&longitude=74.8431&s
2024-08-27T14:00,12.8698,74.8431,Mangalore_Port,2.2963318439266813,1.88,1.82,0.279,2.5753318439266812,HIGH,Chart_Datum_LAT,Open-Meteo_Marine_Real+TidalModel,https://marine-api.open-meteo.com/v1/marine?latitude=12.8698&longitude=74.8431&s
2024-08-27T15:00,12.8698,74.8431,Mangalore_Port,2.213516339855219,1.88,1.82,0.279,2.492516339855219,HIGH,Chart_Datum_LAT,Open-Meteo_Marine_Real+TidalModel,https://marine-api.open-meteo.com/v1/marine?latitude=12.8698&longitude=74.8431&s
2024-08-27T16:00,12.8698,74.8431,Mangalore_Port,1.8815806215397681,1.88,1.82,0.279,2.160580621539768,HIGH,Chart_Datum_LAT,Open-Meteo_Marine_Real+TidalModel,https://marine-api.open-meteo.com/v1/marine?latitude=12.8698&longitude=74.8431&s
2024-08-27T17:00,12.8698,74.8431,Mangalore_Port,1.377429281522656,1.88,1.82,0.279,1.656429281522656,FALLING,Chart_Datum_LAT,Open-Meteo_Marine_Real+TidalModel,https://marine-api.open-meteo.com/v1/marine?latitude=12.8698&longitude=74.8431&s
2024-08-27T18:00,12.8698,74.8431,Mangalore_Port,0.8219851137146605,1.86,1.8,0.276,1.0979851137146606,FALLING,Chart_Datum_LAT,Open-Meteo_Marine_Real+TidalModel,https://marine-api.open-meteo.com/v1/marine?latitude=12.8698&longitude=74.8431&s
2024-08-27T19:00,12.8698,74.8431,Mangalore_Port,0.34987935400803016,1.86,1.8,0.276,0.6258793540080302,LOW,Chart_Datum_LAT,Open-Meteo_Marine_Real+TidalModel,https://marine-api.open-meteo.com/v1/marine?latitude=12.8698&longitude=74.8431&s
2024-08-27T20:00,12.8698,74.8431,Mangalore_Port,0.07553508660757902,1.84,1.78,0.273,0.34853508660757904,LOW,Chart_Datum_LAT,Open-Meteo_Marine_Real+TidalModel,https://marine-api.open-meteo.com/v1/marine?latitude=12.8698&longitude=74.8431&s
2024-08-27T21:00,12.8698,74.8431,Mangalore_Port,0.06427365837694565,1.84,1.76,0.272,0.33627365837694567,LOW,Chart_Datum_LAT,Open-Meteo_Marine_Real+TidalModel,https://marine-api.open-meteo.com/v1/marine?latitude=12.8698&longitude=74.8431&s
2024-08-27T22:00,12.8698,74.8431,Mangalore_Port,0.3158179270353112,1.82,1.76,0.27,0.5858179270353112,LOW,Chart_Datum_LAT,Open-Meteo_Marine_Real+TidalModel,https://marine-api.open-meteo.com/v1/marine?latitude=12.8698&longitude=74.8431&s
2024-08-27T23:00,12.8698,74.8431,Mangalore_Port,0.7644222049925612,1.82,1.74,0.269,1.0334222049925612,RISING,Chart_Datum_LAT,Open-Meteo_Marine_Real+TidalModel,https://marine-api.open-meteo.com/v1/marine?latitude=12.8698&longitude=74.8431&s
2024-08-28T00:00,12.8698,74.8431,Mangalore_Port,1.2956254841425279,1.82,1.72,0.268,1.5636254841425279,RISING,Chart_Datum_LAT,Open-Meteo_Marine_Real+TidalModel,https://marine-api.open-meteo.com/v1/marine?latitude=12.8698&longitude=74.8431&s
2024-08-28T01:00,12.8698,74.8431,Mangalore_Port,1.7753816258620452,1.8,1.72,0.266,2.041381625862045,RISING,Chart_Datum_LAT,Open-Meteo_Marine_Real+TidalModel,https://marine-api.open-meteo.com/v1/marine?latitude=12.8698&longitude=74.8431&s
2024-08-28T02:00,12.8698,74.8431,Mangalore_Port,2.0841527392991734,1.8,1.7,0.265,2.3491527392991736,HIGH,Chart_Datum_LAT,Open-Meteo_Marine_Real+TidalModel,https://marine-api.open-meteo.com/v1/marine?latitude=12.8698&longitude=74.8431&s
2024-08-28T03:00,12.8698,74.8431,Mangalore_Port,2.1472725642245964,1.8,1.7,0.265,2.4122725642245966,HIGH,Chart_Datum_LAT,Open-Meteo_Marine_Real+TidalModel,https://marine-api.open-meteo.com/v1/marine?latitude=12.8698&longitude=74.8431&s
2024-08-28T04:00,12.8698,74.8431,Mangalore_Port,1.9538267207415212,1.82,1.7,0.267,2.2208267207415213,HIGH,Chart_Datum_LAT,Open-Meteo_Marine_Real+TidalModel,https://marine-api.open-meteo.com/v1/marine?latitude=12.8698&longitude=74.8431&s
2024-08-28T05:00,12.8698,74.8431,Mangalore_Port,1.559220359597274,1.82,1.7,0.267,1.826220359597274,FALLING,Chart_Datum_LAT,Open-Meteo_Marine_Real+TidalModel,https://marine-api.open-meteo.com/v1/marine?latitude=12.8698&longitude=74.8431&s
2024-08-28T06:00,12.8698,74.8431,Mangalore_Port,1.0707670882519382,1.84,1.7,0.269,1.3397670882519384,FALLING,Chart_Datum_LAT,Open-Meteo_Marine_Real+TidalModel,https://marine-api.open-meteo.com/v1/marine?latitude=12.8698&longitude=74.8431&s
2024-08-28T07:00,12.8698,74.8431,Mangalore_Port,0.6199733755846517,1.84,1.7,0.269,0.8889733755846517,LOW,Chart_Datum_LAT,Open-Meteo_Marine_Real+TidalModel,https://marine-api.open-meteo.com/v1/marine?latitude=12.8698&longitude=74.8431&s
2024-08-28T08:00,12.8698,74.8431,Mangalore_Port,0.3285999868083921,1.86,1.7,0.271,0.5995999868083921,LOW,Chart_Datum_LAT,Open-Meteo_Marine_Real+TidalModel,https://marine-api.open-meteo.com/v1/marine?latitude=12.8698&longitude=74.8431&s
2024-08-28T09:00,12.8698,74.8431,Mangalore_Port,0.2771832167313476,1.88,1.62,0.269,0.5461832167313476,LOW,Chart_Datum_LAT,Open-Meteo_Marine_Real+TidalModel,https://marine-api.open-meteo.com/v1/marine?latitude=12.8698&longitude=74.8431&s
2024-08-28T10:00,12.8698,74.8431,Mangalore_Port,0.48408139091670244,1.9,1.54,0.267,0.7510813909167025,LOW,Chart_Datum_LAT,Open-Meteo_Marine_Real+TidalModel,https://marine-api.open-meteo.com/v1/marine?latitude=12.8698&longitude=74.8431&s
2024-08-28T11:00,12.8698,74.8431,Mangalore_Port,0.9004309970727568,1.92,1.46,0.265,1.1654309970727568,RISING,Chart_Datum_LAT,Open-Meteo_Marine_Real+TidalModel,https://marine-api.open-meteo.com/v1/marine?latitude=12.8698&longitude=74.8431&s
2024-08-28T12:00,12.8698,74.8431,Mangalore_Port,1.4223349290472413,1.94,1.52,0.27,1.6923349290472414,RISING,Chart_Datum_LAT,Open-Meteo_Marine_Real+TidalModel,https://marine-api.open-meteo.com/v1/marine?latitude=12.8698&longitude=74.8431&s
2024-08-28T13:00,12.8698,74.8431,Mangalore_Port,1.9171999089886436,1.98,1.6,0.278,2.1951999089886436,HIGH,Chart_Datum_LAT,Open-Meteo_Marine_Real+TidalModel,https://marine-api.open-meteo.com/v1/marine?latitude=12.8698&longitude=74.8431&s
2024-08-28T14:00,12.8698,74.8431,Mangalore_Port,2.2575175656762676,2.0,1.66,0.28300000000000003,2.5405175656762675,HIGH,Chart_Datum_LAT,Open-Meteo_Marine_Real+TidalModel,https://marine-api.open-meteo.com/v1/marine?latitude=12.8698&longitude=74.8431&s
2024-08-28T15:00,12.8698,74.8431,Mangalore_Port,2.353471176907596,2.02,1.68,0.28600000000000003,2.639471176907596,HIGH,Chart_Datum_LAT,Open-Meteo_Marine_Real+TidalModel,https://marine-api.open-meteo.com/v1/marine?latitude=12.8698&longitude=74.8431&s
2024-08-28T16:00,12.8698,74.8431,Mangalore_Port,2.176038409290495,2.04,1.7,0.28900000000000003,2.465038409290495,HIGH,Chart_Datum_LAT,Open-Meteo_Marine_Real+TidalModel,https://marine-api.open-meteo.com/v1/marine?latitude=12.8698&longitude=74.8431&s
2024-08-28T17:00,12.8698,74.8431,Mangalore_Port,1.7646776253862222,2.06,1.72,0.29200000000000004,2.0566776253862225,FALLING,Chart_Datum_LAT,Open-Meteo_Marine_Real+TidalModel,https://marine-api.open-meteo.com/v1/marine?latitude=12.8698&longitude=74.8431&s
2024-08-28T18:00,12.8698,74.8431,Mangalore_Port,1.2176150166776494,2.08,1.82,0.29900000000000004,1.5166150166776493,FALLING,Chart_Datum_LAT,Open-Meteo_Marine_Real+TidalModel,https://marine-api.open-meteo.com/v1/marine?latitude=12.8698&longitude=74.8431&s
2024-08-28T19:00,12.8698,74.8431,Mangalore_Port,0.6671883503889503,2.12,1.94,0.30900000000000005,0.9761883503889504,LOW,Chart_Datum_LAT,Open-Meteo_Marine_Real+TidalModel,https://marine-api.open-meteo.com/v1/marine?latitude=12.8698&longitude=74.8431&s
2024-08-28T20:00,12.8698,74.8431,Mangalore_Port,0.24651634234649156,2.14,2.04,0.31600000000000006,0.5625163423464916,LOW,Chart_Datum_LAT,Open-Meteo_Marine_Real+TidalModel,https://marine-api.open-meteo.com/v1/marine?latitude=12.8698&longitude=74.8431&s
2024-08-28T21:00,12.8698,74.8431,Mangalore_Port,0.05597603176895327,2.14,2.04,0.31600000000000006,0.37197603176895333,LOW,Chart_Datum_LAT,Open-Meteo_Marine_Real+TidalModel,https://marine-api.open-meteo.com/v1/marine?latitude=12.8698&longitude=74.8431&s
2024-08-28T22:00,12.8698,74.8431,Mangalore_Port,0.13801841777513046,2.12,2.02,0.31300000000000006,0.4510184177751305,LOW,Chart_Datum_LAT,Open-Meteo_Marine_Real+TidalModel,https://marine-api.open-meteo.com/v1/marine?latitude=12.8698&longitude=74.8431&s
2024-08-28T23:00,12.8698,74.8431,Mangalore_Port,0.46672303844600194,2.12,2.02,0.31300000000000006,0.779723038446002,LOW,Chart_Datum_LAT,Open-Meteo_Marine_Real+TidalModel,https://marine-api.open-meteo.com/v1/marine?latitude=12.8698&longitude=74.8431&s
2024-08-29T00:00,12.8698,74.8431,Mangalore_Port,0.9547297860653458,2.1,2.0,0.31000000000000005,1.2647297860653457,RISING,Chart_Datum_LAT,Open-Meteo_Marine_Real+TidalModel,https://marine-api.open-meteo.com/v1/marine?latitude=12.8698&longitude=74.8431&s
2024-08-29T01:00,12.8698,74.8431,Mangalore_Port,1.4757528986135657,2.08,1.98,0.30700000000000005,1.7827528986135657,RISING,Chart_Datum_LAT,Open-Meteo_Marine_Real+TidalModel,https://marine-api.open-meteo.com/v1/marine?latitude=12.8698&longitude=74.8431&s
2024-08-29T02:00,12.8698,74.8431,Mangalore_Port,1.8969106163450182,2.06,1.96,0.30400000000000005,2.200910616345018,HIGH,Chart_Datum_LAT,Open-Meteo_Marine_Real+TidalModel,https://marine-api.open-meteo.com/v1/marine?latitude=12.8698&longitude=74.8431&s
2024-08-29T03:00,12.8698,74.8431,Mangalore_Port,2.1126085306247417,2.06,1.96,0.30400000000000005,2.4166085306247416,HIGH,Chart_Datum_LAT,Open-Meteo_Marine_Real+TidalModel,https://marine-api.open-meteo.com/v1/marine?latitude=12.8698&longitude=74.8431&s
2024-08-29T04:00,12.8698,74.8431,Mangalore_Port,2.071331244737506,2.08,1.96,0.30600000000000005,2.377331244737506,HIGH,Chart_Datum_LAT,Open-Meteo_Marine_Real+TidalModel,https://marine-api.open-meteo.com/v1/marine?latitude=12.8698&longitude=74.8431&s
2024-08-29T05:00,12.8698,74.8431,Mangalore_Port,1.7885213198083751,2.08,1.96,0.30600000000000005,2.094521319808375,FALLING,Chart_Datum_LAT,Open-Meteo_Marine_Real+TidalModel,https://marine-api.open-meteo.com/v1/marine?latitude=12.8698&longitude=74.8431&s
2024-08-29T06:00,12.8698,74.8431,Mangalore_Port,1.3422879864250756,2.06,1.94,0.30300000000000005,1.6452879864250756,FALLING,Chart_Datum_LAT,Open-Meteo_Marine_Real+TidalModel,https://marine-api.open-meteo.com/v1/marine?latitude=12.8698&longitude=74.8431&s
2024-08-29T07:00,12.8698,74.8431,Mangalore_Port,0.8530782670182437,2.02,1.92,0.29800000000000004,1.1510782670182438,FALLING,Chart_Datum_LAT,Open-Meteo_Marine_Real+TidalModel,https://marine-api.open-meteo.com/v1/marine?latitude=12.8698&longitude=74.8431&s
2024-08-29T08:00,12.8698,74.8431,Mangalore_Port,0.4525374156870986,2.0,1.9,0.29500000000000004,0.7475374156870986,LOW,Chart_Datum_LAT,Open-Meteo_Marine_Real+TidalModel,https://marine-api.open-meteo.com/v1/marine?latitude=12.8698&longitude=74.8431&s
2024-08-29T09:00,12.8698,74.8431,Mangalore_Port,0.2495385737862943,1.98,1.9,0.29300000000000004,0.5425385737862943,LOW,Chart_Datum_LAT,Open-Meteo_Marine_Real+TidalModel,https://marine-api.open-meteo.com/v1/marine?latitude=12.8698&longitude=74.8431&s
2024-08-29T10:00,12.8698,74.8431,Mangalore_Port,0.3020721945179037,1.98,1.88,0.29200000000000004,0.5940721945179037,LOW,Chart_Datum_LAT,Open-Meteo_Marine_Real+TidalModel,https://marine-api.open-meteo.com/v1/marine?latitude=12.8698&longitude=74.8431&s
2024-08-29T11:00,12.8698,74.8431,Mangalore_Port,0.6021759896560082,1.96,1.88,0.29000000000000004,0.8921759896560082,LOW,Chart_Datum_LAT,Open-Meteo_Marine_Real+TidalModel,https://marine-api.open-meteo.com/v1/marine?latitude=12.8698&longitude=74.8431&s
2024-08-29T12:00,12.8698,74.8431,Mangalore_Port,1.0777453528584942,1.96,1.88,0.29000000000000004,1.3677453528584942,RISING,Chart_Datum_LAT,Open-Meteo_Marine_Real+TidalModel,https://marine-api.open-meteo.com/v1/marine?latitude=12.8698&longitude=74.8431&s
2024-08-29T13:00,12.8698,74.8431,Mangalore_Port,1.610748873689872,1.96,1.86,0.28900000000000003,1.8997488736898722,RISING,Chart_Datum_LAT,Open-Meteo_Marine_Real+TidalModel,https://marine-api.open-meteo.com/v1/marine?latitude=12.8698&longitude=74.8431&s
2024-08-29T14:00,12.8698,74.8431,Mangalore_Port,2.06718735801133,1.96,1.86,0.28900000000000003,2.35618735801133,HIGH,Chart_Datum_LAT,Open-Meteo_Marine_Real+TidalModel,https://marine-api.open-meteo.com/v1/marine?latitude=12.8698&longitude=74.8431&s
2024-08-29T15:00,12.8698,74.8431,Mangalore_Port,2.331146105035642,2.0,1.86,0.29300000000000004,2.624146105035642,HIGH,Chart_Datum_LAT,Open-Meteo_Marine_Real+TidalModel,https://marine-api.open-meteo.com/v1/marine?latitude=12.8698&longitude=74.8431&s
2024-08-29T16:00,12.8698,74.8431,Mangalore_Port,2.334259282732779,2.02,1.84,0.29400000000000004,2.628259282732779,HIGH,Chart_Datum_LAT,Open-Meteo_Marine_Real+TidalModel,https://marine-api.open-meteo.com/v1/marine?latitude=12.8698&longitude=74.8431&s
2024-08-29T17:00,12.8698,74.8431,Mangalore_Port,2.073090673088061,2.06,1.84,0.29800000000000004,2.371090673088061,HIGH,Chart_Datum_LAT,Open-Meteo_Marine_Real+TidalModel,https://marine-api.open-meteo.com/v1/marine?latitude=12.8698&longitude=74.8431&s
2024-08-29T18:00,12.8698,74.8431,Mangalore_Port,1.6100289688723528,2.06,1.8,0.29600000000000004,1.9060289688723528,FALLING,Chart_Datum_LAT,Open-Meteo_Marine_Real+TidalModel,https://marine-api.open-meteo.com/v1/marine?latitude=12.8698&longitude=74.8431&s
2024-08-29T19:00,12.8698,74.8431,Mangalore_Port,1.0575040092244599,2.08,1.76,0.29600000000000004,1.35350400922446,FALLING,Chart_Datum_LAT,Open-Meteo_Marine_Real+TidalModel,https://marine-api.open-meteo.com/v1/marine?latitude=12.8698&longitude=74.8431&s
2024-08-29T20:00,12.8698,74.8431,Mangalore_Port,0.5495764794819497,2.08,1.72,0.29400000000000004,0.8435764794819497,LOW,Chart_Datum_LAT,Open-Meteo_Marine_Real+TidalModel,https://marine-api.open-meteo.com/v1/marine?latitude=12.8698&longitude=74.8431&s
2024-08-29T21:00,12.8698,74.8431,Mangalore_Port,0.20815477657896342,2.06,1.8,0.29600000000000004,0.5041547765789635,LOW,Chart_Datum_LAT,Open-Meteo_Marine_Real+TidalModel,https://marine-api.open-meteo.com/v1/marine?latitude=12.8698&longitude=74.8431&s
2024-08-29T22:00,12.8698,74.8431,Mangalore_Port,0.11243600693832279,2.06,1.86,0.29900000000000004,0.41143600693832283,LOW,Chart_Datum_LAT,Open-Meteo_Marine_Real+TidalModel,https://marine-api.open-meteo.com/v1/marine?latitude=12.8698&longitude=74.8431&s
2024-08-29T23:00,12.8698,74.8431,Mangalore_Port,0.27931709021231343,2.04,1.94,0.30100000000000005,0.5803170902123135,LOW,Chart_Datum_LAT,Open-Meteo_Marine_Real+TidalModel,https://marine-api.open-meteo.com/v1/marine?latitude=12.8698&longitude=74.8431&s
2024-08-30T00:00,12.8698,74.8431,Mangalore_Port,0.6597011909128161,2.04,1.94,0.30100000000000005,0.9607011909128161,LOW,Chart_Datum_LAT,Open-Meteo_Marine_Real+TidalModel,https://marine-api.open-meteo.com/v1/marine?latitude=12.8698&longitude=74.8431&s
2024-08-30T01:00,12.8698,74.8431,Mangalore_Port,1.1515602868441894,2.04,1.96,0.30200000000000005,1.4535602868441895,RISING,Chart_Datum_LAT,Open-Meteo_Marine_Real+TidalModel,https://marine-api.open-meteo.com/v1/marine?latitude=12.8698&longitude=74.8431&s
2024-08-30T02:00,12.8698,74.8431,Mangalore_Port,1.6263471872052122,2.04,1.96,0.30200000000000005,1.9283471872052123,RISING,Chart_Datum_LAT,Open-Meteo_Marine_Real+TidalModel,https://marine-api.open-meteo.com/v1/marine?latitude=12.8698&longitude=74.8431&s
2024-08-30T03:00,12.8698,74.8431,Mangalore_Port,1.9619681002612217,2.04,1.94,0.30100000000000005,2.262968100261222,HIGH,Chart_Datum_LAT,Open-Meteo_Marine_Real+TidalModel,https://marine-api.open-meteo.com/v1/marine?latitude=12.8698&longitude=74.8431&s
2024-08-30T04:00,12.8698,74.8431,Mangalore_Port,2.0738882174244617,2.02,1.92,0.29800000000000004,2.3718882174244618,HIGH,Chart_Datum_LAT,Open-Meteo_Marine_Real+TidalModel,https://marine-api.open-meteo.com/v1/marine?latitude=12.8698&longitude=74.8431&s
2024-08-30T05:00,12.8698,74.8431,Mangalore_Port,1.9364579423481567,2.02,1.9,0.29700000000000004,2.233457942348157,HIGH,Chart_Datum_LAT,Open-Meteo_Marine_Real+TidalModel,https://marine-api.open-meteo.com/v1/marine?latitude=12.8698&longitude=74.8431&s
2024-08-30T06:00,12.8698,74.8431,Mangalore_Port,1.589075734994787,2.02,1.9,0.29700000000000004,1.8860757349947872,FALLING,Chart_Datum_LAT,Open-Meteo_Marine_Real+TidalModel,https://marine-api.open-meteo.com/v1/marine?latitude=12.8698&longitude=74.8431&s
2024-08-30T07:00,12.8698,74.8431,Mangalore_Port,1.125691871703161,2.02,1.92,0.29800000000000004,1.423691871703161,FALLING,Chart_Datum_LAT,Open-Meteo_Marine_Real+TidalModel,https://marine-api.open-meteo.com/v1/marine?latitude=12.8698&longitude=74.8431&s
2024-08-30T08:00,12.8698,74.8431,Mangalore_Port,0.6704088463765465,2.02,1.92,0.29800000000000004,0.9684088463765466,LOW,Chart_Datum_LAT,Open-Meteo_Marine_Real+TidalModel,https://marine-api.open-meteo.com/v1/marine?latitude=12.8698&longitude=74.8431&s
2024-08-30T09:00,12.8698,74.8431,Mangalore_Port,0.34546382971260237,2.02,1.92,0.29800000000000004,0.6434638297126024,LOW,Chart_Datum_LAT,Open-Meteo_Marine_Real+TidalModel,https://marine-api.open-meteo.com/v1/marine?latitude=12.8698&longitude=74.8431&s
2024-08-30T10:00,12.8698,74.8431,Mangalore_Port,0.23979080674576747,2.0,1.9,0.29500000000000004,0.5347908067457675,LOW,Chart_Datum_LAT,Open-Meteo_Marine_Real+TidalModel,https://marine-api.open-meteo.com/v1/marine?latitude=12.8698&longitude=74.8431&s
2024-08-30T11:00,12.8698,74.8431,Mangalore_Port,0.3861754680753705,2.0,1.9,0.29500000000000004,0.6811754680753705,LOW,Chart_Datum_LAT,Open-Meteo_Marine_Real+TidalModel,https://marine-api.open-meteo.com/v1/marine?latitude=12.8698&longitude=74.8431&s
2024-08-30T12:00,12.8698,74.8431,Mangalore_Port,0.7527919487578815,2.0,1.9,0.29500000000000004,1.0477919487578815,RISING,Chart_Datum_LAT,Open-Meteo_Marine_Real+TidalModel,https://marine-api.open-meteo.com/v1/marine?latitude=12.8698&longitude=74.8431&s
2024-08-30T13:00,12.8698,74.8431,Mangalore_Port,1.2512236156977588,1.98,1.9,0.29300000000000004,1.5442236156977587,RISING,Chart_Datum_LAT,Open-Meteo_Marine_Real+TidalModel,https://marine-api.open-meteo.com/v1/marine?latitude=12.8698&longitude=74.8431&s
2024-08-30T14:00,12.8698,74.8431,Mangalore_Port,1.7588663999046015,1.98,1.9,0.29300000000000004,2.0518663999046014,RISING,Chart_Datum_LAT,Open-Meteo_Marine_Real+TidalModel,https://marine-api.open-meteo.com/v1/marine?latitude=12.8698&longitude=74.8431&s
2024-08-30T15:00,12.8698,74.8431,Mangalore_Port,2.149965296928298,1.98,1.88,0.29200000000000004,2.4419652969282977,HIGH,Chart_Datum_LAT,Open-Meteo_Marine_Real+TidalModel,https://marine-api.open-meteo.com/v1/marine?latitude=12.8698&longitude=74.8431&s
2024-08-30T16:00,12.8698,74.8431,Mangalore_Port,2.3273678698104576,1.96,1.86,0.28900000000000003,2.6163678698104578,HIGH,Chart_Datum_LAT,Open-Meteo_Marine_Real+TidalModel,https://marine-api.open-meteo.com/v1/marine?latitude=12.8698&longitude=74.8431&s
2024-08-30T17:00,12.8698,74.8431,Mangalore_Port,2.2469359364440695,1.96,1.84,0.28800000000000003,2.53493593644407,HIGH,Chart_Datum_LAT,Open-Meteo_Marine_Real+TidalModel,https://marine-api.open-meteo.com/v1/marine?latitude=12.8698&longitude=74.8431&s
2024-08-30T18:00,12.8698,74.8431,Mangalore_Port,1.9284629025816509,1.94,1.82,0.28500000000000003,2.213462902581651,HIGH,Chart_Datum_LAT,Open-Meteo_Marine_Real+TidalModel,https://marine-api.open-meteo.com/v1/marine?latitude=12.8698&longitude=74.8431&s
2024-08-30T19:00,12.8698,74.8431,Mangalore_Port,1.4504027320476114,1.92,1.82,0.28300000000000003,1.7334027320476113,FALLING,Chart_Datum_LAT,Open-Meteo_Marine_Real+TidalModel,https://marine-api.open-meteo.com/v1/marine?latitude=12.8698&longitude=74.8431&s
2024-08-30T20:00,12.8698,74.8431,Mangalore_Port,0.9298387904504355,1.9,1.8,0.28,1.2098387904504355,FALLING,Chart_Datum_LAT,Open-Meteo_Marine_Real+TidalModel,https://marine-api.open-meteo.com/v1/marine?latitude=12.8698&longitude=74.8431&s
2024-08-30T21:00,12.8698,74.8431,Mangalore_Port,0.4928549572334925,1.88,1.76,0.276,0.7688549572334925,LOW,Chart_Datum_LAT,Open-Meteo_Marine_Real+TidalModel,https://marine-api.open-meteo.com/v1/marine?latitude=12.8698&longitude=74.8431&s
2024-08-30T22:00,12.8698,74.8431,Mangalore_Port,0.24287109409062468,1.86,1.74,0.273,0.5158710940906247,LOW,Chart_Datum_LAT,Open-Meteo_Marine_Real+TidalModel,https://marine-api.open-meteo.com/v1/marine?latitude=12.8698&longitude=74.8431&s
2024-08-30T23:00,12.8698,74.8431,Mangalore_Port,0.2349693017110337,1.84,1.7,0.269,0.5039693017110337,LOW,Chart_Datum_LAT,Open-Meteo_Marine_Real+TidalModel,https://marine-api.open-meteo.com/v1/marine?latitude=12.8698&longitude=74.8431&s
2024-08-31T00:00,12.8698,74.8431,Mangalore_Port,0.46266151719329174,1.84,1.7,0.269,0.7316615171932918,LOW,Chart_Datum_LAT,Open-Meteo_Marine_Real+TidalModel,https://marine-api.open-meteo.com/v1/marine?latitude=12.8698&longitude=74.8431&s
2024-08-31T01:00,12.8698,74.8431,Mangalore_Port,0.8603472864243739,1.84,1.7,0.269,1.1293472864243739,RISING,Chart_Datum_LAT,Open-Meteo_Marine_Real+TidalModel,https://marine-api.open-meteo.com/v1/marine?latitude=12.8698&longitude=74.8431&s
2024-08-31T02:00,12.8698,74.8431,Mangalore_Port,1.3207076019275337,1.84,1.7,0.269,1.5897076019275338,RISING,Chart_Datum_LAT,Open-Meteo_Marine_Real+TidalModel,https://marine-api.open-meteo.com/v1/marine?latitude=12.8698&longitude=74.8431&s
2024-08-31T03:00,12.8698,74.8431,Mangalore_Port,1.722498765277245,1.92,1.76,0.28,2.0024987652772452,RISING,Chart_Datum_LAT,Open-Meteo_Marine_Real+TidalModel,https://marine-api.open-meteo.com/v1/marine?latitude=12.8698&longitude=74.8431&s
2024-08-31T04:00,12.8698,74.8431,Mangalore_Port,1.9616078790308156,2.0,1.84,0.29200000000000004,2.253607879030816,HIGH,Chart_Datum_LAT,Open-Meteo_Marine_Real+TidalModel,https://marine-api.open-meteo.com/v1/marine?latitude=12.8698&longitude=74.8431&s
2024-08-31T05:00,12.8698,74.8431,Mangalore_Port,1.977460548485658,2.08,1.9,0.30300000000000005,2.280460548485658,HIGH,Chart_Datum_LAT,Open-Meteo_Marine_Real+TidalModel,https://marine-api.open-meteo.com/v1/marine?latitude=12.8698&longitude=74.8431&s
2024-08-31T06:00,12.8698,74.8431,Mangalore_Port,1.7681133545878898,2.04,1.86,0.29700000000000004,2.06511335458789,FALLING,Chart_Datum_LAT,Open-Meteo_Marine_Real+TidalModel,https://marine-api.open-meteo.com/v1/marine?latitude=12.8698&longitude=74.8431&s
2024-08-31T07:00,12.8698,74.8431,Mangalore_Port,1.3902877577516832,2.0,1.84,0.29200000000000004,1.6822877577516833,FALLING,Chart_Datum_LAT,Open-Meteo_Marine_Real+TidalModel,https://marine-api.open-meteo.com/v1/marine?latitude=12.8698&longitude=74.8431&s
2024-08-31T08:00,12.8698,74.8431,Mangalore_Port,0.9444529790001436,1.96,1.8,0.28600000000000003,1.2304529790001437,FALLING,Chart_Datum_LAT,Open-Meteo_Marine_Real+TidalModel,https://marine-api.open-meteo.com/v1/marine?latitude=12.8698&longitude=74.8431&s
2024-08-31T09:00,12.8698,74.8431,Mangalore_Port,0.5488585706634396,1.94,1.78,0.28300000000000003,0.8318585706634396,LOW,Chart_Datum_LAT,Open-Meteo_Marine_Real+TidalModel,https://marine-api.open-meteo.com/v1/marine?latitude=12.8698&longitude=74.8431&s
2024-08-31T10:00,12.8698,74.8431,Mangalore_Port,0.309191013412203,1.9,1.74,0.277,0.586191013412203,LOW,Chart_Datum_LAT,Open-Meteo_Marine_Real+TidalModel,https://marine-api.open-meteo.com/v1/marine?latitude=12.8698&longitude=74.8431&s
2024-08-31T11:00,12.8698,74.8431,Mangalore_Port,0.2915876087023448,1.88,1.72,0.274,0.5655876087023448,LOW,Chart_Datum_LAT,Open-Meteo_Marine_Real+TidalModel,https://marine-api.open-meteo.com/v1/marine?latitude=12.8698&longitude=74.8431&s
2024-08-31T12:00,12.8698,74.8431,Mangalore_Port,0.5058308588595629,1.88,1.72,0.274,0.7798308588595629,LOW,Chart_Datum_LAT,Open-Meteo_Marine_Real+TidalModel,https://marine-api.open-meteo.com/v1/marine?latitude=12.8698&longitude=74.8431&s
2024-08-31T13:00,12.8698,74.8431,Mangalore_Port,0.9029146745536164,1.86,1.7,0.271,1.1739146745536164,RISING,Chart_Datum_LAT,Open-Meteo_Marine_Real+TidalModel,https://marine-api.open-meteo.com/v1/marine?latitude=12.8698&longitude=74.8431&s
2024-08-31T14:00,12.8698,74.8431,Mangalore_Port,1.3875017683674626,1.86,1.7,0.271,1.6585017683674628,RISING,Chart_Datum_LAT,Open-Meteo_Marine_Real+TidalModel,https://marine-api.open-meteo.com/v1/marine?latitude=12.8698&longitude=74.8431&s
2024-08-31T15:00,12.8698,74.8431,Mangalore_Port,1.842018769438655,1.86,1.7,0.271,2.113018769438655,HIGH,Chart_Datum_LAT,Open-Meteo_Marine_Real+TidalModel,https://marine-api.open-meteo.com/v1/marine?latitude=12.8698&longitude=74.8431&s
2024-08-31T16:00,12.8698,74.8431,Mangalore_Port,2.1562183367808014,1.88,1.68,0.272,2.4282183367808017,HIGH,Chart_Datum_LAT,Open-Meteo_Marine_Real+TidalModel,https://marine-api.open-meteo.com/v1/marine?latitude=12.8698&longitude=74.8431&s
2024-08-31T17:00,12.8698,74.8431,Mangalore_Port,2.254706783532968,1.88,1.68,0.272,2.526706783532968,HIGH,Chart_Datum_LAT,Open-Meteo_Marine_Real+TidalModel,https://marine-api.open-meteo.com/v1/marine?latitude=12.8698&longitude=74.8431&s
2024-08-31T18:00,12.8698,74.8431,Mangalore_Port,2.115513778738245,1.9,1.72,0.276,2.391513778738245,HIGH,Chart_Datum_LAT,Open-Meteo_Marine_Real+TidalModel,https://marine-api.open-meteo.com/v1/marine?latitude=12.8698&longitude=74.8431&s
2024-08-31T19:00,12.8698,74.8431,Mangalore_Port,1.7751035482348811,1.92,1.74,0.279,2.054103548234881,FALLING,Chart_Datum_LAT,Open-Meteo_Marine_Real+TidalModel,https://marine-api.open-meteo.com/v1/marine?latitude=12.8698&longitude=74.8431&s
2024-08-31T20:00,12.8698,74.8431,Mangalore_Port,1.3186905740333115,1.94,1.78,0.28300000000000003,1.6016905740333116,FALLING,Chart_Datum_LAT,Open-Meteo_Marine_Real+TidalModel,https://marine-api.open-meteo.com/v1/marine?latitude=12.8698&longitude=74.8431&s
2024-08-31T21:00,12.8698,74.8431,Mangalore_Port,0.8584402886491713,1.94,1.8,0.28400000000000003,1.1424402886491714,FALLING,Chart_Datum_LAT,Open-Meteo_Marine_Real+TidalModel,https://marine-api.open-meteo.com/v1/marine?latitude=12.8698&longitude=74.8431&s
2024-08-31T22:00,12.8698,74.8431,Mangalore_Port,0.5051644998896034,1.96,1.8,0.28600000000000003,0.7911644998896035,LOW,Chart_Datum_LAT,Open-Meteo_Marine_Real+TidalModel,https://marine-api.open-meteo.com/v1/marine?latitude=12.8698&longitude=74.8431&s
2024-08-31T23:00,12.8698,74.8431,Mangalore_Port,0.34070373074330607,1.96,1.82,0.28700000000000003,0.6277037307433061,LOW,Chart_Datum_LAT,Open-Meteo_Marine_Real+TidalModel,https://marine-api.open-meteo.com/v1/marine?latitude=12.8698&longitude=74.8431&s
