latitude,longitude,elevation_m,slope_deg,aspect_deg,flood_risk_zone,source,resolution_m
12.82,74.81,4.9,11.34,7.8,HIGH,SRTM_30m_simulated,150
12.82,74.81135,7.0,3.31,18.3,MEDIUM,SRTM_30m_simulated,150
12.82,74.8127,9.8,5.07,210.1,MEDIUM,SRTM_30m_simulated,150
12.82,74.81405,10.9,1.16,312.3,MEDIUM,SRTM_30m_simulated,150
12.82,74.8154,13.7,8.46,310.9,MEDIUM,SRTM_30m_simulated,150
12.82,74.81675,16.1,13.22,349.4,LOW,SRTM_30m_simulated,150
12.82,74.8181,18.3,7.25,256.8,LOW,SRTM_30m_simulated,150
12.82,74.81945,21.7,4.94,307.5,LOW,SRTM_30m_simulated,150
12.82,74.8208,23.5,9.57,60.4,LOW,SRTM_30m_simulated,150
12.82,74.82215,26.1,5.65,102.2,LOW,SRTM_30m_simulated,150
12.82,74.8235,28.2,10.47,78.3,LOW,SRTM_30m_simulated,150
12.82,74.82485,30.0,15.6,261.6,LOW,SRTM_30m_simulated,150
12.82,74.8262,33.3,12.29,235.0,LOW,SRTM_30m_simulated,150
12.82,74.82755,36.4,7.91,147.7,LOW,SRTM_30m_simulated,150
12.82,74.8289,38.8,18.7,176.4,LOW,SRTM_30m_simulated,150
12.82,74.83025,41.9,17.63,309.2,LOW,SRTM_30m_simulated,150
12.82,74.8316,44.0,15.1,163.6,LOW,SRTM_30m_simulated,150
12.82,74.83295,46.6,6.73,295.2,LOW,SRTM_30m_simulated,150
12.82,74.8343,48.9,5.16,212.6,LOW,SRTM_30m_simulated,150
12.82,74.83565,51.2,20.1,118.0,LOW,SRTM_30m_simulated,150
12.82,74.837,54.6,15.44,87.9,LOW,SRTM_30m_simulated,150
12.82,74.83835,57.3,19.33,168.3,LOW,SRTM_30m_simulated,150
12.82,74.8397,59.5,20.67,252.8,LOW,SRTM_30m_simulated,150
12.82,74.84105,63.1,4.11,64.5,LOW,SRTM_30m_simulated,150
12.82,74.8424,64.8,9.42,14.8,LOW,SRTM_30m_simulated,150
12.82,74.84375,68.1,15.99,289.5,LOW,SRTM_30m_simulated,150
12.82,74.8451,70.2,9.54,137.6,LOW,SRTM_30m_simulated,150
12.82,74.84645,73.1,14.82,184.0,LOW,SRTM_30m_simulated,150
12.82,74.8478,76.7,24.7,88.8,LOW,SRTM_30m_simulated,150
12.82,74.84915,79.6,5.61,293.8,LOW,SRTM_30m_simulated,150
12.82,74.8505,81.5,25.15,25.2,LOW,SRTM_30m_simulated,150
12.82,74.85185,83.1,21.47,12.6,LOW,SRTM_30m_simulated,150
12.82,74.8532,84.9,19.15,280.5,LOW,SRTM_30m_simulated,150
12.82,74.85455,89.3,1.34,26.8,LOW,SRTM_30m_simulated,150
12.82,74.8559,92.5,4.35,221.3,LOW,SRTM_30m_simulated,150
12.82,74.85725,94.8,4.41,166.2,LOW,SRTM_30m_simulated,150
12.82,74.8586,96.9,27.08,263.7,LOW,SRTM_30m_simulated,150
12.82,74.85995,100.8,0.06,242.3,LOW,SRTM_30m_simulated,150
12.82,74.8613,102.4,13.24,130.8,LOW,SRTM_30m_simulated,150
12.82,74.86265,107.0,8.82,277.9,LOW,SRTM_30m_simulated,150
12.82,74.864,108.3,23.77,282.9,LOW,SRTM_30m_simulated,150
12.82,74.86535,111.9,23.48,82.4,LOW,SRTM_30m_simulated,150
12.82,74.8667,114.0,28.81,333.0,LOW,SRTM_30m_simulated,150
12.82,74.86805,117.1,20.14,50.1,LOW,SRTM_30m_simulated,150
12.82,74.8694,120.4,3.82,184.3,LOW,SRTM_30m_simulated,150
12.82,74.87075,123.0,8.68,39.8,LOW,SRTM_30m_simulated,150
12.82,74.8721,126.2,22.58,112.3,LOW,SRTM_30m_simulated,150
12.82,74.87345,128.9,17.99,120.2,LOW,SRTM_30m_simulated,150
12.82,74.8748,132.0,2.18,280.0,LOW,SRTM_30m_simulated,150
12.82,74.87615,135.0,17.49,98.7,LOW,SRTM_30m_simulated,150
12.82,74.8775,138.0,6.98,123.1,LOW,SRTM_30m_simulated,150
12.82,74.87885,141.8,24.4,101.9,LOW,SRTM_30m_simulated,150
12.82,74.8802,144.5,19.77,267.8,LOW,SRTM_30m_simulated,150
12.82,74.88155,147.0,33.26,98.6,LOW,SRTM_30m_simulated,150
12.82,74.8829,149.6,36.01,292.5,LOW,SRTM_30m_simulated,150
12.82,74.88425,153.2,24.74,72.8,LOW,SRTM_30m_simulated,150
12.82,74.8856,156.4,12.28,279.7,LOW,SRTM_30m_simulated,150
12.82,74.88695,159.0,37.88,252.7,LOW,SRTM_30m_simulated,150
12.82,74.8883,162.3,5.09,337.3,LOW,SRTM_30m_simulated,150
12.82,74.88965,165.0,30.1,16.6,LOW,SRTM_30m_simulated,150
12.82,74.891,167.4,20.84,183.8,LOW,SRTM_30m_simulated,150
12.82,74.89235,171.3,4.38,293.4,LOW,SRTM_30m_simulated,150
12.82,74.8937,174.0,16.61,236.1,LOW,SRTM_30m_simulated,150
12.82,74.89505,177.1,16.45,214.3,LOW,SRTM_30m_simulated,150
12.82,74.8964,179.3,35.8,129.4,LOW,SRTM_30m_simulated,150
12.82,74.89775,182.7,4.34,13.4,LOW,SRTM_30m_simulated,150
12.82,74.8991,185.3,30.12,22.8,LOW,SRTM_30m_simulated,150
12.82,74.90045,188.7,0.13,32.1,LOW,SRTM_30m_simulated,150
12.82,74.9018,192.0,37.67,288.6,LOW,SRTM_30m_simulated,150
12.82,74.90315,195.2,10.12,183.1,LOW,SRTM_30m_simulated,150
12.82,74.9045,196.7,16.43,97.3,LOW,SRTM_30m_simulated,150
12.82,74.90585,200.8,4.21,271.1,LOW,SRTM_30m_simulated,150
12.82,74.9072,203.2,36.0,182.7,LOW,SRTM_30m_simulated,150
12.82,74.90855,206.1,21.38,94.6,LOW,SRTM_30m_simulated,150
12.82,74.9099,210.0,46.19,9.7,LOW,SRTM_30m_simulated,150
12.82135,74.81,5.1,8.27,15.7,MEDIUM,SRTM_30m_simulated,150
12.82135,74.81135,7.3,6.37,110.5,MEDIUM,SRTM_30m_simulated,150
12.82135,74.8127,9.8,1.01,322.8,MEDIUM,SRTM_30m_simulated,150
12.82135,74.81405,11.6,15.17,266.7,MEDIUM,SRTM_30m_simulated,150
12.82135,74.8154,14.0,15.48,10.0,MEDIUM,SRTM_30m_simulated,150
12.82135,74.81675,16.6,15.52,15.0,LOW,SRTM_30m_simulated,150
12.82135,74.8181,18.8,8.52,209.8,LOW,SRTM_30m_simulated,150
12.82135,74.81945,20.8,15.17,352.4,LOW,SRTM_30m_simulated,150
12.82135,74.8208,22.7,12.31,330.6,LOW,SRTM_30m_simulated,150
12.82135,74.82215,25.8,1.65,65.8,LOW,SRTM_30m_simulated,150
12.82135,74.8235,27.8,10.31,244.2,LOW,SRTM_30m_simulated,150
12.82135,74.82485,31.3,17.33,271.3,LOW,SRTM_30m_simulated,150
12.82135,74.8262,32.8,11.36,254.2,LOW,SRTM_30m_simulated,150
12.82135,74.82755,36.6,14.19,16.3,LOW,SRTM_30m_simulated,150
12.82135,74.8289,37.8,0.76,124.0,LOW,SRTM_30m_simulated,150
12.82135,74.83025,41.1,18.25,105.6,LOW,SRTM_30m_simulated,150
12.82135,74.8316,44.5,6.6,317.7,LOW,SRTM_30m_simulated,150
12.82135,74.83295,46.5,17.48,121.0,LOW,SRTM_30m_simulated,150
12.82135,74.8343,47.9,0.11,210.7,LOW,SRTM_30m_simulated,150
12.82135,74.83565,51.4,6.64,236.0,LOW,SRTM_30m_simulated,150
12.82135,74.837,53.3,11.31,294.0,LOW,SRTM_30m_simulated,150
12.82135,74.83835,56.3,12.46,276.4,LOW,SRTM_30m_simulated,150
12.82135,74.8397,59.3,22.35,94.5,LOW,SRTM_30m_simulated,150
12.82135,74.84105,62.2,18.1,217.2,LOW,SRTM_30m_simulated,150
12.82135,74.8424,64.6,18.91,185.2,LOW,SRTM_30m_simulated,150
12.82135,74.84375,68.2,18.93,227.3,LOW,SRTM_30m_simulated,150
12.82135,74.8451,69.5,0.55,118.5,LOW,SRTM_30m_simulated,150
12.82135,74.84645,71.9,3.96,243.2,LOW,SRTM_30m_simulated,150
12.82135,74.8478,75.3,0.42,173.7,LOW,SRTM_30m_simulated,150
12.82135,74.84915,77.8,25.31,340.7,LOW,SRTM_30m_simulated,150
12.82135,74.8505,80.9,9.98,19.1,LOW,SRTM_30m_simulated,150
12.82135,74.85185,83.6,7.7,81.1,LOW,SRTM_30m_simulated,150
12.82135,74.8532,85.9,2.54,0.4,LOW,SRTM_30m_simulated,150
12.82135,74.85455,89.2,9.35,253.1,LOW,SRTM_30m_simulated,150
12.82135,74.8559,91.1,13.04,258.2,LOW,SRTM_30m_simulated,150
12.82135,74.85725,94.1,27.49,328.1,LOW,SRTM_30m_simulated,150
12.82135,74.8586,96.8,16.9,352.4,LOW,SRTM_30m_simulated,150
12.82135,74.85995,99.3,18.77,346.9,LOW,SRTM_30m_simulated,150
12.82135,74.8613,102.8,13.39,190.1,LOW,SRTM_30m_simulated,150
12.82135,74.86265,105.5,4.37,326.0,LOW,SRTM_30m_simulated,150
12.82135,74.864,108.3,31.1,321.8,LOW,SRTM_30m_simulated,150
12.82135,74.86535,111.8,11.82,105.6,LOW,SRTM_30m_simulated,150
12.82135,74.8667,115.5,24.39,12.5,LOW,SRTM_30m_simulated,150
12.82135,74.86805,117.4,9.77,277.4,LOW,SRTM_30m_simulated,150
12.82135,74.8694,121.0,15.3,330.5,LOW,SRTM_30m_simulated,150
12.82135,74.87075,124.0,17.39,346.8,LOW,SRTM_30m_simulated,150
12.82135,74.8721,126.5,8.75,98.0,LOW,SRTM_30m_simulated,150
12.82135,74.87345,129.6,14.41,43.8,LOW,SRTM_30m_simulated,150
12.82135,74.8748,132.0,25.66,356.9,LOW,SRTM_30m_simulated,150
12.82135,74.87615,135.6,14.37,24.9,LOW,SRTM_30m_simulated,150
12.82135,74.8775,138.6,6.71,279.2,LOW,SRTM_30m_simulated,150
12.82135,74.87885,141.7,35.26,330.6,LOW,SRTM_30m_simulated,150
12.82135,74.8802,144.3,25.3,73.1,LOW,SRTM_30m_simulated,150
12.82135,74.88155,147.1,28.72,170.3,LOW,SRTM_30m_simulated,150
12.82135,74.8829,151.0,20.0,222.5,LOW,SRTM_30m_simulated,150
12.82135,74.88425,153.4,34.57,206.6,LOW,SRTM_30m_simulated,150
12.82135,74.8856,155.9,21.57,215.8,LOW,SRTM_30m_simulated,150
12.82135,74.88695,158.7,5.47,37.8,LOW,SRTM_30m_simulated,150
12.82135,74.8883,162.7,26.69,157.3,LOW,SRTM_30m_simulated,150
12.82135,74.88965,165.6,26.1,81.1,LOW,SRTM_30m_simulated,150
12.82135,74.891,168.2,34.94,324.6,LOW,SRTM_30m_simulated,150
12.82135,74.89235,170.6,9.63,174.4,LOW,SRTM_30m_simulated,150
12.82135,74.8937,173.5,39.73,219.7,LOW,SRTM_30m_simulated,150
12.82135,74.89505,177.3,32.51,143.7,LOW,SRTM_30m_simulated,150
12.82135,74.8964,179.5,15.32,216.0,LOW,SRTM_30m_simulated,150
12.82135,74.89775,183.1,3.83,20.1,LOW,SRTM_30m_simulated,150
12.82135,74.8991,186.3,33.66,108.1,LOW,SRTM_30m_simulated,150
12.82135,74.90045,188.6,34.39,358.1,LOW,SRTM_30m_simulated,150
12.82135,74.9018,191.5,40.14,31.7,LOW,SRTM_30m_simulated,150
12.82135,74.90315,194.1,20.97,177.3,LOW,SRTM_30m_simulated,150
12.82135,74.9045,198.3,17.14,103.2,LOW,SRTM_30m_simulated,150
12.82135,74.90585,199.9,15.03,73.2,LOW,SRTM_30m_simulated,150
12.82135,74.9072,204.2,43.93,154.9,LOW,SRTM_30m_simulated,150
12.82135,74.90855,205.8,28.47,61.9,LOW,SRTM_30m_simulated,150
12.82135,74.9099,208.5,4.51,294.9,LOW,SRTM_30m_simulated,150
12.8227,74.81,4.7,11.51,90.9,HIGH,SRTM_30m_simulated,150
12.8227,74.81135,7.2,5.66,350.5,MEDIUM,SRTM_30m_simulated,150
12.8227,74.8127,9.4,3.84,189.7,MEDIUM,SRTM_30m_simulated,150
12.8227,74.81405,11.6,3.21,316.4,MEDIUM,SRTM_30m_simulated,150
12.8227,74.8154,14.0,14.02,63.6,MEDIUM,SRTM_30m_simulated,150
12.8227,74.81675,16.2,10.24,268.4,LOW,SRTM_30m_simulated,150
12.8227,74.8181,18.5,5.69,284.5,LOW,SRTM_30m_simulated,150
12.8227,74.81945,21.0,0.32,198.7,LOW,SRTM_30m_simulated,150
12.8227,74.8208,22.7,7.14,315.6,LOW,SRTM_30m_simulated,150
12.8227,74.82215,26.2,18.66,50.2,LOW,SRTM_30m_simulated,150
12.8227,74.8235,28.3,9.54,260.0,LOW,SRTM_30m_simulated,150
12.8227,74.82485,31.2,11.13,212.9,LOW,SRTM_30m_simulated,150
12.8227,74.8262,32.5,6.82,335.3,LOW,SRTM_30m_simulated,150
12.8227,74.82755,36.0,12.73,299.6,LOW,SRTM_30m_simulated,150
12.8227,74.8289,38.9,11.51,99.1,LOW,SRTM_30m_simulated,150
12.8227,74.83025,41.1,14.9,90.5,LOW,SRTM_30m_simulated,150
12.8227,74.8316,43.9,1.17,284.5,LOW,SRTM_30m_simulated,150
12.8227,74.83295,47.8,4.73,19.6,LOW,SRTM_30m_simulated,150
12.8227,74.8343,49.2,11.85,223.9,LOW,SRTM_30m_simulated,150
12.8227,74.83565,50.8,3.23,355.6,LOW,SRTM_30m_simulated,150
12.8227,74.837,54.9,2.73,12.8,LOW,SRTM_30m_simulated,150
12.8227,74.83835,57.7,23.3,71.4,LOW,SRTM_30m_simulated,150
12.8227,74.8397,59.1,6.06,254.9,LOW,SRTM_30m_simulated,150
12.8227,74.84105,61.8,17.63,350.9,LOW,SRTM_30m_simulated,150
12.8227,74.8424,64.0,22.84,140.4,LOW,SRTM_30m_simulated,150
12.8227,74.84375,67.2,3.69,94.7,LOW,SRTM_30m_simulated,150
12.8227,74.8451,70.4,6.46,237.1,LOW,SRTM_30m_simulated,150
12.8227,74.84645,73.0,24.65,88.3,LOW,SRTM_30m_simulated,150
12.8227,74.8478,76.6,18.33,260.0,LOW,SRTM_30m_simulated,150
12.8227,74.84915,77.7,12.56,23.3,LOW,SRTM_30m_simulated,150
12.8227,74.8505,80.7,13.96,321.4,LOW,SRTM_30m_simulated,150
12.8227,74.85185,84.0,2.77,58.4,LOW,SRTM_30m_simulated,150
12.8227,74.8532,86.4,27.22,261.2,LOW,SRTM_30m_simulated,150
12.8227,74.85455,88.7,24.14,4.3,LOW,SRTM_30m_simulated,150
12.8227,74.8559,92.1,3.03,154.2,LOW,SRTM_30m_simulated,150
12.8227,74.85725,94.7,8.94,267.3,LOW,SRTM_30m_simulated,150
12.8227,74.8586,96.8,15.05,355.0,LOW,SRTM_30m_simulated,150
12.8227,74.85995,99.4,11.71,69.9,LOW,SRTM_30m_simulated,150
12.8227,74.8613,102.4,16.16,196.1,LOW,SRTM_30m_simulated,150
12.8227,74.86265,106.1,17.87,210.6,LOW,SRTM_30m_simulated,150
12.8227,74.864,108.4,10.51,350.8,LOW,SRTM_30m_simulated,150
12.8227,74.86535,111.4,22.07,111.3,LOW,SRTM_30m_simulated,150
12.8227,74.8667,114.7,17.68,342.7,LOW,SRTM_30m_simulated,150
12.8227,74.86805,117.1,14.92,315.2,LOW,SRTM_30m_simulated,150
12.8227,74.8694,120.2,2.28,77.3,LOW,SRTM_30m_simulated,150
12.8227,74.87075,123.5,30.02,181.1,LOW,SRTM_30m_simulated,150
12.8227,74.8721,126.3,5.07,204.2,LOW,SRTM_30m_simulated,150
12.8227,74.87345,129.2,29.44,108.3,LOW,SRTM_30m_simulated,150
12.8227,74.8748,131.9,24.76,359.7,LOW,SRTM_30m_simulated,150
12.8227,74.87615,135.8,12.06,25.1,LOW,SRTM_30m_simulated,150
12.8227,74.8775,138.5,7.88,12.7,LOW,SRTM_30m_simulated,150
12.8227,74.87885,141.3,12.79,139.2,LOW,SRTM_30m_simulated,150
12.8227,74.8802,144.3,0.74,345.5,LOW,SRTM_30m_simulated,150
12.8227,74.88155,146.7,33.13,106.1,LOW,SRTM_30m_simulated,150
12.8227,74.8829,150.0,20.1,49.7,LOW,SRTM_30m_simulated,150
12.8227,74.88425,152.8,0.67,70.4,LOW,SRTM_30m_simulated,150
12.8227,74.8856,157.2,16.36,81.2,LOW,SRTM_30m_simulated,150
12.8227,74.88695,158.6,38.07,244.5,LOW,SRTM_30m_simulated,150
12.8227,74.8883,162.6,9.49,27.2,LOW,SRTM_30m_simulated,150
12.8227,74.88965,164.8,4.26,204.1,LOW,SRTM_30m_simulated,150
12.8227,74.891,167.3,17.21,208.3,LOW,SRTM_30m_simulated,150
12.8227,74.89235,170.9,6.17,59.8,LOW,SRTM_30m_simulated,150
12.8227,74.8937,173.6,32.53,92.8,LOW,SRTM_30m_simulated,150
12.8227,74.89505,176.9,8.55,3.9,LOW,SRTM_30m_simulated,150
12.8227,74.8964,179.4,38.97,126.8,LOW,SRTM_30m_simulated,150
12.8227,74.89775,182.0,1.55,358.0,LOW,SRTM_30m_simulated,150
12.8227,74.8991,187.2,17.53,216.5,LOW,SRTM_30m_simulated,150
12.8227,74.90045,188.6,30.44,226.8,LOW,SRTM_30m_simulated,150
12.8227,74.9018,191.6,4.35,95.5,LOW,SRTM_30m_simulated,150
12.8227,74.90315,195.1,41.06,146.9,LOW,SRTM_30m_simulated,150
12.8227,74.9045,196.7,3.1,122.7,LOW,SRTM_30m_simulated,150
12.8227,74.90585,201.3,25.83,302.4,LOW,SRTM_30m_simulated,150
12.8227,74.9072,204.8,2.76,117.0,LOW,SRTM_30m_simulated,150
12.8227,74.90855,205.9,17.09,266.1,LOW,SRTM_30m_simulated,150
12.8227,74.9099,208.7,23.24,81.6,LOW,SRTM_30m_simulated,150
12.82405,74.81,3.6,11.54,118.6,HIGH,SRTM_30m_simulated,150
12.82405,74.81135,6.2,7.2,80.8,MEDIUM,SRTM_30m_simulated,150
12.82405,74.8127,9.1,4.61,67.7,MEDIUM,SRTM_30m_simulated,150
12.82405,74.81405,10.4,0.75,358.6,MEDIUM,SRTM_30m_simulated,150
12.82405,74.8154,14.1,4.56,71.7,MEDIUM,SRTM_30m_simulated,150
12.82405,74.81675,15.7,12.01,261.2,LOW,SRTM_30m_simulated,150
12.82405,74.8181,18.1,2.7,185.1,LOW,SRTM_30m_simulated,150
12.82405,74.81945,20.9,8.54,149.0,LOW,SRTM_30m_simulated,150
12.82405,74.8208,23.0,17.22,42.3,LOW,SRTM_30m_simulated,150
12.82405,74.82215,25.8,15.66,98.7,LOW,SRTM_30m_simulated,150
12.82405,74.8235,27.8,7.03,200.6,LOW,SRTM_30m_simulated,150
12.82405,74.82485,30.9,1.71,233.1,LOW,SRTM_30m_simulated,150
12.82405,74.8262,33.4,17.7,317.6,LOW,SRTM_30m_simulated,150
12.82405,74.82755,36.0,16.69,74.8,LOW,SRTM_30m_simulated,150
12.82405,74.8289,37.4,7.99,94.8,LOW,SRTM_30m_simulated,150
12.82405,74.83025,40.6,6.34,287.9,LOW,SRTM_30m_simulated,150
12.82405,74.8316,43.7,9.25,243.9,LOW,SRTM_30m_simulated,150
12.82405,74.83295,46.7,7.71,114.4,LOW,SRTM_30m_simulated,150
12.82405,74.8343,49.1,3.76,169.5,LOW,SRTM_30m_simulated,150
12.82405,74.83565,50.8,10.31,96.3,LOW,SRTM_30m_simulated,150
12.82405,74.837,54.0,16.25,41.6,LOW,SRTM_30m_simulated,150
12.82405,74.83835,57.3,19.01,72.9,LOW,SRTM_30m_simulated,150
12.82405,74.8397,58.6,11.74,219.9,LOW,SRTM_30m_simulated,150
12.82405,74.84105,62.2,11.35,226.7,LOW,SRTM_30m_simulated,150
12.82405,74.8424,64.4,21.85,248.8,LOW,SRTM_30m_simulated,150
12.82405,74.84375,66.7,11.5,80.4,LOW,SRTM_30m_simulated,150
12.82405,74.8451,69.4,4.65,241.6,LOW,SRTM_30m_simulated,150
12.82405,74.84645,73.7,0.81,208.8,LOW,SRTM_30m_simulated,150
12.82405,74.8478,75.0,9.81,86.2,LOW,SRTM_30m_simulated,150
12.82405,74.84915,78.0,5.11,148.3,LOW,SRTM_30m_simulated,150
12.82405,74.8505,80.0,24.66,5.3,LOW,SRTM_30m_simulated,150
12.82405,74.85185,83.9,27.25,325.5,LOW,SRTM_30m_simulated,150
12.82405,74.8532,85.5,10.16,123.5,LOW,SRTM_30m_simulated,150
12.82405,74.85455,89.0,16.13,83.4,LOW,SRTM_30m_simulated,150
12.82405,74.8559,92.1,4.77,275.4,LOW,SRTM_30m_simulated,150
12.82405,74.85725,94.5,11.37,166.9,LOW,SRTM_30m_simulated,150
12.82405,74.8586,97.2,28.07,66.8,LOW,SRTM_30m_simulated,150
12.82405,74.85995,99.6,28.99,131.9,LOW,SRTM_30m_simulated,150
12.82405,74.8613,102.3,13.4,250.2,LOW,SRTM_30m_simulated,150
12.82405,74.86265,106.0,7.05,119.4,LOW,SRTM_30m_simulated,150
12.82405,74.864,108.6,13.64,163.6,LOW,SRTM_30m_simulated,150
12.82405,74.86535,111.6,22.31,73.2,LOW,SRTM_30m_simulated,150
12.82405,74.8667,114.7,0.56,142.5,LOW,SRTM_30m_simulated,150
12.82405,74.86805,116.9,0.36,54.9,LOW,SRTM_30m_simulated,150
12.82405,74.8694,120.0,23.71,321.2,LOW,SRTM_30m_simulated,150
12.82405,74.87075,123.2,11.15,355.1,LOW,SRTM_30m_simulated,150
12.82405,74.8721,126.7,30.43,61.4,LOW,SRTM_30m_simulated,150
12.82405,74.87345,129.5,0.09,121.6,LOW,SRTM_30m_simulated,150
12.82405,74.8748,131.6,15.85,294.0,LOW,SRTM_30m_simulated,150
12.82405,74.87615,136.2,18.96,132.2,LOW,SRTM_30m_simulated,150
12.82405,74.8775,137.8,0.22,232.8,LOW,SRTM_30m_simulated,150
12.82405,74.87885,142.0,23.88,184.5,LOW,SRTM_30m_simulated,150
12.82405,74.8802,144.0,2.6,325.2,LOW,SRTM_30m_simulated,150
12.82405,74.88155,147.6,6.03,90.4,LOW,SRTM_30m_simulated,150
12.82405,74.8829,150.4,12.97,111.9,LOW,SRTM_30m_simulated,150
12.82405,74.88425,153.0,21.67,211.0,LOW,SRTM_30m_simulated,150
12.82405,74.8856,156.2,30.43,319.1,LOW,SRTM_30m_simulated,150
12.82405,74.88695,159.2,16.01,259.9,LOW,SRTM_30m_simulated,150
12.82405,74.8883,161.9,8.25,159.3,LOW,SRTM_30m_simulated,150
12.82405,74.88965,164.2,28.06,263.0,LOW,SRTM_30m_simulated,150
12.82405,74.891,168.1,11.24,261.8,LOW,SRTM_30m_simulated,150
12.82405,74.89235,171.8,22.22,5.5,LOW,SRTM_30m_simulated,150
12.82405,74.8937,174.1,36.69,300.7,LOW,SRTM_30m_simulated,150
12.82405,74.89505,176.3,5.14,284.0,LOW,SRTM_30m_simulated,150
12.82405,74.8964,179.4,35.87,300.9,LOW,SRTM_30m_simulated,150
12.82405,74.89775,181.9,41.46,244.4,LOW,SRTM_30m_simulated,150
12.82405,74.8991,186.3,19.46,232.1,LOW,SRTM_30m_simulated,150
12.82405,74.90045,188.9,37.31,50.5,LOW,SRTM_30m_simulated,150
12.82405,74.9018,192.1,10.48,2.0,LOW,SRTM_30m_simulated,150
12.82405,74.90315,194.6,11.4,52.8,LOW,SRTM_30m_simulated,150
12.82405,74.9045,197.6,36.05,206.6,LOW,SRTM_30m_simulated,150
12.82405,74.90585,200.6,17.66,349.7,LOW,SRTM_30m_simulated,150
12.82405,74.9072,204.0,32.25,295.3,LOW,SRTM_30m_simulated,150
12.82405,74.90855,207.0,0.29,265.4,LOW,SRTM_30m_simulated,150
12.82405,74.9099,210.2,37.46,288.4,LOW,SRTM_30m_simulated,150
12.8254,74.81,5.3,14.04,155.7,MEDIUM,SRTM_30m_simulated,150
12.8254,74.81135,6.7,5.41,141.2,MEDIUM,SRTM_30m_simulated,150
12.8254,74.8127,8.6,7.03,354.1,MEDIUM,SRTM_30m_simulated,150
12.8254,74.81405,11.6,1.69,182.0,MEDIUM,SRTM_30m_simulated,150
12.8254,74.8154,13.6,1.07,15.0,MEDIUM,SRTM_30m_simulated,150
12.8254,74.81675,15.7,8.78,322.3,LOW,SRTM_30m_simulated,150
12.8254,74.8181,18.7,0.52,144.6,LOW,SRTM_30m_simulated,150
12.8254,74.81945,21.0,14.74,78.6,LOW,SRTM_30m_simulated,150
12.8254,74.8208,23.6,15.33,55.1,LOW,SRTM_30m_simulated,150
12.8254,74.82215,25.3,16.79,191.5,LOW,SRTM_30m_simulated,150
12.8254,74.8235,28.3,14.94,66.3,LOW,SRTM_30m_simulated,150
12.8254,74.82485,31.4,3.08,321.9,LOW,SRTM_30m_simulated,150
12.8254,74.8262,33.2,9.86,158.8,LOW,SRTM_30m_simulated,150
12.8254,74.82755,35.4,19.89,191.2,LOW,SRTM_30m_simulated,150
12.8254,74.8289,39.0,2.63,136.0,LOW,SRTM_30m_simulated,150
12.8254,74.83025,41.2,15.36,35.3,LOW,SRTM_30m_simulated,150
12.8254,74.8316,42.8,17.37,170.0,LOW,SRTM_30m_simulated,150
12.8254,74.83295,45.6,20.38,196.7,LOW,SRTM_30m_simulated,150
12.8254,74.8343,48.7,17.37,61.2,LOW,SRTM_30m_simulated,150
12.8254,74.83565,50.9,10.61,14.5,LOW,SRTM_30m_simulated,150
12.8254,74.837,54.2,20.04,51.7,LOW,SRTM_30m_simulated,150
12.8254,74.83835,57.7,9.21,209.1,LOW,SRTM_30m_simulated,150
12.8254,74.8397,58.8,22.86,136.0,LOW,SRTM_30m_simulated,150
12.8254,74.84105,62.4,19.35,241.0,LOW,SRTM_30m_simulated,150
12.8254,74.8424,63.6,13.3,154.7,LOW,SRTM_30m_simulated,150
12.8254,74.84375,66.9,0.66,184.4,LOW,SRTM_30m_simulated,150
12.8254,74.8451,70.1,2.67,68.6,LOW,SRTM_30m_simulated,150
12.8254,74.84645,73.1,6.03,188.3,LOW,SRTM_30m_simulated,150
12.8254,74.8478,75.7,18.19,25.4,LOW,SRTM_30m_simulated,150
12.8254,74.84915,78.7,17.93,140.4,LOW,SRTM_30m_simulated,150
12.8254,74.8505,80.2,20.97,348.4,LOW,SRTM_30m_simulated,150
12.8254,74.85185,83.2,26.96,225.2,LOW,SRTM_30m_simulated,150
12.8254,74.8532,86.4,3.68,254.5,LOW,SRTM_30m_simulated,150
12.8254,74.85455,88.2,27.21,123.4,LOW,SRTM_30m_simulated,150
12.8254,74.8559,91.1,12.82,289.7,LOW,SRTM_30m_simulated,150
12.8254,74.85725,92.8,20.94,127.7,LOW,SRTM_30m_simulated,150
12.8254,74.8586,97.6,16.9,278.1,LOW,SRTM_30m_simulated,150
12.8254,74.85995,99.7,5.82,62.7,LOW,SRTM_30m_simulated,150
12.8254,74.8613,103.0,17.9,35.1,LOW,SRTM_30m_simulated,150
12.8254,74.86265,105.5,10.19,350.8,LOW,SRTM_30m_simulated,150
12.8254,74.864,108.7,22.66,3.3,LOW,SRTM_30m_simulated,150
12.8254,74.86535,111.3,2.31,283.1,LOW,SRTM_30m_simulated,150
12.8254,74.8667,114.6,27.18,182.6,LOW,SRTM_30m_simulated,150
12.8254,74.86805,118.0,30.12,209.5,LOW,SRTM_30m_simulated,150
12.8254,74.8694,120.3,18.39,68.3,LOW,SRTM_30m_simulated,150
12.8254,74.87075,123.3,16.67,176.5,LOW,SRTM_30m_simulated,150
12.8254,74.8721,125.8,10.23,240.9,LOW,SRTM_30m_simulated,150
12.8254,74.87345,128.8,33.83,155.2,LOW,SRTM_30m_simulated,150
12.8254,74.8748,132.5,30.78,277.3,LOW,SRTM_30m_simulated,150
12.8254,74.87615,135.4,14.34,221.7,LOW,SRTM_30m_simulated,150
12.8254,74.8775,137.3,32.83,191.3,LOW,SRTM_30m_simulated,150
12.8254,74.87885,141.1,0.93,295.5,LOW,SRTM_30m_simulated,150
12.8254,74.8802,144.0,31.16,12.2,LOW,SRTM_30m_simulated,150
12.8254,74.88155,147.5,16.69,125.1,LOW,SRTM_30m_simulated,150
12.8254,74.8829,150.2,8.96,303.8,LOW,SRTM_30m_simulated,150
12.8254,74.88425,152.7,31.74,97.0,LOW,SRTM_30m_simulated,150
12.8254,74.8856,156.2,15.72,280.9,LOW,SRTM_30m_simulated,150
12.8254,74.88695,158.8,6.15,46.4,LOW,SRTM_30m_simulated,150
12.8254,74.8883,162.0,29.13,225.7,LOW,SRTM_30m_simulated,150
12.8254,74.88965,163.5,26.81,3.3,LOW,SRTM_30m_simulated,150
12.8254,74.891,168.0,8.11,333.6,LOW,SRTM_30m_simulated,150
12.8254,74.89235,170.4,22.98,320.7,LOW,SRTM_30m_simulated,150
12.8254,74.8937,173.3,5.78,243.5,LOW,SRTM_30m_simulated,150
12.8254,74.89505,176.2,31.96,108.7,LOW,SRTM_30m_simulated,150
12.8254,74.8964,180.0,32.69,55.4,LOW,SRTM_30m_simulated,150
12.8254,74.89775,183.2,20.27,244.9,LOW,SRTM_30m_simulated,150
12.8254,74.8991,185.3,9.96,222.0,LOW,SRTM_30m_simulated,150
12.8254,74.90045,188.9,17.97,359.7,LOW,SRTM_30m_simulated,150
12.8254,74.9018,191.8,16.72,147.0,LOW,SRTM_30m_simulated,150
12.8254,74.90315,194.9,24.04,21.2,LOW,SRTM_30m_simulated,150
12.8254,74.9045,197.5,30.29,136.1,LOW,SRTM_30m_simulated,150
12.8254,74.90585,200.7,0.16,65.7,LOW,SRTM_30m_simulated,150
12.8254,74.9072,204.3,38.27,4.7,LOW,SRTM_30m_simulated,150
12.8254,74.90855,206.6,13.01,355.2,LOW,SRTM_30m_simulated,150
12.8254,74.9099,209.1,29.95,345.9,LOW,SRTM_30m_simulated,150
12.82675,74.81,4.4,1.09,223.6,HIGH,SRTM_30m_simulated,150
12.82675,74.81135,6.8,11.96,343.7,MEDIUM,SRTM_30m_simulated,150
12.82675,74.8127,8.6,16.08,334.7,MEDIUM,SRTM_30m_simulated,150
12.82675,74.81405,10.7,10.25,100.2,MEDIUM,SRTM_30m_simulated,150
12.82675,74.8154,12.9,7.29,81.6,MEDIUM,SRTM_30m_simulated,150
12.82675,74.81675,15.9,14.97,103.6,LOW,SRTM_30m_simulated,150
12.82675,74.8181,18.5,3.31,56.9,LOW,SRTM_30m_simulated,150
12.82675,74.81945,20.4,5.74,30.6,LOW,SRTM_30m_simulated,150
12.82675,74.8208,22.5,13.93,182.7,LOW,SRTM_30m_simulated,150
12.82675,74.82215,24.8,3.25,39.6,LOW,SRTM_30m_simulated,150
12.82675,74.8235,27.8,13.43,69.9,LOW,SRTM_30m_simulated,150
12.82675,74.82485,31.0,14.79,90.0,LOW,SRTM_30m_simulated,150
12.82675,74.8262,33.0,5.19,179.8,LOW,SRTM_30m_simulated,150
12.82675,74.82755,35.4,11.65,170.1,LOW,SRTM_30m_simulated,150
12.82675,74.8289,38.3,8.53,45.5,LOW,SRTM_30m_simulated,150
12.82675,74.83025,41.0,1.04,55.3,LOW,SRTM_30m_simulated,150
12.82675,74.8316,43.6,7.0,67.3,LOW,SRTM_30m_simulated,150
12.82675,74.83295,46.2,11.2,344.9,LOW,SRTM_30m_simulated,150
12.82675,74.8343,49.0,14.25,11.7,LOW,SRTM_30m_simulated,150
12.82675,74.83565,51.2,14.48,69.5,LOW,SRTM_30m_simulated,150
12.82675,74.837,53.3,5.77,47.5,LOW,SRTM_30m_simulated,150
12.82675,74.83835,57.0,23.47,245.2,LOW,SRTM_30m_simulated,150
12.82675,74.8397,59.1,18.92,120.9,LOW,SRTM_30m_simulated,150
12.82675,74.84105,61.7,21.3,32.6,LOW,SRTM_30m_simulated,150
12.82675,74.8424,63.8,12.91,19.5,LOW,SRTM_30m_simulated,150
12.82675,74.84375,68.1,5.95,234.0,LOW,SRTM_30m_simulated,150
12.82675,74.8451,70.0,8.83,200.0,LOW,SRTM_30m_simulated,150
12.82675,74.84645,73.1,13.36,236.4,LOW,SRTM_30m_simulated,150
12.82675,74.8478,75.6,9.21,332.3,LOW,SRTM_30m_simulated,150
12.82675,74.84915,77.6,23.08,13.0,LOW,SRTM_30m_simulated,150
12.82675,74.8505,80.8,1.96,52.3,LOW,SRTM_30m_simulated,150
12.82675,74.85185,83.9,19.88,205.9,LOW,SRTM_30m_simulated,150
12.82675,74.8532,85.4,10.83,149.9,LOW,SRTM_30m_simulated,150
12.82675,74.85455,88.2,10.68,312.1,LOW,SRTM_30m_simulated,150
12.82675,74.8559,90.4,9.87,149.5,LOW,SRTM_30m_simulated,150
12.82675,74.85725,94.5,28.98,163.4,LOW,SRTM_30m_simulated,150
12.82675,74.8586,96.5,12.51,256.1,LOW,SRTM_30m_simulated,150
12.82675,74.85995,100.1,22.77,193.8,LOW,SRTM_30m_simulated,150
12.82675,74.8613,103.0,17.9,60.6,LOW,SRTM_30m_simulated,150
12.82675,74.86265,106.1,0.63,1.9,LOW,SRTM_30m_simulated,150
12.82675,74.864,109.2,22.56,251.1,LOW,SRTM_30m_simulated,150
12.82675,74.86535,110.5,3.59,279.0,LOW,SRTM_30m_simulated,150
12.82675,74.8667,114.4,12.32,74.3,LOW,SRTM_30m_simulated,150
12.82675,74.86805,118.1,22.15,160.5,LOW,SRTM_30m_simulated,150
12.82675,74.8694,120.1,16.78,324.3,LOW,SRTM_30m_simulated,150
12.82675,74.87075,123.5,24.56,138.6,LOW,SRTM_30m_simulated,150
12.82675,74.8721,125.4,14.74,31.4,LOW,SRTM_30m_simulated,150
12.82675,74.87345,129.8,5.03,96.1,LOW,SRTM_30m_simulated,150
12.82675,74.8748,132.4,30.82,123.1,LOW,SRTM_30m_simulated,150
12.82675,74.87615,134.5,0.93,83.8,LOW,SRTM_30m_simulated,150
12.82675,74.8775,138.1,25.6,301.9,LOW,SRTM_30m_simulated,150
12.82675,74.87885,141.0,26.77,222.3,LOW,SRTM_30m_simulated,150
12.82675,74.8802,143.1,17.79,317.1,LOW,SRTM_30m_simulated,150
12.82675,74.88155,146.6,5.21,143.8,LOW,SRTM_30m_simulated,150
12.82675,74.8829,149.5,16.68,164.0,LOW,SRTM_30m_simulated,150
12.82675,74.88425,152.4,24.54,203.6,LOW,SRTM_30m_simulated,150
12.82675,74.8856,155.8,4.19,35.5,LOW,SRTM_30m_simulated,150
12.82675,74.88695,159.1,18.14,238.6,LOW,SRTM_30m_simulated,150
12.82675,74.8883,162.0,23.18,223.3,LOW,SRTM_30m_simulated,150
12.82675,74.88965,164.6,17.15,356.6,LOW,SRTM_30m_simulated,150
12.82675,74.891,167.9,29.61,10.0,LOW,SRTM_30m_simulated,150
12.82675,74.89235,171.1,27.63,327.5,LOW,SRTM_30m_simulated,150
12.82675,74.8937,173.7,3.38,179.8,LOW,SRTM_30m_simulated,150
12.82675,74.89505,177.1,8.87,259.6,LOW,SRTM_30m_simulated,150
12.82675,74.8964,179.8,30.85,273.6,LOW,SRTM_30m_simulated,150
12.82675,74.89775,183.6,29.15,81.4,LOW,SRTM_30m_simulated,150
12.82675,74.8991,185.7,26.07,88.4,LOW,SRTM_30m_simulated,150
12.82675,74.90045,189.3,28.89,76.6,LOW,SRTM_30m_simulated,150
12.82675,74.9018,191.6,11.95,57.3,LOW,SRTM_30m_simulated,150
12.82675,74.90315,193.6,38.46,217.1,LOW,SRTM_30m_simulated,150
12.82675,74.9045,197.2,38.18,341.0,LOW,SRTM_30m_simulated,150
12.82675,74.90585,200.7,36.43,240.8,LOW,SRTM_30m_simulated,150
12.82675,74.9072,203.3,0.94,157.0,LOW,SRTM_30m_simulated,150
12.82675,74.90855,206.2,30.77,201.9,LOW,SRTM_30m_simulated,150
12.82675,74.9099,208.6,31.63,38.2,LOW,SRTM_30m_simulated,150
12.8281,74.81,4.5,0.28,30.9,HIGH,SRTM_30m_simulated,150
12.8281,74.81135,5.9,7.14,312.5,MEDIUM,SRTM_30m_simulated,150
12.8281,74.8127,9.0,1.29,105.5,MEDIUM,SRTM_30m_simulated,150
12.8281,74.81405,10.9,16.54,236.9,MEDIUM,SRTM_30m_simulated,150
12.8281,74.8154,14.1,11.5,26.8,MEDIUM,SRTM_30m_simulated,150
12.8281,74.81675,15.7,15.37,264.1,LOW,SRTM_30m_simulated,150
12.8281,74.8181,18.0,17.31,73.8,LOW,SRTM_30m_simulated,150
12.8281,74.81945,20.4,6.66,101.5,LOW,SRTM_30m_simulated,150
12.8281,74.8208,22.1,13.08,214.5,LOW,SRTM_30m_simulated,150
12.8281,74.82215,25.4,6.53,73.4,LOW,SRTM_30m_simulated,150
12.8281,74.8235,28.7,12.59,346.7,LOW,SRTM_30m_simulated,150
12.8281,74.82485,30.3,8.03,64.4,LOW,SRTM_30m_simulated,150
12.8281,74.8262,33.8,19.7,331.5,LOW,SRTM_30m_simulated,150
12.8281,74.82755,35.9,10.94,256.7,LOW,SRTM_30m_simulated,150
12.8281,74.8289,37.7,17.04,49.1,LOW,SRTM_30m_simulated,150
12.8281,74.83025,40.9,12.34,196.1,LOW,SRTM_30m_simulated,150
12.8281,74.8316,43.5,15.17,325.5,LOW,SRTM_30m_simulated,150
12.8281,74.83295,45.7,20.87,2.3,LOW,SRTM_30m_simulated,150
12.8281,74.8343,48.5,22.12,266.2,LOW,SRTM_30m_simulated,150
12.8281,74.83565,51.0,3.8,62.7,LOW,SRTM_30m_simulated,150
12.8281,74.837,53.3,15.4,342.1,LOW,SRTM_30m_simulated,150
12.8281,74.83835,56.8,11.28,123.6,LOW,SRTM_30m_simulated,150
12.8281,74.8397,59.7,9.19,40.3,LOW,SRTM_30m_simulated,150
12.8281,74.84105,62.1,1.67,34.8,LOW,SRTM_30m_simulated,150
12.8281,74.8424,64.8,6.6,211.9,LOW,SRTM_30m_simulated,150
12.8281,74.84375,66.9,23.26,216.5,LOW,SRTM_30m_simulated,150
12.8281,74.8451,68.9,6.51,68.2,LOW,SRTM_30m_simulated,150
12.8281,74.84645,72.8,8.61,30.9,LOW,SRTM_30m_simulated,150
12.8281,74.8478,75.4,14.02,29.2,LOW,SRTM_30m_simulated,150
12.8281,74.84915,77.6,16.16,355.8,LOW,SRTM_30m_simulated,150
12.8281,74.8505,79.3,25.85,51.5,LOW,SRTM_30m_simulated,150
12.8281,74.85185,83.6,4.93,295.8,LOW,SRTM_30m_simulated,150
12.8281,74.8532,86.0,10.97,28.9,LOW,SRTM_30m_simulated,150
12.8281,74.85455,89.4,6.09,276.1,LOW,SRTM_30m_simulated,150
12.8281,74.8559,91.5,4.41,227.8,LOW,SRTM_30m_simulated,150
12.8281,74.85725,93.4,12.71,123.1,LOW,SRTM_30m_simulated,150
12.8281,74.8586,96.3,1.25,34.8,LOW,SRTM_30m_simulated,150
12.8281,74.85995,98.8,29.56,272.4,LOW,SRTM_30m_simulated,150
12.8281,74.8613,102.3,24.93,347.9,LOW,SRTM_30m_simulated,150
12.8281,74.86265,104.9,13.27,269.2,LOW,SRTM_30m_simulated,150
12.8281,74.864,108.3,21.19,73.5,LOW,SRTM_30m_simulated,150
12.8281,74.86535,111.3,16.24,322.2,LOW,SRTM_30m_simulated,150
12.8281,74.8667,114.5,18.74,110.5,LOW,SRTM_30m_simulated,150
12.8281,74.86805,117.2,16.3,154.4,LOW,SRTM_30m_simulated,150
12.8281,74.8694,119.5,9.3,135.6,LOW,SRTM_30m_simulated,150
12.8281,74.87075,122.1,3.07,269.5,LOW,SRTM_30m_simulated,150
12.8281,74.8721,125.1,31.66,83.9,LOW,SRTM_30m_simulated,150
12.8281,74.87345,128.1,24.22,128.1,LOW,SRTM_30m_simulated,150
12.8281,74.8748,131.7,19.92,311.7,LOW,SRTM_30m_simulated,150
12.8281,74.87615,135.2,31.44,91.3,LOW,SRTM_30m_simulated,150
12.8281,74.8775,138.3,2.79,78.4,LOW,SRTM_30m_simulated,150
12.8281,74.87885,141.2,13.89,108.5,LOW,SRTM_30m_simulated,150
12.8281,74.8802,143.5,6.58,239.5,LOW,SRTM_30m_simulated,150
12.8281,74.88155,147.5,34.84,200.6,LOW,SRTM_30m_simulated,150
12.8281,74.8829,149.9,33.8,273.5,LOW,SRTM_30m_simulated,150
12.8281,74.88425,152.9,11.49,357.3,LOW,SRTM_30m_simulated,150
12.8281,74.8856,155.1,35.26,251.6,LOW,SRTM_30m_simulated,150
12.8281,74.88695,159.0,4.05,52.8,LOW,SRTM_30m_simulated,150
12.8281,74.8883,161.9,16.65,192.6,LOW,SRTM_30m_simulated,150
12.8281,74.88965,165.0,18.02,195.2,LOW,SRTM_30m_simulated,150
12.8281,74.891,167.0,37.41,52.8,LOW,SRTM_30m_simulated,150
12.8281,74.89235,171.2,33.52,231.0,LOW,SRTM_30m_simulated,150
12.8281,74.8937,174.1,2.91,0.3,LOW,SRTM_30m_simulated,150
12.8281,74.89505,176.2,18.05,271.4,LOW,SRTM_30m_simulated,150
12.8281,74.8964,179.1,12.42,65.2,LOW,SRTM_30m_simulated,150
12.8281,74.89775,182.2,17.81,51.6,LOW,SRTM_30m_simulated,150
12.8281,74.8991,184.8,25.88,329.9,LOW,SRTM_30m_simulated,150
12.8281,74.90045,187.7,25.23,165.6,LOW,SRTM_30m_simulated,150
12.8281,74.9018,191.0,18.2,269.4,LOW,SRTM_30m_simulated,150
12.8281,74.90315,194.4,23.44,160.2,LOW,SRTM_30m_simulated,150
12.8281,74.9045,198.6,27.88,122.7,LOW,SRTM_30m_simulated,150
12.8281,74.90585,200.6,42.45,233.4,LOW,SRTM_30m_simulated,150
12.8281,74.9072,202.7,12.75,56.4,LOW,SRTM_30m_simulated,150
12.8281,74.90855,205.3,41.52,315.0,LOW,SRTM_30m_simulated,150
12.8281,74.9099,209.2,21.16,78.0,LOW,SRTM_30m_simulated,150
12.82945,74.81,3.5,1.23,31.9,HIGH,SRTM_30m_simulated,150
12.82945,74.81135,6.6,7.03,20.3,MEDIUM,SRTM_30m_simulated,150
12.82945,74.8127,8.8,2.21,292.0,MEDIUM,SRTM_30m_simulated,150
12.82945,74.81405,9.9,0.23,213.6,MEDIUM,SRTM_30m_simulated,150
12.82945,74.8154,13.2,3.33,36.7,MEDIUM,SRTM_30m_simulated,150
12.82945,74.81675,15.7,14.44,185.5,LOW,SRTM_30m_simulated,150
12.82945,74.8181,18.0,11.21,39.9,LOW,SRTM_30m_simulated,150
12.82945,74.81945,20.0,10.77,309.8,LOW,SRTM_30m_simulated,150
12.82945,74.8208,22.2,17.81,91.7,LOW,SRTM_30m_simulated,150
12.82945,74.82215,25.4,1.26,281.0,LOW,SRTM_30m_simulated,150
12.82945,74.8235,28.3,6.37,286.8,LOW,SRTM_30m_simulated,150
12.82945,74.82485,29.1,4.81,74.8,LOW,SRTM_30m_simulated,150
12.82945,74.8262,32.7,8.81,261.8,LOW,SRTM_30m_simulated,150
12.82945,74.82755,35.2,1.48,169.4,LOW,SRTM_30m_simulated,150
12.82945,74.8289,38.3,8.97,222.3,LOW,SRTM_30m_simulated,150
12.82945,74.83025,40.8,7.85,247.4,LOW,SRTM_30m_simulated,150
12.82945,74.8316,43.3,18.16,314.9,LOW,SRTM_30m_simulated,150
12.82945,74.83295,45.8,0.56,104.5,LOW,SRTM_30m_simulated,150
12.82945,74.8343,48.2,0.81,327.3,LOW,SRTM_30m_simulated,150
12.82945,74.83565,50.3,18.35,53.0,LOW,SRTM_30m_simulated,150
12.82945,74.837,53.6,3.36,350.6,LOW,SRTM_30m_simulated,150
12.82945,74.83835,56.1,14.39,206.8,LOW,SRTM_30m_simulated,150
12.82945,74.8397,58.8,16.07,308.0,LOW,SRTM_30m_simulated,150
12.82945,74.84105,60.9,17.64,275.6,LOW,SRTM_30m_simulated,150
12.82945,74.8424,63.9,24.45,145.0,LOW,SRTM_30m_simulated,150
12.82945,74.84375,66.9,7.02,108.2,LOW,SRTM_30m_simulated,150
12.82945,74.8451,70.1,16.53,75.6,LOW,SRTM_30m_simulated,150
12.82945,74.84645,72.2,20.96,286.7,LOW,SRTM_30m_simulated,150
12.82945,74.8478,75.0,13.73,90.8,LOW,SRTM_30m_simulated,150
12.82945,74.84915,78.2,16.82,182.2,LOW,SRTM_30m_simulated,150
12.82945,74.8505,80.4,12.56,31.4,LOW,SRTM_30m_simulated,150
12.82945,74.85185,82.8,1.07,326.1,LOW,SRTM_30m_simulated,150
12.82945,74.8532,85.8,0.5,354.2,LOW,SRTM_30m_simulated,150
12.82945,74.85455,88.0,24.0,130.1,LOW,SRTM_30m_simulated,150
12.82945,74.8559,91.0,21.34,219.9,LOW,SRTM_30m_simulated,150
12.82945,74.85725,94.0,6.25,25.9,LOW,SRTM_30m_simulated,150
12.82945,74.8586,96.1,2.72,340.2,LOW,SRTM_30m_simulated,150
12.82945,74.85995,99.1,23.51,135.0,LOW,SRTM_30m_simulated,150
12.82945,74.8613,102.1,11.86,31.1,LOW,SRTM_30m_simulated,150
12.82945,74.86265,104.9,22.22,180.2,LOW,SRTM_30m_simulated,150
12.82945,74.864,106.9,10.98,324.1,LOW,SRTM_30m_simulated,150
12.82945,74.86535,110.2,13.77,268.9,LOW,SRTM_30m_simulated,150
12.82945,74.8667,113.7,8.43,134.7,LOW,SRTM_30m_simulated,150
12.82945,74.86805,116.8,12.92,318.1,LOW,SRTM_30m_simulated,150
12.82945,74.8694,119.7,8.26,282.3,LOW,SRTM_30m_simulated,150
12.82945,74.87075,123.6,15.68,22.5,LOW,SRTM_30m_simulated,150
12.82945,74.8721,126.6,0.6,96.3,LOW,SRTM_30m_simulated,150
12.82945,74.87345,129.5,19.96,316.4,LOW,SRTM_30m_simulated,150
12.82945,74.8748,131.9,17.98,42.3,LOW,SRTM_30m_simulated,150
12.82945,74.87615,135.3,20.31,269.6,LOW,SRTM_30m_simulated,150
12.82945,74.8775,138.8,26.6,267.8,LOW,SRTM_30m_simulated,150
12.82945,74.87885,141.3,18.34,262.7,LOW,SRTM_30m_simulated,150
12.82945,74.8802,143.8,29.51,278.0,LOW,SRTM_30m_simulated,150
12.82945,74.88155,146.4,32.55,246.2,LOW,SRTM_30m_simulated,150
12.82945,74.8829,149.6,29.03,42.3,LOW,SRTM_30m_simulated,150
12.82945,74.88425,152.3,16.3,249.7,LOW,SRTM_30m_simulated,150
12.82945,74.8856,155.0,25.89,3.8,LOW,SRTM_30m_simulated,150
12.82945,74.88695,158.9,2.28,178.1,LOW,SRTM_30m_simulated,150
12.82945,74.8883,161.1,5.95,31.9,LOW,SRTM_30m_simulated,150
12.82945,74.88965,164.0,9.47,194.3,LOW,SRTM_30m_simulated,150
12.82945,74.891,167.1,7.66,301.7,LOW,SRTM_30m_simulated,150
12.82945,74.89235,169.6,21.55,39.7,LOW,SRTM_30m_simulated,150
12.82945,74.8937,172.6,9.82,317.0,LOW,SRTM_30m_simulated,150
12.82945,74.89505,175.5,12.42,284.5,LOW,SRTM_30m_simulated,150
12.82945,74.8964,178.8,11.01,105.4,LOW,SRTM_30m_simulated,150
12.82945,74.89775,183.2,32.69,83.5,LOW,SRTM_30m_simulated,150
12.82945,74.8991,185.3,23.28,73.4,LOW,SRTM_30m_simulated,150
12.82945,74.90045,187.6,13.53,174.1,LOW,SRTM_30m_simulated,150
12.82945,74.9018,189.7,25.59,295.2,LOW,SRTM_30m_simulated,150
12.82945,74.90315,194.0,10.03,37.8,LOW,SRTM_30m_simulated,150
12.82945,74.9045,196.6,41.6,156.8,LOW,SRTM_30m_simulated,150
12.82945,74.90585,200.2,13.92,144.3,LOW,SRTM_30m_simulated,150
12.82945,74.9072,202.9,27.43,147.7,LOW,SRTM_30m_simulated,150
12.82945,74.90855,206.1,22.54,34.5,LOW,SRTM_30m_simulated,150
12.82945,74.9099,209.3,45.25,187.7,LOW,SRTM_30m_simulated,150
12.8308,74.81,3.4,7.05,115.2,HIGH,SRTM_30m_simulated,150
12.8308,74.81135,6.1,3.56,309.1,MEDIUM,SRTM_30m_simulated,150
12.8308,74.8127,8.2,2.79,321.1,MEDIUM,SRTM_30m_simulated,150
12.8308,74.81405,10.3,1.77,57.4,MEDIUM,SRTM_30m_simulated,150
12.8308,74.8154,13.4,14.18,40.0,MEDIUM,SRTM_30m_simulated,150
12.8308,74.81675,15.3,8.88,48.5,LOW,SRTM_30m_simulated,150
12.8308,74.8181,18.1,2.53,129.9,LOW,SRTM_30m_simulated,150
12.8308,74.81945,20.1,3.46,312.0,LOW,SRTM_30m_simulated,150
12.8308,74.8208,22.6,3.58,118.1,LOW,SRTM_30m_simulated,150
12.8308,74.82215,24.8,12.43,180.7,LOW,SRTM_30m_simulated,150
12.8308,74.8235,27.4,15.9,239.3,LOW,SRTM_30m_simulated,150
12.8308,74.82485,29.7,18.81,255.7,LOW,SRTM_30m_simulated,150
12.8308,74.8262,32.3,8.66,258.5,LOW,SRTM_30m_simulated,150
12.8308,74.82755,35.8,9.61,289.4,LOW,SRTM_30m_simulated,150
12.8308,74.8289,37.4,19.82,97.8,LOW,SRTM_30m_simulated,150
12.8308,74.83025,40.9,11.35,227.6,LOW,SRTM_30m_simulated,150
12.8308,74.8316,42.5,1.36,344.9,LOW,SRTM_30m_simulated,150
12.8308,74.83295,46.0,19.55,267.1,LOW,SRTM_30m_simulated,150
12.8308,74.8343,48.4,4.98,325.9,LOW,SRTM_30m_simulated,150
12.8308,74.83565,49.9,8.12,137.6,LOW,SRTM_30m_simulated,150
12.8308,74.837,52.2,6.63,70.5,LOW,SRTM_30m_simulated,150
12.8308,74.83835,55.4,6.91,267.0,LOW,SRTM_30m_simulated,150
12.8308,74.8397,58.7,4.61,102.1,LOW,SRTM_30m_simulated,150
12.8308,74.84105,60.9,20.4,237.0,LOW,SRTM_30m_simulated,150
12.8308,74.8424,64.2,17.99,64.5,LOW,SRTM_30m_simulated,150
12.8308,74.84375,67.1,7.18,199.9,LOW,SRTM_30m_simulated,150
12.8308,74.8451,69.3,11.93,243.1,LOW,SRTM_30m_simulated,150
12.8308,74.84645,72.6,16.06,99.8,LOW,SRTM_30m_simulated,150
12.8308,74.8478,74.7,20.11,155.6,LOW,SRTM_30m_simulated,150
12.8308,74.84915,77.4,5.77,346.1,LOW,SRTM_30m_simulated,150
12.8308,74.8505,80.1,9.36,84.5,LOW,SRTM_30m_simulated,150
12.8308,74.85185,83.6,5.32,34.3,LOW,SRTM_30m_simulated,150
12.8308,74.8532,85.7,2.16,148.4,LOW,SRTM_30m_simulated,150
12.8308,74.85455,88.3,16.37,259.9,LOW,SRTM_30m_simulated,150
12.8308,74.8559,91.2,9.35,151.6,LOW,SRTM_30m_simulated,150
12.8308,74.85725,93.3,26.21,31.6,LOW,SRTM_30m_simulated,150
12.8308,74.8586,96.4,26.99,56.2,LOW,SRTM_30m_simulated,150
12.8308,74.85995,98.8,25.87,206.9,LOW,SRTM_30m_simulated,150
12.8308,74.8613,101.7,26.89,294.0,LOW,SRTM_30m_simulated,150
12.8308,74.86265,104.6,1.3,46.0,LOW,SRTM_30m_simulated,150
12.8308,74.864,107.7,11.44,54.7,LOW,SRTM_30m_simulated,150
12.8308,74.86535,111.2,27.04,169.4,LOW,SRTM_30m_simulated,150
12.8308,74.8667,112.6,30.95,86.1,LOW,SRTM_30m_simulated,150
12.8308,74.86805,116.5,24.59,35.8,LOW,SRTM_30m_simulated,150
12.8308,74.8694,119.2,4.88,125.1,LOW,SRTM_30m_simulated,150
12.8308,74.87075,122.8,27.55,248.2,LOW,SRTM_30m_simulated,150
12.8308,74.8721,125.5,11.42,106.4,LOW,SRTM_30m_simulated,150
12.8308,74.87345,128.4,4.46,42.6,LOW,SRTM_30m_simulated,150
12.8308,74.8748,131.1,33.97,60.5,LOW,SRTM_30m_simulated,150
12.8308,74.87615,133.6,34.45,16.7,LOW,SRTM_30m_simulated,150
12.8308,74.8775,137.2,32.11,323.9,LOW,SRTM_30m_simulated,150
12.8308,74.87885,139.8,5.97,124.6,LOW,SRTM_30m_simulated,150
12.8308,74.8802,143.5,5.37,277.9,LOW,SRTM_30m_simulated,150
12.8308,74.88155,146.5,16.16,352.4,LOW,SRTM_30m_simulated,150
12.8308,74.8829,148.9,8.4,6.5,LOW,SRTM_30m_simulated,150
12.8308,74.88425,152.6,26.13,336.7,LOW,SRTM_30m_simulated,150
12.8308,74.8856,155.0,14.34,44.2,LOW,SRTM_30m_simulated,150
12.8308,74.88695,157.7,34.95,148.3,LOW,SRTM_30m_simulated,150
12.8308,74.8883,161.1,30.83,308.1,LOW,SRTM_30m_simulated,150
12.8308,74.88965,164.6,12.82,59.1,LOW,SRTM_30m_simulated,150
12.8308,74.891,166.4,25.9,139.7,LOW,SRTM_30m_simulated,150
12.8308,74.89235,169.8,35.86,207.1,LOW,SRTM_30m_simulated,150
12.8308,74.8937,173.4,10.88,359.7,LOW,SRTM_30m_simulated,150
12.8308,74.89505,175.2,25.64,288.1,LOW,SRTM_30m_simulated,150
12.8308,74.8964,179.6,0.46,134.9,LOW,SRTM_30m_simulated,150
12.8308,74.89775,181.7,32.33,233.3,LOW,SRTM_30m_simulated,150
12.8308,74.8991,184.6,19.71,249.6,LOW,SRTM_30m_simulated,150
12.8308,74.90045,187.4,20.68,207.3,LOW,SRTM_30m_simulated,150
12.8308,74.9018,190.1,2.62,170.5,LOW,SRTM_30m_simulated,150
12.8308,74.90315,194.0,13.64,194.1,LOW,SRTM_30m_simulated,150
12.8308,74.9045,197.5,43.49,116.4,LOW,SRTM_30m_simulated,150
12.8308,74.90585,199.3,17.86,150.8,LOW,SRTM_30m_simulated,150
12.8308,74.9072,202.6,25.45,14.2,LOW,SRTM_30m_simulated,150
12.8308,74.90855,206.4,4.88,67.3,LOW,SRTM_30m_simulated,150
12.8308,74.9099,209.1,12.66,230.9,LOW,SRTM_30m_simulated,150
12.83215,74.81,3.3,2.85,90.6,HIGH,SRTM_30m_simulated,150
12.83215,74.81135,4.9,5.4,355.8,HIGH,SRTM_30m_simulated,150
12.83215,74.8127,9.0,4.6,27.7,MEDIUM,SRTM_30m_simulated,150
12.83215,74.81405,9.9,12.73,269.4,MEDIUM,SRTM_30m_simulated,150
12.83215,74.8154,12.6,13.76,335.4,MEDIUM,SRTM_30m_simulated,150
12.83215,74.81675,15.2,5.8,218.9,LOW,SRTM_30m_simulated,150
12.83215,74.8181,17.5,0.67,53.6,LOW,SRTM_30m_simulated,150
12.83215,74.81945,19.6,6.51,103.5,LOW,SRTM_30m_simulated,150
12.83215,74.8208,22.4,9.48,155.9,LOW,SRTM_30m_simulated,150
12.83215,74.82215,24.2,4.12,212.8,LOW,SRTM_30m_simulated,150
12.83215,74.8235,26.9,7.98,353.5,LOW,SRTM_30m_simulated,150
12.83215,74.82485,29.6,18.73,40.5,LOW,SRTM_30m_simulated,150
12.83215,74.8262,32.6,14.95,175.3,LOW,SRTM_30m_simulated,150
12.83215,74.82755,34.9,7.86,186.9,LOW,SRTM_30m_simulated,150
12.83215,74.8289,37.7,9.64,225.8,LOW,SRTM_30m_simulated,150
12.83215,74.83025,39.6,17.37,177.9,LOW,SRTM_30m_simulated,150
12.83215,74.8316,42.4,18.26,138.0,LOW,SRTM_30m_simulated,150
12.83215,74.83295,44.2,16.51,193.1,LOW,SRTM_30m_simulated,150
12.83215,74.8343,47.8,10.99,206.3,LOW,SRTM_30m_simulated,150
12.83215,74.83565,49.8,4.7,149.3,LOW,SRTM_30m_simulated,150
12.83215,74.837,53.4,0.59,109.5,LOW,SRTM_30m_simulated,150
12.83215,74.83835,54.9,22.11,232.8,LOW,SRTM_30m_simulated,150
12.83215,74.8397,57.7,15.13,341.8,LOW,SRTM_30m_simulated,150
12.83215,74.84105,61.1,13.34,229.4,LOW,SRTM_30m_simulated,150
12.83215,74.8424,63.3,17.2,215.8,LOW,SRTM_30m_simulated,150
12.83215,74.84375,66.5,22.67,282.3,LOW,SRTM_30m_simulated,150
12.83215,74.8451,68.5,3.12,172.8,LOW,SRTM_30m_simulated,150
12.83215,74.84645,70.4,3.48,140.7,LOW,SRTM_30m_simulated,150
12.83215,74.8478,74.2,7.11,205.9,LOW,SRTM_30m_simulated,150
12.83215,74.84915,76.8,5.98,199.6,LOW,SRTM_30m_simulated,150
12.83215,74.8505,80.5,21.04,30.9,LOW,SRTM_30m_simulated,150
12.83215,74.85185,82.1,11.41,297.1,LOW,SRTM_30m_simulated,150
12.83215,74.8532,84.6,14.81,259.7,LOW,SRTM_30m_simulated,150
12.83215,74.85455,87.2,9.53,83.1,LOW,SRTM_30m_simulated,150
12.83215,74.8559,89.8,22.67,146.6,LOW,SRTM_30m_simulated,150
12.83215,74.85725,92.5,11.33,101.2,LOW,SRTM_30m_simulated,150
12.83215,74.8586,96.2,12.8,273.7,LOW,SRTM_30m_simulated,150
12.83215,74.85995,98.5,16.63,302.9,LOW,SRTM_30m_simulated,150
12.83215,74.8613,100.9,0.01,50.0,LOW,SRTM_30m_simulated,150
12.83215,74.86265,104.2,28.96,157.0,LOW,SRTM_30m_simulated,150
12.83215,74.864,108.4,21.78,156.2,LOW,SRTM_30m_simulated,150
12.83215,74.86535,109.7,3.3,316.2,LOW,SRTM_30m_simulated,150
12.83215,74.8667,112.8,25.5,232.2,LOW,SRTM_30m_simulated,150
12.83215,74.86805,116.5,28.05,84.7,LOW,SRTM_30m_simulated,150
12.83215,74.8694,119.5,7.82,119.2,LOW,SRTM_30m_simulated,150
12.83215,74.87075,121.6,15.3,281.8,LOW,SRTM_30m_simulated,150
12.83215,74.8721,125.5,5.26,44.5,LOW,SRTM_30m_simulated,150
12.83215,74.87345,126.9,5.09,23.6,LOW,SRTM_30m_simulated,150
12.83215,74.8748,130.9,19.3,220.0,LOW,SRTM_30m_simulated,150
12.83215,74.87615,133.9,30.71,159.5,LOW,SRTM_30m_simulated,150
12.83215,74.8775,137.0,21.65,181.3,LOW,SRTM_30m_simulated,150
12.83215,74.87885,139.9,25.33,320.5,LOW,SRTM_30m_simulated,150
12.83215,74.8802,142.6,32.44,243.2,LOW,SRTM_30m_simulated,150
12.83215,74.88155,146.0,13.3,143.7,LOW,SRTM_30m_simulated,150
12.83215,74.8829,148.5,8.09,58.9,LOW,SRTM_30m_simulated,150
12.83215,74.88425,151.5,28.42,205.4,LOW,SRTM_30m_simulated,150
12.83215,74.8856,154.5,34.38,144.7,LOW,SRTM_30m_simulated,150
12.83215,74.88695,158.2,19.65,87.5,LOW,SRTM_30m_simulated,150
12.83215,74.8883,160.9,13.06,134.5,LOW,SRTM_30m_simulated,150
12.83215,74.88965,163.7,8.05,144.5,LOW,SRTM_30m_simulated,150
12.83215,74.891,166.4,18.95,10.6,LOW,SRTM_30m_simulated,150
12.83215,74.89235,170.0,11.66,105.3,LOW,SRTM_30m_simulated,150
12.83215,74.8937,172.6,36.47,27.8,LOW,SRTM_30m_simulated,150
12.83215,74.89505,176.5,2.22,50.0,LOW,SRTM_30m_simulated,150
12.83215,74.8964,178.6,30.72,105.7,LOW,SRTM_30m_simulated,150
12.83215,74.89775,181.5,19.0,174.9,LOW,SRTM_30m_simulated,150
12.83215,74.8991,184.3,5.6,135.8,LOW,SRTM_30m_simulated,150
12.83215,74.90045,187.1,4.5,248.2,LOW,SRTM_30m_simulated,150
12.83215,74.9018,190.8,10.65,110.0,LOW,SRTM_30m_simulated,150
12.83215,74.90315,193.7,21.35,67.6,LOW,SRTM_30m_simulated,150
12.83215,74.9045,197.3,37.85,320.8,LOW,SRTM_30m_simulated,150
12.83215,74.90585,199.8,38.32,135.2,LOW,SRTM_30m_simulated,150
12.83215,74.9072,201.4,39.09,10.3,LOW,SRTM_30m_simulated,150
12.83215,74.90855,206.0,42.67,151.0,LOW,SRTM_30m_simulated,150
12.83215,74.9099,208.6,42.11,220.2,LOW,SRTM_30m_simulated,150
12.8335,74.81,2.5,8.3,269.1,HIGH,SRTM_30m_simulated,150
12.8335,74.81135,4.6,7.29,266.9,HIGH,SRTM_30m_simulated,150
12.8335,74.8127,8.0,11.15,157.4,MEDIUM,SRTM_30m_simulated,150
12.8335,74.81405,10.1,2.26,19.5,MEDIUM,SRTM_30m_simulated,150
12.8335,74.8154,11.8,9.22,194.6,MEDIUM,SRTM_30m_simulated,150
12.8335,74.81675,14.3,6.34,32.3,MEDIUM,SRTM_30m_simulated,150
12.8335,74.8181,15.7,0.01,79.6,LOW,SRTM_30m_simulated,150
12.8335,74.81945,18.6,3.7,23.4,LOW,SRTM_30m_simulated,150
12.8335,74.8208,22.3,11.41,23.9,LOW,SRTM_30m_simulated,150
12.8335,74.82215,24.5,1.03,205.6,LOW,SRTM_30m_simulated,150
12.8335,74.8235,27.4,13.16,100.9,LOW,SRTM_30m_simulated,150
12.8335,74.82485,29.3,2.4,228.8,LOW,SRTM_30m_simulated,150
12.8335,74.8262,31.3,1.41,238.6,LOW,SRTM_30m_simulated,150
12.8335,74.82755,34.1,17.58,33.6,LOW,SRTM_30m_simulated,150
12.8335,74.8289,37.4,6.02,167.2,LOW,SRTM_30m_simulated,150
12.8335,74.83025,40.0,3.26,86.0,LOW,SRTM_30m_simulated,150
12.8335,74.8316,42.8,17.97,16.5,LOW,SRTM_30m_simulated,150
12.8335,74.83295,44.9,9.11,314.8,LOW,SRTM_30m_simulated,150
12.8335,74.8343,47.8,20.51,130.8,LOW,SRTM_30m_simulated,150
12.8335,74.83565,50.0,17.11,120.0,LOW,SRTM_30m_simulated,150
12.8335,74.837,52.1,10.17,82.2,LOW,SRTM_30m_simulated,150
12.8335,74.83835,55.3,1.42,63.5,LOW,SRTM_30m_simulated,150
12.8335,74.8397,57.7,2.76,63.9,LOW,SRTM_30m_simulated,150
12.8335,74.84105,60.0,11.6,214.5,LOW,SRTM_30m_simulated,150
12.8335,74.8424,63.7,0.16,281.0,LOW,SRTM_30m_simulated,150
12.8335,74.84375,65.2,2.95,216.4,LOW,SRTM_30m_simulated,150
12.8335,74.8451,69.1,20.53,251.2,LOW,SRTM_30m_simulated,150
12.8335,74.84645,71.7,14.54,57.9,LOW,SRTM_30m_simulated,150
12.8335,74.8478,74.0,23.68,314.4,LOW,SRTM_30m_simulated,150
12.8335,74.84915,76.7,14.65,187.2,LOW,SRTM_30m_simulated,150
12.8335,74.8505,79.0,20.26,308.7,LOW,SRTM_30m_simulated,150
12.8335,74.85185,82.2,18.73,96.1,LOW,SRTM_30m_simulated,150
12.8335,74.8532,85.2,20.1,14.7,LOW,SRTM_30m_simulated,150
12.8335,74.85455,87.4,3.47,322.3,LOW,SRTM_30m_simulated,150
12.8335,74.8559,90.4,0.21,139.3,LOW,SRTM_30m_simulated,150
12.8335,74.85725,92.7,5.59,217.7,LOW,SRTM_30m_simulated,150
12.8335,74.8586,95.3,1.38,242.7,LOW,SRTM_30m_simulated,150
12.8335,74.85995,98.7,17.91,251.2,LOW,SRTM_30m_simulated,150
12.8335,74.8613,100.6,5.98,338.1,LOW,SRTM_30m_simulated,150
12.8335,74.86265,103.6,11.57,344.4,LOW,SRTM_30m_simulated,150
12.8335,74.864,106.9,29.69,15.5,LOW,SRTM_30m_simulated,150
12.8335,74.86535,110.5,22.01,121.7,LOW,SRTM_30m_simulated,150
12.8335,74.8667,112.7,8.84,304.0,LOW,SRTM_30m_simulated,150
12.8335,74.86805,115.4,18.7,156.4,LOW,SRTM_30m_simulated,150
12.8335,74.8694,119.0,24.59,195.3,LOW,SRTM_30m_simulated,150
12.8335,74.87075,121.7,9.31,270.4,LOW,SRTM_30m_simulated,150
12.8335,74.8721,123.6,13.3,183.8,LOW,SRTM_30m_simulated,150
12.8335,74.87345,128.3,18.09,86.9,LOW,SRTM_30m_simulated,150
12.8335,74.8748,130.3,28.81,324.9,LOW,SRTM_30m_simulated,150
12.8335,74.87615,133.8,29.11,69.3,LOW,SRTM_30m_simulated,150
12.8335,74.8775,136.6,25.54,177.0,LOW,SRTM_30m_simulated,150
12.8335,74.87885,139.6,6.74,218.6,LOW,SRTM_30m_simulated,150
12.8335,74.8802,143.0,10.04,82.1,LOW,SRTM_30m_simulated,150
12.8335,74.88155,145.4,23.12,265.4,LOW,SRTM_30m_simulated,150
12.8335,74.8829,148.3,8.83,132.5,LOW,SRTM_30m_simulated,150
12.8335,74.88425,151.7,29.1,289.7,LOW,SRTM_30m_simulated,150
12.8335,74.8856,153.6,33.06,326.2,LOW,SRTM_30m_simulated,150
12.8335,74.88695,156.7,33.99,3.8,LOW,SRTM_30m_simulated,150
12.8335,74.8883,160.3,18.9,19.8,LOW,SRTM_30m_simulated,150
12.8335,74.88965,164.0,26.05,133.0,LOW,SRTM_30m_simulated,150
12.8335,74.891,166.0,38.76,191.3,LOW,SRTM_30m_simulated,150
12.8335,74.89235,169.4,36.12,37.2,LOW,SRTM_30m_simulated,150
12.8335,74.8937,172.6,24.41,113.3,LOW,SRTM_30m_simulated,150
12.8335,74.89505,174.5,27.04,118.1,LOW,SRTM_30m_simulated,150
12.8335,74.8964,178.7,22.87,207.4,LOW,SRTM_30m_simulated,150
12.8335,74.89775,180.2,32.79,86.2,LOW,SRTM_30m_simulated,150
12.8335,74.8991,184.5,30.48,271.6,LOW,SRTM_30m_simulated,150
12.8335,74.90045,186.5,1.84,178.6,LOW,SRTM_30m_simulated,150
12.8335,74.9018,189.4,25.32,292.0,LOW,SRTM_30m_simulated,150
12.8335,74.90315,192.8,42.58,291.0,LOW,SRTM_30m_simulated,150
12.8335,74.9045,195.9,26.23,35.4,LOW,SRTM_30m_simulated,150
12.8335,74.90585,198.2,20.61,104.5,LOW,SRTM_30m_simulated,150
12.8335,74.9072,202.2,27.07,106.2,LOW,SRTM_30m_simulated,150
12.8335,74.90855,204.7,14.59,219.8,LOW,SRTM_30m_simulated,150
12.8335,74.9099,207.4,25.51,258.8,LOW,SRTM_30m_simulated,150
12.83485,74.81,2.5,0.47,144.1,HIGH,SRTM_30m_simulated,150
12.83485,74.81135,4.3,15.23,22.2,HIGH,SRTM_30m_simulated,150
12.83485,74.8127,8.1,2.37,56.6,MEDIUM,SRTM_30m_simulated,150
12.83485,74.81405,9.9,15.49,212.8,MEDIUM,SRTM_30m_simulated,150
12.83485,74.8154,12.1,13.01,131.1,MEDIUM,SRTM_30m_simulated,150
12.83485,74.81675,13.9,8.62,266.8,MEDIUM,SRTM_30m_simulated,150
12.83485,74.8181,16.1,3.95,212.6,LOW,SRTM_30m_simulated,150
12.83485,74.81945,19.4,4.91,168.1,LOW,SRTM_30m_simulated,150
12.83485,74.8208,21.6,4.05,2.0,LOW,SRTM_30m_simulated,150
12.83485,74.82215,23.5,12.57,309.7,LOW,SRTM_30m_simulated,150
12.83485,74.8235,26.8,10.09,231.0,LOW,SRTM_30m_simulated,150
12.83485,74.82485,29.3,5.66,11.9,LOW,SRTM_30m_simulated,150
12.83485,74.8262,31.5,2.53,353.2,LOW,SRTM_30m_simulated,150
12.83485,74.82755,34.1,2.15,88.5,LOW,SRTM_30m_simulated,150
12.83485,74.8289,36.4,14.12,266.0,LOW,SRTM_30m_simulated,150
12.83485,74.83025,39.0,9.58,139.0,LOW,SRTM_30m_simulated,150
12.83485,74.8316,41.9,10.06,2.9,LOW,SRTM_30m_simulated,150
12.83485,74.83295,44.1,4.49,137.8,LOW,SRTM_30m_simulated,150
12.83485,74.8343,47.5,9.47,298.6,LOW,SRTM_30m_simulated,150
12.83485,74.83565,48.5,11.62,229.8,LOW,SRTM_30m_simulated,150
12.83485,74.837,52.0,22.65,1.5,LOW,SRTM_30m_simulated,150
12.83485,74.83835,55.5,2.15,226.3,LOW,SRTM_30m_simulated,150
12.83485,74.8397,57.5,14.23,256.3,LOW,SRTM_30m_simulated,150
12.83485,74.84105,59.9,12.88,247.2,LOW,SRTM_30m_simulated,150
12.83485,74.8424,63.0,19.99,1.7,LOW,SRTM_30m_simulated,150
12.83485,74.84375,65.4,5.43,84.6,LOW,SRTM_30m_simulated,150
12.83485,74.8451,67.8,11.85,139.2,LOW,SRTM_30m_simulated,150
12.83485,74.84645,70.8,21.48,108.1,LOW,SRTM_30m_simulated,150
12.83485,74.8478,72.7,4.69,181.6,LOW,SRTM_30m_simulated,150
12.83485,74.84915,77.1,10.69,284.7,LOW,SRTM_30m_simulated,150
12.83485,74.8505,78.9,25.32,231.4,LOW,SRTM_30m_simulated,150
12.83485,74.85185,81.7,25.08,327.5,LOW,SRTM_30m_simulated,150
12.83485,74.8532,84.1,4.31,201.5,LOW,SRTM_30m_simulated,150
12.83485,74.85455,86.4,0.8,252.5,LOW,SRTM_30m_simulated,150
12.83485,74.8559,90.2,18.5,41.7,LOW,SRTM_30m_simulated,150
12.83485,74.85725,91.2,5.7,253.4,LOW,SRTM_30m_simulated,150
12.83485,74.8586,94.3,2.71,258.7,LOW,SRTM_30m_simulated,150
12.83485,74.85995,97.3,5.93,170.2,LOW,SRTM_30m_simulated,150
12.83485,74.8613,99.9,28.23,227.6,LOW,SRTM_30m_simulated,150
12.83485,74.86265,105.4,14.54,224.5,LOW,SRTM_30m_simulated,150
12.83485,74.864,105.7,14.47,330.8,LOW,SRTM_30m_simulated,150
12.83485,74.86535,109.4,27.62,43.1,LOW,SRTM_30m_simulated,150
12.83485,74.8667,112.8,29.88,10.0,LOW,SRTM_30m_simulated,150
12.83485,74.86805,113.8,30.51,96.4,LOW,SRTM_30m_simulated,150
12.83485,74.8694,118.2,32.16,350.5,LOW,SRTM_30m_simulated,150
12.83485,74.87075,120.6,25.15,212.0,LOW,SRTM_30m_simulated,150
12.83485,74.8721,124.4,29.41,269.4,LOW,SRTM_30m_simulated,150
12.83485,74.87345,126.7,2.95,150.7,LOW,SRTM_30m_simulated,150
12.83485,74.8748,130.5,34.07,38.6,LOW,SRTM_30m_simulated,150
12.83485,74.87615,132.7,31.05,259.0,LOW,SRTM_30m_simulated,150
12.83485,74.8775,136.0,28.74,238.9,LOW,SRTM_30m_simulated,150
12.83485,74.87885,139.1,31.96,244.0,LOW,SRTM_30m_simulated,150
12.83485,74.8802,141.6,17.85,242.4,LOW,SRTM_30m_simulated,150
12.83485,74.88155,145.1,3.24,165.8,LOW,SRTM_30m_simulated,150
12.83485,74.8829,147.9,30.35,122.6,LOW,SRTM_30m_simulated,150
12.83485,74.88425,150.8,3.23,37.4,LOW,SRTM_30m_simulated,150
12.83485,74.8856,153.1,25.14,310.7,LOW,SRTM_30m_simulated,150
12.83485,74.88695,156.7,20.28,324.8,LOW,SRTM_30m_simulated,150
12.83485,74.8883,159.5,24.33,226.8,LOW,SRTM_30m_simulated,150
12.83485,74.88965,163.5,12.78,300.0,LOW,SRTM_30m_simulated,150
12.83485,74.891,165.5,27.24,247.6,LOW,SRTM_30m_simulated,150
12.83485,74.89235,169.4,3.01,312.2,LOW,SRTM_30m_simulated,150
12.83485,74.8937,171.9,37.55,143.7,LOW,SRTM_30m_simulated,150
12.83485,74.89505,174.6,6.72,169.3,LOW,SRTM_30m_simulated,150
12.83485,74.8964,177.5,11.98,209.4,LOW,SRTM_30m_simulated,150
12.83485,74.89775,181.3,21.18,19.7,LOW,SRTM_30m_simulated,150
12.83485,74.8991,183.4,29.08,307.0,LOW,SRTM_30m_simulated,150
12.83485,74.90045,185.3,25.89,50.3,LOW,SRTM_30m_simulated,150
12.83485,74.9018,188.9,26.52,351.9,LOW,SRTM_30m_simulated,150
12.83485,74.90315,193.5,12.72,309.3,LOW,SRTM_30m_simulated,150
12.83485,74.9045,195.5,24.3,307.2,LOW,SRTM_30m_simulated,150
12.83485,74.90585,198.9,32.16,32.3,LOW,SRTM_30m_simulated,150
12.83485,74.9072,200.9,9.79,111.0,LOW,SRTM_30m_simulated,150
12.83485,74.90855,205.3,45.1,36.3,LOW,SRTM_30m_simulated,150
12.83485,74.9099,207.6,13.98,74.8,LOW,SRTM_30m_simulated,150
12.8362,74.81,2.3,12.72,260.5,HIGH,SRTM_30m_simulated,150
12.8362,74.81135,4.0,1.36,72.6,HIGH,SRTM_30m_simulated,150
12.8362,74.8127,5.6,11.01,342.9,MEDIUM,SRTM_30m_simulated,150
12.8362,74.81405,7.7,16.0,247.7,MEDIUM,SRTM_30m_simulated,150
12.8362,74.8154,10.6,13.98,40.0,MEDIUM,SRTM_30m_simulated,150
12.8362,74.81675,12.9,5.02,168.0,MEDIUM,SRTM_30m_simulated,150
12.8362,74.8181,16.3,2.61,257.2,LOW,SRTM_30m_simulated,150
12.8362,74.81945,18.3,10.2,0.6,LOW,SRTM_30m_simulated,150
12.8362,74.8208,21.2,2.69,286.7,LOW,SRTM_30m_simulated,150
12.8362,74.82215,22.8,11.59,197.3,LOW,SRTM_30m_simulated,150
12.8362,74.8235,24.9,9.7,155.1,LOW,SRTM_30m_simulated,150
12.8362,74.82485,27.8,4.36,197.9,LOW,SRTM_30m_simulated,150
12.8362,74.8262,30.4,8.08,321.9,LOW,SRTM_30m_simulated,150
12.8362,74.82755,33.2,7.79,91.5,LOW,SRTM_30m_simulated,150
12.8362,74.8289,35.9,9.74,98.3,LOW,SRTM_30m_simulated,150
12.8362,74.83025,38.5,6.55,204.1,LOW,SRTM_30m_simulated,150
12.8362,74.8316,41.2,16.29,85.8,LOW,SRTM_30m_simulated,150
12.8362,74.83295,43.5,11.48,352.5,LOW,SRTM_30m_simulated,150
12.8362,74.8343,46.2,19.71,208.4,LOW,SRTM_30m_simulated,150
12.8362,74.83565,48.4,9.82,137.8,LOW,SRTM_30m_simulated,150
12.8362,74.837,52.0,22.7,245.5,LOW,SRTM_30m_simulated,150
12.8362,74.83835,53.8,4.63,123.3,LOW,SRTM_30m_simulated,150
12.8362,74.8397,56.5,20.88,85.6,LOW,SRTM_30m_simulated,150
12.8362,74.84105,59.8,5.25,107.2,LOW,SRTM_30m_simulated,150
12.8362,74.8424,62.3,21.75,141.2,LOW,SRTM_30m_simulated,150
12.8362,74.84375,64.8,21.93,55.1,LOW,SRTM_30m_simulated,150
12.8362,74.8451,67.1,2.65,200.9,LOW,SRTM_30m_simulated,150
12.8362,74.84645,69.4,3.76,176.3,LOW,SRTM_30m_simulated,150
12.8362,74.8478,73.5,18.6,319.5,LOW,SRTM_30m_simulated,150
12.8362,74.84915,75.8,21.92,41.2,LOW,SRTM_30m_simulated,150
12.8362,74.8505,78.1,22.85,246.8,LOW,SRTM_30m_simulated,150
12.8362,74.85185,80.3,12.07,256.3,LOW,SRTM_30m_simulated,150
12.8362,74.8532,84.5,19.71,112.8,LOW,SRTM_30m_simulated,150
12.8362,74.85455,85.5,27.37,337.3,LOW,SRTM_30m_simulated,150
12.8362,74.8559,88.7,24.21,328.5,LOW,SRTM_30m_simulated,150
12.8362,74.85725,91.7,0.08,0.7,LOW,SRTM_30m_simulated,150
12.8362,74.8586,93.8,16.36,356.6,LOW,SRTM_30m_simulated,150
12.8362,74.85995,96.8,28.55,90.8,LOW,SRTM_30m_simulated,150
12.8362,74.8613,99.3,3.46,82.1,LOW,SRTM_30m_simulated,150
12.8362,74.86265,103.2,15.13,352.0,LOW,SRTM_30m_simulated,150
12.8362,74.864,105.2,8.88,45.7,LOW,SRTM_30m_simulated,150
12.8362,74.86535,108.5,30.33,216.8,LOW,SRTM_30m_simulated,150
12.8362,74.8667,112.0,4.38,244.3,LOW,SRTM_30m_simulated,150
12.8362,74.86805,114.8,7.69,273.7,LOW,SRTM_30m_simulated,150
12.8362,74.8694,118.0,4.33,353.3,LOW,SRTM_30m_simulated,150
12.8362,74.87075,120.6,20.57,123.1,LOW,SRTM_30m_simulated,150
12.8362,74.8721,123.5,3.6,297.1,LOW,SRTM_30m_simulated,150
12.8362,74.87345,125.9,4.29,159.7,LOW,SRTM_30m_simulated,150
12.8362,74.8748,130.3,31.07,38.9,LOW,SRTM_30m_simulated,150
12.8362,74.87615,132.8,2.24,245.7,LOW,SRTM_30m_simulated,150
12.8362,74.8775,135.6,5.29,129.9,LOW,SRTM_30m_simulated,150
12.8362,74.87885,138.7,13.17,359.0,LOW,SRTM_30m_simulated,150
12.8362,74.8802,141.4,5.65,357.3,LOW,SRTM_30m_simulated,150
12.8362,74.88155,143.4,15.9,78.5,LOW,SRTM_30m_simulated,150
12.8362,74.8829,147.4,17.27,141.1,LOW,SRTM_30m_simulated,150
12.8362,74.88425,151.0,23.66,98.0,LOW,SRTM_30m_simulated,150
12.8362,74.8856,152.9,6.19,242.9,LOW,SRTM_30m_simulated,150
12.8362,74.88695,156.2,25.29,217.1,LOW,SRTM_30m_simulated,150
12.8362,74.8883,159.1,27.14,278.2,LOW,SRTM_30m_simulated,150
12.8362,74.88965,162.6,36.59,143.8,LOW,SRTM_30m_simulated,150
12.8362,74.891,165.3,16.13,293.3,LOW,SRTM_30m_simulated,150
12.8362,74.89235,167.8,20.21,207.3,LOW,SRTM_30m_simulated,150
12.8362,74.8937,170.0,33.27,260.0,LOW,SRTM_30m_simulated,150
12.8362,74.89505,173.7,37.53,21.2,LOW,SRTM_30m_simulated,150
12.8362,74.8964,177.6,34.3,40.9,LOW,SRTM_30m_simulated,150
12.8362,74.89775,179.9,2.21,8.4,LOW,SRTM_30m_simulated,150
12.8362,74.8991,182.7,29.88,174.4,LOW,SRTM_30m_simulated,150
12.8362,74.90045,185.7,21.13,269.3,LOW,SRTM_30m_simulated,150
12.8362,74.9018,189.3,31.29,194.9,LOW,SRTM_30m_simulated,150
12.8362,74.90315,191.7,19.68,251.7,LOW,SRTM_30m_simulated,150
12.8362,74.9045,194.5,37.68,285.0,LOW,SRTM_30m_simulated,150
12.8362,74.90585,197.9,14.05,89.0,LOW,SRTM_30m_simulated,150
12.8362,74.9072,200.5,15.76,211.0,LOW,SRTM_30m_simulated,150
12.8362,74.90855,203.1,7.51,206.2,LOW,SRTM_30m_simulated,150
12.8362,74.9099,206.5,13.01,77.6,LOW,SRTM_30m_simulated,150
12.83755,74.81,1.3,7.75,261.5,HIGH,SRTM_30m_simulated,150
12.83755,74.81135,3.6,1.95,53.4,HIGH,SRTM_30m_simulated,150
12.83755,74.8127,6.1,13.65,88.3,MEDIUM,SRTM_30m_simulated,150
12.83755,74.81405,8.1,9.6,319.2,MEDIUM,SRTM_30m_simulated,150
12.83755,74.8154,10.8,15.83,167.7,MEDIUM,SRTM_30m_simulated,150
12.83755,74.81675,12.8,0.65,172.7,MEDIUM,SRTM_30m_simulated,150
12.83755,74.8181,15.2,9.92,250.3,LOW,SRTM_30m_simulated,150
12.83755,74.81945,17.3,13.6,161.3,LOW,SRTM_30m_simulated,150
12.83755,74.8208,21.0,7.69,199.5,LOW,SRTM_30m_simulated,150
12.83755,74.82215,22.6,0.78,72.6,LOW,SRTM_30m_simulated,150
12.83755,74.8235,23.9,9.14,202.6,LOW,SRTM_30m_simulated,150
12.83755,74.82485,27.7,10.54,249.1,LOW,SRTM_30m_simulated,150
12.83755,74.8262,29.8,9.65,248.8,LOW,SRTM_30m_simulated,150
12.83755,74.82755,32.2,1.77,188.3,LOW,SRTM_30m_simulated,150
12.83755,74.8289,35.8,16.33,230.0,LOW,SRTM_30m_simulated,150
12.83755,74.83025,37.7,8.0,348.2,LOW,SRTM_30m_simulated,150
12.83755,74.8316,40.1,17.09,314.3,LOW,SRTM_30m_simulated,150
12.83755,74.83295,42.9,18.68,278.3,LOW,SRTM_30m_simulated,150
12.83755,74.8343,45.7,2.09,346.8,LOW,SRTM_30m_simulated,150
12.83755,74.83565,48.1,13.76,259.8,LOW,SRTM_30m_simulated,150
12.83755,74.837,50.6,3.99,346.3,LOW,SRTM_30m_simulated,150
12.83755,74.83835,53.4,12.38,240.7,LOW,SRTM_30m_simulated,150
12.83755,74.8397,56.0,16.64,44.1,LOW,SRTM_30m_simulated,150
12.83755,74.84105,59.3,16.23,263.7,LOW,SRTM_30m_simulated,150
12.83755,74.8424,60.6,15.62,357.4,LOW,SRTM_30m_simulated,150
12.83755,74.84375,63.9,20.8,355.1,LOW,SRTM_30m_simulated,150
12.83755,74.8451,66.7,5.75,196.5,LOW,SRTM_30m_simulated,150
12.83755,74.84645,69.4,4.5,314.9,LOW,SRTM_30m_simulated,150
12.83755,74.8478,72.5,1.69,225.9,LOW,SRTM_30m_simulated,150
12.83755,74.84915,74.2,19.11,212.8,LOW,SRTM_30m_simulated,150
12.83755,74.8505,77.9,4.41,156.4,LOW,SRTM_30m_simulated,150
12.83755,74.85185,79.7,15.3,223.0,LOW,SRTM_30m_simulated,150
12.83755,74.8532,82.3,15.38,78.5,LOW,SRTM_30m_simulated,150
12.83755,74.85455,85.5,24.92,87.3,LOW,SRTM_30m_simulated,150
12.83755,74.8559,87.7,23.62,352.3,LOW,SRTM_30m_simulated,150
12.83755,74.85725,91.0,4.68,294.5,LOW,SRTM_30m_simulated,150
12.83755,74.8586,93.3,23.39,38.9,LOW,SRTM_30m_simulated,150
12.83755,74.85995,96.5,5.67,125.7,LOW,SRTM_30m_simulated,150
12.83755,74.8613,99.6,24.84,89.4,LOW,SRTM_30m_simulated,150
12.83755,74.86265,102.6,9.55,289.6,LOW,SRTM_30m_simulated,150
12.83755,74.864,104.4,21.84,67.0,LOW,SRTM_30m_simulated,150
12.83755,74.86535,108.3,13.89,231.2,LOW,SRTM_30m_simulated,150
12.83755,74.8667,111.5,13.03,285.5,LOW,SRTM_30m_simulated,150
12.83755,74.86805,113.9,19.98,232.6,LOW,SRTM_30m_simulated,150
12.83755,74.8694,117.4,1.64,289.9,LOW,SRTM_30m_simulated,150
12.83755,74.87075,120.3,6.05,164.5,LOW,SRTM_30m_simulated,150
12.83755,74.8721,122.8,32.62,342.6,LOW,SRTM_30m_simulated,150
12.83755,74.87345,126.0,25.75,173.5,LOW,SRTM_30m_simulated,150
12.83755,74.8748,128.1,6.28,316.8,LOW,SRTM_30m_simulated,150
12.83755,74.87615,131.9,16.43,99.5,LOW,SRTM_30m_simulated,150
12.83755,74.8775,134.7,19.51,82.1,LOW,SRTM_30m_simulated,150
12.83755,74.87885,137.5,12.88,166.9,LOW,SRTM_30m_simulated,150
12.83755,74.8802,140.0,2.02,108.4,LOW,SRTM_30m_simulated,150
12.83755,74.88155,143.8,24.9,183.1,LOW,SRTM_30m_simulated,150
12.83755,74.8829,146.0,4.38,87.9,LOW,SRTM_30m_simulated,150
12.83755,74.88425,149.6,24.12,177.6,LOW,SRTM_30m_simulated,150
12.83755,74.8856,152.9,13.7,317.6,LOW,SRTM_30m_simulated,150
12.83755,74.88695,155.8,1.7,2.8,LOW,SRTM_30m_simulated,150
12.83755,74.8883,158.8,36.19,131.0,LOW,SRTM_30m_simulated,150
12.83755,74.88965,161.1,3.74,4.8,LOW,SRTM_30m_simulated,150
12.83755,74.891,164.8,20.46,115.9,LOW,SRTM_30m_simulated,150
12.83755,74.89235,167.4,13.43,115.7,LOW,SRTM_30m_simulated,150
12.83755,74.8937,169.6,26.08,245.6,LOW,SRTM_30m_simulated,150
12.83755,74.89505,172.9,2.07,246.3,LOW,SRTM_30m_simulated,150
12.83755,74.8964,176.6,14.87,42.1,LOW,SRTM_30m_simulated,150
12.83755,74.89775,179.2,23.42,259.8,LOW,SRTM_30m_simulated,150
12.83755,74.8991,181.9,29.65,146.5,LOW,SRTM_30m_simulated,150
12.83755,74.90045,184.6,38.19,347.5,LOW,SRTM_30m_simulated,150
12.83755,74.9018,187.6,6.21,342.2,LOW,SRTM_30m_simulated,150
12.83755,74.90315,190.1,13.82,246.1,LOW,SRTM_30m_simulated,150
12.83755,74.9045,194.0,43.63,346.8,LOW,SRTM_30m_simulated,150
12.83755,74.90585,196.8,4.54,11.2,LOW,SRTM_30m_simulated,150
12.83755,74.9072,199.6,3.33,290.6,LOW,SRTM_30m_simulated,150
12.83755,74.90855,202.9,14.83,85.0,LOW,SRTM_30m_simulated,150
12.83755,74.9099,205.6,32.88,100.7,LOW,SRTM_30m_simulated,150
12.8389,74.81,0.8,12.65,22.7,HIGH,SRTM_30m_simulated,150
12.8389,74.81135,2.2,1.22,300.8,HIGH,SRTM_30m_simulated,150
12.8389,74.8127,5.2,1.95,343.0,MEDIUM,SRTM_30m_simulated,150
12.8389,74.81405,6.5,2.18,334.1,MEDIUM,SRTM_30m_simulated,150
12.8389,74.8154,9.1,1.23,29.3,MEDIUM,SRTM_30m_simulated,150
12.8389,74.81675,11.2,13.72,310.0,MEDIUM,SRTM_30m_simulated,150
12.8389,74.8181,13.7,16.93,272.1,MEDIUM,SRTM_30m_simulated,150
12.8389,74.81945,16.5,14.08,184.2,LOW,SRTM_30m_simulated,150
12.8389,74.8208,18.5,9.99,204.2,LOW,SRTM_30m_simulated,150
12.8389,74.82215,21.6,16.55,343.2,LOW,SRTM_30m_simulated,150
12.8389,74.8235,23.4,4.5,218.1,LOW,SRTM_30m_simulated,150
12.8389,74.82485,25.9,6.53,65.9,LOW,SRTM_30m_simulated,150
12.8389,74.8262,29.4,0.53,216.2,LOW,SRTM_30m_simulated,150
12.8389,74.82755,30.9,18.52,354.5,LOW,SRTM_30m_simulated,150
12.8389,74.8289,35.4,0.34,31.8,LOW,SRTM_30m_simulated,150
12.8389,74.83025,37.1,15.26,139.3,LOW,SRTM_30m_simulated,150
12.8389,74.8316,38.8,13.58,284.1,LOW,SRTM_30m_simulated,150
12.8389,74.83295,41.7,4.44,258.6,LOW,SRTM_30m_simulated,150
12.8389,74.8343,43.8,3.46,13.9,LOW,SRTM_30m_simulated,150
12.8389,74.83565,47.5,18.73,107.4,LOW,SRTM_30m_simulated,150
12.8389,74.837,49.7,1.86,98.5,LOW,SRTM_30m_simulated,150
12.8389,74.83835,52.7,8.57,283.3,LOW,SRTM_30m_simulated,150
12.8389,74.8397,56.1,18.05,18.1,LOW,SRTM_30m_simulated,150
12.8389,74.84105,58.3,8.87,132.2,LOW,SRTM_30m_simulated,150
12.8389,74.8424,60.0,13.54,160.2,LOW,SRTM_30m_simulated,150
12.8389,74.84375,62.8,14.9,152.5,LOW,SRTM_30m_simulated,150
12.8389,74.8451,66.9,1.17,231.5,LOW,SRTM_30m_simulated,150
12.8389,74.84645,69.0,16.9,226.8,LOW,SRTM_30m_simulated,150
12.8389,74.8478,72.0,21.54,260.8,LOW,SRTM_30m_simulated,150
12.8389,74.84915,74.7,5.46,84.4,LOW,SRTM_30m_simulated,150
12.8389,74.8505,75.7,13.05,137.7,LOW,SRTM_30m_simulated,150
12.8389,74.85185,79.4,15.64,348.7,LOW,SRTM_30m_simulated,150
12.8389,74.8532,82.2,19.37,18.4,LOW,SRTM_30m_simulated,150
12.8389,74.85455,84.2,16.96,163.4,LOW,SRTM_30m_simulated,150
12.8389,74.8559,86.6,24.36,106.2,LOW,SRTM_30m_simulated,150
12.8389,74.85725,89.8,4.78,77.8,LOW,SRTM_30m_simulated,150
12.8389,74.8586,92.9,15.25,233.4,LOW,SRTM_30m_simulated,150
12.8389,74.85995,94.5,26.82,335.3,LOW,SRTM_30m_simulated,150
12.8389,74.8613,97.6,13.16,15.7,LOW,SRTM_30m_simulated,150
12.8389,74.86265,101.2,25.03,269.1,LOW,SRTM_30m_simulated,150
12.8389,74.864,103.1,7.1,157.6,LOW,SRTM_30m_simulated,150
12.8389,74.86535,107.5,17.09,333.6,LOW,SRTM_30m_simulated,150
12.8389,74.8667,109.7,11.46,188.8,LOW,SRTM_30m_simulated,150
12.8389,74.86805,113.3,5.95,248.0,LOW,SRTM_30m_simulated,150
12.8389,74.8694,116.3,24.33,198.9,LOW,SRTM_30m_simulated,150
12.8389,74.87075,119.1,1.6,117.9,LOW,SRTM_30m_simulated,150
12.8389,74.8721,121.4,16.8,336.1,LOW,SRTM_30m_simulated,150
12.8389,74.87345,125.3,19.0,130.1,LOW,SRTM_30m_simulated,150
12.8389,74.8748,127.9,16.84,12.6,LOW,SRTM_30m_simulated,150
12.8389,74.87615,130.5,32.82,187.4,LOW,SRTM_30m_simulated,150
12.8389,74.8775,134.2,26.09,197.5,LOW,SRTM_30m_simulated,150
12.8389,74.87885,136.7,7.16,168.2,LOW,SRTM_30m_simulated,150
12.8389,74.8802,140.8,13.6,139.7,LOW,SRTM_30m_simulated,150
12.8389,74.88155,142.1,25.94,184.4,LOW,SRTM_30m_simulated,150
12.8389,74.8829,146.1,23.92,8.4,LOW,SRTM_30m_simulated,150
12.8389,74.88425,148.9,22.56,173.7,LOW,SRTM_30m_simulated,150
12.8389,74.8856,152.2,1.45,248.5,LOW,SRTM_30m_simulated,150
12.8389,74.88695,154.7,5.23,84.1,LOW,SRTM_30m_simulated,150
12.8389,74.8883,158.0,35.71,131.2,LOW,SRTM_30m_simulated,150
12.8389,74.88965,160.3,18.25,217.2,LOW,SRTM_30m_simulated,150
12.8389,74.891,162.9,30.42,93.1,LOW,SRTM_30m_simulated,150
12.8389,74.89235,166.6,0.55,285.5,LOW,SRTM_30m_simulated,150
12.8389,74.8937,169.6,7.32,113.0,LOW,SRTM_30m_simulated,150
12.8389,74.89505,173.0,4.99,24.0,LOW,SRTM_30m_simulated,150
12.8389,74.8964,175.5,0.76,256.8,LOW,SRTM_30m_simulated,150
12.8389,74.89775,178.5,35.05,298.3,LOW,SRTM_30m_simulated,150
12.8389,74.8991,182.5,17.83,344.2,LOW,SRTM_30m_simulated,150
12.8389,74.90045,184.2,37.62,279.1,LOW,SRTM_30m_simulated,150
12.8389,74.9018,187.1,20.85,297.2,LOW,SRTM_30m_simulated,150
12.8389,74.90315,190.0,15.52,157.3,LOW,SRTM_30m_simulated,150
12.8389,74.9045,192.7,20.15,337.6,LOW,SRTM_30m_simulated,150
12.8389,74.90585,195.2,42.9,276.3,LOW,SRTM_30m_simulated,150
12.8389,74.9072,199.7,26.25,331.7,LOW,SRTM_30m_simulated,150
12.8389,74.90855,202.0,6.34,144.2,LOW,SRTM_30m_simulated,150
12.8389,74.9099,204.8,1.09,216.4,LOW,SRTM_30m_simulated,150
12.84025,74.81,0.0,7.62,300.0,HIGH,SRTM_30m_simulated,150
12.84025,74.81135,1.5,10.36,263.4,HIGH,SRTM_30m_simulated,150
12.84025,74.8127,3.6,0.84,52.1,HIGH,SRTM_30m_simulated,150
12.84025,74.81405,6.2,9.33,32.1,MEDIUM,SRTM_30m_simulated,150
12.84025,74.8154,8.0,15.61,302.3,MEDIUM,SRTM_30m_simulated,150
12.84025,74.81675,11.0,12.61,309.0,MEDIUM,SRTM_30m_simulated,150
12.84025,74.8181,13.0,2.03,118.2,MEDIUM,SRTM_30m_simulated,150
12.84025,74.81945,15.3,7.65,233.5,LOW,SRTM_30m_simulated,150
12.84025,74.8208,18.5,5.25,90.9,LOW,SRTM_30m_simulated,150
12.84025,74.82215,21.2,8.38,193.9,LOW,SRTM_30m_simulated,150
12.84025,74.8235,23.4,13.01,109.5,LOW,SRTM_30m_simulated,150
12.84025,74.82485,24.8,2.36,254.0,LOW,SRTM_30m_simulated,150
12.84025,74.8262,28.4,2.75,281.8,LOW,SRTM_30m_simulated,150
12.84025,74.82755,30.6,18.42,52.3,LOW,SRTM_30m_simulated,150
12.84025,74.8289,33.3,14.32,171.8,LOW,SRTM_30m_simulated,150
12.84025,74.83025,36.1,4.56,12.1,LOW,SRTM_30m_simulated,150
12.84025,74.8316,39.0,18.45,107.7,LOW,SRTM_30m_simulated,150
12.84025,74.83295,41.0,21.1,294.1,LOW,SRTM_30m_simulated,150
12.84025,74.8343,43.5,17.61,105.3,LOW,SRTM_30m_simulated,150
12.84025,74.83565,46.6,4.56,64.7,LOW,SRTM_30m_simulated,150
12.84025,74.837,48.4,16.77,169.2,LOW,SRTM_30m_simulated,150
12.84025,74.83835,52.0,4.11,92.2,LOW,SRTM_30m_simulated,150
12.84025,74.8397,54.2,7.0,229.2,LOW,SRTM_30m_simulated,150
12.84025,74.84105,55.9,13.23,266.5,LOW,SRTM_30m_simulated,150
12.84025,74.8424,60.2,7.08,215.7,LOW,SRTM_30m_simulated,150
12.84025,74.84375,60.8,1.72,333.9,LOW,SRTM_30m_simulated,150
12.84025,74.8451,64.7,20.15,291.4,LOW,SRTM_30m_simulated,150
12.84025,74.84645,68.0,22.76,172.8,LOW,SRTM_30m_simulated,150
12.84025,74.8478,70.1,14.18,234.2,LOW,SRTM_30m_simulated,150
12.84025,74.84915,73.4,13.53,66.4,LOW,SRTM_30m_simulated,150
12.84025,74.8505,76.0,1.68,275.8,LOW,SRTM_30m_simulated,150
12.84025,74.85185,77.6,16.02,110.0,LOW,SRTM_30m_simulated,150
12.84025,74.8532,80.3,22.3,144.2,LOW,SRTM_30m_simulated,150
12.84025,74.85455,83.9,15.82,85.1,LOW,SRTM_30m_simulated,150
12.84025,74.8559,85.9,12.06,238.2,LOW,SRTM_30m_simulated,150
12.84025,74.85725,88.2,20.29,220.6,LOW,SRTM_30m_simulated,150
12.84025,74.8586,92.8,12.31,189.5,LOW,SRTM_30m_simulated,150
12.84025,74.85995,94.5,11.09,172.1,LOW,SRTM_30m_simulated,150
12.84025,74.8613,96.6,16.27,36.3,LOW,SRTM_30m_simulated,150
12.84025,74.86265,99.5,3.0,170.0,LOW,SRTM_30m_simulated,150
12.84025,74.864,103.7,3.08,130.4,LOW,SRTM_30m_simulated,150
12.84025,74.86535,105.7,6.88,345.1,LOW,SRTM_30m_simulated,150
12.84025,74.8667,109.0,11.5,13.6,LOW,SRTM_30m_simulated,150
12.84025,74.86805,112.6,24.76,287.4,LOW,SRTM_30m_simulated,150
12.84025,74.8694,115.3,32.23,115.2,LOW,SRTM_30m_simulated,150
12.84025,74.87075,118.2,16.3,232.1,LOW,SRTM_30m_simulated,150
12.84025,74.8721,121.2,24.35,291.6,LOW,SRTM_30m_simulated,150
12.84025,74.87345,123.5,10.28,35.3,LOW,SRTM_30m_simulated,150
12.84025,74.8748,127.6,5.35,105.8,LOW,SRTM_30m_simulated,150
12.84025,74.87615,130.1,33.79,66.8,LOW,SRTM_30m_simulated,150
12.84025,74.8775,133.1,8.32,71.4,LOW,SRTM_30m_simulated,150
12.84025,74.87885,135.8,0.63,172.3,LOW,SRTM_30m_simulated,150
12.84025,74.8802,138.2,26.01,139.7,LOW,SRTM_30m_simulated,150
12.84025,74.88155,142.5,30.55,158.0,LOW,SRTM_30m_simulated,150
12.84025,74.8829,145.6,32.74,151.3,LOW,SRTM_30m_simulated,150
12.84025,74.88425,148.1,11.01,309.7,LOW,SRTM_30m_simulated,150
12.84025,74.8856,150.6,35.4,278.4,LOW,SRTM_30m_simulated,150
12.84025,74.88695,153.5,8.5,8.5,LOW,SRTM_30m_simulated,150
12.84025,74.8883,156.7,4.2,141.7,LOW,SRTM_30m_simulated,150
12.84025,74.88965,160.3,30.4,76.7,LOW,SRTM_30m_simulated,150
12.84025,74.891,162.3,2.24,306.2,LOW,SRTM_30m_simulated,150
12.84025,74.89235,165.4,1.06,182.1,LOW,SRTM_30m_simulated,150
12.84025,74.8937,167.9,15.96,303.3,LOW,SRTM_30m_simulated,150
12.84025,74.89505,171.8,27.67,357.1,LOW,SRTM_30m_simulated,150
12.84025,74.8964,174.8,35.56,5.7,LOW,SRTM_30m_simulated,150
12.84025,74.89775,178.5,29.36,166.6,LOW,SRTM_30m_simulated,150
12.84025,74.8991,180.5,24.23,122.3,LOW,SRTM_30m_simulated,150
12.84025,74.90045,183.7,38.68,59.3,LOW,SRTM_30m_simulated,150
12.84025,74.9018,186.6,23.7,356.0,LOW,SRTM_30m_simulated,150
12.84025,74.90315,189.0,22.52,110.8,LOW,SRTM_30m_simulated,150
12.84025,74.9045,193.0,15.3,184.2,LOW,SRTM_30m_simulated,150
12.84025,74.90585,195.1,10.7,29.5,LOW,SRTM_30m_simulated,150
12.84025,74.9072,198.4,22.32,77.1,LOW,SRTM_30m_simulated,150
12.84025,74.90855,201.5,42.44,49.7,LOW,SRTM_30m_simulated,150
12.84025,74.9099,203.9,7.23,60.2,LOW,SRTM_30m_simulated,150
12.8416,74.81,0.0,10.4,265.4,HIGH,SRTM_30m_simulated,150
12.8416,74.81135,1.4,11.05,254.3,HIGH,SRTM_30m_simulated,150
12.8416,74.8127,3.2,10.0,346.4,HIGH,SRTM_30m_simulated,150
12.8416,74.81405,5.1,8.9,282.8,MEDIUM,SRTM_30m_simulated,150
12.8416,74.8154,7.5,9.22,7.5,MEDIUM,SRTM_30m_simulated,150
12.8416,74.81675,9.5,5.76,277.6,MEDIUM,SRTM_30m_simulated,150
12.8416,74.8181,13.4,9.62,256.8,MEDIUM,SRTM_30m_simulated,150
12.8416,74.81945,15.6,1.24,326.1,LOW,SRTM_30m_simulated,150
12.8416,74.8208,16.4,11.17,236.0,LOW,SRTM_30m_simulated,150
12.8416,74.82215,19.1,10.94,10.7,LOW,SRTM_30m_simulated,150
12.8416,74.8235,22.1,3.71,28.5,LOW,SRTM_30m_simulated,150
12.8416,74.82485,24.8,5.97,237.1,LOW,SRTM_30m_simulated,150
12.8416,74.8262,27.3,13.46,295.7,LOW,SRTM_30m_simulated,150
12.8416,74.82755,30.1,17.57,356.2,LOW,SRTM_30m_simulated,150
12.8416,74.8289,31.9,1.07,347.8,LOW,SRTM_30m_simulated,150
12.8416,74.83025,34.8,17.79,39.7,LOW,SRTM_30m_simulated,150
12.8416,74.8316,37.4,12.15,166.9,LOW,SRTM_30m_simulated,150
12.8416,74.83295,41.6,10.4,112.6,LOW,SRTM_30m_simulated,150
12.8416,74.8343,42.4,15.0,25.1,LOW,SRTM_30m_simulated,150
12.8416,74.83565,46.5,9.9,340.4,LOW,SRTM_30m_simulated,150
12.8416,74.837,48.1,0.7,120.3,LOW,SRTM_30m_simulated,150
12.8416,74.83835,50.8,12.63,19.0,LOW,SRTM_30m_simulated,150
12.8416,74.8397,53.1,12.54,269.9,LOW,SRTM_30m_simulated,150
12.8416,74.84105,56.1,23.07,138.5,LOW,SRTM_30m_simulated,150
12.8416,74.8424,56.8,0.31,126.6,LOW,SRTM_30m_simulated,150
12.8416,74.84375,60.6,10.97,208.6,LOW,SRTM_30m_simulated,150
12.8416,74.8451,64.4,22.48,218.3,LOW,SRTM_30m_simulated,150
12.8416,74.84645,67.3,24.69,321.2,LOW,SRTM_30m_simulated,150
12.8416,74.8478,68.9,10.32,43.3,LOW,SRTM_30m_simulated,150
12.8416,74.84915,71.3,15.14,215.0,LOW,SRTM_30m_simulated,150
12.8416,74.8505,74.5,13.47,253.4,LOW,SRTM_30m_simulated,150
12.8416,74.85185,77.4,17.06,251.8,LOW,SRTM_30m_simulated,150
12.8416,74.8532,80.4,13.33,51.5,LOW,SRTM_30m_simulated,150
12.8416,74.85455,83.0,12.15,146.9,LOW,SRTM_30m_simulated,150
12.8416,74.8559,86.0,6.41,351.9,LOW,SRTM_30m_simulated,150
12.8416,74.85725,87.9,9.28,147.7,LOW,SRTM_30m_simulated,150
12.8416,74.8586,90.4,28.44,120.9,LOW,SRTM_30m_simulated,150
12.8416,74.85995,93.2,24.61,40.0,LOW,SRTM_30m_simulated,150
12.8416,74.8613,96.4,17.02,299.2,LOW,SRTM_30m_simulated,150
12.8416,74.86265,98.7,13.8,165.0,LOW,SRTM_30m_simulated,150
12.8416,74.864,101.8,16.98,68.2,LOW,SRTM_30m_simulated,150
12.8416,74.86535,104.6,0.14,156.3,LOW,SRTM_30m_simulated,150
12.8416,74.8667,108.5,21.81,151.3,LOW,SRTM_30m_simulated,150
12.8416,74.86805,110.6,25.93,162.9,LOW,SRTM_30m_simulated,150
12.8416,74.8694,114.5,8.28,111.0,LOW,SRTM_30m_simulated,150
12.8416,74.87075,116.5,1.55,127.8,LOW,SRTM_30m_simulated,150
12.8416,74.8721,119.1,5.29,124.8,LOW,SRTM_30m_simulated,150
12.8416,74.87345,122.8,2.64,229.2,LOW,SRTM_30m_simulated,150
12.8416,74.8748,125.4,14.83,325.8,LOW,SRTM_30m_simulated,150
12.8416,74.87615,129.1,10.94,287.4,LOW,SRTM_30m_simulated,150
12.8416,74.8775,131.8,15.92,69.3,LOW,SRTM_30m_simulated,150
12.8416,74.87885,134.5,10.07,290.1,LOW,SRTM_30m_simulated,150
12.8416,74.8802,138.2,6.58,253.5,LOW,SRTM_30m_simulated,150
12.8416,74.88155,140.5,18.52,298.5,LOW,SRTM_30m_simulated,150
12.8416,74.8829,143.9,21.1,242.5,LOW,SRTM_30m_simulated,150
12.8416,74.88425,146.5,32.92,279.9,LOW,SRTM_30m_simulated,150
12.8416,74.8856,149.3,4.88,33.5,LOW,SRTM_30m_simulated,150
12.8416,74.88695,152.3,22.76,98.2,LOW,SRTM_30m_simulated,150
12.8416,74.8883,155.7,17.46,21.2,LOW,SRTM_30m_simulated,150
12.8416,74.88965,158.5,14.88,205.0,LOW,SRTM_30m_simulated,150
12.8416,74.891,161.6,12.66,22.8,LOW,SRTM_30m_simulated,150
12.8416,74.89235,165.2,15.68,187.3,LOW,SRTM_30m_simulated,150
12.8416,74.8937,167.5,33.61,207.3,LOW,SRTM_30m_simulated,150
12.8416,74.89505,170.7,12.5,133.8,LOW,SRTM_30m_simulated,150
12.8416,74.8964,173.1,7.35,96.8,LOW,SRTM_30m_simulated,150
12.8416,74.89775,176.0,30.87,314.1,LOW,SRTM_30m_simulated,150
12.8416,74.8991,179.5,32.18,81.1,LOW,SRTM_30m_simulated,150
12.8416,74.90045,182.8,26.4,144.8,LOW,SRTM_30m_simulated,150
12.8416,74.9018,186.2,0.32,351.6,LOW,SRTM_30m_simulated,150
12.8416,74.90315,188.9,32.79,125.0,LOW,SRTM_30m_simulated,150
12.8416,74.9045,191.2,22.78,259.0,LOW,SRTM_30m_simulated,150
12.8416,74.90585,193.8,6.03,131.0,LOW,SRTM_30m_simulated,150
12.8416,74.9072,196.9,27.68,305.5,LOW,SRTM_30m_simulated,150
12.8416,74.90855,200.7,31.03,339.0,LOW,SRTM_30m_simulated,150
12.8416,74.9099,202.8,36.47,286.4,LOW,SRTM_30m_simulated,150
12.84295,74.81,0.0,8.28,35.8,HIGH,SRTM_30m_simulated,150
12.84295,74.81135,0.0,14.65,102.9,HIGH,SRTM_30m_simulated,150
12.84295,74.8127,1.5,10.97,140.8,HIGH,SRTM_30m_simulated,150
12.84295,74.81405,4.0,5.52,238.5,HIGH,SRTM_30m_simulated,150
12.84295,74.8154,6.8,14.39,222.6,MEDIUM,SRTM_30m_simulated,150
12.84295,74.81675,8.7,6.78,72.6,MEDIUM,SRTM_30m_simulated,150
12.84295,74.8181,11.0,5.73,128.1,MEDIUM,SRTM_30m_simulated,150
12.84295,74.81945,14.3,8.97,287.7,MEDIUM,SRTM_30m_simulated,150
12.84295,74.8208,15.9,3.4,161.4,LOW,SRTM_30m_simulated,150
12.84295,74.82215,17.8,0.08,200.4,LOW,SRTM_30m_simulated,150
12.84295,74.8235,20.7,16.17,249.6,LOW,SRTM_30m_simulated,150
12.84295,74.82485,22.8,3.9,349.5,LOW,SRTM_30m_simulated,150
12.84295,74.8262,26.2,3.45,240.2,LOW,SRTM_30m_simulated,150
12.84295,74.82755,28.5,9.11,260.9,LOW,SRTM_30m_simulated,150
12.84295,74.8289,30.8,16.34,76.5,LOW,SRTM_30m_simulated,150
12.84295,74.83025,34.1,0.17,117.8,LOW,SRTM_30m_simulated,150
12.84295,74.8316,36.0,1.87,87.9,LOW,SRTM_30m_simulated,150
12.84295,74.83295,39.3,13.85,97.5,LOW,SRTM_30m_simulated,150
12.84295,74.8343,42.0,12.97,281.1,LOW,SRTM_30m_simulated,150
12.84295,74.83565,44.6,10.74,312.2,LOW,SRTM_30m_simulated,150
12.84295,74.837,46.1,1.33,107.9,LOW,SRTM_30m_simulated,150
12.84295,74.83835,48.7,18.48,272.2,LOW,SRTM_30m_simulated,150
12.84295,74.8397,52.7,21.59,109.2,LOW,SRTM_30m_simulated,150
12.84295,74.84105,54.6,1.17,355.7,LOW,SRTM_30m_simulated,150
12.84295,74.8424,57.4,8.17,354.1,LOW,SRTM_30m_simulated,150
12.84295,74.84375,59.9,16.88,26.2,LOW,SRTM_30m_simulated,150
12.84295,74.8451,63.1,0.94,48.4,LOW,SRTM_30m_simulated,150
12.84295,74.84645,65.1,2.39,174.2,LOW,SRTM_30m_simulated,150
12.84295,74.8478,69.0,23.73,9.8,LOW,SRTM_30m_simulated,150
12.84295,74.84915,70.8,5.4,44.4,LOW,SRTM_30m_simulated,150
12.84295,74.8505,73.5,21.3,136.6,LOW,SRTM_30m_simulated,150
12.84295,74.85185,75.3,7.98,190.6,LOW,SRTM_30m_simulated,150
12.84295,74.8532,80.0,5.39,304.2,LOW,SRTM_30m_simulated,150
12.84295,74.85455,81.9,5.48,155.8,LOW,SRTM_30m_simulated,150
12.84295,74.8559,84.6,23.38,138.4,LOW,SRTM_30m_simulated,150
12.84295,74.85725,87.2,0.02,239.8,LOW,SRTM_30m_simulated,150
12.84295,74.8586,89.4,7.65,107.5,LOW,SRTM_30m_simulated,150
12.84295,74.85995,92.9,23.4,266.9,LOW,SRTM_30m_simulated,150
12.84295,74.8613,96.2,22.79,28.9,LOW,SRTM_30m_simulated,150
12.84295,74.86265,99.2,7.4,170.6,LOW,SRTM_30m_simulated,150
12.84295,74.864,101.1,3.8,33.3,LOW,SRTM_30m_simulated,150
12.84295,74.86535,104.6,13.97,87.5,LOW,SRTM_30m_simulated,150
12.84295,74.8667,107.1,23.17,59.3,LOW,SRTM_30m_simulated,150
12.84295,74.86805,110.5,29.54,126.3,LOW,SRTM_30m_simulated,150
12.84295,74.8694,112.0,2.98,255.7,LOW,SRTM_30m_simulated,150
12.84295,74.87075,116.5,25.21,334.4,LOW,SRTM_30m_simulated,150
12.84295,74.8721,119.3,18.1,123.4,LOW,SRTM_30m_simulated,150
12.84295,74.87345,121.7,5.52,257.0,LOW,SRTM_30m_simulated,150
12.84295,74.8748,124.9,11.98,63.0,LOW,SRTM_30m_simulated,150
12.84295,74.87615,127.5,10.37,262.9,LOW,SRTM_30m_simulated,150
12.84295,74.8775,130.9,28.73,162.3,LOW,SRTM_30m_simulated,150
12.84295,74.87885,134.1,30.74,346.3,LOW,SRTM_30m_simulated,150
12.84295,74.8802,136.7,4.1,290.1,LOW,SRTM_30m_simulated,150
12.84295,74.88155,140.1,10.08,77.0,LOW,SRTM_30m_simulated,150
12.84295,74.8829,142.7,34.5,111.4,LOW,SRTM_30m_simulated,150
12.84295,74.88425,145.8,29.64,256.3,LOW,SRTM_30m_simulated,150
12.84295,74.8856,148.1,1.84,356.3,LOW,SRTM_30m_simulated,150
12.84295,74.88695,151.7,25.38,160.5,LOW,SRTM_30m_simulated,150
12.84295,74.8883,154.7,28.6,149.3,LOW,SRTM_30m_simulated,150
12.84295,74.88965,158.0,6.43,23.5,LOW,SRTM_30m_simulated,150
12.84295,74.891,160.2,28.01,68.2,LOW,SRTM_30m_simulated,150
12.84295,74.89235,163.4,25.83,75.3,LOW,SRTM_30m_simulated,150
12.84295,74.8937,166.5,39.26,134.4,LOW,SRTM_30m_simulated,150
12.84295,74.89505,169.2,10.28,303.0,LOW,SRTM_30m_simulated,150
12.84295,74.8964,171.7,3.99,9.8,LOW,SRTM_30m_simulated,150
12.84295,74.89775,175.7,31.86,315.3,LOW,SRTM_30m_simulated,150
12.84295,74.8991,178.9,10.5,238.5,LOW,SRTM_30m_simulated,150
12.84295,74.90045,182.1,26.5,178.3,LOW,SRTM_30m_simulated,150
12.84295,74.9018,184.4,2.96,202.6,LOW,SRTM_30m_simulated,150
12.84295,74.90315,186.7,12.89,98.7,LOW,SRTM_30m_simulated,150
12.84295,74.9045,190.5,28.89,5.0,LOW,SRTM_30m_simulated,150
12.84295,74.90585,192.8,26.73,29.6,LOW,SRTM_30m_simulated,150
12.84295,74.9072,196.7,36.62,42.8,LOW,SRTM_30m_simulated,150
12.84295,74.90855,199.0,9.25,50.5,LOW,SRTM_30m_simulated,150
12.84295,74.9099,201.9,32.76,35.4,LOW,SRTM_30m_simulated,150
12.8443,74.81,0.0,10.07,137.7,HIGH,SRTM_30m_simulated,150
12.8443,74.81135,0.0,6.74,336.0,HIGH,SRTM_30m_simulated,150
12.8443,74.8127,0.7,4.63,249.2,HIGH,SRTM_30m_simulated,150
12.8443,74.81405,3.3,13.12,243.5,HIGH,SRTM_30m_simulated,150
12.8443,74.8154,4.5,13.94,28.7,HIGH,SRTM_30m_simulated,150
12.8443,74.81675,7.5,7.43,172.5,MEDIUM,SRTM_30m_simulated,150
12.8443,74.8181,10.3,16.13,256.0,MEDIUM,SRTM_30m_simulated,150
12.8443,74.81945,11.6,2.92,0.1,MEDIUM,SRTM_30m_simulated,150
12.8443,74.8208,14.5,2.0,227.5,MEDIUM,SRTM_30m_simulated,150
12.8443,74.82215,18.4,1.34,332.4,LOW,SRTM_30m_simulated,150
12.8443,74.8235,20.1,7.03,296.5,LOW,SRTM_30m_simulated,150
12.8443,74.82485,22.1,15.38,206.5,LOW,SRTM_30m_simulated,150
12.8443,74.8262,25.3,0.43,48.7,LOW,SRTM_30m_simulated,150
12.8443,74.82755,27.2,13.98,216.3,LOW,SRTM_30m_simulated,150
12.8443,74.8289,29.9,16.78,289.4,LOW,SRTM_30m_simulated,150
12.8443,74.83025,32.3,7.98,144.0,LOW,SRTM_30m_simulated,150
12.8443,74.8316,36.0,17.31,318.6,LOW,SRTM_30m_simulated,150
12.8443,74.83295,38.4,8.7,345.5,LOW,SRTM_30m_simulated,150
12.8443,74.8343,40.2,10.9,32.1,LOW,SRTM_30m_simulated,150
12.8443,74.83565,43.9,11.31,211.7,LOW,SRTM_30m_simulated,150
12.8443,74.837,45.4,20.08,35.4,LOW,SRTM_30m_simulated,150
12.8443,74.83835,48.5,14.2,265.3,LOW,SRTM_30m_simulated,150
12.8443,74.8397,51.3,8.81,86.6,LOW,SRTM_30m_simulated,150
12.8443,74.84105,54.5,0.2,167.2,LOW,SRTM_30m_simulated,150
12.8443,74.8424,57.2,0.31,259.8,LOW,SRTM_30m_simulated,150
12.8443,74.84375,59.0,10.49,204.6,LOW,SRTM_30m_simulated,150
12.8443,74.8451,61.2,21.19,41.8,LOW,SRTM_30m_simulated,150
12.8443,74.84645,64.2,20.46,300.8,LOW,SRTM_30m_simulated,150
12.8443,74.8478,67.2,5.22,350.3,LOW,SRTM_30m_simulated,150
12.8443,74.84915,70.5,10.83,144.7,LOW,SRTM_30m_simulated,150
12.8443,74.8505,72.7,8.96,288.4,LOW,SRTM_30m_simulated,150
12.8443,74.85185,75.4,1.71,109.5,LOW,SRTM_30m_simulated,150
12.8443,74.8532,78.2,20.67,151.9,LOW,SRTM_30m_simulated,150
12.8443,74.85455,79.8,22.02,210.3,LOW,SRTM_30m_simulated,150
12.8443,74.8559,82.8,2.19,122.5,LOW,SRTM_30m_simulated,150
12.8443,74.85725,85.5,5.44,271.7,LOW,SRTM_30m_simulated,150
12.8443,74.8586,88.6,14.96,279.6,LOW,SRTM_30m_simulated,150
12.8443,74.85995,90.8,2.98,7.4,LOW,SRTM_30m_simulated,150
12.8443,74.8613,93.7,5.32,204.3,LOW,SRTM_30m_simulated,150
12.8443,74.86265,97.9,25.57,180.3,LOW,SRTM_30m_simulated,150
12.8443,74.864,99.7,16.37,245.8,LOW,SRTM_30m_simulated,150
12.8443,74.86535,103.4,0.78,355.6,LOW,SRTM_30m_simulated,150
12.8443,74.8667,106.6,8.85,280.1,LOW,SRTM_30m_simulated,150
12.8443,74.86805,109.0,3.49,208.6,LOW,SRTM_30m_simulated,150
12.8443,74.8694,111.7,29.87,90.0,LOW,SRTM_30m_simulated,150
12.8443,74.87075,114.9,30.28,194.8,LOW,SRTM_30m_simulated,150
12.8443,74.8721,118.9,1.02,277.3,LOW,SRTM_30m_simulated,150
12.8443,74.87345,121.0,15.14,234.9,LOW,SRTM_30m_simulated,150
12.8443,74.8748,124.5,29.79,119.3,LOW,SRTM_30m_simulated,150
12.8443,74.87615,126.7,9.71,76.1,LOW,SRTM_30m_simulated,150
12.8443,74.8775,130.5,4.77,11.9,LOW,SRTM_30m_simulated,150
12.8443,74.87885,132.9,15.86,72.9,LOW,SRTM_30m_simulated,150
12.8443,74.8802,136.2,22.38,118.6,LOW,SRTM_30m_simulated,150
12.8443,74.88155,139.4,14.99,312.4,LOW,SRTM_30m_simulated,150
12.8443,74.8829,141.7,20.64,65.1,LOW,SRTM_30m_simulated,150
12.8443,74.88425,144.3,32.33,10.7,LOW,SRTM_30m_simulated,150
12.8443,74.8856,147.0,28.5,311.6,LOW,SRTM_30m_simulated,150
12.8443,74.88695,150.7,22.61,189.3,LOW,SRTM_30m_simulated,150
12.8443,74.8883,153.8,20.88,92.8,LOW,SRTM_30m_simulated,150
12.8443,74.88965,156.5,36.89,105.6,LOW,SRTM_30m_simulated,150
12.8443,74.891,159.6,3.01,2.8,LOW,SRTM_30m_simulated,150
12.8443,74.89235,162.9,1.74,329.5,LOW,SRTM_30m_simulated,150
12.8443,74.8937,165.5,22.22,79.1,LOW,SRTM_30m_simulated,150
12.8443,74.89505,168.0,28.98,10.1,LOW,SRTM_30m_simulated,150
12.8443,74.8964,172.7,12.33,145.1,LOW,SRTM_30m_simulated,150
12.8443,74.89775,174.3,28.93,290.1,LOW,SRTM_30m_simulated,150
12.8443,74.8991,177.5,32.64,1.4,LOW,SRTM_30m_simulated,150
12.8443,74.90045,180.9,30.86,36.8,LOW,SRTM_30m_simulated,150
12.8443,74.9018,183.2,23.23,199.4,LOW,SRTM_30m_simulated,150
12.8443,74.90315,186.6,40.89,180.9,LOW,SRTM_30m_simulated,150
12.8443,74.9045,189.3,15.24,21.7,LOW,SRTM_30m_simulated,150
12.8443,74.90585,192.5,19.82,220.9,LOW,SRTM_30m_simulated,150
12.8443,74.9072,195.6,30.94,241.5,LOW,SRTM_30m_simulated,150
12.8443,74.90855,197.9,41.32,217.4,LOW,SRTM_30m_simulated,150
12.8443,74.9099,200.3,19.02,339.6,LOW,SRTM_30m_simulated,150
12.84565,74.81,0.0,7.48,328.8,HIGH,SRTM_30m_simulated,150
12.84565,74.81135,0.0,10.11,280.6,HIGH,SRTM_30m_simulated,150
12.84565,74.8127,0.0,9.8,229.7,HIGH,SRTM_30m_simulated,150
12.84565,74.81405,1.4,14.78,332.4,HIGH,SRTM_30m_simulated,150
12.84565,74.8154,4.2,4.91,333.7,HIGH,SRTM_30m_simulated,150
12.84565,74.81675,6.7,7.41,243.0,MEDIUM,SRTM_30m_simulated,150
12.84565,74.8181,9.6,8.59,263.3,MEDIUM,SRTM_30m_simulated,150
12.84565,74.81945,11.5,16.08,239.9,MEDIUM,SRTM_30m_simulated,150
12.84565,74.8208,14.7,1.66,142.0,MEDIUM,SRTM_30m_simulated,150
12.84565,74.82215,16.6,2.67,247.7,LOW,SRTM_30m_simulated,150
12.84565,74.8235,18.8,14.66,280.8,LOW,SRTM_30m_simulated,150
12.84565,74.82485,21.3,8.17,212.8,LOW,SRTM_30m_simulated,150
12.84565,74.8262,24.3,18.09,51.1,LOW,SRTM_30m_simulated,150
12.84565,74.82755,26.1,11.04,171.0,LOW,SRTM_30m_simulated,150
12.84565,74.8289,29.2,13.96,349.1,LOW,SRTM_30m_simulated,150
12.84565,74.83025,32.0,11.23,228.1,LOW,SRTM_30m_simulated,150
12.84565,74.8316,34.3,19.38,251.6,LOW,SRTM_30m_simulated,150
12.84565,74.83295,36.7,4.17,237.5,LOW,SRTM_30m_simulated,150
12.84565,74.8343,39.8,18.28,302.1,LOW,SRTM_30m_simulated,150
12.84565,74.83565,41.7,7.4,226.9,LOW,SRTM_30m_simulated,150
12.84565,74.837,45.5,3.79,355.0,LOW,SRTM_30m_simulated,150
12.84565,74.83835,46.9,0.2,307.7,LOW,SRTM_30m_simulated,150
12.84565,74.8397,49.9,1.24,158.3,LOW,SRTM_30m_simulated,150
12.84565,74.84105,53.6,1.49,255.5,LOW,SRTM_30m_simulated,150
12.84565,74.8424,55.3,4.73,189.3,LOW,SRTM_30m_simulated,150
12.84565,74.84375,58.3,6.41,7.5,LOW,SRTM_30m_simulated,150
12.84565,74.8451,60.3,9.24,128.1,LOW,SRTM_30m_simulated,150
12.84565,74.84645,64.2,12.95,228.0,LOW,SRTM_30m_simulated,150
12.84565,74.8478,65.6,3.54,354.4,LOW,SRTM_30m_simulated,150
12.84565,74.84915,69.7,5.53,308.3,LOW,SRTM_30m_simulated,150
12.84565,74.8505,71.5,0.58,9.0,LOW,SRTM_30m_simulated,150
12.84565,74.85185,74.9,15.87,209.3,LOW,SRTM_30m_simulated,150
12.84565,74.8532,77.7,2.36,62.0,LOW,SRTM_30m_simulated,150
12.84565,74.85455,79.7,22.31,86.6,LOW,SRTM_30m_simulated,150
12.84565,74.8559,82.4,23.32,48.5,LOW,SRTM_30m_simulated,150
12.84565,74.85725,85.3,2.05,231.6,LOW,SRTM_30m_simulated,150
12.84565,74.8586,87.5,12.11,304.1,LOW,SRTM_30m_simulated,150
12.84565,74.85995,90.7,21.58,10.3,LOW,SRTM_30m_simulated,150
12.84565,74.8613,94.3,21.03,123.6,LOW,SRTM_30m_simulated,150
12.84565,74.86265,96.0,6.6,104.8,LOW,SRTM_30m_simulated,150
12.84565,74.864,98.4,6.67,192.0,LOW,SRTM_30m_simulated,150
12.84565,74.86535,102.4,3.58,225.5,LOW,SRTM_30m_simulated,150
12.84565,74.8667,105.4,22.41,22.5,LOW,SRTM_30m_simulated,150
12.84565,74.86805,109.0,11.4,46.6,LOW,SRTM_30m_simulated,150
12.84565,74.8694,111.8,13.48,102.7,LOW,SRTM_30m_simulated,150
12.84565,74.87075,114.0,23.57,341.6,LOW,SRTM_30m_simulated,150
12.84565,74.8721,116.4,8.53,79.5,LOW,SRTM_30m_simulated,150
12.84565,74.87345,119.9,1.51,313.9,LOW,SRTM_30m_simulated,150
12.84565,74.8748,123.7,10.32,147.0,LOW,SRTM_30m_simulated,150
12.84565,74.87615,126.4,15.28,303.7,LOW,SRTM_30m_simulated,150
12.84565,74.8775,127.6,15.57,219.1,LOW,SRTM_30m_simulated,150
12.84565,74.87885,131.6,3.89,204.8,LOW,SRTM_30m_simulated,150
12.84565,74.8802,134.8,15.09,248.9,LOW,SRTM_30m_simulated,150
12.84565,74.88155,138.0,30.86,78.2,LOW,SRTM_30m_simulated,150
12.84565,74.8829,140.9,14.92,46.7,LOW,SRTM_30m_simulated,150
12.84565,74.88425,143.8,17.0,345.4,LOW,SRTM_30m_simulated,150
12.84565,74.8856,146.2,26.38,66.7,LOW,SRTM_30m_simulated,150
12.84565,74.88695,150.2,18.6,340.7,LOW,SRTM_30m_simulated,150
12.84565,74.8883,152.4,33.41,292.3,LOW,SRTM_30m_simulated,150
12.84565,74.88965,154.9,17.29,25.8,LOW,SRTM_30m_simulated,150
12.84565,74.891,159.7,36.1,8.0,LOW,SRTM_30m_simulated,150
12.84565,74.89235,161.2,25.47,289.0,LOW,SRTM_30m_simulated,150
12.84565,74.8937,163.8,1.28,315.5,LOW,SRTM_30m_simulated,150
12.84565,74.89505,167.7,19.36,259.0,LOW,SRTM_30m_simulated,150
12.84565,74.8964,170.3,16.42,209.7,LOW,SRTM_30m_simulated,150
12.84565,74.89775,173.0,30.87,215.6,LOW,SRTM_30m_simulated,150
12.84565,74.8991,176.1,19.24,124.6,LOW,SRTM_30m_simulated,150
12.84565,74.90045,179.1,16.57,268.4,LOW,SRTM_30m_simulated,150
12.84565,74.9018,182.2,22.08,228.1,LOW,SRTM_30m_simulated,150
12.84565,74.90315,185.9,17.52,304.1,LOW,SRTM_30m_simulated,150
12.84565,74.9045,187.6,39.71,179.1,LOW,SRTM_30m_simulated,150
12.84565,74.90585,190.5,34.62,0.8,LOW,SRTM_30m_simulated,150
12.84565,74.9072,194.6,35.77,233.0,LOW,SRTM_30m_simulated,150
12.84565,74.90855,197.4,15.6,182.4,LOW,SRTM_30m_simulated,150
12.84565,74.9099,200.5,8.89,312.8,LOW,SRTM_30m_simulated,150
12.847,74.81,0.0,1.14,169.9,HIGH,SRTM_30m_simulated,150
12.847,74.81135,0.0,9.13,222.7,HIGH,SRTM_30m_simulated,150
12.847,74.8127,0.0,3.81,79.1,HIGH,SRTM_30m_simulated,150
12.847,74.81405,1.2,8.12,284.4,HIGH,SRTM_30m_simulated,150
12.847,74.8154,3.4,2.08,45.5,HIGH,SRTM_30m_simulated,150
12.847,74.81675,5.3,6.08,285.0,MEDIUM,SRTM_30m_simulated,150
12.847,74.8181,8.4,9.68,133.1,MEDIUM,SRTM_30m_simulated,150
12.847,74.81945,10.3,11.87,71.7,MEDIUM,SRTM_30m_simulated,150
12.847,74.8208,13.3,4.59,56.8,MEDIUM,SRTM_30m_simulated,150
12.847,74.82215,16.2,14.55,258.1,LOW,SRTM_30m_simulated,150
12.847,74.8235,17.8,5.89,0.4,LOW,SRTM_30m_simulated,150
12.847,74.82485,21.0,0.08,348.1,LOW,SRTM_30m_simulated,150
12.847,74.8262,23.1,4.98,135.4,LOW,SRTM_30m_simulated,150
12.847,74.82755,25.2,2.06,97.6,LOW,SRTM_30m_simulated,150
12.847,74.8289,28.4,15.64,318.7,LOW,SRTM_30m_simulated,150
12.847,74.83025,30.6,0.63,119.0,LOW,SRTM_30m_simulated,150
12.847,74.8316,32.9,3.97,191.8,LOW,SRTM_30m_simulated,150
12.847,74.83295,36.2,10.8,48.1,LOW,SRTM_30m_simulated,150
12.847,74.8343,38.6,14.2,118.5,LOW,SRTM_30m_simulated,150
12.847,74.83565,41.5,8.58,57.4,LOW,SRTM_30m_simulated,150
12.847,74.837,43.7,20.92,51.7,LOW,SRTM_30m_simulated,150
12.847,74.83835,45.9,17.91,359.4,LOW,SRTM_30m_simulated,150
12.847,74.8397,50.3,12.4,324.4,LOW,SRTM_30m_simulated,150
12.847,74.84105,52.0,3.95,206.0,LOW,SRTM_30m_simulated,150
12.847,74.8424,54.0,20.84,16.2,LOW,SRTM_30m_simulated,150
12.847,74.84375,57.1,1.25,343.3,LOW,SRTM_30m_simulated,150
12.847,74.8451,60.3,2.9,47.3,LOW,SRTM_30m_simulated,150
12.847,74.84645,61.9,2.07,41.5,LOW,SRTM_30m_simulated,150
12.847,74.8478,65.3,22.27,353.9,LOW,SRTM_30m_simulated,150
12.847,74.84915,68.4,18.48,119.2,LOW,SRTM_30m_simulated,150
12.847,74.8505,70.6,4.49,170.8,LOW,SRTM_30m_simulated,150
12.847,74.85185,72.4,9.8,181.2,LOW,SRTM_30m_simulated,150
12.847,74.8532,75.5,15.91,20.3,LOW,SRTM_30m_simulated,150
12.847,74.85455,77.8,5.21,92.1,LOW,SRTM_30m_simulated,150
12.847,74.8559,81.0,20.96,143.9,LOW,SRTM_30m_simulated,150
12.847,74.85725,82.9,20.81,271.9,LOW,SRTM_30m_simulated,150
12.847,74.8586,86.4,13.47,271.1,LOW,SRTM_30m_simulated,150
12.847,74.85995,89.0,8.86,311.2,LOW,SRTM_30m_simulated,150
12.847,74.8613,92.9,14.5,188.0,LOW,SRTM_30m_simulated,150
12.847,74.86265,94.9,23.04,51.3,LOW,SRTM_30m_simulated,150
12.847,74.864,98.8,25.2,110.6,LOW,SRTM_30m_simulated,150
12.847,74.86535,100.5,26.81,165.8,LOW,SRTM_30m_simulated,150
12.847,74.8667,104.2,7.62,74.4,LOW,SRTM_30m_simulated,150
12.847,74.86805,107.3,28.2,253.9,LOW,SRTM_30m_simulated,150
12.847,74.8694,109.9,19.11,304.8,LOW,SRTM_30m_simulated,150
12.847,74.87075,113.1,25.49,28.6,LOW,SRTM_30m_simulated,150
12.847,74.8721,115.4,6.38,13.6,LOW,SRTM_30m_simulated,150
12.847,74.87345,119.0,5.96,249.5,LOW,SRTM_30m_simulated,150
12.847,74.8748,121.7,31.58,89.8,LOW,SRTM_30m_simulated,150
12.847,74.87615,125.0,25.49,351.2,LOW,SRTM_30m_simulated,150
12.847,74.8775,126.7,21.94,8.7,LOW,SRTM_30m_simulated,150
12.847,74.87885,130.7,21.9,338.1,LOW,SRTM_30m_simulated,150
12.847,74.8802,133.2,20.47,253.7,LOW,SRTM_30m_simulated,150
12.847,74.88155,136.6,16.32,63.1,LOW,SRTM_30m_simulated,150
12.847,74.8829,139.6,17.67,90.1,LOW,SRTM_30m_simulated,150
12.847,74.88425,143.0,0.26,192.0,LOW,SRTM_30m_simulated,150
12.847,74.8856,144.9,13.42,56.1,LOW,SRTM_30m_simulated,150
12.847,74.88695,147.4,25.56,119.3,LOW,SRTM_30m_simulated,150
12.847,74.8883,151.2,1.77,301.6,LOW,SRTM_30m_simulated,150
12.847,74.88965,155.1,21.1,291.1,LOW,SRTM_30m_simulated,150
12.847,74.891,157.9,29.3,53.4,LOW,SRTM_30m_simulated,150
12.847,74.89235,159.6,0.2,32.2,LOW,SRTM_30m_simulated,150
12.847,74.8937,164.2,32.91,85.9,LOW,SRTM_30m_simulated,150
12.847,74.89505,167.2,39.14,312.4,LOW,SRTM_30m_simulated,150
12.847,74.8964,168.7,7.97,122.5,LOW,SRTM_30m_simulated,150
12.847,74.89775,171.9,27.22,210.6,LOW,SRTM_30m_simulated,150
12.847,74.8991,174.6,36.96,23.7,LOW,SRTM_30m_simulated,150
12.847,74.90045,177.1,40.92,95.6,LOW,SRTM_30m_simulated,150
12.847,74.9018,181.4,20.08,244.4,LOW,SRTM_30m_simulated,150
12.847,74.90315,184.2,22.42,29.2,LOW,SRTM_30m_simulated,150
12.847,74.9045,186.7,28.5,86.0,LOW,SRTM_30m_simulated,150
12.847,74.90585,189.7,24.27,257.3,LOW,SRTM_30m_simulated,150
12.847,74.9072,192.8,12.07,208.8,LOW,SRTM_30m_simulated,150
12.847,74.90855,195.3,15.51,139.3,LOW,SRTM_30m_simulated,150
12.847,74.9099,199.0,10.77,0.3,LOW,SRTM_30m_simulated,150
12.84835,74.81,0.0,10.54,223.0,HIGH,SRTM_30m_simulated,150
12.84835,74.81135,0.0,7.87,150.6,HIGH,SRTM_30m_simulated,150
12.84835,74.8127,0.0,5.41,308.5,HIGH,SRTM_30m_simulated,150
12.84835,74.81405,0.0,5.7,124.7,HIGH,SRTM_30m_simulated,150
12.84835,74.8154,1.5,8.02,335.6,HIGH,SRTM_30m_simulated,150
12.84835,74.81675,4.7,4.18,216.9,HIGH,SRTM_30m_simulated,150
12.84835,74.8181,7.1,7.85,294.5,MEDIUM,SRTM_30m_simulated,150
12.84835,74.81945,9.0,4.58,176.2,MEDIUM,SRTM_30m_simulated,150
12.84835,74.8208,11.6,3.57,158.9,MEDIUM,SRTM_30m_simulated,150
12.84835,74.82215,14.8,4.66,264.2,MEDIUM,SRTM_30m_simulated,150
12.84835,74.8235,16.5,17.17,70.1,LOW,SRTM_30m_simulated,150
12.84835,74.82485,19.2,1.93,328.2,LOW,SRTM_30m_simulated,150
12.84835,74.8262,22.3,10.33,40.5,LOW,SRTM_30m_simulated,150
12.84835,74.82755,24.4,18.29,235.6,LOW,SRTM_30m_simulated,150
12.84835,74.8289,27.2,9.31,24.9,LOW,SRTM_30m_simulated,150
12.84835,74.83025,29.7,7.59,323.7,LOW,SRTM_30m_simulated,150
12.84835,74.8316,32.2,17.76,86.5,LOW,SRTM_30m_simulated,150
12.84835,74.83295,35.2,4.98,215.8,LOW,SRTM_30m_simulated,150
12.84835,74.8343,36.8,19.39,50.6,LOW,SRTM_30m_simulated,150
12.84835,74.83565,40.3,0.29,188.7,LOW,SRTM_30m_simulated,150
12.84835,74.837,43.0,9.77,240.4,LOW,SRTM_30m_simulated,150
12.84835,74.83835,46.2,12.03,215.3,LOW,SRTM_30m_simulated,150
12.84835,74.8397,48.0,15.05,240.6,LOW,SRTM_30m_simulated,150
12.84835,74.84105,51.7,5.44,259.9,LOW,SRTM_30m_simulated,150
12.84835,74.8424,53.1,20.67,216.4,LOW,SRTM_30m_simulated,150
12.84835,74.84375,56.2,8.55,261.1,LOW,SRTM_30m_simulated,150
12.84835,74.8451,58.9,16.73,8.2,LOW,SRTM_30m_simulated,150
12.84835,74.84645,61.9,4.94,100.9,LOW,SRTM_30m_simulated,150
12.84835,74.8478,63.5,11.01,53.1,LOW,SRTM_30m_simulated,150
12.84835,74.84915,67.1,21.57,288.7,LOW,SRTM_30m_simulated,150
12.84835,74.8505,69.2,18.67,65.6,LOW,SRTM_30m_simulated,150
12.84835,74.85185,72.5,13.71,177.4,LOW,SRTM_30m_simulated,150
12.84835,74.8532,75.0,13.07,172.0,LOW,SRTM_30m_simulated,150
12.84835,74.85455,77.4,26.22,271.9,LOW,SRTM_30m_simulated,150
12.84835,74.8559,80.7,6.5,267.9,LOW,SRTM_30m_simulated,150
12.84835,74.85725,82.1,13.18,126.6,LOW,SRTM_30m_simulated,150
12.84835,74.8586,85.5,19.74,343.7,LOW,SRTM_30m_simulated,150
12.84835,74.85995,87.6,19.95,296.2,LOW,SRTM_30m_simulated,150
12.84835,74.8613,91.2,15.81,94.3,LOW,SRTM_30m_simulated,150
12.84835,74.86265,93.7,18.19,253.1,LOW,SRTM_30m_simulated,150
12.84835,74.864,97.6,8.73,320.4,LOW,SRTM_30m_simulated,150
12.84835,74.86535,99.9,16.27,101.4,LOW,SRTM_30m_simulated,150
12.84835,74.8667,103.7,14.18,199.0,LOW,SRTM_30m_simulated,150
12.84835,74.86805,106.1,29.09,13.4,LOW,SRTM_30m_simulated,150
12.84835,74.8694,109.6,20.43,117.6,LOW,SRTM_30m_simulated,150
12.84835,74.87075,111.7,24.81,238.4,LOW,SRTM_30m_simulated,150
12.84835,74.8721,115.1,15.09,141.9,LOW,SRTM_30m_simulated,150
12.84835,74.87345,118.1,19.61,70.2,LOW,SRTM_30m_simulated,150
12.84835,74.8748,120.9,6.03,270.0,LOW,SRTM_30m_simulated,150
12.84835,74.87615,123.9,13.57,141.4,LOW,SRTM_30m_simulated,150
12.84835,74.8775,126.9,6.44,45.0,LOW,SRTM_30m_simulated,150
12.84835,74.87885,130.7,11.01,344.3,LOW,SRTM_30m_simulated,150
12.84835,74.8802,132.7,19.18,329.7,LOW,SRTM_30m_simulated,150
12.84835,74.88155,135.6,8.97,342.9,LOW,SRTM_30m_simulated,150
12.84835,74.8829,138.8,21.03,28.3,LOW,SRTM_30m_simulated,150
12.84835,74.88425,141.4,17.74,172.7,LOW,SRTM_30m_simulated,150
12.84835,74.8856,144.7,11.97,15.6,LOW,SRTM_30m_simulated,150
12.84835,74.88695,147.3,34.99,90.7,LOW,SRTM_30m_simulated,150
12.84835,74.8883,150.6,14.9,215.3,LOW,SRTM_30m_simulated,150
12.84835,74.88965,154.4,12.93,243.9,LOW,SRTM_30m_simulated,150
12.84835,74.891,156.3,4.33,28.3,LOW,SRTM_30m_simulated,150
12.84835,74.89235,160.1,4.26,161.1,LOW,SRTM_30m_simulated,150
12.84835,74.8937,162.5,33.6,7.8,LOW,SRTM_30m_simulated,150
12.84835,74.89505,166.5,30.69,46.6,LOW,SRTM_30m_simulated,150
12.84835,74.8964,167.5,31.51,357.3,LOW,SRTM_30m_simulated,150
12.84835,74.89775,171.3,8.88,279.7,LOW,SRTM_30m_simulated,150
12.84835,74.8991,174.5,28.51,9.2,LOW,SRTM_30m_simulated,150
12.84835,74.90045,176.9,28.36,123.8,LOW,SRTM_30m_simulated,150
12.84835,74.9018,180.3,39.49,189.0,LOW,SRTM_30m_simulated,150
12.84835,74.90315,183.5,25.55,153.7,LOW,SRTM_30m_simulated,150
12.84835,74.9045,186.7,19.07,211.1,LOW,SRTM_30m_simulated,150
12.84835,74.90585,189.2,33.92,247.1,LOW,SRTM_30m_simulated,150
12.84835,74.9072,191.7,0.64,74.0,LOW,SRTM_30m_simulated,150
12.84835,74.90855,195.0,40.78,130.5,LOW,SRTM_30m_simulated,150
12.84835,74.9099,197.9,29.25,23.7,LOW,SRTM_30m_simulated,150
12.8497,74.81,0.0,7.52,189.3,HIGH,SRTM_30m_simulated,150
12.8497,74.81135,0.0,4.23,297.4,HIGH,SRTM_30m_simulated,150
12.8497,74.8127,0.0,11.8,329.3,HIGH,SRTM_30m_simulated,150
12.8497,74.81405,0.0,3.54,224.3,HIGH,SRTM_30m_simulated,150
12.8497,74.8154,2.0,13.08,259.2,HIGH,SRTM_30m_simulated,150
12.8497,74.81675,4.1,12.32,296.8,HIGH,SRTM_30m_simulated,150
12.8497,74.8181,6.2,15.35,322.0,MEDIUM,SRTM_30m_simulated,150
12.8497,74.81945,8.5,14.48,280.4,MEDIUM,SRTM_30m_simulated,150
12.8497,74.8208,11.2,6.73,77.9,MEDIUM,SRTM_30m_simulated,150
12.8497,74.82215,13.9,3.16,2.6,MEDIUM,SRTM_30m_simulated,150
12.8497,74.8235,15.7,9.0,184.9,LOW,SRTM_30m_simulated,150
12.8497,74.82485,18.7,8.93,277.9,LOW,SRTM_30m_simulated,150
12.8497,74.8262,21.5,12.05,58.6,LOW,SRTM_30m_simulated,150
12.8497,74.82755,24.0,15.98,80.1,LOW,SRTM_30m_simulated,150
12.8497,74.8289,26.2,0.87,131.0,LOW,SRTM_30m_simulated,150
12.8497,74.83025,28.3,10.37,310.7,LOW,SRTM_30m_simulated,150
12.8497,74.8316,30.8,3.54,350.7,LOW,SRTM_30m_simulated,150
12.8497,74.83295,34.4,4.01,327.9,LOW,SRTM_30m_simulated,150
12.8497,74.8343,37.2,9.78,229.8,LOW,SRTM_30m_simulated,150
12.8497,74.83565,39.2,3.11,129.0,LOW,SRTM_30m_simulated,150
12.8497,74.837,42.0,17.9,14.1,LOW,SRTM_30m_simulated,150
12.8497,74.83835,45.1,1.64,269.5,LOW,SRTM_30m_simulated,150
12.8497,74.8397,46.8,15.91,214.0,LOW,SRTM_30m_simulated,150
12.8497,74.84105,49.5,1.49,180.0,LOW,SRTM_30m_simulated,150
12.8497,74.8424,53.3,19.5,180.9,LOW,SRTM_30m_simulated,150
12.8497,74.84375,55.8,18.11,232.5,LOW,SRTM_30m_simulated,150
12.8497,74.8451,57.9,16.3,309.8,LOW,SRTM_30m_simulated,150
12.8497,74.84645,60.7,16.86,295.5,LOW,SRTM_30m_simulated,150
12.8497,74.8478,62.8,6.86,257.8,LOW,SRTM_30m_simulated,150
12.8497,74.84915,66.0,18.74,160.2,LOW,SRTM_30m_simulated,150
12.8497,74.8505,69.6,13.88,169.5,LOW,SRTM_30m_simulated,150
12.8497,74.85185,72.2,0.58,351.8,LOW,SRTM_30m_simulated,150
12.8497,74.8532,73.7,17.33,253.1,LOW,SRTM_30m_simulated,150
12.8497,74.85455,77.3,15.0,307.1,LOW,SRTM_30m_simulated,150
12.8497,74.8559,78.7,1.41,118.0,LOW,SRTM_30m_simulated,150
12.8497,74.85725,82.4,23.07,252.2,LOW,SRTM_30m_simulated,150
12.8497,74.8586,85.3,4.33,34.9,LOW,SRTM_30m_simulated,150
12.8497,74.85995,88.2,2.32,259.5,LOW,SRTM_30m_simulated,150
12.8497,74.8613,90.8,26.84,170.4,LOW,SRTM_30m_simulated,150
12.8497,74.86265,94.3,22.36,111.8,LOW,SRTM_30m_simulated,150
12.8497,74.864,97.0,20.86,318.4,LOW,SRTM_30m_simulated,150
12.8497,74.86535,98.7,11.33,60.7,LOW,SRTM_30m_simulated,150
12.8497,74.8667,102.3,27.26,291.1,LOW,SRTM_30m_simulated,150
12.8497,74.86805,105.1,15.87,223.0,LOW,SRTM_30m_simulated,150
12.8497,74.8694,108.7,31.16,199.4,LOW,SRTM_30m_simulated,150
12.8497,74.87075,110.3,22.74,119.1,LOW,SRTM_30m_simulated,150
12.8497,74.8721,113.5,3.68,138.8,LOW,SRTM_30m_simulated,150
12.8497,74.87345,117.8,30.9,160.3,LOW,SRTM_30m_simulated,150
12.8497,74.8748,120.4,3.4,52.6,LOW,SRTM_30m_simulated,150
12.8497,74.87615,122.8,6.54,28.6,LOW,SRTM_30m_simulated,150
12.8497,74.8775,126.9,1.16,309.0,LOW,SRTM_30m_simulated,150
12.8497,74.87885,128.9,15.44,78.1,LOW,SRTM_30m_simulated,150
12.8497,74.8802,131.3,0.5,245.6,LOW,SRTM_30m_simulated,150
12.8497,74.88155,135.7,21.59,168.0,LOW,SRTM_30m_simulated,150
12.8497,74.8829,137.1,24.45,96.6,LOW,SRTM_30m_simulated,150
12.8497,74.88425,140.3,1.7,213.6,LOW,SRTM_30m_simulated,150
12.8497,74.8856,144.3,11.3,191.8,LOW,SRTM_30m_simulated,150
12.8497,74.88695,146.9,9.21,319.4,LOW,SRTM_30m_simulated,150
12.8497,74.8883,150.1,1.62,220.7,LOW,SRTM_30m_simulated,150
12.8497,74.88965,152.9,15.81,273.9,LOW,SRTM_30m_simulated,150
12.8497,74.891,155.7,9.42,349.1,LOW,SRTM_30m_simulated,150
12.8497,74.89235,159.0,26.38,122.0,LOW,SRTM_30m_simulated,150
12.8497,74.8937,160.7,27.48,139.0,LOW,SRTM_30m_simulated,150
12.8497,74.89505,165.1,36.97,15.5,LOW,SRTM_30m_simulated,150
12.8497,74.8964,167.4,36.07,70.0,LOW,SRTM_30m_simulated,150
12.8497,74.89775,171.0,26.06,296.5,LOW,SRTM_30m_simulated,150
12.8497,74.8991,174.4,29.36,24.2,LOW,SRTM_30m_simulated,150
12.8497,74.90045,176.6,20.01,77.7,LOW,SRTM_30m_simulated,150
12.8497,74.9018,179.6,20.07,32.2,LOW,SRTM_30m_simulated,150
12.8497,74.90315,182.2,3.65,108.8,LOW,SRTM_30m_simulated,150
12.8497,74.9045,184.6,41.17,65.1,LOW,SRTM_30m_simulated,150
12.8497,74.90585,187.8,20.79,309.6,LOW,SRTM_30m_simulated,150
12.8497,74.9072,190.7,17.31,233.0,LOW,SRTM_30m_simulated,150
12.8497,74.90855,194.1,5.56,322.6,LOW,SRTM_30m_simulated,150
12.8497,74.9099,196.8,33.52,181.0,LOW,SRTM_30m_simulated,150
12.85105,74.81,0.0,12.61,34.3,HIGH,SRTM_30m_simulated,150
12.85105,74.81135,0.0,1.97,291.1,HIGH,SRTM_30m_simulated,150
12.85105,74.8127,0.0,5.64,68.9,HIGH,SRTM_30m_simulated,150
12.85105,74.81405,0.0,4.42,114.4,HIGH,SRTM_30m_simulated,150
12.85105,74.8154,0.8,9.44,237.8,HIGH,SRTM_30m_simulated,150
12.85105,74.81675,4.1,3.26,274.3,HIGH,SRTM_30m_simulated,150
12.85105,74.8181,5.2,11.78,162.9,MEDIUM,SRTM_30m_simulated,150
12.85105,74.81945,8.0,9.08,5.5,MEDIUM,SRTM_30m_simulated,150
12.85105,74.8208,10.5,16.22,205.2,MEDIUM,SRTM_30m_simulated,150
12.85105,74.82215,12.7,10.92,358.6,MEDIUM,SRTM_30m_simulated,150
12.85105,74.8235,14.8,1.96,227.1,MEDIUM,SRTM_30m_simulated,150
12.85105,74.82485,18.4,14.22,124.8,LOW,SRTM_30m_simulated,150
12.85105,74.8262,20.5,14.24,143.3,LOW,SRTM_30m_simulated,150
12.85105,74.82755,23.2,3.19,221.4,LOW,SRTM_30m_simulated,150
12.85105,74.8289,25.8,5.56,147.8,LOW,SRTM_30m_simulated,150
12.85105,74.83025,27.4,6.42,244.3,LOW,SRTM_30m_simulated,150
12.85105,74.8316,31.1,2.44,70.3,LOW,SRTM_30m_simulated,150
12.85105,74.83295,33.5,6.38,186.2,LOW,SRTM_30m_simulated,150
12.85105,74.8343,35.8,15.44,58.7,LOW,SRTM_30m_simulated,150
12.85105,74.83565,38.4,10.4,359.5,LOW,SRTM_30m_simulated,150
12.85105,74.837,41.7,6.15,198.6,LOW,SRTM_30m_simulated,150
12.85105,74.83835,43.9,3.15,35.6,LOW,SRTM_30m_simulated,150
12.85105,74.8397,46.1,6.53,111.5,LOW,SRTM_30m_simulated,150
12.85105,74.84105,49.4,2.15,301.7,LOW,SRTM_30m_simulated,150
12.85105,74.8424,51.6,13.92,105.2,LOW,SRTM_30m_simulated,150
12.85105,74.84375,54.7,3.96,143.5,LOW,SRTM_30m_simulated,150
12.85105,74.8451,57.3,2.48,175.9,LOW,SRTM_30m_simulated,150
12.85105,74.84645,60.0,8.16,133.3,LOW,SRTM_30m_simulated,150
12.85105,74.8478,63.6,11.45,107.0,LOW,SRTM_30m_simulated,150
12.85105,74.84915,64.8,0.91,6.2,LOW,SRTM_30m_simulated,150
12.85105,74.8505,67.4,11.26,216.1,LOW,SRTM_30m_simulated,150
12.85105,74.85185,70.3,10.81,115.5,LOW,SRTM_30m_simulated,150
12.85105,74.8532,73.1,5.21,75.0,LOW,SRTM_30m_simulated,150
12.85105,74.85455,76.0,15.23,76.5,LOW,SRTM_30m_simulated,150
12.85105,74.8559,78.0,25.84,358.9,LOW,SRTM_30m_simulated,150
12.85105,74.85725,81.6,11.49,175.9,LOW,SRTM_30m_simulated,150
12.85105,74.8586,84.2,26.97,348.7,LOW,SRTM_30m_simulated,150
12.85105,74.85995,87.2,9.33,121.6,LOW,SRTM_30m_simulated,150
12.85105,74.8613,88.9,15.69,247.8,LOW,SRTM_30m_simulated,150
12.85105,74.86265,92.8,12.34,115.4,LOW,SRTM_30m_simulated,150
12.85105,74.864,95.6,12.62,48.5,LOW,SRTM_30m_simulated,150
12.85105,74.86535,98.3,8.41,146.0,LOW,SRTM_30m_simulated,150
12.85105,74.8667,101.1,21.13,251.7,LOW,SRTM_30m_simulated,150
12.85105,74.86805,105.1,16.68,129.0,LOW,SRTM_30m_simulated,150
12.85105,74.8694,107.9,14.31,202.7,LOW,SRTM_30m_simulated,150
12.85105,74.87075,109.7,6.1,190.0,LOW,SRTM_30m_simulated,150
12.85105,74.8721,112.4,22.32,262.1,LOW,SRTM_30m_simulated,150
12.85105,74.87345,115.9,21.21,117.7,LOW,SRTM_30m_simulated,150
12.85105,74.8748,118.0,24.26,124.3,LOW,SRTM_30m_simulated,150
12.85105,74.87615,122.1,3.76,190.2,LOW,SRTM_30m_simulated,150
12.85105,74.8775,125.3,1.18,213.9,LOW,SRTM_30m_simulated,150
12.85105,74.87885,127.3,6.47,193.6,LOW,SRTM_30m_simulated,150
12.85105,74.8802,130.8,15.02,3.6,LOW,SRTM_30m_simulated,150
12.85105,74.88155,134.3,34.59,228.7,LOW,SRTM_30m_simulated,150
12.85105,74.8829,137.5,9.88,292.0,LOW,SRTM_30m_simulated,150
12.85105,74.88425,139.7,27.54,27.6,LOW,SRTM_30m_simulated,150
12.85105,74.8856,143.5,31.95,208.7,LOW,SRTM_30m_simulated,150
12.85105,74.88695,146.8,30.36,145.4,LOW,SRTM_30m_simulated,150
12.85105,74.8883,149.8,19.98,135.3,LOW,SRTM_30m_simulated,150
12.85105,74.88965,152.3,17.05,112.4,LOW,SRTM_30m_simulated,150
12.85105,74.891,154.9,4.08,107.2,LOW,SRTM_30m_simulated,150
12.85105,74.89235,157.7,21.08,282.9,LOW,SRTM_30m_simulated,150
12.85105,74.8937,160.1,31.87,192.1,LOW,SRTM_30m_simulated,150
12.85105,74.89505,162.8,38.71,346.8,LOW,SRTM_30m_simulated,150
12.85105,74.8964,166.8,21.6,99.8,LOW,SRTM_30m_simulated,150
12.85105,74.89775,170.0,16.72,179.3,LOW,SRTM_30m_simulated,150
12.85105,74.8991,172.7,7.14,332.5,LOW,SRTM_30m_simulated,150
12.85105,74.90045,176.5,36.27,156.1,LOW,SRTM_30m_simulated,150
12.85105,74.9018,179.1,40.84,346.8,LOW,SRTM_30m_simulated,150
12.85105,74.90315,181.4,23.63,349.1,LOW,SRTM_30m_simulated,150
12.85105,74.9045,184.2,32.29,1.9,LOW,SRTM_30m_simulated,150
12.85105,74.90585,187.4,39.91,194.6,LOW,SRTM_30m_simulated,150
12.85105,74.9072,189.9,18.72,152.8,LOW,SRTM_30m_simulated,150
12.85105,74.90855,193.1,39.19,14.9,LOW,SRTM_30m_simulated,150
12.85105,74.9099,196.3,17.69,206.9,LOW,SRTM_30m_simulated,150
12.8524,74.81,0.0,13.71,241.1,HIGH,SRTM_30m_simulated,150
12.8524,74.81135,0.0,1.15,268.2,HIGH,SRTM_30m_simulated,150
12.8524,74.8127,0.0,9.58,18.4,HIGH,SRTM_30m_simulated,150
12.8524,74.81405,0.0,8.26,203.8,HIGH,SRTM_30m_simulated,150
12.8524,74.8154,0.2,10.52,336.6,HIGH,SRTM_30m_simulated,150
12.8524,74.81675,3.3,12.77,147.4,HIGH,SRTM_30m_simulated,150
12.8524,74.8181,4.4,14.4,292.7,HIGH,SRTM_30m_simulated,150
12.8524,74.81945,7.1,1.45,199.7,MEDIUM,SRTM_30m_simulated,150
12.8524,74.8208,10.2,2.08,18.6,MEDIUM,SRTM_30m_simulated,150
12.8524,74.82215,12.2,16.54,18.3,MEDIUM,SRTM_30m_simulated,150
12.8524,74.8235,14.3,7.66,90.2,MEDIUM,SRTM_30m_simulated,150
12.8524,74.82485,16.8,11.67,79.1,LOW,SRTM_30m_simulated,150
12.8524,74.8262,19.8,10.69,206.5,LOW,SRTM_30m_simulated,150
12.8524,74.82755,22.4,11.56,247.6,LOW,SRTM_30m_simulated,150
12.8524,74.8289,24.9,14.67,210.8,LOW,SRTM_30m_simulated,150
12.8524,74.83025,27.3,10.27,30.2,LOW,SRTM_30m_simulated,150
12.8524,74.8316,29.9,1.65,44.9,LOW,SRTM_30m_simulated,150
12.8524,74.83295,33.1,9.77,205.1,LOW,SRTM_30m_simulated,150
12.8524,74.8343,34.9,11.23,359.6,LOW,SRTM_30m_simulated,150
12.8524,74.83565,38.5,19.89,292.3,LOW,SRTM_30m_simulated,150
12.8524,74.837,41.1,11.1,257.4,LOW,SRTM_30m_simulated,150
12.8524,74.83835,42.8,13.25,148.6,LOW,SRTM_30m_simulated,150
12.8524,74.8397,46.6,16.68,46.1,LOW,SRTM_30m_simulated,150
12.8524,74.84105,48.3,4.64,122.3,LOW,SRTM_30m_simulated,150
12.8524,74.8424,50.7,10.4,26.9,LOW,SRTM_30m_simulated,150
12.8524,74.84375,53.6,6.14,222.7,LOW,SRTM_30m_simulated,150
12.8524,74.8451,56.4,5.29,153.9,LOW,SRTM_30m_simulated,150
12.8524,74.84645,60.0,23.72,324.0,LOW,SRTM_30m_simulated,150
12.8524,74.8478,61.7,8.92,111.9,LOW,SRTM_30m_simulated,150
12.8524,74.84915,64.6,7.33,353.2,LOW,SRTM_30m_simulated,150
12.8524,74.8505,67.5,18.86,219.8,LOW,SRTM_30m_simulated,150
12.8524,74.85185,70.2,18.18,163.1,LOW,SRTM_30m_simulated,150
12.8524,74.8532,72.6,10.37,312.1,LOW,SRTM_30m_simulated,150
12.8524,74.85455,75.7,10.92,48.6,LOW,SRTM_30m_simulated,150
12.8524,74.8559,78.3,4.75,57.1,LOW,SRTM_30m_simulated,150
12.8524,74.85725,81.0,12.81,330.3,LOW,SRTM_30m_simulated,150
12.8524,74.8586,84.3,21.99,335.1,LOW,SRTM_30m_simulated,150
12.8524,74.85995,85.6,1.1,342.6,LOW,SRTM_30m_simulated,150
12.8524,74.8613,89.5,27.09,241.2,LOW,SRTM_30m_simulated,150
12.8524,74.86265,92.8,14.78,162.5,LOW,SRTM_30m_simulated,150
12.8524,74.864,94.7,11.7,109.9,LOW,SRTM_30m_simulated,150
12.8524,74.86535,97.6,11.68,75.4,LOW,SRTM_30m_simulated,150
12.8524,74.8667,100.8,20.13,215.3,LOW,SRTM_30m_simulated,150
12.8524,74.86805,104.5,24.32,121.7,LOW,SRTM_30m_simulated,150
12.8524,74.8694,107.6,17.19,159.4,LOW,SRTM_30m_simulated,150
12.8524,74.87075,109.2,7.21,316.5,LOW,SRTM_30m_simulated,150
12.8524,74.8721,112.9,13.58,196.1,LOW,SRTM_30m_simulated,150
12.8524,74.87345,116.0,25.91,221.1,LOW,SRTM_30m_simulated,150
12.8524,74.8748,117.4,17.84,183.6,LOW,SRTM_30m_simulated,150
12.8524,74.87615,121.5,26.55,300.6,LOW,SRTM_30m_simulated,150
12.8524,74.8775,125.5,14.12,305.3,LOW,SRTM_30m_simulated,150
12.8524,74.87885,127.6,24.81,334.3,LOW,SRTM_30m_simulated,150
12.8524,74.8802,130.8,1.19,339.3,LOW,SRTM_30m_simulated,150
12.8524,74.88155,133.4,34.13,41.0,LOW,SRTM_30m_simulated,150
12.8524,74.8829,136.8,9.75,239.3,LOW,SRTM_30m_simulated,150
12.8524,74.88425,140.0,22.34,125.4,LOW,SRTM_30m_simulated,150
12.8524,74.8856,143.1,9.0,308.2,LOW,SRTM_30m_simulated,150
12.8524,74.88695,145.0,16.8,125.1,LOW,SRTM_30m_simulated,150
12.8524,74.8883,148.1,8.72,77.4,LOW,SRTM_30m_simulated,150
12.8524,74.88965,150.8,27.71,256.8,LOW,SRTM_30m_simulated,150
12.8524,74.891,154.0,15.68,315.2,LOW,SRTM_30m_simulated,150
12.8524,74.89235,157.9,10.53,68.4,LOW,SRTM_30m_simulated,150
12.8524,74.8937,159.8,34.52,287.7,LOW,SRTM_30m_simulated,150
12.8524,74.89505,162.1,34.96,8.4,LOW,SRTM_30m_simulated,150
12.8524,74.8964,165.9,15.34,271.9,LOW,SRTM_30m_simulated,150
12.8524,74.89775,170.1,32.66,83.8,LOW,SRTM_30m_simulated,150
12.8524,74.8991,172.0,30.01,216.0,LOW,SRTM_30m_simulated,150
12.8524,74.90045,175.1,24.55,41.8,LOW,SRTM_30m_simulated,150
12.8524,74.9018,178.0,32.68,191.7,LOW,SRTM_30m_simulated,150
12.8524,74.90315,181.1,3.29,316.9,LOW,SRTM_30m_simulated,150
12.8524,74.9045,183.3,31.32,293.9,LOW,SRTM_30m_simulated,150
12.8524,74.90585,185.8,24.28,155.6,LOW,SRTM_30m_simulated,150
12.8524,74.9072,190.2,11.77,30.2,LOW,SRTM_30m_simulated,150
12.8524,74.90855,192.3,5.09,64.1,LOW,SRTM_30m_simulated,150
12.8524,74.9099,195.4,18.32,281.4,LOW,SRTM_30m_simulated,150
12.85375,74.81,0.0,5.11,221.6,HIGH,SRTM_30m_simulated,150
12.85375,74.81135,0.0,6.72,107.7,HIGH,SRTM_30m_simulated,150
12.85375,74.8127,0.0,5.52,147.4,HIGH,SRTM_30m_simulated,150
12.85375,74.81405,0.0,0.81,44.4,HIGH,SRTM_30m_simulated,150
12.85375,74.8154,0.0,3.43,26.4,HIGH,SRTM_30m_simulated,150
12.85375,74.81675,2.1,12.34,102.1,HIGH,SRTM_30m_simulated,150
12.85375,74.8181,3.9,13.55,12.2,HIGH,SRTM_30m_simulated,150
12.85375,74.81945,7.7,2.22,343.4,MEDIUM,SRTM_30m_simulated,150
12.85375,74.8208,9.8,7.84,17.9,MEDIUM,SRTM_30m_simulated,150
12.85375,74.82215,11.9,6.5,90.0,MEDIUM,SRTM_30m_simulated,150
12.85375,74.8235,13.3,16.88,13.4,MEDIUM,SRTM_30m_simulated,150
12.85375,74.82485,16.5,6.75,92.2,LOW,SRTM_30m_simulated,150
12.85375,74.8262,20.2,3.71,273.6,LOW,SRTM_30m_simulated,150
12.85375,74.82755,22.3,2.54,339.2,LOW,SRTM_30m_simulated,150
12.85375,74.8289,24.8,6.42,99.6,LOW,SRTM_30m_simulated,150
12.85375,74.83025,27.4,18.89,139.1,LOW,SRTM_30m_simulated,150
12.85375,74.8316,30.3,17.07,42.4,LOW,SRTM_30m_simulated,150
12.85375,74.83295,32.0,2.48,74.2,LOW,SRTM_30m_simulated,150
12.85375,74.8343,35.0,16.71,18.0,LOW,SRTM_30m_simulated,150
12.85375,74.83565,38.0,8.52,281.2,LOW,SRTM_30m_simulated,150
12.85375,74.837,40.4,8.06,163.4,LOW,SRTM_30m_simulated,150
12.85375,74.83835,43.1,8.9,248.7,LOW,SRTM_30m_simulated,150
12.85375,74.8397,45.4,10.21,194.0,LOW,SRTM_30m_simulated,150
12.85375,74.84105,48.4,8.73,203.7,LOW,SRTM_30m_simulated,150
12.85375,74.8424,50.7,7.73,103.0,LOW,SRTM_30m_simulated,150
12.85375,74.84375,53.3,11.13,305.8,LOW,SRTM_30m_simulated,150
12.85375,74.8451,56.9,5.0,115.3,LOW,SRTM_30m_simulated,150
12.85375,74.84645,58.5,17.67,136.8,LOW,SRTM_30m_simulated,150
12.85375,74.8478,62.0,8.27,318.3,LOW,SRTM_30m_simulated,150
12.85375,74.84915,64.5,12.81,177.6,LOW,SRTM_30m_simulated,150
12.85375,74.8505,66.3,10.6,111.3,LOW,SRTM_30m_simulated,150
12.85375,74.85185,70.0,22.82,157.0,LOW,SRTM_30m_simulated,150
12.85375,74.8532,71.5,6.19,12.2,LOW,SRTM_30m_simulated,150
12.85375,74.85455,75.2,23.89,153.1,LOW,SRTM_30m_simulated,150
12.85375,74.8559,77.7,19.72,35.8,LOW,SRTM_30m_simulated,150
12.85375,74.85725,79.1,2.49,310.3,LOW,SRTM_30m_simulated,150
12.85375,74.8586,83.1,20.21,134.2,LOW,SRTM_30m_simulated,150
12.85375,74.85995,85.9,2.25,89.6,LOW,SRTM_30m_simulated,150
12.85375,74.8613,88.7,22.62,243.4,LOW,SRTM_30m_simulated,150
12.85375,74.86265,91.7,12.16,231.8,LOW,SRTM_30m_simulated,150
12.85375,74.864,94.7,26.77,165.7,LOW,SRTM_30m_simulated,150
12.85375,74.86535,98.5,17.45,270.9,LOW,SRTM_30m_simulated,150
12.85375,74.8667,100.3,18.37,92.1,LOW,SRTM_30m_simulated,150
12.85375,74.86805,103.4,9.48,335.9,LOW,SRTM_30m_simulated,150
12.85375,74.8694,105.9,21.38,80.8,LOW,SRTM_30m_simulated,150
12.85375,74.87075,109.7,8.18,313.7,LOW,SRTM_30m_simulated,150
12.85375,74.8721,112.5,3.68,359.8,LOW,SRTM_30m_simulated,150
12.85375,74.87345,114.9,26.05,87.0,LOW,SRTM_30m_simulated,150
12.85375,74.8748,117.8,6.52,6.9,LOW,SRTM_30m_simulated,150
12.85375,74.87615,121.5,4.59,33.8,LOW,SRTM_30m_simulated,150
12.85375,74.8775,123.7,19.51,175.9,LOW,SRTM_30m_simulated,150
12.85375,74.87885,126.8,2.46,339.7,LOW,SRTM_30m_simulated,150
12.85375,74.8802,130.3,3.49,35.1,LOW,SRTM_30m_simulated,150
12.85375,74.88155,133.0,1.17,348.6,LOW,SRTM_30m_simulated,150
12.85375,74.8829,135.6,10.81,281.7,LOW,SRTM_30m_simulated,150
12.85375,74.88425,139.0,24.94,203.7,LOW,SRTM_30m_simulated,150
12.85375,74.8856,140.9,4.87,118.5,LOW,SRTM_30m_simulated,150
12.85375,74.88695,145.0,28.1,210.5,LOW,SRTM_30m_simulated,150
12.85375,74.8883,148.1,36.49,241.8,LOW,SRTM_30m_simulated,150
12.85375,74.88965,151.0,16.65,86.4,LOW,SRTM_30m_simulated,150
12.85375,74.891,153.9,7.97,324.8,LOW,SRTM_30m_simulated,150
12.85375,74.89235,157.0,33.69,346.3,LOW,SRTM_30m_simulated,150
12.85375,74.8937,161.1,25.77,40.6,LOW,SRTM_30m_simulated,150
12.85375,74.89505,163.1,16.08,347.5,LOW,SRTM_30m_simulated,150
12.85375,74.8964,165.3,25.47,131.2,LOW,SRTM_30m_simulated,150
12.85375,74.89775,168.7,34.88,239.9,LOW,SRTM_30m_simulated,150
12.85375,74.8991,171.8,0.27,15.7,LOW,SRTM_30m_simulated,150
12.85375,74.90045,174.9,18.61,293.8,LOW,SRTM_30m_simulated,150
12.85375,74.9018,178.5,12.5,275.3,LOW,SRTM_30m_simulated,150
12.85375,74.90315,179.8,5.56,255.6,LOW,SRTM_30m_simulated,150
12.85375,74.9045,183.1,32.66,145.4,LOW,SRTM_30m_simulated,150
12.85375,74.90585,186.5,21.66,33.4,LOW,SRTM_30m_simulated,150
12.85375,74.9072,189.7,38.31,278.7,LOW,SRTM_30m_simulated,150
12.85375,74.90855,192.2,37.45,184.7,LOW,SRTM_30m_simulated,150
12.85375,74.9099,196.5,8.42,267.7,LOW,SRTM_30m_simulated,150
12.8551,74.81,0.0,1.66,235.0,HIGH,SRTM_30m_simulated,150
12.8551,74.81135,0.0,8.94,213.5,HIGH,SRTM_30m_simulated,150
12.8551,74.8127,0.0,4.47,233.2,HIGH,SRTM_30m_simulated,150
12.8551,74.81405,0.0,6.07,26.0,HIGH,SRTM_30m_simulated,150
12.8551,74.8154,0.0,9.84,24.1,HIGH,SRTM_30m_simulated,150
12.8551,74.81675,1.4,12.65,279.4,HIGH,SRTM_30m_simulated,150
12.8551,74.8181,3.5,5.14,108.8,HIGH,SRTM_30m_simulated,150
12.8551,74.81945,6.8,9.24,61.2,MEDIUM,SRTM_30m_simulated,150
12.8551,74.8208,9.8,1.01,204.6,MEDIUM,SRTM_30m_simulated,150
12.8551,74.82215,12.1,12.24,307.8,MEDIUM,SRTM_30m_simulated,150
12.8551,74.8235,13.6,2.09,214.3,MEDIUM,SRTM_30m_simulated,150
12.8551,74.82485,16.8,8.53,268.8,LOW,SRTM_30m_simulated,150
12.8551,74.8262,19.4,10.83,146.1,LOW,SRTM_30m_simulated,150
12.8551,74.82755,22.3,17.69,170.5,LOW,SRTM_30m_simulated,150
12.8551,74.8289,23.9,6.26,296.1,LOW,SRTM_30m_simulated,150
12.8551,74.83025,26.3,10.15,175.4,LOW,SRTM_30m_simulated,150
12.8551,74.8316,29.9,5.69,347.3,LOW,SRTM_30m_simulated,150
12.8551,74.83295,32.3,10.35,272.1,LOW,SRTM_30m_simulated,150
12.8551,74.8343,34.8,2.83,156.7,LOW,SRTM_30m_simulated,150
12.8551,74.83565,36.8,12.27,29.5,LOW,SRTM_30m_simulated,150
12.8551,74.837,40.1,2.95,155.9,LOW,SRTM_30m_simulated,150
12.8551,74.83835,41.9,6.16,84.6,LOW,SRTM_30m_simulated,150
12.8551,74.8397,45.6,0.18,205.0,LOW,SRTM_30m_simulated,150
12.8551,74.84105,46.6,10.42,60.8,LOW,SRTM_30m_simulated,150
12.8551,74.8424,50.7,15.81,38.0,LOW,SRTM_30m_simulated,150
12.8551,74.84375,52.8,16.55,349.7,LOW,SRTM_30m_simulated,150
12.8551,74.8451,55.6,4.9,210.0,LOW,SRTM_30m_simulated,150
12.8551,74.84645,57.9,3.47,146.6,LOW,SRTM_30m_simulated,150
12.8551,74.8478,60.7,5.48,305.7,LOW,SRTM_30m_simulated,150
12.8551,74.84915,63.9,15.09,156.6,LOW,SRTM_30m_simulated,150
12.8551,74.8505,65.4,15.84,75.1,LOW,SRTM_30m_simulated,150
12.8551,74.85185,70.3,6.31,273.0,LOW,SRTM_30m_simulated,150
12.8551,74.8532,72.0,0.43,82.2,LOW,SRTM_30m_simulated,150
12.8551,74.85455,74.3,5.45,263.9,LOW,SRTM_30m_simulated,150
12.8551,74.8559,77.0,20.21,42.9,LOW,SRTM_30m_simulated,150
12.8551,74.85725,80.6,8.54,343.2,LOW,SRTM_30m_simulated,150
12.8551,74.8586,82.1,15.47,120.3,LOW,SRTM_30m_simulated,150
12.8551,74.85995,85.4,10.05,353.6,LOW,SRTM_30m_simulated,150
12.8551,74.8613,88.7,4.85,276.6,LOW,SRTM_30m_simulated,150
12.8551,74.86265,91.2,6.55,159.8,LOW,SRTM_30m_simulated,150
12.8551,74.864,94.5,14.2,8.1,LOW,SRTM_30m_simulated,150
12.8551,74.86535,97.6,18.26,329.4,LOW,SRTM_30m_simulated,150
12.8551,74.8667,100.8,18.62,33.6,LOW,SRTM_30m_simulated,150
12.8551,74.86805,102.5,22.05,358.2,LOW,SRTM_30m_simulated,150
12.8551,74.8694,105.9,17.59,342.1,LOW,SRTM_30m_simulated,150
12.8551,74.87075,109.3,29.6,61.8,LOW,SRTM_30m_simulated,150
12.8551,74.8721,111.2,10.82,128.2,LOW,SRTM_30m_simulated,150
12.8551,74.87345,114.6,17.99,353.5,LOW,SRTM_30m_simulated,150
12.8551,74.8748,118.3,18.34,275.1,LOW,SRTM_30m_simulated,150
12.8551,74.87615,120.8,27.21,210.9,LOW,SRTM_30m_simulated,150
12.8551,74.8775,123.2,20.66,313.9,LOW,SRTM_30m_simulated,150
12.8551,74.87885,126.8,3.09,66.6,LOW,SRTM_30m_simulated,150
12.8551,74.8802,130.3,20.66,116.9,LOW,SRTM_30m_simulated,150
12.8551,74.88155,132.5,24.32,234.7,LOW,SRTM_30m_simulated,150
12.8551,74.8829,135.5,12.66,251.2,LOW,SRTM_30m_simulated,150
12.8551,74.88425,138.7,11.55,288.8,LOW,SRTM_30m_simulated,150
12.8551,74.8856,141.6,11.1,26.9,LOW,SRTM_30m_simulated,150
12.8551,74.88695,144.9,18.08,315.5,LOW,SRTM_30m_simulated,150
12.8551,74.8883,148.4,33.36,40.2,LOW,SRTM_30m_simulated,150
12.8551,74.88965,150.4,23.99,61.8,LOW,SRTM_30m_simulated,150
12.8551,74.891,153.6,19.88,325.7,LOW,SRTM_30m_simulated,150
12.8551,74.89235,157.0,20.95,113.9,LOW,SRTM_30m_simulated,150
12.8551,74.8937,157.8,38.49,317.5,LOW,SRTM_30m_simulated,150
12.8551,74.89505,162.2,20.96,343.6,LOW,SRTM_30m_simulated,150
12.8551,74.8964,165.6,31.06,183.5,LOW,SRTM_30m_simulated,150
12.8551,74.89775,168.5,36.9,117.1,LOW,SRTM_30m_simulated,150
12.8551,74.8991,172.1,23.32,209.2,LOW,SRTM_30m_simulated,150
12.8551,74.90045,173.9,13.26,265.6,LOW,SRTM_30m_simulated,150
12.8551,74.9018,176.7,23.51,218.0,LOW,SRTM_30m_simulated,150
12.8551,74.90315,180.6,33.07,282.8,LOW,SRTM_30m_simulated,150
12.8551,74.9045,182.8,36.66,178.6,LOW,SRTM_30m_simulated,150
12.8551,74.90585,186.0,0.48,301.6,LOW,SRTM_30m_simulated,150
12.8551,74.9072,188.9,17.44,219.8,LOW,SRTM_30m_simulated,150
12.8551,74.90855,191.9,43.14,75.9,LOW,SRTM_30m_simulated,150
12.8551,74.9099,195.0,34.42,78.6,LOW,SRTM_30m_simulated,150
12.85645,74.81,0.0,13.19,153.2,HIGH,SRTM_30m_simulated,150
12.85645,74.81135,0.0,3.57,198.5,HIGH,SRTM_30m_simulated,150
12.85645,74.8127,0.0,5.88,283.3,HIGH,SRTM_30m_simulated,150
12.85645,74.81405,0.0,12.08,150.0,HIGH,SRTM_30m_simulated,150
12.85645,74.8154,0.0,9.58,123.7,HIGH,SRTM_30m_simulated,150
12.85645,74.81675,1.0,0.35,69.1,HIGH,SRTM_30m_simulated,150
12.85645,74.8181,4.2,7.19,252.3,HIGH,SRTM_30m_simulated,150
12.85645,74.81945,6.1,7.42,190.9,MEDIUM,SRTM_30m_simulated,150
12.85645,74.8208,9.4,0.25,300.0,MEDIUM,SRTM_30m_simulated,150
12.85645,74.82215,10.6,7.83,165.3,MEDIUM,SRTM_30m_simulated,150
12.85645,74.8235,13.6,15.33,348.5,MEDIUM,SRTM_30m_simulated,150
12.85645,74.82485,16.4,9.87,229.0,LOW,SRTM_30m_simulated,150
12.85645,74.8262,18.5,6.06,305.8,LOW,SRTM_30m_simulated,150
12.85645,74.82755,21.3,3.66,301.1,LOW,SRTM_30m_simulated,150
12.85645,74.8289,24.1,11.5,256.4,LOW,SRTM_30m_simulated,150
12.85645,74.83025,26.5,6.3,60.8,LOW,SRTM_30m_simulated,150
12.85645,74.8316,30.5,18.04,222.4,LOW,SRTM_30m_simulated,150
12.85645,74.83295,32.0,19.27,179.2,LOW,SRTM_30m_simulated,150
12.85645,74.8343,33.8,10.76,104.3,LOW,SRTM_30m_simulated,150
12.85645,74.83565,36.6,1.39,27.2,LOW,SRTM_30m_simulated,150
12.85645,74.837,41.3,17.81,104.9,LOW,SRTM_30m_simulated,150
12.85645,74.83835,41.7,14.12,314.6,LOW,SRTM_30m_simulated,150
12.85645,74.8397,45.0,11.92,237.5,LOW,SRTM_30m_simulated,150
12.85645,74.84105,46.7,15.35,144.6,LOW,SRTM_30m_simulated,150
12.85645,74.8424,49.8,8.64,303.6,LOW,SRTM_30m_simulated,150
12.85645,74.84375,53.5,18.17,101.9,LOW,SRTM_30m_simulated,150
12.85645,74.8451,55.9,7.28,11.4,LOW,SRTM_30m_simulated,150
12.85645,74.84645,58.5,14.88,10.2,LOW,SRTM_30m_simulated,150
12.85645,74.8478,60.5,12.83,178.4,LOW,SRTM_30m_simulated,150
12.85645,74.84915,63.5,9.95,272.7,LOW,SRTM_30m_simulated,150
12.85645,74.8505,67.4,16.03,152.2,LOW,SRTM_30m_simulated,150
12.85645,74.85185,69.5,24.98,160.0,LOW,SRTM_30m_simulated,150
12.85645,74.8532,71.9,24.24,336.1,LOW,SRTM_30m_simulated,150
12.85645,74.85455,74.3,0.65,175.8,LOW,SRTM_30m_simulated,150
12.85645,74.8559,76.6,12.69,96.6,LOW,SRTM_30m_simulated,150
12.85645,74.85725,80.2,6.31,246.8,LOW,SRTM_30m_simulated,150
12.85645,74.8586,82.6,6.96,175.6,LOW,SRTM_30m_simulated,150
12.85645,74.85995,84.7,2.52,308.7,LOW,SRTM_30m_simulated,150
12.85645,74.8613,87.1,17.03,284.4,LOW,SRTM_30m_simulated,150
12.85645,74.86265,91.0,11.64,240.3,LOW,SRTM_30m_simulated,150
12.85645,74.864,93.5,4.47,341.7,LOW,SRTM_30m_simulated,150
12.85645,74.86535,96.5,9.45,105.3,LOW,SRTM_30m_simulated,150
12.85645,74.8667,100.6,0.88,18.6,LOW,SRTM_30m_simulated,150
12.85645,74.86805,102.8,8.88,221.6,LOW,SRTM_30m_simulated,150
12.85645,74.8694,106.9,30.68,77.8,LOW,SRTM_30m_simulated,150
12.85645,74.87075,108.7,9.96,344.9,LOW,SRTM_30m_simulated,150
12.85645,74.8721,112.4,6.09,260.5,LOW,SRTM_30m_simulated,150
12.85645,74.87345,115.2,29.79,138.0,LOW,SRTM_30m_simulated,150
12.85645,74.8748,118.2,1.13,343.4,LOW,SRTM_30m_simulated,150
12.85645,74.87615,120.9,22.54,122.2,LOW,SRTM_30m_simulated,150
12.85645,74.8775,124.0,18.32,48.0,LOW,SRTM_30m_simulated,150
12.85645,74.87885,126.5,21.26,290.3,LOW,SRTM_30m_simulated,150
12.85645,74.8802,129.8,25.6,26.1,LOW,SRTM_30m_simulated,150
12.85645,74.88155,132.6,16.67,2.0,LOW,SRTM_30m_simulated,150
12.85645,74.8829,135.4,10.01,357.1,LOW,SRTM_30m_simulated,150
12.85645,74.88425,138.6,25.68,303.7,LOW,SRTM_30m_simulated,150
12.85645,74.8856,142.1,6.65,314.6,LOW,SRTM_30m_simulated,150
12.85645,74.88695,143.4,25.23,166.6,LOW,SRTM_30m_simulated,150
12.85645,74.8883,147.3,29.74,120.5,LOW,SRTM_30m_simulated,150
12.85645,74.88965,150.6,22.1,160.5,LOW,SRTM_30m_simulated,150
12.85645,74.891,152.5,31.52,209.5,LOW,SRTM_30m_simulated,150
12.85645,74.89235,156.5,19.09,200.7,LOW,SRTM_30m_simulated,150
12.85645,74.8937,159.8,9.76,200.2,LOW,SRTM_30m_simulated,150
12.85645,74.89505,161.8,11.92,155.7,LOW,SRTM_30m_simulated,150
12.85645,74.8964,164.8,1.62,185.6,LOW,SRTM_30m_simulated,150
12.85645,74.89775,168.0,1.86,356.6,LOW,SRTM_30m_simulated,150
12.85645,74.8991,172.0,34.12,16.3,LOW,SRTM_30m_simulated,150
12.85645,74.90045,174.0,35.92,189.9,LOW,SRTM_30m_simulated,150
12.85645,74.9018,177.0,34.46,37.2,LOW,SRTM_30m_simulated,150
12.85645,74.90315,180.3,29.38,77.6,LOW,SRTM_30m_simulated,150
12.85645,74.9045,183.2,26.26,204.1,LOW,SRTM_30m_simulated,150
12.85645,74.90585,186.1,35.82,210.6,LOW,SRTM_30m_simulated,150
12.85645,74.9072,188.9,40.37,281.6,LOW,SRTM_30m_simulated,150
12.85645,74.90855,191.6,23.97,275.9,LOW,SRTM_30m_simulated,150
12.85645,74.9099,194.3,9.24,196.2,LOW,SRTM_30m_simulated,150
12.8578,74.81,0.0,2.35,290.9,HIGH,SRTM_30m_simulated,150
12.8578,74.81135,0.0,13.91,51.8,HIGH,SRTM_30m_simulated,150
12.8578,74.8127,0.0,14.24,49.6,HIGH,SRTM_30m_simulated,150
12.8578,74.81405,0.0,10.69,263.7,HIGH,SRTM_30m_simulated,150
12.8578,74.8154,0.0,12.55,311.2,HIGH,SRTM_30m_simulated,150
12.8578,74.81675,2.7,12.08,327.3,HIGH,SRTM_30m_simulated,150
12.8578,74.8181,4.4,1.84,157.9,HIGH,SRTM_30m_simulated,150
12.8578,74.81945,5.7,10.1,347.7,MEDIUM,SRTM_30m_simulated,150
12.8578,74.8208,8.9,15.32,279.6,MEDIUM,SRTM_30m_simulated,150
12.8578,74.82215,11.2,7.88,341.7,MEDIUM,SRTM_30m_simulated,150
12.8578,74.8235,14.0,11.42,136.8,MEDIUM,SRTM_30m_simulated,150
12.8578,74.82485,17.4,3.97,250.1,LOW,SRTM_30m_simulated,150
12.8578,74.8262,19.5,15.22,206.8,LOW,SRTM_30m_simulated,150
12.8578,74.82755,21.0,4.72,94.8,LOW,SRTM_30m_simulated,150
12.8578,74.8289,23.6,1.97,187.4,LOW,SRTM_30m_simulated,150
12.8578,74.83025,26.2,10.16,168.1,LOW,SRTM_30m_simulated,150
12.8578,74.8316,29.1,10.5,320.6,LOW,SRTM_30m_simulated,150
12.8578,74.83295,31.6,15.48,233.0,LOW,SRTM_30m_simulated,150
12.8578,74.8343,35.0,9.69,336.5,LOW,SRTM_30m_simulated,150
12.8578,74.83565,37.2,11.62,306.7,LOW,SRTM_30m_simulated,150
12.8578,74.837,39.1,2.2,150.2,LOW,SRTM_30m_simulated,150
12.8578,74.83835,41.5,7.09,63.2,LOW,SRTM_30m_simulated,150
12.8578,74.8397,45.7,1.52,295.1,LOW,SRTM_30m_simulated,150
12.8578,74.84105,47.7,10.87,337.3,LOW,SRTM_30m_simulated,150
12.8578,74.8424,51.2,10.98,81.6,LOW,SRTM_30m_simulated,150
12.8578,74.84375,52.5,19.6,87.6,LOW,SRTM_30m_simulated,150
12.8578,74.8451,56.2,8.68,318.6,LOW,SRTM_30m_simulated,150
12.8578,74.84645,58.4,3.13,138.1,LOW,SRTM_30m_simulated,150
12.8578,74.8478,61.4,10.54,33.1,LOW,SRTM_30m_simulated,150
12.8578,74.84915,63.2,17.35,175.4,LOW,SRTM_30m_simulated,150
12.8578,74.8505,65.5,5.7,42.3,LOW,SRTM_30m_simulated,150
12.8578,74.85185,69.0,4.78,22.1,LOW,SRTM_30m_simulated,150
12.8578,74.8532,71.6,10.26,256.8,LOW,SRTM_30m_simulated,150
12.8578,74.85455,74.6,18.19,131.0,LOW,SRTM_30m_simulated,150
12.8578,74.8559,76.6,1.89,350.7,LOW,SRTM_30m_simulated,150
12.8578,74.85725,79.9,22.31,176.1,LOW,SRTM_30m_simulated,150
12.8578,74.8586,82.1,16.79,100.8,LOW,SRTM_30m_simulated,150
12.8578,74.85995,85.2,17.96,213.2,LOW,SRTM_30m_simulated,150
12.8578,74.8613,88.6,13.6,251.3,LOW,SRTM_30m_simulated,150
12.8578,74.86265,91.0,14.99,30.1,LOW,SRTM_30m_simulated,150
12.8578,74.864,94.0,10.34,348.3,LOW,SRTM_30m_simulated,150
12.8578,74.86535,97.1,9.57,264.4,LOW,SRTM_30m_simulated,150
12.8578,74.8667,100.0,0.89,281.6,LOW,SRTM_30m_simulated,150
12.8578,74.86805,103.6,9.0,101.2,LOW,SRTM_30m_simulated,150
12.8578,74.8694,106.0,24.16,212.9,LOW,SRTM_30m_simulated,150
12.8578,74.87075,109.2,27.57,205.7,LOW,SRTM_30m_simulated,150
12.8578,74.8721,112.2,2.43,53.1,LOW,SRTM_30m_simulated,150
12.8578,74.87345,113.7,18.3,195.2,LOW,SRTM_30m_simulated,150
12.8578,74.8748,117.9,1.18,92.5,LOW,SRTM_30m_simulated,150
12.8578,74.87615,121.3,31.48,130.3,LOW,SRTM_30m_simulated,150
12.8578,74.8775,123.5,4.54,156.8,LOW,SRTM_30m_simulated,150
12.8578,74.87885,126.8,27.23,317.3,LOW,SRTM_30m_simulated,150
12.8578,74.8802,129.0,13.66,260.5,LOW,SRTM_30m_simulated,150
12.8578,74.88155,133.1,16.31,224.5,LOW,SRTM_30m_simulated,150
12.8578,74.8829,136.2,30.15,275.4,LOW,SRTM_30m_simulated,150
12.8578,74.88425,138.6,28.44,277.6,LOW,SRTM_30m_simulated,150
12.8578,74.8856,142.1,0.81,350.0,LOW,SRTM_30m_simulated,150
12.8578,74.88695,143.8,9.33,219.1,LOW,SRTM_30m_simulated,150
12.8578,74.8883,147.1,33.3,351.0,LOW,SRTM_30m_simulated,150
12.8578,74.88965,150.9,3.15,216.0,LOW,SRTM_30m_simulated,150
12.8578,74.891,153.3,12.19,334.8,LOW,SRTM_30m_simulated,150
12.8578,74.89235,156.3,36.97,168.0,LOW,SRTM_30m_simulated,150
12.8578,74.8937,158.9,0.83,17.1,LOW,SRTM_30m_simulated,150
12.8578,74.89505,162.3,8.02,23.5,LOW,SRTM_30m_simulated,150
12.8578,74.8964,165.2,19.9,34.0,LOW,SRTM_30m_simulated,150
12.8578,74.89775,167.9,18.36,95.6,LOW,SRTM_30m_simulated,150
12.8578,74.8991,171.1,4.23,170.5,LOW,SRTM_30m_simulated,150
12.8578,74.90045,174.2,33.93,294.8,LOW,SRTM_30m_simulated,150
12.8578,74.9018,177.0,37.54,167.1,LOW,SRTM_30m_simulated,150
12.8578,74.90315,179.9,32.63,222.8,LOW,SRTM_30m_simulated,150
12.8578,74.9045,182.7,2.28,244.1,LOW,SRTM_30m_simulated,150
12.8578,74.90585,186.7,34.1,129.2,LOW,SRTM_30m_simulated,150
12.8578,74.9072,188.3,0.71,0.5,LOW,SRTM_30m_simulated,150
12.8578,74.90855,192.6,40.12,128.9,LOW,SRTM_30m_simulated,150
12.8578,74.9099,195.1,21.03,138.9,LOW,SRTM_30m_simulated,150
12.85915,74.81,0.0,7.16,126.9,HIGH,SRTM_30m_simulated,150
12.85915,74.81135,0.0,4.53,165.5,HIGH,SRTM_30m_simulated,150
12.85915,74.8127,0.0,7.59,312.3,HIGH,SRTM_30m_simulated,150
12.85915,74.81405,0.0,11.86,285.3,HIGH,SRTM_30m_simulated,150
12.85915,74.8154,0.0,14.6,18.8,HIGH,SRTM_30m_simulated,150
12.85915,74.81675,1.4,0.82,65.3,HIGH,SRTM_30m_simulated,150
12.85915,74.8181,3.7,0.1,265.4,HIGH,SRTM_30m_simulated,150
12.85915,74.81945,7.1,3.25,126.7,MEDIUM,SRTM_30m_simulated,150
12.85915,74.8208,9.5,2.74,349.3,MEDIUM,SRTM_30m_simulated,150
12.85915,74.82215,11.4,14.74,91.2,MEDIUM,SRTM_30m_simulated,150
12.85915,74.8235,13.3,15.27,134.4,MEDIUM,SRTM_30m_simulated,150
12.85915,74.82485,16.4,4.69,302.3,LOW,SRTM_30m_simulated,150
12.85915,74.8262,19.9,1.19,292.7,LOW,SRTM_30m_simulated,150
12.85915,74.82755,21.4,5.02,225.8,LOW,SRTM_30m_simulated,150
12.85915,74.8289,23.7,13.44,277.3,LOW,SRTM_30m_simulated,150
12.85915,74.83025,26.8,18.19,35.2,LOW,SRTM_30m_simulated,150
12.85915,74.8316,28.7,11.37,357.2,LOW,SRTM_30m_simulated,150
12.85915,74.83295,31.7,1.55,34.8,LOW,SRTM_30m_simulated,150
12.85915,74.8343,34.3,5.08,304.8,LOW,SRTM_30m_simulated,150
12.85915,74.83565,37.1,17.84,305.7,LOW,SRTM_30m_simulated,150
12.85915,74.837,39.9,3.65,292.5,LOW,SRTM_30m_simulated,150
12.85915,74.83835,42.4,10.5,268.9,LOW,SRTM_30m_simulated,150
12.85915,74.8397,45.9,17.1,152.5,LOW,SRTM_30m_simulated,150
12.85915,74.84105,47.9,18.06,244.0,LOW,SRTM_30m_simulated,150
12.85915,74.8424,50.6,4.72,146.3,LOW,SRTM_30m_simulated,150
12.85915,74.84375,52.8,6.84,282.5,LOW,SRTM_30m_simulated,150
12.85915,74.8451,56.0,21.1,159.6,LOW,SRTM_30m_simulated,150
12.85915,74.84645,57.6,0.79,80.5,LOW,SRTM_30m_simulated,150
12.85915,74.8478,60.3,1.76,298.5,LOW,SRTM_30m_simulated,150
12.85915,74.84915,64.4,12.05,74.5,LOW,SRTM_30m_simulated,150
12.85915,74.8505,66.6,7.48,287.8,LOW,SRTM_30m_simulated,150
12.85915,74.85185,68.7,11.79,48.5,LOW,SRTM_30m_simulated,150
12.85915,74.8532,71.1,21.82,72.6,LOW,SRTM_30m_simulated,150
12.85915,74.85455,74.9,14.91,287.9,LOW,SRTM_30m_simulated,150
12.85915,74.8559,76.6,6.51,61.6,LOW,SRTM_30m_simulated,150
12.85915,74.85725,79.1,13.65,186.4,LOW,SRTM_30m_simulated,150
12.85915,74.8586,83.2,11.63,256.5,LOW,SRTM_30m_simulated,150
12.85915,74.85995,85.8,2.87,154.5,LOW,SRTM_30m_simulated,150
12.85915,74.8613,88.7,6.94,300.7,LOW,SRTM_30m_simulated,150
12.85915,74.86265,90.2,5.44,297.9,LOW,SRTM_30m_simulated,150
12.85915,74.864,94.1,9.26,94.4,LOW,SRTM_30m_simulated,150
12.85915,74.86535,96.9,24.68,344.7,LOW,SRTM_30m_simulated,150
12.85915,74.8667,100.2,1.32,325.8,LOW,SRTM_30m_simulated,150
12.85915,74.86805,103.3,9.21,3.1,LOW,SRTM_30m_simulated,150
12.85915,74.8694,105.5,12.87,89.4,LOW,SRTM_30m_simulated,150
12.85915,74.87075,108.8,7.21,90.1,LOW,SRTM_30m_simulated,150
12.85915,74.8721,112.3,29.35,28.9,LOW,SRTM_30m_simulated,150
12.85915,74.87345,115.2,16.46,136.6,LOW,SRTM_30m_simulated,150
12.85915,74.8748,118.1,18.4,263.3,LOW,SRTM_30m_simulated,150
12.85915,74.87615,120.0,10.63,18.9,LOW,SRTM_30m_simulated,150
12.85915,74.8775,123.4,31.76,353.8,LOW,SRTM_30m_simulated,150
12.85915,74.87885,126.5,31.74,334.7,LOW,SRTM_30m_simulated,150
12.85915,74.8802,129.4,5.03,118.1,LOW,SRTM_30m_simulated,150
12.85915,74.88155,132.8,29.44,22.7,LOW,SRTM_30m_simulated,150
12.85915,74.8829,135.5,9.4,118.9,LOW,SRTM_30m_simulated,150
12.85915,74.88425,139.0,11.77,169.9,LOW,SRTM_30m_simulated,150
12.85915,74.8856,141.5,19.99,217.7,LOW,SRTM_30m_simulated,150
12.85915,74.88695,144.0,12.25,88.2,LOW,SRTM_30m_simulated,150
12.85915,74.8883,147.0,15.59,30.5,LOW,SRTM_30m_simulated,150
12.85915,74.88965,151.3,0.88,314.7,LOW,SRTM_30m_simulated,150
12.85915,74.891,152.9,22.16,339.1,LOW,SRTM_30m_simulated,150
12.85915,74.89235,156.3,12.86,106.2,LOW,SRTM_30m_simulated,150
12.85915,74.8937,158.7,12.21,94.1,LOW,SRTM_30m_simulated,150
12.85915,74.89505,162.4,24.5,111.3,LOW,SRTM_30m_simulated,150
12.85915,74.8964,165.8,6.44,249.4,LOW,SRTM_30m_simulated,150
12.85915,74.89775,169.2,33.03,20.5,LOW,SRTM_30m_simulated,150
12.85915,74.8991,171.1,30.72,144.5,LOW,SRTM_30m_simulated,150
12.85915,74.90045,173.9,8.74,177.6,LOW,SRTM_30m_simulated,150
12.85915,74.9018,177.0,5.14,191.8,LOW,SRTM_30m_simulated,150
12.85915,74.90315,180.6,29.77,79.9,LOW,SRTM_30m_simulated,150
12.85915,74.9045,183.3,39.29,103.2,LOW,SRTM_30m_simulated,150
12.85915,74.90585,186.3,41.28,35.4,LOW,SRTM_30m_simulated,150
12.85915,74.9072,189.2,1.28,299.5,LOW,SRTM_30m_simulated,150
12.85915,74.90855,192.5,3.27,290.6,LOW,SRTM_30m_simulated,150
12.85915,74.9099,195.4,16.04,355.8,LOW,SRTM_30m_simulated,150
12.8605,74.81,0.0,2.86,15.7,HIGH,SRTM_30m_simulated,150
12.8605,74.81135,0.0,2.0,338.0,HIGH,SRTM_30m_simulated,150
12.8605,74.8127,0.0,6.92,232.1,HIGH,SRTM_30m_simulated,150
12.8605,74.81405,0.0,4.81,56.5,HIGH,SRTM_30m_simulated,150
12.8605,74.8154,0.0,2.09,278.7,HIGH,SRTM_30m_simulated,150
12.8605,74.81675,1.5,12.58,114.9,HIGH,SRTM_30m_simulated,150
12.8605,74.8181,4.6,5.11,32.0,HIGH,SRTM_30m_simulated,150
12.8605,74.81945,6.5,1.53,176.0,MEDIUM,SRTM_30m_simulated,150
12.8605,74.8208,8.3,0.37,243.1,MEDIUM,SRTM_30m_simulated,150
12.8605,74.82215,11.9,4.9,108.5,MEDIUM,SRTM_30m_simulated,150
12.8605,74.8235,13.9,3.82,349.4,MEDIUM,SRTM_30m_simulated,150
12.8605,74.82485,16.8,8.61,165.5,LOW,SRTM_30m_simulated,150
12.8605,74.8262,19.1,13.41,142.8,LOW,SRTM_30m_simulated,150
12.8605,74.82755,21.3,5.91,207.5,LOW,SRTM_30m_simulated,150
12.8605,74.8289,23.8,7.53,327.3,LOW,SRTM_30m_simulated,150
12.8605,74.83025,26.8,17.49,18.1,LOW,SRTM_30m_simulated,150
12.8605,74.8316,29.7,3.16,251.4,LOW,SRTM_30m_simulated,150
12.8605,74.83295,31.9,9.79,129.2,LOW,SRTM_30m_simulated,150
12.8605,74.8343,34.3,0.22,195.6,LOW,SRTM_30m_simulated,150
12.8605,74.83565,37.1,5.33,129.7,LOW,SRTM_30m_simulated,150
12.8605,74.837,40.2,11.14,358.9,LOW,SRTM_30m_simulated,150
12.8605,74.83835,42.9,5.74,96.2,LOW,SRTM_30m_simulated,150
12.8605,74.8397,45.3,16.25,178.3,LOW,SRTM_30m_simulated,150
12.8605,74.84105,48.0,8.86,7.1,LOW,SRTM_30m_simulated,150
12.8605,74.8424,50.4,4.84,267.9,LOW,SRTM_30m_simulated,150
12.8605,74.84375,52.9,18.49,52.5,LOW,SRTM_30m_simulated,150
12.8605,74.8451,55.8,21.36,203.4,LOW,SRTM_30m_simulated,150
12.8605,74.84645,59.2,18.85,24.1,LOW,SRTM_30m_simulated,150
12.8605,74.8478,61.8,17.57,288.0,LOW,SRTM_30m_simulated,150
12.8605,74.84915,63.9,5.51,90.4,LOW,SRTM_30m_simulated,150
12.8605,74.8505,66.8,8.4,246.9,LOW,SRTM_30m_simulated,150
12.8605,74.85185,69.2,11.24,86.3,LOW,SRTM_30m_simulated,150
12.8605,74.8532,71.2,9.2,130.5,LOW,SRTM_30m_simulated,150
12.8605,74.85455,75.2,23.43,52.1,LOW,SRTM_30m_simulated,150
12.8605,74.8559,77.8,0.61,301.9,LOW,SRTM_30m_simulated,150
12.8605,74.85725,80.6,19.74,191.7,LOW,SRTM_30m_simulated,150
12.8605,74.8586,82.6,9.22,185.6,LOW,SRTM_30m_simulated,150
12.8605,74.85995,85.7,0.04,249.4,LOW,SRTM_30m_simulated,150
12.8605,74.8613,88.5,11.8,342.2,LOW,SRTM_30m_simulated,150
12.8605,74.86265,91.4,16.3,327.9,LOW,SRTM_30m_simulated,150
12.8605,74.864,94.2,27.35,229.6,LOW,SRTM_30m_simulated,150
12.8605,74.86535,97.0,28.97,147.8,LOW,SRTM_30m_simulated,150
12.8605,74.8667,100.3,19.06,134.3,LOW,SRTM_30m_simulated,150
12.8605,74.86805,103.2,24.56,41.3,LOW,SRTM_30m_simulated,150
12.8605,74.8694,105.5,17.79,155.6,LOW,SRTM_30m_simulated,150
12.8605,74.87075,108.8,1.64,12.2,LOW,SRTM_30m_simulated,150
12.8605,74.8721,111.9,15.31,227.4,LOW,SRTM_30m_simulated,150
12.8605,74.87345,115.8,25.33,128.3,LOW,SRTM_30m_simulated,150
12.8605,74.8748,118.8,19.68,51.9,LOW,SRTM_30m_simulated,150
12.8605,74.87615,122.4,16.66,206.1,LOW,SRTM_30m_simulated,150
12.8605,74.8775,124.8,7.58,154.4,LOW,SRTM_30m_simulated,150
12.8605,74.87885,127.3,11.03,214.7,LOW,SRTM_30m_simulated,150
12.8605,74.8802,130.1,33.2,292.6,LOW,SRTM_30m_simulated,150
12.8605,74.88155,132.9,17.03,229.5,LOW,SRTM_30m_simulated,150
12.8605,74.8829,135.5,28.91,9.2,LOW,SRTM_30m_simulated,150
12.8605,74.88425,138.2,20.36,91.4,LOW,SRTM_30m_simulated,150
12.8605,74.8856,142.5,26.83,19.8,LOW,SRTM_30m_simulated,150
12.8605,74.88695,144.9,23.49,220.8,LOW,SRTM_30m_simulated,150
12.8605,74.8883,147.3,24.05,231.6,LOW,SRTM_30m_simulated,150
12.8605,74.88965,151.0,17.75,136.3,LOW,SRTM_30m_simulated,150
12.8605,74.891,154.5,26.58,194.3,LOW,SRTM_30m_simulated,150
12.8605,74.89235,156.3,1.89,219.1,LOW,SRTM_30m_simulated,150
12.8605,74.8937,159.7,33.67,302.0,LOW,SRTM_30m_simulated,150
12.8605,74.89505,162.6,20.66,2.1,LOW,SRTM_30m_simulated,150
12.8605,74.8964,165.8,1.76,196.0,LOW,SRTM_30m_simulated,150
12.8605,74.89775,169.0,24.58,153.7,LOW,SRTM_30m_simulated,150
12.8605,74.8991,171.5,6.25,211.0,LOW,SRTM_30m_simulated,150
12.8605,74.90045,174.9,0.32,82.9,LOW,SRTM_30m_simulated,150
12.8605,74.9018,177.5,7.23,12.8,LOW,SRTM_30m_simulated,150
12.8605,74.90315,180.3,16.34,52.7,LOW,SRTM_30m_simulated,150
12.8605,74.9045,183.4,42.5,154.8,LOW,SRTM_30m_simulated,150
12.8605,74.90585,185.9,27.34,221.4,LOW,SRTM_30m_simulated,150
12.8605,74.9072,189.1,9.01,283.9,LOW,SRTM_30m_simulated,150
12.8605,74.90855,192.1,3.85,43.1,LOW,SRTM_30m_simulated,150
12.8605,74.9099,194.3,24.44,330.4,LOW,SRTM_30m_simulated,150
12.86185,74.81,0.0,7.49,204.6,HIGH,SRTM_30m_simulated,150
12.86185,74.81135,0.0,5.91,64.4,HIGH,SRTM_30m_simulated,150
12.86185,74.8127,0.0,3.62,187.6,HIGH,SRTM_30m_simulated,150
12.86185,74.81405,0.0,12.75,92.1,HIGH,SRTM_30m_simulated,150
12.86185,74.8154,0.3,5.62,63.7,HIGH,SRTM_30m_simulated,150
12.86185,74.81675,0.9,11.78,206.8,HIGH,SRTM_30m_simulated,150
12.86185,74.8181,4.3,3.16,86.6,HIGH,SRTM_30m_simulated,150
12.86185,74.81945,7.0,9.34,265.8,MEDIUM,SRTM_30m_simulated,150
12.86185,74.8208,8.8,2.2,258.0,MEDIUM,SRTM_30m_simulated,150
12.86185,74.82215,11.7,12.44,225.3,MEDIUM,SRTM_30m_simulated,150
12.86185,74.8235,14.0,0.36,119.8,MEDIUM,SRTM_30m_simulated,150
12.86185,74.82485,16.9,1.63,277.5,LOW,SRTM_30m_simulated,150
12.86185,74.8262,20.5,11.51,293.4,LOW,SRTM_30m_simulated,150
12.86185,74.82755,22.6,17.55,96.3,LOW,SRTM_30m_simulated,150
12.86185,74.8289,24.3,12.17,54.4,LOW,SRTM_30m_simulated,150
12.86185,74.83025,27.5,4.8,231.7,LOW,SRTM_30m_simulated,150
12.86185,74.8316,29.5,1.17,137.6,LOW,SRTM_30m_simulated,150
12.86185,74.83295,32.1,13.35,321.6,LOW,SRTM_30m_simulated,150
12.86185,74.8343,35.2,18.5,132.7,LOW,SRTM_30m_simulated,150
12.86185,74.83565,38.3,9.46,11.0,LOW,SRTM_30m_simulated,150
12.86185,74.837,40.1,12.87,74.1,LOW,SRTM_30m_simulated,150
12.86185,74.83835,43.4,19.1,268.1,LOW,SRTM_30m_simulated,150
12.86185,74.8397,44.9,21.18,251.4,LOW,SRTM_30m_simulated,150
12.86185,74.84105,48.5,8.85,339.1,LOW,SRTM_30m_simulated,150
12.86185,74.8424,51.0,1.59,320.1,LOW,SRTM_30m_simulated,150
12.86185,74.84375,53.7,19.29,110.6,LOW,SRTM_30m_simulated,150
12.86185,74.8451,56.3,13.16,24.8,LOW,SRTM_30m_simulated,150
12.86185,74.84645,58.6,19.32,236.0,LOW,SRTM_30m_simulated,150
12.86185,74.8478,61.2,10.09,100.1,LOW,SRTM_30m_simulated,150
12.86185,74.84915,65.1,12.25,338.9,LOW,SRTM_30m_simulated,150
12.86185,74.8505,67.2,22.54,41.5,LOW,SRTM_30m_simulated,150
12.86185,74.85185,69.6,21.7,177.9,LOW,SRTM_30m_simulated,150
12.86185,74.8532,72.4,24.85,294.2,LOW,SRTM_30m_simulated,150
12.86185,74.85455,75.9,12.36,240.9,LOW,SRTM_30m_simulated,150
12.86185,74.8559,77.9,22.66,174.3,LOW,SRTM_30m_simulated,150
12.86185,74.85725,80.3,11.27,267.3,LOW,SRTM_30m_simulated,150
12.86185,74.8586,83.1,25.92,220.9,LOW,SRTM_30m_simulated,150
12.86185,74.85995,85.9,21.09,181.1,LOW,SRTM_30m_simulated,150
12.86185,74.8613,89.1,3.88,39.4,LOW,SRTM_30m_simulated,150
12.86185,74.86265,91.6,0.84,324.4,LOW,SRTM_30m_simulated,150
12.86185,74.864,95.4,11.68,168.2,LOW,SRTM_30m_simulated,150
12.86185,74.86535,97.1,18.1,323.7,LOW,SRTM_30m_simulated,150
12.86185,74.8667,100.6,18.32,20.8,LOW,SRTM_30m_simulated,150
12.86185,74.86805,103.2,24.29,222.2,LOW,SRTM_30m_simulated,150
12.86185,74.8694,107.3,4.9,272.6,LOW,SRTM_30m_simulated,150
12.86185,74.87075,109.7,21.0,154.6,LOW,SRTM_30m_simulated,150
12.86185,74.8721,112.5,7.17,35.4,LOW,SRTM_30m_simulated,150
12.86185,74.87345,116.1,8.22,147.7,LOW,SRTM_30m_simulated,150
12.86185,74.8748,118.2,1.24,302.8,LOW,SRTM_30m_simulated,150
12.86185,74.87615,121.3,20.78,35.5,LOW,SRTM_30m_simulated,150
12.86185,74.8775,123.9,16.11,293.6,LOW,SRTM_30m_simulated,150
12.86185,74.87885,126.9,25.44,339.7,LOW,SRTM_30m_simulated,150
12.86185,74.8802,131.1,13.7,68.0,LOW,SRTM_30m_simulated,150
12.86185,74.88155,132.9,23.82,204.0,LOW,SRTM_30m_simulated,150
12.86185,74.8829,135.7,7.59,83.4,LOW,SRTM_30m_simulated,150
12.86185,74.88425,139.2,6.29,226.5,LOW,SRTM_30m_simulated,150
12.86185,74.8856,142.4,34.12,182.5,LOW,SRTM_30m_simulated,150
12.86185,74.88695,144.8,7.55,112.7,LOW,SRTM_30m_simulated,150
12.86185,74.8883,148.0,8.27,233.8,LOW,SRTM_30m_simulated,150
12.86185,74.88965,149.7,12.12,198.6,LOW,SRTM_30m_simulated,150
12.86185,74.891,154.2,15.11,341.2,LOW,SRTM_30m_simulated,150
12.86185,74.89235,157.1,1.66,139.1,LOW,SRTM_30m_simulated,150
12.86185,74.8937,160.1,37.72,20.6,LOW,SRTM_30m_simulated,150
12.86185,74.89505,162.5,18.48,248.7,LOW,SRTM_30m_simulated,150
12.86185,74.8964,165.2,5.0,141.2,LOW,SRTM_30m_simulated,150
12.86185,74.89775,167.6,14.47,198.0,LOW,SRTM_30m_simulated,150
12.86185,74.8991,171.3,36.94,83.7,LOW,SRTM_30m_simulated,150
12.86185,74.90045,174.0,10.95,351.5,LOW,SRTM_30m_simulated,150
12.86185,74.9018,177.9,24.08,189.3,LOW,SRTM_30m_simulated,150
12.86185,74.90315,180.1,27.82,262.9,LOW,SRTM_30m_simulated,150
12.86185,74.9045,182.9,29.39,275.9,LOW,SRTM_30m_simulated,150
12.86185,74.90585,186.3,37.17,310.3,LOW,SRTM_30m_simulated,150
12.86185,74.9072,190.0,36.94,213.3,LOW,SRTM_30m_simulated,150
12.86185,74.90855,192.5,22.26,327.2,LOW,SRTM_30m_simulated,150
12.86185,74.9099,194.0,1.43,259.1,LOW,SRTM_30m_simulated,150
12.8632,74.81,0.0,5.91,56.5,HIGH,SRTM_30m_simulated,150
12.8632,74.81135,0.0,3.26,217.6,HIGH,SRTM_30m_simulated,150
12.8632,74.8127,0.0,3.53,329.7,HIGH,SRTM_30m_simulated,150
12.8632,74.81405,0.0,10.8,348.5,HIGH,SRTM_30m_simulated,150
12.8632,74.8154,0.0,5.31,337.1,HIGH,SRTM_30m_simulated,150
12.8632,74.81675,2.1,2.89,254.9,HIGH,SRTM_30m_simulated,150
12.8632,74.8181,4.1,10.85,116.6,HIGH,SRTM_30m_simulated,150
12.8632,74.81945,6.7,8.57,75.1,MEDIUM,SRTM_30m_simulated,150
12.8632,74.8208,9.8,8.87,222.0,MEDIUM,SRTM_30m_simulated,150
12.8632,74.82215,11.9,6.69,227.3,MEDIUM,SRTM_30m_simulated,150
12.8632,74.8235,15.0,1.32,207.9,LOW,SRTM_30m_simulated,150
12.8632,74.82485,17.2,13.63,158.0,LOW,SRTM_30m_simulated,150
12.8632,74.8262,19.9,16.89,120.3,LOW,SRTM_30m_simulated,150
12.8632,74.82755,22.0,10.54,291.4,LOW,SRTM_30m_simulated,150
12.8632,74.8289,24.6,10.52,199.0,LOW,SRTM_30m_simulated,150
12.8632,74.83025,27.8,5.18,101.8,LOW,SRTM_30m_simulated,150
12.8632,74.8316,29.6,3.35,277.7,LOW,SRTM_30m_simulated,150
12.8632,74.83295,32.9,10.34,199.1,LOW,SRTM_30m_simulated,150
12.8632,74.8343,35.2,15.13,206.1,LOW,SRTM_30m_simulated,150
12.8632,74.83565,38.4,1.74,103.0,LOW,SRTM_30m_simulated,150
12.8632,74.837,40.2,8.17,273.3,LOW,SRTM_30m_simulated,150
12.8632,74.83835,44.0,8.72,159.6,LOW,SRTM_30m_simulated,150
12.8632,74.8397,45.9,14.68,191.2,LOW,SRTM_30m_simulated,150
12.8632,74.84105,49.4,19.78,118.7,LOW,SRTM_30m_simulated,150
12.8632,74.8424,51.6,16.03,347.2,LOW,SRTM_30m_simulated,150
12.8632,74.84375,53.0,2.99,342.6,LOW,SRTM_30m_simulated,150
12.8632,74.8451,57.4,8.05,21.2,LOW,SRTM_30m_simulated,150
12.8632,74.84645,59.0,11.24,99.8,LOW,SRTM_30m_simulated,150
12.8632,74.8478,61.8,13.72,164.8,LOW,SRTM_30m_simulated,150
12.8632,74.84915,64.2,9.74,53.2,LOW,SRTM_30m_simulated,150
12.8632,74.8505,67.6,22.19,140.2,LOW,SRTM_30m_simulated,150
12.8632,74.85185,70.4,15.7,106.7,LOW,SRTM_30m_simulated,150
12.8632,74.8532,73.6,14.15,221.4,LOW,SRTM_30m_simulated,150
12.8632,74.85455,75.1,24.93,210.2,LOW,SRTM_30m_simulated,150
12.8632,74.8559,77.6,25.68,90.6,LOW,SRTM_30m_simulated,150
12.8632,74.85725,80.1,26.93,144.3,LOW,SRTM_30m_simulated,150
12.8632,74.8586,83.4,23.9,344.4,LOW,SRTM_30m_simulated,150
12.8632,74.85995,86.1,7.06,189.0,LOW,SRTM_30m_simulated,150
12.8632,74.8613,89.2,6.86,12.3,LOW,SRTM_30m_simulated,150
12.8632,74.86265,91.6,7.53,59.2,LOW,SRTM_30m_simulated,150
12.8632,74.864,94.6,11.6,37.8,LOW,SRTM_30m_simulated,150
12.8632,74.86535,98.6,4.29,194.2,LOW,SRTM_30m_simulated,150
12.8632,74.8667,100.7,3.53,99.5,LOW,SRTM_30m_simulated,150
12.8632,74.86805,104.3,21.98,227.6,LOW,SRTM_30m_simulated,150
12.8632,74.8694,106.1,9.74,145.9,LOW,SRTM_30m_simulated,150
12.8632,74.87075,109.7,10.59,102.1,LOW,SRTM_30m_simulated,150
12.8632,74.8721,111.7,6.67,217.8,LOW,SRTM_30m_simulated,150
12.8632,74.87345,116.0,13.92,242.2,LOW,SRTM_30m_simulated,150
12.8632,74.8748,117.9,5.36,347.3,LOW,SRTM_30m_simulated,150
12.8632,74.87615,121.4,5.43,143.3,LOW,SRTM_30m_simulated,150
12.8632,74.8775,124.6,12.39,318.4,LOW,SRTM_30m_simulated,150
12.8632,74.87885,127.2,31.62,119.0,LOW,SRTM_30m_simulated,150
12.8632,74.8802,130.5,22.49,8.3,LOW,SRTM_30m_simulated,150
12.8632,74.88155,133.4,2.32,169.1,LOW,SRTM_30m_simulated,150
12.8632,74.8829,137.4,34.73,280.4,LOW,SRTM_30m_simulated,150
12.8632,74.88425,140.0,34.26,12.4,LOW,SRTM_30m_simulated,150
12.8632,74.8856,141.7,5.12,321.9,LOW,SRTM_30m_simulated,150
12.8632,74.88695,146.4,21.47,278.1,LOW,SRTM_30m_simulated,150
12.8632,74.8883,147.7,15.54,317.7,LOW,SRTM_30m_simulated,150
12.8632,74.88965,150.5,36.74,186.7,LOW,SRTM_30m_simulated,150
12.8632,74.891,154.2,27.05,155.3,LOW,SRTM_30m_simulated,150
12.8632,74.89235,157.5,24.53,210.6,LOW,SRTM_30m_simulated,150
12.8632,74.8937,159.8,34.09,54.3,LOW,SRTM_30m_simulated,150
12.8632,74.89505,163.4,18.1,241.2,LOW,SRTM_30m_simulated,150
12.8632,74.8964,166.3,33.95,197.4,LOW,SRTM_30m_simulated,150
12.8632,74.89775,169.3,36.32,329.2,LOW,SRTM_30m_simulated,150
12.8632,74.8991,172.2,25.49,86.3,LOW,SRTM_30m_simulated,150
12.8632,74.90045,175.7,1.14,289.0,LOW,SRTM_30m_simulated,150
12.8632,74.9018,178.2,27.37,293.7,LOW,SRTM_30m_simulated,150
12.8632,74.90315,180.2,25.14,351.2,LOW,SRTM_30m_simulated,150
12.8632,74.9045,183.8,11.36,300.3,LOW,SRTM_30m_simulated,150
12.8632,74.90585,187.0,2.25,171.5,LOW,SRTM_30m_simulated,150
12.8632,74.9072,190.6,10.2,286.4,LOW,SRTM_30m_simulated,150
12.8632,74.90855,192.3,10.44,178.0,LOW,SRTM_30m_simulated,150
12.8632,74.9099,196.1,40.67,308.7,LOW,SRTM_30m_simulated,150
12.86455,74.81,0.0,10.29,9.7,HIGH,SRTM_30m_simulated,150
12.86455,74.81135,0.0,12.26,217.5,HIGH,SRTM_30m_simulated,150
12.86455,74.8127,0.0,6.89,22.6,HIGH,SRTM_30m_simulated,150
12.86455,74.81405,0.0,12.97,324.6,HIGH,SRTM_30m_simulated,150
12.86455,74.8154,0.9,3.87,83.2,HIGH,SRTM_30m_simulated,150
12.86455,74.81675,2.3,14.12,46.0,HIGH,SRTM_30m_simulated,150
12.86455,74.8181,6.3,9.56,115.7,MEDIUM,SRTM_30m_simulated,150
12.86455,74.81945,7.3,10.57,14.1,MEDIUM,SRTM_30m_simulated,150
12.86455,74.8208,10.4,6.24,215.8,MEDIUM,SRTM_30m_simulated,150
12.86455,74.82215,11.3,10.77,87.8,MEDIUM,SRTM_30m_simulated,150
12.86455,74.8235,14.6,0.83,71.1,MEDIUM,SRTM_30m_simulated,150
12.86455,74.82485,17.6,4.65,161.6,LOW,SRTM_30m_simulated,150
12.86455,74.8262,20.0,17.92,348.9,LOW,SRTM_30m_simulated,150
12.86455,74.82755,22.2,4.15,15.4,LOW,SRTM_30m_simulated,150
12.86455,74.8289,25.2,5.68,213.9,LOW,SRTM_30m_simulated,150
12.86455,74.83025,28.2,13.11,68.8,LOW,SRTM_30m_simulated,150
12.86455,74.8316,29.5,16.91,334.7,LOW,SRTM_30m_simulated,150
12.86455,74.83295,33.8,17.13,256.7,LOW,SRTM_30m_simulated,150
12.86455,74.8343,35.7,5.58,130.6,LOW,SRTM_30m_simulated,150
12.86455,74.83565,38.7,6.08,33.1,LOW,SRTM_30m_simulated,150
12.86455,74.837,40.7,12.27,167.8,LOW,SRTM_30m_simulated,150
12.86455,74.83835,43.3,18.27,212.9,LOW,SRTM_30m_simulated,150
12.86455,74.8397,44.7,2.92,358.6,LOW,SRTM_30m_simulated,150
12.86455,74.84105,48.6,11.76,229.1,LOW,SRTM_30m_simulated,150
12.86455,74.8424,51.8,14.99,107.0,LOW,SRTM_30m_simulated,150
12.86455,74.84375,55.0,2.2,314.2,LOW,SRTM_30m_simulated,150
12.86455,74.8451,57.1,15.99,163.4,LOW,SRTM_30m_simulated,150
12.86455,74.84645,58.9,10.44,181.5,LOW,SRTM_30m_simulated,150
12.86455,74.8478,62.4,3.63,314.7,LOW,SRTM_30m_simulated,150
12.86455,74.84915,64.6,14.41,272.6,LOW,SRTM_30m_simulated,150
12.86455,74.8505,67.6,15.76,187.9,LOW,SRTM_30m_simulated,150
12.86455,74.85185,71.6,21.9,89.8,LOW,SRTM_30m_simulated,150
12.86455,74.8532,72.3,2.01,282.3,LOW,SRTM_30m_simulated,150
12.86455,74.85455,75.6,5.17,331.3,LOW,SRTM_30m_simulated,150
12.86455,74.8559,78.6,19.07,120.4,LOW,SRTM_30m_simulated,150
12.86455,74.85725,81.1,6.36,46.3,LOW,SRTM_30m_simulated,150
12.86455,74.8586,83.3,26.34,292.5,LOW,SRTM_30m_simulated,150
12.86455,74.85995,87.0,8.27,190.2,LOW,SRTM_30m_simulated,150
12.86455,74.8613,89.6,10.72,162.1,LOW,SRTM_30m_simulated,150
12.86455,74.86265,91.9,20.36,170.6,LOW,SRTM_30m_simulated,150
12.86455,74.864,94.7,11.89,37.9,LOW,SRTM_30m_simulated,150
12.86455,74.86535,98.9,13.99,329.2,LOW,SRTM_30m_simulated,150
12.86455,74.8667,102.1,9.51,357.9,LOW,SRTM_30m_simulated,150
12.86455,74.86805,103.3,17.55,273.5,LOW,SRTM_30m_simulated,150
12.86455,74.8694,107.9,24.44,94.2,LOW,SRTM_30m_simulated,150
12.86455,74.87075,109.7,20.3,93.8,LOW,SRTM_30m_simulated,150
12.86455,74.8721,113.2,20.41,219.8,LOW,SRTM_30m_simulated,150
12.86455,74.87345,116.9,21.13,278.0,LOW,SRTM_30m_simulated,150
12.86455,74.8748,119.0,16.23,26.7,LOW,SRTM_30m_simulated,150
12.86455,74.87615,122.2,4.66,169.5,LOW,SRTM_30m_simulated,150
12.86455,74.8775,125.0,32.66,343.8,LOW,SRTM_30m_simulated,150
12.86455,74.87885,128.0,33.32,4.9,LOW,SRTM_30m_simulated,150
12.86455,74.8802,132.4,1.86,195.3,LOW,SRTM_30m_simulated,150
12.86455,74.88155,134.2,19.85,302.1,LOW,SRTM_30m_simulated,150
12.86455,74.8829,137.4,22.56,175.1,LOW,SRTM_30m_simulated,150
12.86455,74.88425,140.5,9.59,98.1,LOW,SRTM_30m_simulated,150
12.86455,74.8856,142.6,0.33,53.8,LOW,SRTM_30m_simulated,150
12.86455,74.88695,146.6,29.46,290.8,LOW,SRTM_30m_simulated,150
12.86455,74.8883,147.4,14.49,13.0,LOW,SRTM_30m_simulated,150
12.86455,74.88965,151.9,11.42,181.7,LOW,SRTM_30m_simulated,150
12.86455,74.891,154.9,12.46,250.5,LOW,SRTM_30m_simulated,150
12.86455,74.89235,158.7,15.11,181.9,LOW,SRTM_30m_simulated,150
12.86455,74.8937,161.0,23.81,179.2,LOW,SRTM_30m_simulated,150
12.86455,74.89505,163.8,27.37,329.6,LOW,SRTM_30m_simulated,150
12.86455,74.8964,166.2,8.11,112.6,LOW,SRTM_30m_simulated,150
12.86455,74.89775,169.3,14.61,117.2,LOW,SRTM_30m_simulated,150
12.86455,74.8991,171.9,22.64,320.4,LOW,SRTM_30m_simulated,150
12.86455,74.90045,175.4,24.22,191.2,LOW,SRTM_30m_simulated,150
12.86455,74.9018,177.6,33.86,120.5,LOW,SRTM_30m_simulated,150
12.86455,74.90315,181.2,40.19,355.1,LOW,SRTM_30m_simulated,150
12.86455,74.9045,184.2,35.68,92.1,LOW,SRTM_30m_simulated,150
12.86455,74.90585,187.4,34.75,127.9,LOW,SRTM_30m_simulated,150
12.86455,74.9072,190.8,27.2,275.1,LOW,SRTM_30m_simulated,150
12.86455,74.90855,192.2,7.02,341.2,LOW,SRTM_30m_simulated,150
12.86455,74.9099,195.9,37.54,315.6,LOW,SRTM_30m_simulated,150
12.8659,74.81,0.0,0.66,182.9,HIGH,SRTM_30m_simulated,150
12.8659,74.81135,0.0,12.59,150.6,HIGH,SRTM_30m_simulated,150
12.8659,74.8127,0.0,14.86,216.2,HIGH,SRTM_30m_simulated,150
12.8659,74.81405,0.0,2.66,277.9,HIGH,SRTM_30m_simulated,150
12.8659,74.8154,0.3,8.86,142.2,HIGH,SRTM_30m_simulated,150
12.8659,74.81675,2.9,14.38,128.4,HIGH,SRTM_30m_simulated,150
12.8659,74.8181,4.5,7.78,62.9,HIGH,SRTM_30m_simulated,150
12.8659,74.81945,8.4,4.96,57.4,MEDIUM,SRTM_30m_simulated,150
12.8659,74.8208,10.6,8.75,278.1,MEDIUM,SRTM_30m_simulated,150
12.8659,74.82215,13.2,13.03,141.8,MEDIUM,SRTM_30m_simulated,150
12.8659,74.8235,15.2,9.95,228.8,LOW,SRTM_30m_simulated,150
12.8659,74.82485,18.9,10.19,8.7,LOW,SRTM_30m_simulated,150
12.8659,74.8262,20.4,12.93,335.7,LOW,SRTM_30m_simulated,150
12.8659,74.82755,24.3,10.8,150.8,LOW,SRTM_30m_simulated,150
12.8659,74.8289,26.4,8.69,163.2,LOW,SRTM_30m_simulated,150
12.8659,74.83025,28.5,19.05,291.1,LOW,SRTM_30m_simulated,150
12.8659,74.8316,29.9,12.58,165.5,LOW,SRTM_30m_simulated,150
12.8659,74.83295,33.8,13.54,174.1,LOW,SRTM_30m_simulated,150
12.8659,74.8343,36.6,16.83,104.1,LOW,SRTM_30m_simulated,150
12.8659,74.83565,37.4,12.76,332.4,LOW,SRTM_30m_simulated,150
12.8659,74.837,41.3,12.2,107.8,LOW,SRTM_30m_simulated,150
12.8659,74.83835,44.0,9.37,352.2,LOW,SRTM_30m_simulated,150
12.8659,74.8397,47.1,21.5,247.3,LOW,SRTM_30m_simulated,150
12.8659,74.84105,48.6,0.49,22.0,LOW,SRTM_30m_simulated,150
12.8659,74.8424,52.4,13.21,309.0,LOW,SRTM_30m_simulated,150
12.8659,74.84375,55.2,11.91,236.2,LOW,SRTM_30m_simulated,150
12.8659,74.8451,57.5,17.44,316.9,LOW,SRTM_30m_simulated,150
12.8659,74.84645,59.9,4.38,329.6,LOW,SRTM_30m_simulated,150
12.8659,74.8478,62.9,7.99,232.4,LOW,SRTM_30m_simulated,150
12.8659,74.84915,65.5,22.7,133.7,LOW,SRTM_30m_simulated,150
12.8659,74.8505,67.4,14.61,169.3,LOW,SRTM_30m_simulated,150
12.8659,74.85185,70.7,9.35,334.5,LOW,SRTM_30m_simulated,150
12.8659,74.8532,73.7,4.82,25.3,LOW,SRTM_30m_simulated,150
12.8659,74.85455,76.9,3.18,205.9,LOW,SRTM_30m_simulated,150
12.8659,74.8559,79.2,10.12,206.2,LOW,SRTM_30m_simulated,150
12.8659,74.85725,82.2,20.45,341.8,LOW,SRTM_30m_simulated,150
12.8659,74.8586,84.2,13.4,222.2,LOW,SRTM_30m_simulated,150
12.8659,74.85995,86.9,17.51,214.9,LOW,SRTM_30m_simulated,150
12.8659,74.8613,89.9,9.6,253.8,LOW,SRTM_30m_simulated,150
12.8659,74.86265,92.6,21.57,55.9,LOW,SRTM_30m_simulated,150
12.8659,74.864,96.6,4.2,313.8,LOW,SRTM_30m_simulated,150
12.8659,74.86535,99.0,22.05,133.2,LOW,SRTM_30m_simulated,150
12.8659,74.8667,101.7,23.52,272.5,LOW,SRTM_30m_simulated,150
12.8659,74.86805,104.4,19.15,148.6,LOW,SRTM_30m_simulated,150
12.8659,74.8694,107.6,30.18,292.8,LOW,SRTM_30m_simulated,150
12.8659,74.87075,110.3,14.52,320.1,LOW,SRTM_30m_simulated,150
12.8659,74.8721,113.5,17.26,229.3,LOW,SRTM_30m_simulated,150
12.8659,74.87345,117.0,6.26,7.0,LOW,SRTM_30m_simulated,150
12.8659,74.8748,118.8,22.07,148.8,LOW,SRTM_30m_simulated,150
12.8659,74.87615,122.9,10.37,132.9,LOW,SRTM_30m_simulated,150
12.8659,74.8775,124.7,29.78,170.2,LOW,SRTM_30m_simulated,150
12.8659,74.87885,128.7,26.65,347.0,LOW,SRTM_30m_simulated,150
12.8659,74.8802,131.7,19.65,158.9,LOW,SRTM_30m_simulated,150
12.8659,74.88155,134.0,1.59,309.6,LOW,SRTM_30m_simulated,150
12.8659,74.8829,137.9,0.08,297.0,LOW,SRTM_30m_simulated,150
12.8659,74.88425,139.2,29.18,202.8,LOW,SRTM_30m_simulated,150
12.8659,74.8856,143.0,8.55,127.1,LOW,SRTM_30m_simulated,150
12.8659,74.88695,146.3,15.8,345.9,LOW,SRTM_30m_simulated,150
12.8659,74.8883,148.9,31.67,300.5,LOW,SRTM_30m_simulated,150
12.8659,74.88965,152.0,12.95,42.0,LOW,SRTM_30m_simulated,150
12.8659,74.891,155.2,12.24,236.1,LOW,SRTM_30m_simulated,150
12.8659,74.89235,159.2,16.44,320.6,LOW,SRTM_30m_simulated,150
12.8659,74.8937,161.2,32.83,86.7,LOW,SRTM_30m_simulated,150
12.8659,74.89505,164.6,33.04,138.6,LOW,SRTM_30m_simulated,150
12.8659,74.8964,167.5,0.49,61.9,LOW,SRTM_30m_simulated,150
12.8659,74.89775,169.3,40.26,338.5,LOW,SRTM_30m_simulated,150
12.8659,74.8991,173.2,32.75,227.4,LOW,SRTM_30m_simulated,150
12.8659,74.90045,176.0,22.54,105.7,LOW,SRTM_30m_simulated,150
12.8659,74.9018,179.1,3.34,320.8,LOW,SRTM_30m_simulated,150
12.8659,74.90315,181.9,24.35,327.4,LOW,SRTM_30m_simulated,150
12.8659,74.9045,184.3,13.0,172.0,LOW,SRTM_30m_simulated,150
12.8659,74.90585,188.0,35.67,159.2,LOW,SRTM_30m_simulated,150
12.8659,74.9072,191.3,31.28,301.5,LOW,SRTM_30m_simulated,150
12.8659,74.90855,193.8,19.89,199.3,LOW,SRTM_30m_simulated,150
12.8659,74.9099,196.5,32.34,285.0,LOW,SRTM_30m_simulated,150
12.86725,74.81,0.0,10.31,298.8,HIGH,SRTM_30m_simulated,150
12.86725,74.81135,0.0,3.82,213.9,HIGH,SRTM_30m_simulated,150
12.86725,74.8127,0.0,0.31,133.7,HIGH,SRTM_30m_simulated,150
12.86725,74.81405,0.0,12.44,276.2,HIGH,SRTM_30m_simulated,150
12.86725,74.8154,2.2,9.71,185.3,HIGH,SRTM_30m_simulated,150
12.86725,74.81675,2.8,12.62,168.9,HIGH,SRTM_30m_simulated,150
12.86725,74.8181,6.6,15.48,157.6,MEDIUM,SRTM_30m_simulated,150
12.86725,74.81945,8.9,1.85,292.6,MEDIUM,SRTM_30m_simulated,150
12.86725,74.8208,11.0,0.35,183.6,MEDIUM,SRTM_30m_simulated,150
12.86725,74.82215,13.2,9.34,302.5,MEDIUM,SRTM_30m_simulated,150
12.86725,74.8235,16.6,9.1,318.3,LOW,SRTM_30m_simulated,150
12.86725,74.82485,18.9,7.21,323.3,LOW,SRTM_30m_simulated,150
12.86725,74.8262,21.7,15.29,337.6,LOW,SRTM_30m_simulated,150
12.86725,74.82755,24.9,5.12,39.8,LOW,SRTM_30m_simulated,150
12.86725,74.8289,26.1,17.86,173.9,LOW,SRTM_30m_simulated,150
12.86725,74.83025,28.2,3.34,95.4,LOW,SRTM_30m_simulated,150
12.86725,74.8316,31.9,4.87,94.2,LOW,SRTM_30m_simulated,150
12.86725,74.83295,33.8,12.22,162.2,LOW,SRTM_30m_simulated,150
12.86725,74.8343,37.0,0.74,254.9,LOW,SRTM_30m_simulated,150
12.86725,74.83565,39.5,12.17,319.0,LOW,SRTM_30m_simulated,150
12.86725,74.837,42.8,1.56,84.6,LOW,SRTM_30m_simulated,150
12.86725,74.83835,44.2,15.84,283.0,LOW,SRTM_30m_simulated,150
12.86725,74.8397,47.2,13.57,220.7,LOW,SRTM_30m_simulated,150
12.86725,74.84105,50.1,15.99,89.5,LOW,SRTM_30m_simulated,150
12.86725,74.8424,52.5,5.47,70.9,LOW,SRTM_30m_simulated,150
12.86725,74.84375,56.1,13.94,63.1,LOW,SRTM_30m_simulated,150
12.86725,74.8451,57.6,14.39,301.3,LOW,SRTM_30m_simulated,150
12.86725,74.84645,61.1,23.23,87.8,LOW,SRTM_30m_simulated,150
12.86725,74.8478,63.7,2.47,321.4,LOW,SRTM_30m_simulated,150
12.86725,74.84915,65.4,5.41,266.3,LOW,SRTM_30m_simulated,150
12.86725,74.8505,69.1,19.01,296.3,LOW,SRTM_30m_simulated,150
12.86725,74.85185,70.9,0.02,173.6,LOW,SRTM_30m_simulated,150
12.86725,74.8532,73.5,20.79,138.8,LOW,SRTM_30m_simulated,150
12.86725,74.85455,77.1,14.33,12.6,LOW,SRTM_30m_simulated,150
12.86725,74.8559,79.5,2.21,306.7,LOW,SRTM_30m_simulated,150
12.86725,74.85725,81.3,12.13,226.2,LOW,SRTM_30m_simulated,150
12.86725,74.8586,84.1,21.08,328.1,LOW,SRTM_30m_simulated,150
12.86725,74.85995,87.9,19.25,322.9,LOW,SRTM_30m_simulated,150
12.86725,74.8613,91.1,9.52,238.2,LOW,SRTM_30m_simulated,150
12.86725,74.86265,93.3,11.99,175.5,LOW,SRTM_30m_simulated,150
12.86725,74.864,96.0,14.99,99.7,LOW,SRTM_30m_simulated,150
12.86725,74.86535,99.7,20.9,69.7,LOW,SRTM_30m_simulated,150
12.86725,74.8667,102.4,14.26,93.0,LOW,SRTM_30m_simulated,150
12.86725,74.86805,105.2,0.79,228.6,LOW,SRTM_30m_simulated,150
12.86725,74.8694,108.4,8.97,278.9,LOW,SRTM_30m_simulated,150
12.86725,74.87075,111.1,21.72,87.1,LOW,SRTM_30m_simulated,150
12.86725,74.8721,114.6,7.82,217.2,LOW,SRTM_30m_simulated,150
12.86725,74.87345,116.1,8.32,194.1,LOW,SRTM_30m_simulated,150
12.86725,74.8748,119.2,1.94,51.6,LOW,SRTM_30m_simulated,150
12.86725,74.87615,122.5,11.99,24.0,LOW,SRTM_30m_simulated,150
12.86725,74.8775,125.8,27.21,203.0,LOW,SRTM_30m_simulated,150
12.86725,74.87885,129.0,24.37,44.5,LOW,SRTM_30m_simulated,150
12.86725,74.8802,130.1,16.33,41.8,LOW,SRTM_30m_simulated,150
12.86725,74.88155,135.0,1.27,252.4,LOW,SRTM_30m_simulated,150
12.86725,74.8829,138.1,31.3,299.0,LOW,SRTM_30m_simulated,150
12.86725,74.88425,140.6,22.89,254.0,LOW,SRTM_30m_simulated,150
12.86725,74.8856,142.8,31.35,300.3,LOW,SRTM_30m_simulated,150
12.86725,74.88695,146.7,4.81,350.2,LOW,SRTM_30m_simulated,150
12.86725,74.8883,149.3,29.82,47.5,LOW,SRTM_30m_simulated,150
12.86725,74.88965,152.6,35.3,269.2,LOW,SRTM_30m_simulated,150
12.86725,74.891,155.1,8.67,103.7,LOW,SRTM_30m_simulated,150
12.86725,74.89235,158.9,25.64,121.9,LOW,SRTM_30m_simulated,150
12.86725,74.8937,161.4,2.06,32.4,LOW,SRTM_30m_simulated,150
12.86725,74.89505,164.0,38.26,297.5,LOW,SRTM_30m_simulated,150
12.86725,74.8964,167.5,27.7,195.7,LOW,SRTM_30m_simulated,150
12.86725,74.89775,170.0,16.42,150.8,LOW,SRTM_30m_simulated,150
12.86725,74.8991,173.9,17.46,186.0,LOW,SRTM_30m_simulated,150
12.86725,74.90045,176.5,23.9,231.6,LOW,SRTM_30m_simulated,150
12.86725,74.9018,178.4,5.58,68.9,LOW,SRTM_30m_simulated,150
12.86725,74.90315,181.4,0.78,174.7,LOW,SRTM_30m_simulated,150
12.86725,74.9045,185.5,8.25,37.2,LOW,SRTM_30m_simulated,150
12.86725,74.90585,188.6,16.55,218.0,LOW,SRTM_30m_simulated,150
12.86725,74.9072,190.8,14.35,351.7,LOW,SRTM_30m_simulated,150
12.86725,74.90855,193.3,35.16,33.6,LOW,SRTM_30m_simulated,150
12.86725,74.9099,196.8,2.58,206.2,LOW,SRTM_30m_simulated,150
12.8686,74.81,0.0,4.41,71.2,HIGH,SRTM_30m_simulated,150
12.8686,74.81135,0.0,0.08,48.8,HIGH,SRTM_30m_simulated,150
12.8686,74.8127,0.0,13.56,322.3,HIGH,SRTM_30m_simulated,150
12.8686,74.81405,0.2,4.66,148.3,HIGH,SRTM_30m_simulated,150
12.8686,74.8154,2.1,9.95,331.4,HIGH,SRTM_30m_simulated,150
12.8686,74.81675,4.3,13.45,182.9,HIGH,SRTM_30m_simulated,150
12.8686,74.8181,6.6,12.63,68.8,MEDIUM,SRTM_30m_simulated,150
12.8686,74.81945,9.3,11.04,107.8,MEDIUM,SRTM_30m_simulated,150
12.8686,74.8208,11.2,12.3,256.2,MEDIUM,SRTM_30m_simulated,150
12.8686,74.82215,13.6,3.25,248.8,MEDIUM,SRTM_30m_simulated,150
12.8686,74.8235,16.9,10.01,333.9,LOW,SRTM_30m_simulated,150
12.8686,74.82485,19.7,3.04,103.9,LOW,SRTM_30m_simulated,150
12.8686,74.8262,22.5,10.22,200.6,LOW,SRTM_30m_simulated,150
12.8686,74.82755,23.5,4.6,323.5,LOW,SRTM_30m_simulated,150
12.8686,74.8289,26.7,12.87,187.7,LOW,SRTM_30m_simulated,150
12.8686,74.83025,29.4,13.38,174.5,LOW,SRTM_30m_simulated,150
12.8686,74.8316,32.0,13.4,122.9,LOW,SRTM_30m_simulated,150
12.8686,74.83295,34.7,9.62,139.9,LOW,SRTM_30m_simulated,150
12.8686,74.8343,37.7,0.95,180.3,LOW,SRTM_30m_simulated,150
12.8686,74.83565,40.1,14.17,337.7,LOW,SRTM_30m_simulated,150
12.8686,74.837,42.1,17.04,131.7,LOW,SRTM_30m_simulated,150
12.8686,74.83835,45.6,9.69,115.1,LOW,SRTM_30m_simulated,150
12.8686,74.8397,48.3,14.89,355.8,LOW,SRTM_30m_simulated,150
12.8686,74.84105,49.8,14.53,316.0,LOW,SRTM_30m_simulated,150
12.8686,74.8424,52.2,0.08,350.0,LOW,SRTM_30m_simulated,150
12.8686,74.84375,56.0,20.31,287.5,LOW,SRTM_30m_simulated,150
12.8686,74.8451,57.7,14.84,126.8,LOW,SRTM_30m_simulated,150
12.8686,74.84645,61.4,11.22,147.9,LOW,SRTM_30m_simulated,150
12.8686,74.8478,63.9,1.72,236.9,LOW,SRTM_30m_simulated,150
12.8686,74.84915,66.8,4.63,344.1,LOW,SRTM_30m_simulated,150
12.8686,74.8505,69.4,10.28,245.7,LOW,SRTM_30m_simulated,150
12.8686,74.85185,72.4,2.85,244.0,LOW,SRTM_30m_simulated,150
12.8686,74.8532,74.5,17.23,136.8,LOW,SRTM_30m_simulated,150
12.8686,74.85455,77.0,2.74,187.9,LOW,SRTM_30m_simulated,150
12.8686,74.8559,80.6,16.9,282.9,LOW,SRTM_30m_simulated,150
12.8686,74.85725,83.2,21.79,118.1,LOW,SRTM_30m_simulated,150
12.8686,74.8586,85.9,5.83,198.8,LOW,SRTM_30m_simulated,150
12.8686,74.85995,87.9,24.14,36.5,LOW,SRTM_30m_simulated,150
12.8686,74.8613,91.3,24.14,112.1,LOW,SRTM_30m_simulated,150
12.8686,74.86265,94.6,4.83,64.0,LOW,SRTM_30m_simulated,150
12.8686,74.864,96.9,27.54,54.4,LOW,SRTM_30m_simulated,150
12.8686,74.86535,99.9,19.44,54.4,LOW,SRTM_30m_simulated,150
12.8686,74.8667,102.9,30.24,270.4,LOW,SRTM_30m_simulated,150
12.8686,74.86805,105.5,16.97,125.7,LOW,SRTM_30m_simulated,150
12.8686,74.8694,108.9,16.17,119.1,LOW,SRTM_30m_simulated,150
12.8686,74.87075,111.2,12.26,262.8,LOW,SRTM_30m_simulated,150
12.8686,74.8721,114.2,12.1,352.7,LOW,SRTM_30m_simulated,150
12.8686,74.87345,116.6,5.0,318.7,LOW,SRTM_30m_simulated,150
12.8686,74.8748,120.3,24.36,306.1,LOW,SRTM_30m_simulated,150
12.8686,74.87615,123.8,27.48,266.2,LOW,SRTM_30m_simulated,150
12.8686,74.8775,126.5,15.27,78.1,LOW,SRTM_30m_simulated,150
12.8686,74.87885,130.0,29.63,306.1,LOW,SRTM_30m_simulated,150
12.8686,74.8802,132.5,6.14,179.7,LOW,SRTM_30m_simulated,150
12.8686,74.88155,135.6,31.97,161.2,LOW,SRTM_30m_simulated,150
12.8686,74.8829,138.6,29.87,45.8,LOW,SRTM_30m_simulated,150
12.8686,74.88425,140.7,6.69,44.6,LOW,SRTM_30m_simulated,150
12.8686,74.8856,145.3,33.18,263.2,LOW,SRTM_30m_simulated,150
12.8686,74.88695,147.6,16.38,150.6,LOW,SRTM_30m_simulated,150
12.8686,74.8883,150.2,26.76,75.6,LOW,SRTM_30m_simulated,150
12.8686,74.88965,153.7,11.93,167.5,LOW,SRTM_30m_simulated,150
12.8686,74.891,156.0,37.99,127.1,LOW,SRTM_30m_simulated,150
12.8686,74.89235,158.7,10.2,247.2,LOW,SRTM_30m_simulated,150
12.8686,74.8937,162.0,11.79,173.0,LOW,SRTM_30m_simulated,150
12.8686,74.89505,164.4,7.13,171.5,LOW,SRTM_30m_simulated,150
12.8686,74.8964,168.8,2.66,33.7,LOW,SRTM_30m_simulated,150
12.8686,74.89775,170.5,21.6,184.5,LOW,SRTM_30m_simulated,150
12.8686,74.8991,174.4,2.54,49.1,LOW,SRTM_30m_simulated,150
12.8686,74.90045,177.0,26.54,326.8,LOW,SRTM_30m_simulated,150
12.8686,74.9018,179.9,14.57,312.9,LOW,SRTM_30m_simulated,150
12.8686,74.90315,182.6,20.6,61.0,LOW,SRTM_30m_simulated,150
12.8686,74.9045,185.4,9.63,313.7,LOW,SRTM_30m_simulated,150
12.8686,74.90585,188.7,23.65,268.1,LOW,SRTM_30m_simulated,150
12.8686,74.9072,192.3,24.16,19.2,LOW,SRTM_30m_simulated,150
12.8686,74.90855,194.3,0.98,258.8,LOW,SRTM_30m_simulated,150
12.8686,74.9099,197.6,28.47,154.2,LOW,SRTM_30m_simulated,150
12.86995,74.81,0.0,3.16,296.2,HIGH,SRTM_30m_simulated,150
12.86995,74.81135,0.0,9.16,270.7,HIGH,SRTM_30m_simulated,150
12.86995,74.8127,0.0,5.15,157.8,HIGH,SRTM_30m_simulated,150
12.86995,74.81405,0.0,12.98,77.0,HIGH,SRTM_30m_simulated,150
12.86995,74.8154,2.0,14.01,64.3,HIGH,SRTM_30m_simulated,150
12.86995,74.81675,5.2,11.52,303.6,MEDIUM,SRTM_30m_simulated,150
12.86995,74.8181,6.9,5.77,99.5,MEDIUM,SRTM_30m_simulated,150
12.86995,74.81945,9.9,5.65,200.1,MEDIUM,SRTM_30m_simulated,150
12.86995,74.8208,11.9,13.45,334.5,MEDIUM,SRTM_30m_simulated,150
12.86995,74.82215,14.2,1.53,214.3,MEDIUM,SRTM_30m_simulated,150
12.86995,74.8235,17.4,2.18,0.3,LOW,SRTM_30m_simulated,150
12.86995,74.82485,19.9,12.53,141.3,LOW,SRTM_30m_simulated,150
12.86995,74.8262,22.1,10.28,209.2,LOW,SRTM_30m_simulated,150
12.86995,74.82755,24.5,9.86,268.6,LOW,SRTM_30m_simulated,150
12.86995,74.8289,27.8,10.12,80.0,LOW,SRTM_30m_simulated,150
12.86995,74.83025,29.6,18.12,235.9,LOW,SRTM_30m_simulated,150
12.86995,74.8316,32.6,10.26,187.3,LOW,SRTM_30m_simulated,150
12.86995,74.83295,35.1,2.37,118.1,LOW,SRTM_30m_simulated,150
12.86995,74.8343,37.6,16.16,240.1,LOW,SRTM_30m_simulated,150
12.86995,74.83565,39.8,14.41,315.3,LOW,SRTM_30m_simulated,150
12.86995,74.837,42.7,8.47,263.5,LOW,SRTM_30m_simulated,150
12.86995,74.83835,46.0,14.42,337.6,LOW,SRTM_30m_simulated,150
12.86995,74.8397,48.1,9.52,89.1,LOW,SRTM_30m_simulated,150
12.86995,74.84105,50.1,8.69,308.7,LOW,SRTM_30m_simulated,150
12.86995,74.8424,53.2,16.81,210.5,LOW,SRTM_30m_simulated,150
12.86995,74.84375,56.4,19.01,246.6,LOW,SRTM_30m_simulated,150
12.86995,74.8451,59.2,0.96,167.3,LOW,SRTM_30m_simulated,150
12.86995,74.84645,60.5,4.99,155.3,LOW,SRTM_30m_simulated,150
12.86995,74.8478,64.8,12.28,297.8,LOW,SRTM_30m_simulated,150
12.86995,74.84915,66.8,19.68,168.1,LOW,SRTM_30m_simulated,150
12.86995,74.8505,69.5,19.37,79.9,LOW,SRTM_30m_simulated,150
12.86995,74.85185,72.1,16.94,312.0,LOW,SRTM_30m_simulated,150
12.86995,74.8532,75.4,18.65,248.3,LOW,SRTM_30m_simulated,150
12.86995,74.85455,78.3,3.24,310.9,LOW,SRTM_30m_simulated,150
12.86995,74.8559,80.0,26.72,170.5,LOW,SRTM_30m_simulated,150
12.86995,74.85725,82.5,21.65,120.9,LOW,SRTM_30m_simulated,150
12.86995,74.8586,85.6,16.03,107.8,LOW,SRTM_30m_simulated,150
12.86995,74.85995,88.6,27.16,184.8,LOW,SRTM_30m_simulated,150
12.86995,74.8613,91.3,6.9,3.8,LOW,SRTM_30m_simulated,150
12.86995,74.86265,94.6,4.67,360.0,LOW,SRTM_30m_simulated,150
12.86995,74.864,97.4,20.17,107.3,LOW,SRTM_30m_simulated,150
12.86995,74.86535,99.4,13.02,56.2,LOW,SRTM_30m_simulated,150
12.86995,74.8667,103.7,7.96,18.2,LOW,SRTM_30m_simulated,150
12.86995,74.86805,106.1,23.88,317.4,LOW,SRTM_30m_simulated,150
12.86995,74.8694,108.9,22.33,211.2,LOW,SRTM_30m_simulated,150
12.86995,74.87075,112.1,25.91,88.2,LOW,SRTM_30m_simulated,150
12.86995,74.8721,115.0,17.28,157.8,LOW,SRTM_30m_simulated,150
12.86995,74.87345,118.2,2.8,38.8,LOW,SRTM_30m_simulated,150
12.86995,74.8748,121.0,30.89,3.5,LOW,SRTM_30m_simulated,150
12.86995,74.87615,122.6,6.43,317.8,LOW,SRTM_30m_simulated,150
12.86995,74.8775,126.6,30.6,344.5,LOW,SRTM_30m_simulated,150
12.86995,74.87885,130.8,17.65,109.6,LOW,SRTM_30m_simulated,150
12.86995,74.8802,133.2,30.59,276.4,LOW,SRTM_30m_simulated,150
12.86995,74.88155,135.8,13.13,73.3,LOW,SRTM_30m_simulated,150
12.86995,74.8829,139.0,1.82,28.0,LOW,SRTM_30m_simulated,150
12.86995,74.88425,141.3,35.53,99.5,LOW,SRTM_30m_simulated,150
12.86995,74.8856,145.0,33.94,179.4,LOW,SRTM_30m_simulated,150
12.86995,74.88695,147.2,32.68,269.1,LOW,SRTM_30m_simulated,150
12.86995,74.8883,150.3,19.83,214.6,LOW,SRTM_30m_simulated,150
12.86995,74.88965,153.7,6.96,333.1,LOW,SRTM_30m_simulated,150
12.86995,74.891,157.1,16.07,224.7,LOW,SRTM_30m_simulated,150
12.86995,74.89235,159.9,1.57,162.9,LOW,SRTM_30m_simulated,150
12.86995,74.8937,162.9,28.54,18.3,LOW,SRTM_30m_simulated,150
12.86995,74.89505,165.4,11.58,15.4,LOW,SRTM_30m_simulated,150
12.86995,74.8964,169.2,31.14,2.2,LOW,SRTM_30m_simulated,150
12.86995,74.89775,170.8,27.97,338.4,LOW,SRTM_30m_simulated,150
12.86995,74.8991,174.9,13.5,356.3,LOW,SRTM_30m_simulated,150
12.86995,74.90045,177.3,6.82,216.3,LOW,SRTM_30m_simulated,150
12.86995,74.9018,180.9,11.96,133.2,LOW,SRTM_30m_simulated,150
12.86995,74.90315,183.9,27.95,306.2,LOW,SRTM_30m_simulated,150
12.86995,74.9045,186.6,29.97,293.9,LOW,SRTM_30m_simulated,150
12.86995,74.90585,189.0,5.85,146.3,LOW,SRTM_30m_simulated,150
12.86995,74.9072,192.2,20.24,140.5,LOW,SRTM_30m_simulated,150
12.86995,74.90855,195.8,17.35,316.4,LOW,SRTM_30m_simulated,150
12.86995,74.9099,198.5,8.22,301.0,LOW,SRTM_30m_simulated,150
12.8713,74.81,0.0,11.39,194.0,HIGH,SRTM_30m_simulated,150
12.8713,74.81135,0.0,12.75,297.7,HIGH,SRTM_30m_simulated,150
12.8713,74.8127,0.0,5.96,184.0,HIGH,SRTM_30m_simulated,150
12.8713,74.81405,0.1,3.85,1.7,HIGH,SRTM_30m_simulated,150
12.8713,74.8154,3.5,9.98,265.0,HIGH,SRTM_30m_simulated,150
12.8713,74.81675,5.4,13.15,12.3,MEDIUM,SRTM_30m_simulated,150
12.8713,74.8181,8.3,14.03,352.2,MEDIUM,SRTM_30m_simulated,150
12.8713,74.81945,11.1,6.12,56.0,MEDIUM,SRTM_30m_simulated,150
12.8713,74.8208,13.6,3.69,163.8,MEDIUM,SRTM_30m_simulated,150
12.8713,74.82215,15.6,7.01,293.3,LOW,SRTM_30m_simulated,150
12.8713,74.8235,17.3,3.77,21.6,LOW,SRTM_30m_simulated,150
12.8713,74.82485,20.3,4.88,309.3,LOW,SRTM_30m_simulated,150
12.8713,74.8262,23.0,7.0,52.5,LOW,SRTM_30m_simulated,150
12.8713,74.82755,25.5,13.99,133.4,LOW,SRTM_30m_simulated,150
12.8713,74.8289,27.9,1.71,193.5,LOW,SRTM_30m_simulated,150
12.8713,74.83025,30.1,1.57,102.1,LOW,SRTM_30m_simulated,150
12.8713,74.8316,34.2,17.79,98.6,LOW,SRTM_30m_simulated,150
12.8713,74.83295,36.7,8.3,112.7,LOW,SRTM_30m_simulated,150
12.8713,74.8343,38.7,6.18,169.5,LOW,SRTM_30m_simulated,150
12.8713,74.83565,41.6,17.65,354.2,LOW,SRTM_30m_simulated,150
12.8713,74.837,43.4,9.7,209.0,LOW,SRTM_30m_simulated,150
12.8713,74.83835,46.1,10.79,226.2,LOW,SRTM_30m_simulated,150
12.8713,74.8397,48.6,16.56,5.4,LOW,SRTM_30m_simulated,150
12.8713,74.84105,52.3,3.64,85.7,LOW,SRTM_30m_simulated,150
12.8713,74.8424,53.4,22.2,8.8,LOW,SRTM_30m_simulated,150
12.8713,74.84375,57.2,3.05,145.3,LOW,SRTM_30m_simulated,150
12.8713,74.8451,59.9,13.33,4.3,LOW,SRTM_30m_simulated,150
12.8713,74.84645,62.3,12.06,210.9,LOW,SRTM_30m_simulated,150
12.8713,74.8478,64.8,1.23,116.5,LOW,SRTM_30m_simulated,150
12.8713,74.84915,68.0,6.42,146.9,LOW,SRTM_30m_simulated,150
12.8713,74.8505,70.3,0.56,84.7,LOW,SRTM_30m_simulated,150
12.8713,74.85185,73.3,13.56,177.6,LOW,SRTM_30m_simulated,150
12.8713,74.8532,75.7,3.73,273.0,LOW,SRTM_30m_simulated,150
12.8713,74.85455,78.8,12.71,229.7,LOW,SRTM_30m_simulated,150
12.8713,74.8559,81.0,26.97,55.0,LOW,SRTM_30m_simulated,150
12.8713,74.85725,83.8,17.44,296.4,LOW,SRTM_30m_simulated,150
12.8713,74.8586,86.4,0.15,107.1,LOW,SRTM_30m_simulated,150
12.8713,74.85995,89.1,17.88,16.0,LOW,SRTM_30m_simulated,150
12.8713,74.8613,91.5,9.91,40.2,LOW,SRTM_30m_simulated,150
12.8713,74.86265,95.0,8.07,93.4,LOW,SRTM_30m_simulated,150
12.8713,74.864,98.2,13.9,152.8,LOW,SRTM_30m_simulated,150
12.8713,74.86535,101.5,11.51,241.2,LOW,SRTM_30m_simulated,150
12.8713,74.8667,103.6,26.99,164.4,LOW,SRTM_30m_simulated,150
12.8713,74.86805,107.5,23.81,59.4,LOW,SRTM_30m_simulated,150
12.8713,74.8694,110.6,7.46,44.0,LOW,SRTM_30m_simulated,150
12.8713,74.87075,112.8,14.85,118.7,LOW,SRTM_30m_simulated,150
12.8713,74.8721,115.9,10.51,20.2,LOW,SRTM_30m_simulated,150
12.8713,74.87345,119.9,11.58,52.3,LOW,SRTM_30m_simulated,150
12.8713,74.8748,121.1,17.75,175.6,LOW,SRTM_30m_simulated,150
12.8713,74.87615,124.9,33.56,188.0,LOW,SRTM_30m_simulated,150
12.8713,74.8775,128.1,26.27,315.3,LOW,SRTM_30m_simulated,150
12.8713,74.87885,131.0,30.09,251.3,LOW,SRTM_30m_simulated,150
12.8713,74.8802,133.5,23.17,346.4,LOW,SRTM_30m_simulated,150
12.8713,74.88155,136.4,3.2,150.5,LOW,SRTM_30m_simulated,150
12.8713,74.8829,139.6,16.3,78.9,LOW,SRTM_30m_simulated,150
12.8713,74.88425,142.7,33.37,105.0,LOW,SRTM_30m_simulated,150
12.8713,74.8856,146.1,21.67,11.0,LOW,SRTM_30m_simulated,150
12.8713,74.88695,149.8,31.06,260.9,LOW,SRTM_30m_simulated,150
12.8713,74.8883,152.6,23.16,352.4,LOW,SRTM_30m_simulated,150
12.8713,74.88965,155.3,21.53,267.0,LOW,SRTM_30m_simulated,150
12.8713,74.891,156.8,4.46,127.1,LOW,SRTM_30m_simulated,150
12.8713,74.89235,159.9,13.59,7.1,LOW,SRTM_30m_simulated,150
12.8713,74.8937,163.3,0.86,7.0,LOW,SRTM_30m_simulated,150
12.8713,74.89505,166.3,17.15,125.2,LOW,SRTM_30m_simulated,150
12.8713,74.8964,168.9,12.4,239.6,LOW,SRTM_30m_simulated,150
12.8713,74.89775,171.6,16.62,346.7,LOW,SRTM_30m_simulated,150
12.8713,74.8991,175.3,38.75,7.3,LOW,SRTM_30m_simulated,150
12.8713,74.90045,178.2,10.32,87.5,LOW,SRTM_30m_simulated,150
12.8713,74.9018,180.7,16.15,164.7,LOW,SRTM_30m_simulated,150
12.8713,74.90315,184.6,31.57,33.4,LOW,SRTM_30m_simulated,150
12.8713,74.9045,187.4,22.7,310.1,LOW,SRTM_30m_simulated,150
12.8713,74.90585,189.9,23.66,103.6,LOW,SRTM_30m_simulated,150
12.8713,74.9072,193.7,5.44,266.5,LOW,SRTM_30m_simulated,150
12.8713,74.90855,196.5,32.9,143.0,LOW,SRTM_30m_simulated,150
12.8713,74.9099,199.7,23.81,344.1,LOW,SRTM_30m_simulated,150
12.87265,74.81,0.0,6.29,60.5,HIGH,SRTM_30m_simulated,150
12.87265,74.81135,0.0,11.62,278.2,HIGH,SRTM_30m_simulated,150
12.87265,74.8127,0.0,13.16,325.9,HIGH,SRTM_30m_simulated,150
12.87265,74.81405,1.8,3.52,251.0,HIGH,SRTM_30m_simulated,150
12.87265,74.8154,4.6,13.53,278.7,HIGH,SRTM_30m_simulated,150
12.87265,74.81675,6.7,11.37,321.2,MEDIUM,SRTM_30m_simulated,150
12.87265,74.8181,9.0,12.49,143.1,MEDIUM,SRTM_30m_simulated,150
12.87265,74.81945,11.7,5.73,108.7,MEDIUM,SRTM_30m_simulated,150
12.87265,74.8208,13.1,1.7,197.9,MEDIUM,SRTM_30m_simulated,150
12.87265,74.82215,16.2,8.31,235.4,LOW,SRTM_30m_simulated,150
12.87265,74.8235,18.7,15.5,107.2,LOW,SRTM_30m_simulated,150
12.87265,74.82485,19.9,1.95,55.5,LOW,SRTM_30m_simulated,150
12.87265,74.8262,23.5,4.24,320.7,LOW,SRTM_30m_simulated,150
12.87265,74.82755,26.6,3.55,336.0,LOW,SRTM_30m_simulated,150
12.87265,74.8289,28.6,10.41,21.9,LOW,SRTM_30m_simulated,150
12.87265,74.83025,31.5,3.04,30.2,LOW,SRTM_30m_simulated,150
12.87265,74.8316,33.7,12.72,28.9,LOW,SRTM_30m_simulated,150
12.87265,74.83295,37.0,1.8,93.0,LOW,SRTM_30m_simulated,150
12.87265,74.8343,38.4,14.89,200.6,LOW,SRTM_30m_simulated,150
12.87265,74.83565,41.3,3.22,0.3,LOW,SRTM_30m_simulated,150
12.87265,74.837,45.4,14.19,301.7,LOW,SRTM_30m_simulated,150
12.87265,74.83835,47.2,18.17,194.1,LOW,SRTM_30m_simulated,150
12.87265,74.8397,49.9,10.0,247.0,LOW,SRTM_30m_simulated,150
12.87265,74.84105,52.2,11.45,249.7,LOW,SRTM_30m_simulated,150
12.87265,74.8424,54.3,10.57,47.3,LOW,SRTM_30m_simulated,150
12.87265,74.84375,57.4,14.38,62.0,LOW,SRTM_30m_simulated,150
12.87265,74.8451,61.0,5.19,183.8,LOW,SRTM_30m_simulated,150
12.87265,74.84645,63.2,1.64,17.6,LOW,SRTM_30m_simulated,150
12.87265,74.8478,66.0,2.85,325.5,LOW,SRTM_30m_simulated,150
12.87265,74.84915,68.5,20.05,334.4,LOW,SRTM_30m_simulated,150
12.87265,74.8505,71.6,18.48,192.0,LOW,SRTM_30m_simulated,150
12.87265,74.85185,73.2,19.23,129.2,LOW,SRTM_30m_simulated,150
12.87265,74.8532,76.9,2.02,261.1,LOW,SRTM_30m_simulated,150
12.87265,74.85455,79.2,17.19,326.1,LOW,SRTM_30m_simulated,150
12.87265,74.8559,82.5,20.59,173.8,LOW,SRTM_30m_simulated,150
12.87265,74.85725,84.0,22.47,141.5,LOW,SRTM_30m_simulated,150
12.87265,74.8586,87.6,2.65,107.8,LOW,SRTM_30m_simulated,150
12.87265,74.85995,89.5,12.61,281.6,LOW,SRTM_30m_simulated,150
12.87265,74.8613,92.9,4.09,43.9,LOW,SRTM_30m_simulated,150
12.87265,74.86265,95.2,7.48,353.0,LOW,SRTM_30m_simulated,150
12.87265,74.864,99.3,14.99,45.0,LOW,SRTM_30m_simulated,150
12.87265,74.86535,101.7,23.12,141.7,LOW,SRTM_30m_simulated,150
12.87265,74.8667,105.1,10.83,164.5,LOW,SRTM_30m_simulated,150
12.87265,74.86805,107.1,5.59,218.1,LOW,SRTM_30m_simulated,150
12.87265,74.8694,111.7,13.11,38.6,LOW,SRTM_30m_simulated,150
12.87265,74.87075,113.4,7.5,50.3,LOW,SRTM_30m_simulated,150
12.87265,74.8721,117.0,25.71,69.5,LOW,SRTM_30m_simulated,150
12.87265,74.87345,119.9,5.83,301.3,LOW,SRTM_30m_simulated,150
12.87265,74.8748,121.7,28.35,44.8,LOW,SRTM_30m_simulated,150
12.87265,74.87615,125.6,32.12,147.1,LOW,SRTM_30m_simulated,150
12.87265,74.8775,128.2,19.44,329.9,LOW,SRTM_30m_simulated,150
12.87265,74.87885,131.2,31.41,226.4,LOW,SRTM_30m_simulated,150
12.87265,74.8802,135.4,22.54,47.2,LOW,SRTM_30m_simulated,150
12.87265,74.88155,138.0,17.46,241.4,LOW,SRTM_30m_simulated,150
12.87265,74.8829,140.5,18.0,144.1,LOW,SRTM_30m_simulated,150
12.87265,74.88425,143.3,3.57,33.6,LOW,SRTM_30m_simulated,150
12.87265,74.8856,146.3,31.43,320.9,LOW,SRTM_30m_simulated,150
12.87265,74.88695,149.7,5.92,294.6,LOW,SRTM_30m_simulated,150
12.87265,74.8883,152.9,9.28,19.3,LOW,SRTM_30m_simulated,150
12.87265,74.88965,155.7,5.92,111.7,LOW,SRTM_30m_simulated,150
12.87265,74.891,157.7,14.41,231.3,LOW,SRTM_30m_simulated,150
12.87265,74.89235,161.1,2.38,16.8,LOW,SRTM_30m_simulated,150
12.87265,74.8937,163.8,1.63,250.8,LOW,SRTM_30m_simulated,150
12.87265,74.89505,167.3,32.56,71.9,LOW,SRTM_30m_simulated,150
12.87265,74.8964,169.2,8.96,266.0,LOW,SRTM_30m_simulated,150
12.87265,74.89775,173.0,40.83,83.2,LOW,SRTM_30m_simulated,150
12.87265,74.8991,175.4,18.85,269.2,LOW,SRTM_30m_simulated,150
12.87265,74.90045,178.1,32.58,230.8,LOW,SRTM_30m_simulated,150
12.87265,74.9018,181.1,25.71,343.9,LOW,SRTM_30m_simulated,150
12.87265,74.90315,184.8,11.11,36.0,LOW,SRTM_30m_simulated,150
12.87265,74.9045,187.4,27.84,72.0,LOW,SRTM_30m_simulated,150
12.87265,74.90585,190.5,0.98,168.8,LOW,SRTM_30m_simulated,150
12.87265,74.9072,193.6,15.37,269.9,LOW,SRTM_30m_simulated,150
12.87265,74.90855,196.9,0.01,75.2,LOW,SRTM_30m_simulated,150
12.87265,74.9099,199.7,29.85,205.1,LOW,SRTM_30m_simulated,150
12.874,74.81,0.0,0.07,234.8,HIGH,SRTM_30m_simulated,150
12.874,74.81135,0.0,14.5,13.2,HIGH,SRTM_30m_simulated,150
12.874,74.8127,0.0,14.91,205.5,HIGH,SRTM_30m_simulated,150
12.874,74.81405,3.6,4.72,84.1,HIGH,SRTM_30m_simulated,150
12.874,74.8154,5.3,12.23,65.3,MEDIUM,SRTM_30m_simulated,150
12.874,74.81675,7.1,9.81,70.0,MEDIUM,SRTM_30m_simulated,150
12.874,74.8181,9.8,2.64,296.2,MEDIUM,SRTM_30m_simulated,150
12.874,74.81945,11.6,11.25,47.9,MEDIUM,SRTM_30m_simulated,150
12.874,74.8208,15.4,4.19,322.7,LOW,SRTM_30m_simulated,150
12.874,74.82215,17.2,15.4,145.7,LOW,SRTM_30m_simulated,150
12.874,74.8235,19.4,13.82,321.7,LOW,SRTM_30m_simulated,150
12.874,74.82485,21.3,14.84,259.4,LOW,SRTM_30m_simulated,150
12.874,74.8262,24.2,10.09,234.3,LOW,SRTM_30m_simulated,150
12.874,74.82755,26.7,17.07,4.2,LOW,SRTM_30m_simulated,150
12.874,74.8289,29.0,9.02,201.5,LOW,SRTM_30m_simulated,150
12.874,74.83025,31.9,9.77,328.3,LOW,SRTM_30m_simulated,150
12.874,74.8316,35.6,8.98,37.3,LOW,SRTM_30m_simulated,150
12.874,74.83295,37.5,19.42,14.3,LOW,SRTM_30m_simulated,150
12.874,74.8343,40.3,11.37,349.3,LOW,SRTM_30m_simulated,150
12.874,74.83565,43.0,13.15,151.5,LOW,SRTM_30m_simulated,150
12.874,74.837,45.0,2.13,230.1,LOW,SRTM_30m_simulated,150
12.874,74.83835,48.1,16.63,154.8,LOW,SRTM_30m_simulated,150
12.874,74.8397,51.3,14.61,357.4,LOW,SRTM_30m_simulated,150
12.874,74.84105,53.6,11.21,33.3,LOW,SRTM_30m_simulated,150
12.874,74.8424,55.4,18.0,163.6,LOW,SRTM_30m_simulated,150
12.874,74.84375,59.2,13.08,70.2,LOW,SRTM_30m_simulated,150
12.874,74.8451,61.5,24.13,241.9,LOW,SRTM_30m_simulated,150
12.874,74.84645,64.7,1.13,250.1,LOW,SRTM_30m_simulated,150
12.874,74.8478,66.4,11.64,319.9,LOW,SRTM_30m_simulated,150
12.874,74.84915,69.4,19.29,105.6,LOW,SRTM_30m_simulated,150
12.874,74.8505,72.0,23.26,266.2,LOW,SRTM_30m_simulated,150
12.874,74.85185,74.2,25.3,61.0,LOW,SRTM_30m_simulated,150
12.874,74.8532,77.4,1.39,312.0,LOW,SRTM_30m_simulated,150
12.874,74.85455,79.4,22.03,158.7,LOW,SRTM_30m_simulated,150
12.874,74.8559,82.8,24.2,355.1,LOW,SRTM_30m_simulated,150
12.874,74.85725,85.5,10.58,138.4,LOW,SRTM_30m_simulated,150
12.874,74.8586,89.1,19.24,258.5,LOW,SRTM_30m_simulated,150
12.874,74.85995,90.7,8.92,210.7,LOW,SRTM_30m_simulated,150
12.874,74.8613,94.4,16.26,214.8,LOW,SRTM_30m_simulated,150
12.874,74.86265,96.9,11.04,259.7,LOW,SRTM_30m_simulated,150
12.874,74.864,99.7,22.43,177.1,LOW,SRTM_30m_simulated,150
12.874,74.86535,102.8,17.19,177.6,LOW,SRTM_30m_simulated,150
12.874,74.8667,105.4,19.1,93.7,LOW,SRTM_30m_simulated,150
12.874,74.86805,107.5,8.69,348.7,LOW,SRTM_30m_simulated,150
12.874,74.8694,112.4,17.3,173.9,LOW,SRTM_30m_simulated,150
12.874,74.87075,115.0,21.61,31.2,LOW,SRTM_30m_simulated,150
12.874,74.8721,116.8,30.74,16.4,LOW,SRTM_30m_simulated,150
12.874,74.87345,120.5,23.89,182.0,LOW,SRTM_30m_simulated,150
12.874,74.8748,122.7,26.27,38.4,LOW,SRTM_30m_simulated,150
12.874,74.87615,126.0,4.3,179.9,LOW,SRTM_30m_simulated,150
12.874,74.8775,128.6,27.16,105.7,LOW,SRTM_30m_simulated,150
12.874,74.87885,132.6,26.48,313.3,LOW,SRTM_30m_simulated,150
12.874,74.8802,135.3,30.73,333.3,LOW,SRTM_30m_simulated,150
12.874,74.88155,139.2,32.02,157.1,LOW,SRTM_30m_simulated,150
12.874,74.8829,141.0,18.97,169.3,LOW,SRTM_30m_simulated,150
12.874,74.88425,144.3,27.01,95.1,LOW,SRTM_30m_simulated,150
12.874,74.8856,146.9,1.07,131.8,LOW,SRTM_30m_simulated,150
12.874,74.88695,150.5,22.43,233.8,LOW,SRTM_30m_simulated,150
12.874,74.8883,153.1,6.39,9.9,LOW,SRTM_30m_simulated,150
12.874,74.88965,156.4,10.01,6.8,LOW,SRTM_30m_simulated,150
12.874,74.891,158.7,14.93,297.4,LOW,SRTM_30m_simulated,150
12.874,74.89235,162.4,11.71,105.5,LOW,SRTM_30m_simulated,150
12.874,74.8937,165.1,5.82,216.5,LOW,SRTM_30m_simulated,150
12.874,74.89505,167.6,19.31,19.1,LOW,SRTM_30m_simulated,150
12.874,74.8964,170.7,3.72,84.1,LOW,SRTM_30m_simulated,150
12.874,74.89775,174.5,22.38,295.7,LOW,SRTM_30m_simulated,150
12.874,74.8991,176.6,25.93,273.7,LOW,SRTM_30m_simulated,150
12.874,74.90045,180.0,38.85,233.1,LOW,SRTM_30m_simulated,150
12.874,74.9018,182.8,10.42,253.3,LOW,SRTM_30m_simulated,150
12.874,74.90315,185.1,25.99,93.6,LOW,SRTM_30m_simulated,150
12.874,74.9045,189.0,40.72,298.9,LOW,SRTM_30m_simulated,150
12.874,74.90585,191.6,29.69,9.1,LOW,SRTM_30m_simulated,150
12.874,74.9072,194.5,29.22,242.0,LOW,SRTM_30m_simulated,150
12.874,74.90855,197.6,22.77,106.8,LOW,SRTM_30m_simulated,150
12.874,74.9099,200.3,28.66,109.2,LOW,SRTM_30m_simulated,150
12.87535,74.81,0.0,8.59,243.6,HIGH,SRTM_30m_simulated,150
12.87535,74.81135,0.0,1.17,329.8,HIGH,SRTM_30m_simulated,150
12.87535,74.8127,0.8,0.62,234.2,HIGH,SRTM_30m_simulated,150
12.87535,74.81405,3.3,4.27,195.1,HIGH,SRTM_30m_simulated,150
12.87535,74.8154,6.3,2.42,319.4,MEDIUM,SRTM_30m_simulated,150
12.87535,74.81675,7.9,3.8,44.5,MEDIUM,SRTM_30m_simulated,150
12.87535,74.8181,10.2,4.33,236.5,MEDIUM,SRTM_30m_simulated,150
12.87535,74.81945,13.0,14.94,146.5,MEDIUM,SRTM_30m_simulated,150
12.87535,74.8208,14.3,12.11,134.5,MEDIUM,SRTM_30m_simulated,150
12.87535,74.82215,17.7,4.82,123.2,LOW,SRTM_30m_simulated,150
12.87535,74.8235,19.6,4.5,163.8,LOW,SRTM_30m_simulated,150
12.87535,74.82485,22.2,3.81,276.5,LOW,SRTM_30m_simulated,150
12.87535,74.8262,25.9,10.95,252.6,LOW,SRTM_30m_simulated,150
12.87535,74.82755,27.9,9.57,252.5,LOW,SRTM_30m_simulated,150
12.87535,74.8289,30.1,4.51,88.4,LOW,SRTM_30m_simulated,150
12.87535,74.83025,32.4,5.56,234.1,LOW,SRTM_30m_simulated,150
12.87535,74.8316,35.7,9.35,265.6,LOW,SRTM_30m_simulated,150
12.87535,74.83295,38.0,6.21,188.9,LOW,SRTM_30m_simulated,150
12.87535,74.8343,40.8,6.49,213.3,LOW,SRTM_30m_simulated,150
12.87535,74.83565,43.1,18.51,252.0,LOW,SRTM_30m_simulated,150
12.87535,74.837,45.6,7.01,22.4,LOW,SRTM_30m_simulated,150
12.87535,74.83835,48.8,0.62,165.3,LOW,SRTM_30m_simulated,150
12.87535,74.8397,52.0,18.08,72.5,LOW,SRTM_30m_simulated,150
12.87535,74.84105,54.0,12.81,302.2,LOW,SRTM_30m_simulated,150
12.87535,74.8424,56.3,7.3,279.9,LOW,SRTM_30m_simulated,150
12.87535,74.84375,60.0,7.29,15.4,LOW,SRTM_30m_simulated,150
12.87535,74.8451,61.4,16.01,343.7,LOW,SRTM_30m_simulated,150
12.87535,74.84645,65.3,5.64,344.5,LOW,SRTM_30m_simulated,150
12.87535,74.8478,66.9,17.78,114.3,LOW,SRTM_30m_simulated,150
12.87535,74.84915,69.4,20.92,352.0,LOW,SRTM_30m_simulated,150
12.87535,74.8505,72.4,24.42,273.9,LOW,SRTM_30m_simulated,150
12.87535,74.85185,74.2,0.44,84.2,LOW,SRTM_30m_simulated,150
12.87535,74.8532,78.6,17.38,56.3,LOW,SRTM_30m_simulated,150
12.87535,74.85455,80.9,15.66,14.4,LOW,SRTM_30m_simulated,150
12.87535,74.8559,82.6,8.09,286.4,LOW,SRTM_30m_simulated,150
12.87535,74.85725,86.2,2.57,66.6,LOW,SRTM_30m_simulated,150
12.87535,74.8586,88.9,4.76,97.4,LOW,SRTM_30m_simulated,150
12.87535,74.85995,90.9,16.77,299.0,LOW,SRTM_30m_simulated,150
12.87535,74.8613,94.6,25.22,156.6,LOW,SRTM_30m_simulated,150
12.87535,74.86265,97.1,4.83,32.0,LOW,SRTM_30m_simulated,150
12.87535,74.864,100.6,3.41,103.5,LOW,SRTM_30m_simulated,150
12.87535,74.86535,103.7,1.36,139.5,LOW,SRTM_30m_simulated,150
12.87535,74.8667,105.4,16.82,26.4,LOW,SRTM_30m_simulated,150
12.87535,74.86805,108.6,29.74,133.7,LOW,SRTM_30m_simulated,150
12.87535,74.8694,113.0,31.94,305.8,LOW,SRTM_30m_simulated,150
12.87535,74.87075,114.6,20.7,170.6,LOW,SRTM_30m_simulated,150
12.87535,74.8721,118.1,13.93,30.3,LOW,SRTM_30m_simulated,150
12.87535,74.87345,120.3,26.1,125.4,LOW,SRTM_30m_simulated,150
12.87535,74.8748,124.5,26.92,142.6,LOW,SRTM_30m_simulated,150
12.87535,74.87615,127.3,18.2,130.5,LOW,SRTM_30m_simulated,150
12.87535,74.8775,129.9,2.75,218.9,LOW,SRTM_30m_simulated,150
12.87535,74.87885,133.1,4.91,143.4,LOW,SRTM_30m_simulated,150
12.87535,74.8802,136.2,5.8,164.6,LOW,SRTM_30m_simulated,150
12.87535,74.88155,139.7,32.34,101.6,LOW,SRTM_30m_simulated,150
12.87535,74.8829,141.5,6.69,324.9,LOW,SRTM_30m_simulated,150
12.87535,74.88425,145.6,32.59,353.8,LOW,SRTM_30m_simulated,150
12.87535,74.8856,147.5,8.19,36.8,LOW,SRTM_30m_simulated,150
12.87535,74.88695,151.9,7.93,266.2,LOW,SRTM_30m_simulated,150
12.87535,74.8883,153.9,22.41,138.1,LOW,SRTM_30m_simulated,150
12.87535,74.88965,157.6,11.65,117.3,LOW,SRTM_30m_simulated,150
12.87535,74.891,158.9,18.06,308.2,LOW,SRTM_30m_simulated,150
12.87535,74.89235,163.1,4.08,18.2,LOW,SRTM_30m_simulated,150
12.87535,74.8937,165.8,4.59,325.6,LOW,SRTM_30m_simulated,150
12.87535,74.89505,168.7,14.57,135.4,LOW,SRTM_30m_simulated,150
12.87535,74.8964,171.2,26.21,59.6,LOW,SRTM_30m_simulated,150
12.87535,74.89775,174.6,23.45,191.2,LOW,SRTM_30m_simulated,150
12.87535,74.8991,177.9,37.63,116.8,LOW,SRTM_30m_simulated,150
12.87535,74.90045,181.1,32.31,329.0,LOW,SRTM_30m_simulated,150
12.87535,74.9018,184.3,40.86,352.2,LOW,SRTM_30m_simulated,150
12.87535,74.90315,185.9,17.36,255.0,LOW,SRTM_30m_simulated,150
12.87535,74.9045,189.4,37.1,228.3,LOW,SRTM_30m_simulated,150
12.87535,74.90585,192.4,14.95,70.6,LOW,SRTM_30m_simulated,150
12.87535,74.9072,194.9,22.05,48.4,LOW,SRTM_30m_simulated,150
12.87535,74.90855,197.4,41.19,167.0,LOW,SRTM_30m_simulated,150
12.87535,74.9099,201.5,37.33,203.4,LOW,SRTM_30m_simulated,150
12.8767,74.81,0.0,1.6,330.3,HIGH,SRTM_30m_simulated,150
12.8767,74.81135,0.0,7.98,3.8,HIGH,SRTM_30m_simulated,150
12.8767,74.8127,2.4,1.67,233.7,HIGH,SRTM_30m_simulated,150
12.8767,74.81405,4.5,3.95,81.4,HIGH,SRTM_30m_simulated,150
12.8767,74.8154,5.9,7.63,46.0,MEDIUM,SRTM_30m_simulated,150
12.8767,74.81675,8.6,4.44,112.3,MEDIUM,SRTM_30m_simulated,150
12.8767,74.8181,11.2,13.41,219.5,MEDIUM,SRTM_30m_simulated,150
12.8767,74.81945,13.1,14.37,8.4,MEDIUM,SRTM_30m_simulated,150
12.8767,74.8208,15.9,2.56,125.8,LOW,SRTM_30m_simulated,150
12.8767,74.82215,19.3,11.73,307.1,LOW,SRTM_30m_simulated,150
12.8767,74.8235,21.2,10.65,10.3,LOW,SRTM_30m_simulated,150
12.8767,74.82485,23.3,17.78,322.1,LOW,SRTM_30m_simulated,150
12.8767,74.8262,25.9,1.26,292.3,LOW,SRTM_30m_simulated,150
12.8767,74.82755,28.7,7.69,306.7,LOW,SRTM_30m_simulated,150
12.8767,74.8289,32.2,0.61,198.9,LOW,SRTM_30m_simulated,150
12.8767,74.83025,33.1,3.58,146.0,LOW,SRTM_30m_simulated,150
12.8767,74.8316,35.9,0.32,296.8,LOW,SRTM_30m_simulated,150
12.8767,74.83295,39.4,15.19,199.5,LOW,SRTM_30m_simulated,150
12.8767,74.8343,42.6,6.64,294.8,LOW,SRTM_30m_simulated,150
12.8767,74.83565,45.2,12.23,331.3,LOW,SRTM_30m_simulated,150
12.8767,74.837,46.7,8.89,82.7,LOW,SRTM_30m_simulated,150
12.8767,74.83835,49.6,19.62,179.2,LOW,SRTM_30m_simulated,150
12.8767,74.8397,53.5,18.17,336.5,LOW,SRTM_30m_simulated,150
12.8767,74.84105,55.3,0.41,83.4,LOW,SRTM_30m_simulated,150
12.8767,74.8424,57.0,8.49,250.5,LOW,SRTM_30m_simulated,150
12.8767,74.84375,59.9,14.45,112.5,LOW,SRTM_30m_simulated,150
12.8767,74.8451,63.0,7.43,330.1,LOW,SRTM_30m_simulated,150
12.8767,74.84645,65.6,2.04,108.7,LOW,SRTM_30m_simulated,150
12.8767,74.8478,67.8,9.16,257.4,LOW,SRTM_30m_simulated,150
12.8767,74.84915,70.8,9.8,291.6,LOW,SRTM_30m_simulated,150
12.8767,74.8505,73.8,22.07,186.8,LOW,SRTM_30m_simulated,150
12.8767,74.85185,76.7,24.82,258.6,LOW,SRTM_30m_simulated,150
12.8767,74.8532,78.7,7.83,321.5,LOW,SRTM_30m_simulated,150
12.8767,74.85455,81.6,1.7,237.0,LOW,SRTM_30m_simulated,150
12.8767,74.8559,84.8,10.9,73.6,LOW,SRTM_30m_simulated,150
12.8767,74.85725,87.5,23.14,334.0,LOW,SRTM_30m_simulated,150
12.8767,74.8586,89.5,21.45,280.8,LOW,SRTM_30m_simulated,150
12.8767,74.85995,93.3,19.44,211.5,LOW,SRTM_30m_simulated,150
12.8767,74.8613,96.0,25.85,323.4,LOW,SRTM_30m_simulated,150
12.8767,74.86265,98.4,13.72,290.6,LOW,SRTM_30m_simulated,150
12.8767,74.864,100.1,4.41,318.2,LOW,SRTM_30m_simulated,150
12.8767,74.86535,105.3,2.14,282.2,LOW,SRTM_30m_simulated,150
12.8767,74.8667,106.8,27.02,104.3,LOW,SRTM_30m_simulated,150
12.8767,74.86805,110.3,16.46,248.4,LOW,SRTM_30m_simulated,150
12.8767,74.8694,112.9,10.35,0.6,LOW,SRTM_30m_simulated,150
12.8767,74.87075,115.4,15.22,198.9,LOW,SRTM_30m_simulated,150
12.8767,74.8721,119.9,24.04,118.8,LOW,SRTM_30m_simulated,150
12.8767,74.87345,121.2,2.47,321.6,LOW,SRTM_30m_simulated,150
12.8767,74.8748,124.0,6.12,279.6,LOW,SRTM_30m_simulated,150
12.8767,74.87615,127.9,22.31,18.1,LOW,SRTM_30m_simulated,150
12.8767,74.8775,131.7,25.79,24.4,LOW,SRTM_30m_simulated,150
12.8767,74.87885,134.1,27.53,4.0,LOW,SRTM_30m_simulated,150
12.8767,74.8802,136.6,30.92,111.4,LOW,SRTM_30m_simulated,150
12.8767,74.88155,141.1,22.33,328.9,LOW,SRTM_30m_simulated,150
12.8767,74.8829,141.9,0.42,211.9,LOW,SRTM_30m_simulated,150
12.8767,74.88425,145.4,31.09,144.4,LOW,SRTM_30m_simulated,150
12.8767,74.8856,148.4,36.2,72.8,LOW,SRTM_30m_simulated,150
12.8767,74.88695,151.5,30.17,205.7,LOW,SRTM_30m_simulated,150
12.8767,74.8883,154.7,31.75,129.9,LOW,SRTM_30m_simulated,150
12.8767,74.88965,157.7,15.26,321.0,LOW,SRTM_30m_simulated,150
12.8767,74.891,160.9,26.86,270.1,LOW,SRTM_30m_simulated,150
12.8767,74.89235,163.0,17.64,40.3,LOW,SRTM_30m_simulated,150
12.8767,74.8937,166.2,1.1,11.1,LOW,SRTM_30m_simulated,150
12.8767,74.89505,168.4,33.39,266.3,LOW,SRTM_30m_simulated,150
12.8767,74.8964,172.8,14.44,95.5,LOW,SRTM_30m_simulated,150
12.8767,74.89775,175.4,29.62,10.8,LOW,SRTM_30m_simulated,150
12.8767,74.8991,178.8,23.49,156.2,LOW,SRTM_30m_simulated,150
12.8767,74.90045,181.6,26.78,268.6,LOW,SRTM_30m_simulated,150
12.8767,74.9018,184.7,0.64,132.5,LOW,SRTM_30m_simulated,150
12.8767,74.90315,187.2,32.27,14.4,LOW,SRTM_30m_simulated,150
12.8767,74.9045,190.3,16.65,177.6,LOW,SRTM_30m_simulated,150
12.8767,74.90585,193.2,11.32,86.7,LOW,SRTM_30m_simulated,150
12.8767,74.9072,196.5,37.89,147.9,LOW,SRTM_30m_simulated,150
12.8767,74.90855,199.5,5.9,204.2,LOW,SRTM_30m_simulated,150
12.8767,74.9099,201.6,2.2,183.7,LOW,SRTM_30m_simulated,150
12.87805,74.81,0.0,10.38,143.3,HIGH,SRTM_30m_simulated,150
12.87805,74.81135,0.1,9.96,213.0,HIGH,SRTM_30m_simulated,150
12.87805,74.8127,2.8,11.52,16.3,HIGH,SRTM_30m_simulated,150
12.87805,74.81405,5.3,3.22,348.5,MEDIUM,SRTM_30m_simulated,150
12.87805,74.8154,7.4,9.05,320.4,MEDIUM,SRTM_30m_simulated,150
12.87805,74.81675,8.8,0.19,87.3,MEDIUM,SRTM_30m_simulated,150
12.87805,74.8181,12.2,3.59,317.0,MEDIUM,SRTM_30m_simulated,150
12.87805,74.81945,15.1,8.72,121.1,LOW,SRTM_30m_simulated,150
12.87805,74.8208,16.7,5.19,82.7,LOW,SRTM_30m_simulated,150
12.87805,74.82215,19.7,14.01,7.5,LOW,SRTM_30m_simulated,150
12.87805,74.8235,21.9,17.73,191.1,LOW,SRTM_30m_simulated,150
12.87805,74.82485,23.9,15.35,229.8,LOW,SRTM_30m_simulated,150
12.87805,74.8262,27.1,10.03,328.3,LOW,SRTM_30m_simulated,150
12.87805,74.82755,29.7,5.04,168.9,LOW,SRTM_30m_simulated,150
12.87805,74.8289,31.2,18.18,248.2,LOW,SRTM_30m_simulated,150
12.87805,74.83025,35.4,16.04,353.5,LOW,SRTM_30m_simulated,150
12.87805,74.8316,37.1,19.66,124.8,LOW,SRTM_30m_simulated,150
12.87805,74.83295,40.1,6.08,241.2,LOW,SRTM_30m_simulated,150
12.87805,74.8343,42.4,12.53,99.1,LOW,SRTM_30m_simulated,150
12.87805,74.83565,45.1,4.93,133.1,LOW,SRTM_30m_simulated,150
12.87805,74.837,47.3,17.47,194.3,LOW,SRTM_30m_simulated,150
12.87805,74.83835,51.3,3.45,214.0,LOW,SRTM_30m_simulated,150
12.87805,74.8397,53.0,3.15,193.0,LOW,SRTM_30m_simulated,150
12.87805,74.84105,55.3,3.55,8.8,LOW,SRTM_30m_simulated,150
12.87805,74.8424,59.1,18.91,151.8,LOW,SRTM_30m_simulated,150
12.87805,74.84375,60.5,0.04,209.9,LOW,SRTM_30m_simulated,150
12.87805,74.8451,63.6,24.48,164.5,LOW,SRTM_30m_simulated,150
12.87805,74.84645,66.0,5.45,237.0,LOW,SRTM_30m_simulated,150
12.87805,74.8478,70.0,0.22,189.5,LOW,SRTM_30m_simulated,150
12.87805,74.84915,71.8,25.11,96.9,LOW,SRTM_30m_simulated,150
12.87805,74.8505,74.6,16.42,179.6,LOW,SRTM_30m_simulated,150
12.87805,74.85185,77.6,22.95,109.7,LOW,SRTM_30m_simulated,150
12.87805,74.8532,80.4,24.62,27.3,LOW,SRTM_30m_simulated,150
12.87805,74.85455,83.0,5.19,81.7,LOW,SRTM_30m_simulated,150
12.87805,74.8559,84.8,6.44,136.8,LOW,SRTM_30m_simulated,150
12.87805,74.85725,88.0,24.19,348.1,LOW,SRTM_30m_simulated,150
12.87805,74.8586,90.2,19.57,74.8,LOW,SRTM_30m_simulated,150
12.87805,74.85995,93.6,16.19,9.4,LOW,SRTM_30m_simulated,150
12.87805,74.8613,97.2,19.05,194.7,LOW,SRTM_30m_simulated,150
12.87805,74.86265,98.8,19.53,94.5,LOW,SRTM_30m_simulated,150
12.87805,74.864,101.4,25.5,154.5,LOW,SRTM_30m_simulated,150
12.87805,74.86535,105.4,8.12,99.0,LOW,SRTM_30m_simulated,150
12.87805,74.8667,107.8,18.12,180.0,LOW,SRTM_30m_simulated,150
12.87805,74.86805,111.7,18.65,322.2,LOW,SRTM_30m_simulated,150
12.87805,74.8694,114.3,21.85,295.2,LOW,SRTM_30m_simulated,150
12.87805,74.87075,116.3,25.08,352.1,LOW,SRTM_30m_simulated,150
12.87805,74.8721,120.3,23.15,266.3,LOW,SRTM_30m_simulated,150
12.87805,74.87345,123.2,16.12,168.8,LOW,SRTM_30m_simulated,150
12.87805,74.8748,125.7,26.29,52.2,LOW,SRTM_30m_simulated,150
12.87805,74.87615,129.3,26.89,199.5,LOW,SRTM_30m_simulated,150
12.87805,74.8775,132.0,13.06,351.9,LOW,SRTM_30m_simulated,150
12.87805,74.87885,135.1,23.61,193.3,LOW,SRTM_30m_simulated,150
12.87805,74.8802,137.8,23.91,238.6,LOW,SRTM_30m_simulated,150
12.87805,74.88155,140.0,18.89,277.0,LOW,SRTM_30m_simulated,150
12.87805,74.8829,142.8,28.6,234.2,LOW,SRTM_30m_simulated,150
12.87805,74.88425,147.5,33.27,240.4,LOW,SRTM_30m_simulated,150
12.87805,74.8856,149.3,30.75,336.5,LOW,SRTM_30m_simulated,150
12.87805,74.88695,152.3,27.68,45.7,LOW,SRTM_30m_simulated,150
12.87805,74.8883,155.4,16.44,235.0,LOW,SRTM_30m_simulated,150
12.87805,74.88965,158.4,7.48,218.3,LOW,SRTM_30m_simulated,150
12.87805,74.891,161.2,25.12,83.6,LOW,SRTM_30m_simulated,150
12.87805,74.89235,164.7,29.17,178.7,LOW,SRTM_30m_simulated,150
12.87805,74.8937,167.6,30.14,145.5,LOW,SRTM_30m_simulated,150
12.87805,74.89505,170.1,11.8,220.8,LOW,SRTM_30m_simulated,150
12.87805,74.8964,173.8,13.93,185.2,LOW,SRTM_30m_simulated,150
12.87805,74.89775,176.4,23.21,200.6,LOW,SRTM_30m_simulated,150
12.87805,74.8991,179.9,3.86,103.9,LOW,SRTM_30m_simulated,150
12.87805,74.90045,181.1,14.75,324.9,LOW,SRTM_30m_simulated,150
12.87805,74.9018,185.1,32.71,351.0,LOW,SRTM_30m_simulated,150
12.87805,74.90315,188.5,21.44,20.7,LOW,SRTM_30m_simulated,150
12.87805,74.9045,191.2,37.95,266.2,LOW,SRTM_30m_simulated,150
12.87805,74.90585,194.1,34.56,233.8,LOW,SRTM_30m_simulated,150
12.87805,74.9072,196.5,20.38,262.8,LOW,SRTM_30m_simulated,150
12.87805,74.90855,201.0,26.37,229.0,LOW,SRTM_30m_simulated,150
12.87805,74.9099,203.4,30.04,327.2,LOW,SRTM_30m_simulated,150
12.8794,74.81,0.0,1.25,123.0,HIGH,SRTM_30m_simulated,150
12.8794,74.81135,1.0,1.05,349.4,HIGH,SRTM_30m_simulated,150
12.8794,74.8127,3.6,11.84,228.5,HIGH,SRTM_30m_simulated,150
12.8794,74.81405,5.1,7.72,119.0,MEDIUM,SRTM_30m_simulated,150
12.8794,74.8154,8.0,9.18,68.1,MEDIUM,SRTM_30m_simulated,150
12.8794,74.81675,9.9,13.72,359.6,MEDIUM,SRTM_30m_simulated,150
12.8794,74.8181,12.3,3.78,7.6,MEDIUM,SRTM_30m_simulated,150
12.8794,74.81945,14.9,13.13,331.7,MEDIUM,SRTM_30m_simulated,150
12.8794,74.8208,17.7,14.67,191.1,LOW,SRTM_30m_simulated,150
12.8794,74.82215,20.3,3.98,242.4,LOW,SRTM_30m_simulated,150
12.8794,74.8235,22.7,17.81,136.3,LOW,SRTM_30m_simulated,150
12.8794,74.82485,24.2,17.98,16.1,LOW,SRTM_30m_simulated,150
12.8794,74.8262,27.0,1.68,256.9,LOW,SRTM_30m_simulated,150
12.8794,74.82755,30.6,16.77,32.2,LOW,SRTM_30m_simulated,150
12.8794,74.8289,33.5,20.02,231.0,LOW,SRTM_30m_simulated,150
12.8794,74.83025,35.8,6.8,332.6,LOW,SRTM_30m_simulated,150
12.8794,74.8316,37.9,5.54,107.2,LOW,SRTM_30m_simulated,150
12.8794,74.83295,41.9,16.93,357.1,LOW,SRTM_30m_simulated,150
12.8794,74.8343,42.3,16.1,326.4,LOW,SRTM_30m_simulated,150
12.8794,74.83565,46.2,0.71,36.5,LOW,SRTM_30m_simulated,150
12.8794,74.837,49.0,15.76,307.6,LOW,SRTM_30m_simulated,150
12.8794,74.83835,50.2,10.99,318.1,LOW,SRTM_30m_simulated,150
12.8794,74.8397,53.8,11.54,314.8,LOW,SRTM_30m_simulated,150
12.8794,74.84105,56.6,4.25,256.8,LOW,SRTM_30m_simulated,150
12.8794,74.8424,60.1,18.08,196.0,LOW,SRTM_30m_simulated,150
12.8794,74.84375,61.9,5.77,228.6,LOW,SRTM_30m_simulated,150
12.8794,74.8451,64.3,7.37,289.0,LOW,SRTM_30m_simulated,150
12.8794,74.84645,68.2,1.08,40.6,LOW,SRTM_30m_simulated,150
12.8794,74.8478,70.0,20.5,12.9,LOW,SRTM_30m_simulated,150
12.8794,74.84915,71.4,6.68,347.2,LOW,SRTM_30m_simulated,150
12.8794,74.8505,75.6,9.8,275.4,LOW,SRTM_30m_simulated,150
12.8794,74.85185,78.2,2.91,78.5,LOW,SRTM_30m_simulated,150
12.8794,74.8532,80.2,19.03,251.3,LOW,SRTM_30m_simulated,150
12.8794,74.85455,83.5,23.39,82.7,LOW,SRTM_30m_simulated,150
12.8794,74.8559,86.3,13.85,105.7,LOW,SRTM_30m_simulated,150
12.8794,74.85725,87.7,17.22,126.6,LOW,SRTM_30m_simulated,150
12.8794,74.8586,91.5,6.39,341.4,LOW,SRTM_30m_simulated,150
12.8794,74.85995,94.5,17.05,175.3,LOW,SRTM_30m_simulated,150
12.8794,74.8613,97.2,9.12,348.7,LOW,SRTM_30m_simulated,150
12.8794,74.86265,100.1,20.75,4.2,LOW,SRTM_30m_simulated,150
12.8794,74.864,102.7,18.61,232.0,LOW,SRTM_30m_simulated,150
12.8794,74.86535,105.3,7.68,283.0,LOW,SRTM_30m_simulated,150
12.8794,74.8667,108.7,2.05,256.4,LOW,SRTM_30m_simulated,150
12.8794,74.86805,111.9,25.05,123.0,LOW,SRTM_30m_simulated,150
12.8794,74.8694,114.6,0.65,225.2,LOW,SRTM_30m_simulated,150
12.8794,74.87075,117.3,27.33,35.8,LOW,SRTM_30m_simulated,150
12.8794,74.8721,120.3,1.8,146.4,LOW,SRTM_30m_simulated,150
12.8794,74.87345,122.9,2.38,319.6,LOW,SRTM_30m_simulated,150
12.8794,74.8748,126.8,3.87,56.5,LOW,SRTM_30m_simulated,150
12.8794,74.87615,129.5,21.78,41.2,LOW,SRTM_30m_simulated,150
12.8794,74.8775,132.6,25.03,245.7,LOW,SRTM_30m_simulated,150
12.8794,74.87885,135.9,1.28,216.5,LOW,SRTM_30m_simulated,150
12.8794,74.8802,138.2,33.8,46.9,LOW,SRTM_30m_simulated,150
12.8794,74.88155,141.4,4.53,289.2,LOW,SRTM_30m_simulated,150
12.8794,74.8829,144.1,34.6,62.4,LOW,SRTM_30m_simulated,150
12.8794,74.88425,148.0,22.3,219.1,LOW,SRTM_30m_simulated,150
12.8794,74.8856,150.0,3.44,73.7,LOW,SRTM_30m_simulated,150
12.8794,74.88695,153.1,29.34,235.0,LOW,SRTM_30m_simulated,150
12.8794,74.8883,156.2,24.98,8.7,LOW,SRTM_30m_simulated,150
12.8794,74.88965,159.5,5.61,270.9,LOW,SRTM_30m_simulated,150
12.8794,74.891,163.1,23.75,16.4,LOW,SRTM_30m_simulated,150
12.8794,74.89235,165.4,33.95,154.2,LOW,SRTM_30m_simulated,150
12.8794,74.8937,167.8,27.9,102.9,LOW,SRTM_30m_simulated,150
12.8794,74.89505,170.4,39.06,319.2,LOW,SRTM_30m_simulated,150
12.8794,74.8964,174.4,10.03,162.4,LOW,SRTM_30m_simulated,150
12.8794,74.89775,177.2,21.22,39.3,LOW,SRTM_30m_simulated,150
12.8794,74.8991,180.1,31.46,178.9,LOW,SRTM_30m_simulated,150
12.8794,74.90045,183.9,19.74,322.6,LOW,SRTM_30m_simulated,150
12.8794,74.9018,186.9,27.21,234.3,LOW,SRTM_30m_simulated,150
12.8794,74.90315,188.8,35.1,56.0,LOW,SRTM_30m_simulated,150
12.8794,74.9045,192.4,24.23,181.8,LOW,SRTM_30m_simulated,150
12.8794,74.90585,195.4,27.84,202.0,LOW,SRTM_30m_simulated,150
12.8794,74.9072,197.2,27.8,42.1,LOW,SRTM_30m_simulated,150
12.8794,74.90855,200.2,20.21,243.3,LOW,SRTM_30m_simulated,150
12.8794,74.9099,203.8,27.52,242.5,LOW,SRTM_30m_simulated,150
12.88075,74.81,0.4,0.91,356.8,HIGH,SRTM_30m_simulated,150
12.88075,74.81135,2.1,6.74,16.9,HIGH,SRTM_30m_simulated,150
12.88075,74.8127,4.5,7.2,17.1,HIGH,SRTM_30m_simulated,150
12.88075,74.81405,6.9,2.46,357.2,MEDIUM,SRTM_30m_simulated,150
12.88075,74.8154,8.8,6.8,304.4,MEDIUM,SRTM_30m_simulated,150
12.88075,74.81675,11.4,9.36,92.8,MEDIUM,SRTM_30m_simulated,150
12.88075,74.8181,12.7,5.03,31.0,MEDIUM,SRTM_30m_simulated,150
12.88075,74.81945,16.3,15.67,163.3,LOW,SRTM_30m_simulated,150
12.88075,74.8208,18.4,5.28,356.1,LOW,SRTM_30m_simulated,150
12.88075,74.82215,21.0,14.6,130.2,LOW,SRTM_30m_simulated,150
12.88075,74.8235,23.6,15.58,316.5,LOW,SRTM_30m_simulated,150
12.88075,74.82485,25.8,14.83,303.2,LOW,SRTM_30m_simulated,150
12.88075,74.8262,28.6,11.64,297.3,LOW,SRTM_30m_simulated,150
12.88075,74.82755,31.4,19.51,51.7,LOW,SRTM_30m_simulated,150
12.88075,74.8289,34.4,7.38,289.1,LOW,SRTM_30m_simulated,150
12.88075,74.83025,36.6,9.17,355.5,LOW,SRTM_30m_simulated,150
12.88075,74.8316,39.0,20.49,173.2,LOW,SRTM_30m_simulated,150
12.88075,74.83295,41.0,13.26,244.8,LOW,SRTM_30m_simulated,150
12.88075,74.8343,44.6,1.75,32.7,LOW,SRTM_30m_simulated,150
12.88075,74.83565,46.3,18.31,304.0,LOW,SRTM_30m_simulated,150
12.88075,74.837,49.2,13.42,25.5,LOW,SRTM_30m_simulated,150
12.88075,74.83835,51.9,17.62,330.3,LOW,SRTM_30m_simulated,150
12.88075,74.8397,53.7,7.99,140.2,LOW,SRTM_30m_simulated,150
12.88075,74.84105,58.7,4.54,340.8,LOW,SRTM_30m_simulated,150
12.88075,74.8424,60.9,19.53,135.1,LOW,SRTM_30m_simulated,150
12.88075,74.84375,62.5,2.09,217.7,LOW,SRTM_30m_simulated,150
12.88075,74.8451,65.4,2.85,100.8,LOW,SRTM_30m_simulated,150
12.88075,74.84645,68.3,21.91,283.7,LOW,SRTM_30m_simulated,150
12.88075,74.8478,70.7,22.11,152.1,LOW,SRTM_30m_simulated,150
12.88075,74.84915,73.8,21.63,307.8,LOW,SRTM_30m_simulated,150
12.88075,74.8505,76.6,22.56,51.8,LOW,SRTM_30m_simulated,150
12.88075,74.85185,79.1,6.59,297.7,LOW,SRTM_30m_simulated,150
12.88075,74.8532,82.2,25.47,279.7,LOW,SRTM_30m_simulated,150
12.88075,74.85455,83.5,8.28,121.4,LOW,SRTM_30m_simulated,150
12.88075,74.8559,87.1,11.69,212.4,LOW,SRTM_30m_simulated,150
12.88075,74.85725,89.9,25.41,2.8,LOW,SRTM_30m_simulated,150
12.88075,74.8586,92.0,27.65,28.7,LOW,SRTM_30m_simulated,150
12.88075,74.85995,95.6,6.78,33.7,LOW,SRTM_30m_simulated,150
12.88075,74.8613,98.0,8.62,130.2,LOW,SRTM_30m_simulated,150
12.88075,74.86265,100.7,9.16,2.9,LOW,SRTM_30m_simulated,150
12.88075,74.864,103.8,4.57,315.7,LOW,SRTM_30m_simulated,150
12.88075,74.86535,106.9,2.45,18.3,LOW,SRTM_30m_simulated,150
12.88075,74.8667,110.9,2.09,243.8,LOW,SRTM_30m_simulated,150
12.88075,74.86805,113.4,17.55,143.1,LOW,SRTM_30m_simulated,150
12.88075,74.8694,115.0,32.19,99.0,LOW,SRTM_30m_simulated,150
12.88075,74.87075,118.5,20.88,45.5,LOW,SRTM_30m_simulated,150
12.88075,74.8721,121.8,22.72,201.0,LOW,SRTM_30m_simulated,150
12.88075,74.87345,123.8,9.0,231.9,LOW,SRTM_30m_simulated,150
12.88075,74.8748,127.8,27.75,161.4,LOW,SRTM_30m_simulated,150
12.88075,74.87615,130.5,14.69,187.3,LOW,SRTM_30m_simulated,150
12.88075,74.8775,132.9,13.99,264.9,LOW,SRTM_30m_simulated,150
12.88075,74.87885,136.6,19.12,301.9,LOW,SRTM_30m_simulated,150
12.88075,74.8802,139.5,1.33,215.1,LOW,SRTM_30m_simulated,150
12.88075,74.88155,142.4,17.01,96.7,LOW,SRTM_30m_simulated,150
12.88075,74.8829,145.4,4.96,243.6,LOW,SRTM_30m_simulated,150
12.88075,74.88425,147.2,17.09,157.8,LOW,SRTM_30m_simulated,150
12.88075,74.8856,151.1,24.17,146.9,LOW,SRTM_30m_simulated,150
12.88075,74.88695,154.2,26.14,64.6,LOW,SRTM_30m_simulated,150
12.88075,74.8883,157.0,28.31,297.4,LOW,SRTM_30m_simulated,150
12.88075,74.88965,160.0,2.25,152.1,LOW,SRTM_30m_simulated,150
12.88075,74.891,163.6,14.64,334.6,LOW,SRTM_30m_simulated,150
12.88075,74.89235,165.8,2.02,54.8,LOW,SRTM_30m_simulated,150
12.88075,74.8937,168.0,24.08,41.6,LOW,SRTM_30m_simulated,150
12.88075,74.89505,171.6,5.43,237.3,LOW,SRTM_30m_simulated,150
12.88075,74.8964,175.3,20.38,290.5,LOW,SRTM_30m_simulated,150
12.88075,74.89775,178.0,29.83,317.8,LOW,SRTM_30m_simulated,150
12.88075,74.8991,181.2,24.08,303.1,LOW,SRTM_30m_simulated,150
12.88075,74.90045,184.8,16.49,234.7,LOW,SRTM_30m_simulated,150
12.88075,74.9018,187.3,38.41,331.0,LOW,SRTM_30m_simulated,150
12.88075,74.90315,189.8,3.56,284.3,LOW,SRTM_30m_simulated,150
12.88075,74.9045,193.3,26.26,98.4,LOW,SRTM_30m_simulated,150
12.88075,74.90585,195.7,2.33,242.6,LOW,SRTM_30m_simulated,150
12.88075,74.9072,198.9,16.0,135.8,LOW,SRTM_30m_simulated,150
12.88075,74.90855,201.7,42.29,339.0,LOW,SRTM_30m_simulated,150
12.88075,74.9099,204.6,31.77,183.1,LOW,SRTM_30m_simulated,150
12.8821,74.81,0.2,4.49,42.2,HIGH,SRTM_30m_simulated,150
12.8821,74.81135,2.5,5.78,339.2,HIGH,SRTM_30m_simulated,150
12.8821,74.8127,5.1,1.52,341.0,MEDIUM,SRTM_30m_simulated,150
12.8821,74.81405,7.9,9.75,278.3,MEDIUM,SRTM_30m_simulated,150
12.8821,74.8154,10.1,7.62,41.6,MEDIUM,SRTM_30m_simulated,150
12.8821,74.81675,11.8,13.73,75.3,MEDIUM,SRTM_30m_simulated,150
12.8821,74.8181,15.2,8.61,124.1,LOW,SRTM_30m_simulated,150
12.8821,74.81945,16.7,17.13,125.0,LOW,SRTM_30m_simulated,150
12.8821,74.8208,19.2,4.31,128.7,LOW,SRTM_30m_simulated,150
12.8821,74.82215,21.9,13.19,251.5,LOW,SRTM_30m_simulated,150
12.8821,74.8235,23.9,10.83,148.6,LOW,SRTM_30m_simulated,150
12.8821,74.82485,25.7,15.16,123.2,LOW,SRTM_30m_simulated,150
12.8821,74.8262,29.0,6.61,67.4,LOW,SRTM_30m_simulated,150
12.8821,74.82755,32.1,17.68,269.9,LOW,SRTM_30m_simulated,150
12.8821,74.8289,34.5,7.38,255.8,LOW,SRTM_30m_simulated,150
12.8821,74.83025,37.1,13.43,224.4,LOW,SRTM_30m_simulated,150
12.8821,74.8316,39.4,9.91,114.1,LOW,SRTM_30m_simulated,150
12.8821,74.83295,41.9,13.28,66.3,LOW,SRTM_30m_simulated,150
12.8821,74.8343,44.9,0.11,350.4,LOW,SRTM_30m_simulated,150
12.8821,74.83565,47.1,11.23,156.3,LOW,SRTM_30m_simulated,150
12.8821,74.837,49.8,18.7,317.8,LOW,SRTM_30m_simulated,150
12.8821,74.83835,53.2,14.14,90.0,LOW,SRTM_30m_simulated,150
12.8821,74.8397,54.8,23.18,116.1,LOW,SRTM_30m_simulated,150
12.8821,74.84105,59.5,13.87,293.5,LOW,SRTM_30m_simulated,150
12.8821,74.8424,60.5,21.33,100.1,LOW,SRTM_30m_simulated,150
12.8821,74.84375,62.6,8.87,160.8,LOW,SRTM_30m_simulated,150
12.8821,74.8451,66.2,0.92,255.9,LOW,SRTM_30m_simulated,150
12.8821,74.84645,69.0,7.83,65.2,LOW,SRTM_30m_simulated,150
12.8821,74.8478,71.6,24.98,17.4,LOW,SRTM_30m_simulated,150
12.8821,74.84915,73.2,21.56,215.4,LOW,SRTM_30m_simulated,150
12.8821,74.8505,76.6,7.36,285.5,LOW,SRTM_30m_simulated,150
12.8821,74.85185,81.5,14.25,38.9,LOW,SRTM_30m_simulated,150
12.8821,74.8532,82.3,3.25,340.0,LOW,SRTM_30m_simulated,150
12.8821,74.85455,84.9,25.34,86.5,LOW,SRTM_30m_simulated,150
12.8821,74.8559,88.0,22.33,273.2,LOW,SRTM_30m_simulated,150
12.8821,74.85725,91.1,12.47,106.8,LOW,SRTM_30m_simulated,150
12.8821,74.8586,92.7,8.83,304.2,LOW,SRTM_30m_simulated,150
12.8821,74.85995,95.7,25.92,3.7,LOW,SRTM_30m_simulated,150
12.8821,74.8613,98.6,4.56,254.6,LOW,SRTM_30m_simulated,150
12.8821,74.86265,102.3,10.7,63.1,LOW,SRTM_30m_simulated,150
12.8821,74.864,103.9,21.99,122.2,LOW,SRTM_30m_simulated,150
12.8821,74.86535,108.0,21.59,145.8,LOW,SRTM_30m_simulated,150
12.8821,74.8667,109.8,23.34,264.8,LOW,SRTM_30m_simulated,150
12.8821,74.86805,113.6,12.88,303.1,LOW,SRTM_30m_simulated,150
12.8821,74.8694,115.8,23.59,195.7,LOW,SRTM_30m_simulated,150
12.8821,74.87075,119.4,16.58,311.8,LOW,SRTM_30m_simulated,150
12.8821,74.8721,123.2,20.97,221.8,LOW,SRTM_30m_simulated,150
12.8821,74.87345,124.7,16.48,294.8,LOW,SRTM_30m_simulated,150
12.8821,74.8748,127.2,5.69,6.3,LOW,SRTM_30m_simulated,150
12.8821,74.87615,130.8,13.57,175.3,LOW,SRTM_30m_simulated,150
12.8821,74.8775,134.2,31.37,212.1,LOW,SRTM_30m_simulated,150
12.8821,74.87885,136.9,27.33,287.7,LOW,SRTM_30m_simulated,150
12.8821,74.8802,139.7,27.46,62.5,LOW,SRTM_30m_simulated,150
12.8821,74.88155,141.8,20.07,90.1,LOW,SRTM_30m_simulated,150
12.8821,74.8829,145.8,36.34,141.2,LOW,SRTM_30m_simulated,150
12.8821,74.88425,149.1,31.78,350.0,LOW,SRTM_30m_simulated,150
12.8821,74.8856,152.1,31.53,49.5,LOW,SRTM_30m_simulated,150
12.8821,74.88695,154.5,26.5,89.8,LOW,SRTM_30m_simulated,150
12.8821,74.8883,157.7,9.01,216.0,LOW,SRTM_30m_simulated,150
12.8821,74.88965,161.2,9.45,177.1,LOW,SRTM_30m_simulated,150
12.8821,74.891,164.2,18.42,142.9,LOW,SRTM_30m_simulated,150
12.8821,74.89235,166.3,14.94,80.7,LOW,SRTM_30m_simulated,150
12.8821,74.8937,169.7,15.12,340.4,LOW,SRTM_30m_simulated,150
12.8821,74.89505,173.6,38.22,334.4,LOW,SRTM_30m_simulated,150
12.8821,74.8964,175.8,32.62,193.6,LOW,SRTM_30m_simulated,150
12.8821,74.89775,178.2,40.33,113.5,LOW,SRTM_30m_simulated,150
12.8821,74.8991,180.9,34.97,119.5,LOW,SRTM_30m_simulated,150
12.8821,74.90045,184.3,0.85,182.0,LOW,SRTM_30m_simulated,150
12.8821,74.9018,187.5,25.93,84.1,LOW,SRTM_30m_simulated,150
12.8821,74.90315,190.8,38.71,80.4,LOW,SRTM_30m_simulated,150
12.8821,74.9045,193.2,14.71,7.1,LOW,SRTM_30m_simulated,150
12.8821,74.90585,196.8,32.71,241.5,LOW,SRTM_30m_simulated,150
12.8821,74.9072,199.1,7.14,354.0,LOW,SRTM_30m_simulated,150
12.8821,74.90855,203.5,19.01,161.2,LOW,SRTM_30m_simulated,150
12.8821,74.9099,205.2,9.46,328.5,LOW,SRTM_30m_simulated,150
12.88345,74.81,0.9,11.57,24.4,HIGH,SRTM_30m_simulated,150
12.88345,74.81135,3.6,4.97,102.1,HIGH,SRTM_30m_simulated,150
12.88345,74.8127,5.7,1.39,194.3,MEDIUM,SRTM_30m_simulated,150
12.88345,74.81405,7.8,0.05,234.3,MEDIUM,SRTM_30m_simulated,150
12.88345,74.8154,10.1,4.98,102.9,MEDIUM,SRTM_30m_simulated,150
12.88345,74.81675,13.7,8.48,28.6,MEDIUM,SRTM_30m_simulated,150
12.88345,74.8181,14.7,14.88,9.3,MEDIUM,SRTM_30m_simulated,150
12.88345,74.81945,16.9,0.16,208.1,LOW,SRTM_30m_simulated,150
12.88345,74.8208,19.6,15.29,116.8,LOW,SRTM_30m_simulated,150
12.88345,74.82215,22.2,6.8,245.8,LOW,SRTM_30m_simulated,150
12.88345,74.8235,24.9,8.76,176.6,LOW,SRTM_30m_simulated,150
12.88345,74.82485,27.2,8.12,227.2,LOW,SRTM_30m_simulated,150
12.88345,74.8262,29.6,9.48,318.3,LOW,SRTM_30m_simulated,150
12.88345,74.82755,32.1,16.54,219.0,LOW,SRTM_30m_simulated,150
12.88345,74.8289,35.1,8.44,44.7,LOW,SRTM_30m_simulated,150
12.88345,74.83025,37.6,8.55,99.1,LOW,SRTM_30m_simulated,150
12.88345,74.8316,40.3,2.91,87.4,LOW,SRTM_30m_simulated,150
12.88345,74.83295,42.0,1.59,174.3,LOW,SRTM_30m_simulated,150
12.88345,74.8343,45.1,8.36,335.2,LOW,SRTM_30m_simulated,150
12.88345,74.83565,48.3,0.38,121.1,LOW,SRTM_30m_simulated,150
12.88345,74.837,51.2,4.66,289.5,LOW,SRTM_30m_simulated,150
12.88345,74.83835,54.1,14.02,135.8,LOW,SRTM_30m_simulated,150
12.88345,74.8397,56.4,3.22,6.0,LOW,SRTM_30m_simulated,150
12.88345,74.84105,58.5,2.89,149.8,LOW,SRTM_30m_simulated,150
12.88345,74.8424,61.7,8.42,149.9,LOW,SRTM_30m_simulated,150
12.88345,74.84375,64.1,19.65,93.8,LOW,SRTM_30m_simulated,150
12.88345,74.8451,66.7,23.28,99.7,LOW,SRTM_30m_simulated,150
12.88345,74.84645,70.4,11.6,354.8,LOW,SRTM_30m_simulated,150
12.88345,74.8478,71.9,21.9,117.1,LOW,SRTM_30m_simulated,150
12.88345,74.84915,76.0,17.72,218.1,LOW,SRTM_30m_simulated,150
12.88345,74.8505,77.2,13.96,22.6,LOW,SRTM_30m_simulated,150
12.88345,74.85185,80.6,16.87,148.3,LOW,SRTM_30m_simulated,150
12.88345,74.8532,83.0,4.47,94.7,LOW,SRTM_30m_simulated,150
12.88345,74.85455,85.4,2.08,265.1,LOW,SRTM_30m_simulated,150
12.88345,74.8559,88.4,5.61,40.4,LOW,SRTM_30m_simulated,150
12.88345,74.85725,90.9,22.81,49.8,LOW,SRTM_30m_simulated,150
12.88345,74.8586,93.7,8.7,200.8,LOW,SRTM_30m_simulated,150
12.88345,74.85995,96.2,5.69,58.1,LOW,SRTM_30m_simulated,150
12.88345,74.8613,98.2,19.95,47.1,LOW,SRTM_30m_simulated,150
12.88345,74.86265,102.7,19.78,358.5,LOW,SRTM_30m_simulated,150
12.88345,74.864,105.1,30.75,238.1,LOW,SRTM_30m_simulated,150
12.88345,74.86535,108.2,16.24,234.3,LOW,SRTM_30m_simulated,150
12.88345,74.8667,111.0,1.3,130.8,LOW,SRTM_30m_simulated,150
12.88345,74.86805,115.2,13.02,206.8,LOW,SRTM_30m_simulated,150
12.88345,74.8694,116.7,14.85,286.7,LOW,SRTM_30m_simulated,150
12.88345,74.87075,119.9,30.33,26.8,LOW,SRTM_30m_simulated,150
12.88345,74.8721,123.5,11.39,271.9,LOW,SRTM_30m_simulated,150
12.88345,74.87345,125.9,32.64,139.4,LOW,SRTM_30m_simulated,150
12.88345,74.8748,129.2,4.42,322.3,LOW,SRTM_30m_simulated,150
12.88345,74.87615,131.4,11.79,294.5,LOW,SRTM_30m_simulated,150
12.88345,74.8775,135.2,23.28,142.6,LOW,SRTM_30m_simulated,150
12.88345,74.87885,137.5,2.03,68.4,LOW,SRTM_30m_simulated,150
12.88345,74.8802,141.1,4.87,153.6,LOW,SRTM_30m_simulated,150
12.88345,74.88155,143.3,22.37,91.6,LOW,SRTM_30m_simulated,150
12.88345,74.8829,147.2,33.81,184.5,LOW,SRTM_30m_simulated,150
12.88345,74.88425,149.1,20.39,179.8,LOW,SRTM_30m_simulated,150
12.88345,74.8856,153.2,25.81,302.0,LOW,SRTM_30m_simulated,150
12.88345,74.88695,155.5,15.14,122.2,LOW,SRTM_30m_simulated,150
12.88345,74.8883,158.8,9.11,326.7,LOW,SRTM_30m_simulated,150
12.88345,74.88965,161.6,25.27,25.9,LOW,SRTM_30m_simulated,150
12.88345,74.891,164.2,34.7,293.4,LOW,SRTM_30m_simulated,150
12.88345,74.89235,167.1,36.9,81.3,LOW,SRTM_30m_simulated,150
12.88345,74.8937,170.6,10.9,327.4,LOW,SRTM_30m_simulated,150
12.88345,74.89505,173.4,6.98,201.7,LOW,SRTM_30m_simulated,150
12.88345,74.8964,176.7,38.6,83.7,LOW,SRTM_30m_simulated,150
12.88345,74.89775,180.2,7.03,209.8,LOW,SRTM_30m_simulated,150
12.88345,74.8991,182.3,31.36,71.1,LOW,SRTM_30m_simulated,150
12.88345,74.90045,185.3,22.37,324.3,LOW,SRTM_30m_simulated,150
12.88345,74.9018,187.3,38.67,121.9,LOW,SRTM_30m_simulated,150
12.88345,74.90315,190.7,8.79,30.1,LOW,SRTM_30m_simulated,150
12.88345,74.9045,194.5,39.08,88.4,LOW,SRTM_30m_simulated,150
12.88345,74.90585,196.6,15.53,286.9,LOW,SRTM_30m_simulated,150
12.88345,74.9072,200.4,22.34,238.3,LOW,SRTM_30m_simulated,150
12.88345,74.90855,202.7,37.09,287.0,LOW,SRTM_30m_simulated,150
12.88345,74.9099,205.9,1.19,323.7,LOW,SRTM_30m_simulated,150
12.8848,74.81,2.4,2.26,144.4,HIGH,SRTM_30m_simulated,150
12.8848,74.81135,4.3,6.44,272.3,HIGH,SRTM_30m_simulated,150
12.8848,74.8127,6.4,9.47,103.0,MEDIUM,SRTM_30m_simulated,150
12.8848,74.81405,8.4,0.74,95.8,MEDIUM,SRTM_30m_simulated,150
12.8848,74.8154,11.2,7.05,69.5,MEDIUM,SRTM_30m_simulated,150
12.8848,74.81675,14.0,5.29,194.2,MEDIUM,SRTM_30m_simulated,150
12.8848,74.8181,16.3,13.54,259.4,LOW,SRTM_30m_simulated,150
12.8848,74.81945,17.3,7.16,66.4,LOW,SRTM_30m_simulated,150
12.8848,74.8208,20.3,15.37,26.2,LOW,SRTM_30m_simulated,150
12.8848,74.82215,24.0,17.19,128.7,LOW,SRTM_30m_simulated,150
12.8848,74.8235,25.7,18.24,322.4,LOW,SRTM_30m_simulated,150
12.8848,74.82485,28.0,4.14,151.0,LOW,SRTM_30m_simulated,150
12.8848,74.8262,30.8,5.24,120.2,LOW,SRTM_30m_simulated,150
12.8848,74.82755,33.3,14.1,137.9,LOW,SRTM_30m_simulated,150
12.8848,74.8289,35.7,10.13,46.2,LOW,SRTM_30m_simulated,150
12.8848,74.83025,38.8,6.43,76.0,LOW,SRTM_30m_simulated,150
12.8848,74.8316,40.7,9.95,218.5,LOW,SRTM_30m_simulated,150
12.8848,74.83295,43.7,2.76,68.1,LOW,SRTM_30m_simulated,150
12.8848,74.8343,46.0,9.85,329.8,LOW,SRTM_30m_simulated,150
12.8848,74.83565,49.4,8.59,191.4,LOW,SRTM_30m_simulated,150
12.8848,74.837,52.0,3.12,219.8,LOW,SRTM_30m_simulated,150
12.8848,74.83835,53.4,2.51,52.0,LOW,SRTM_30m_simulated,150
12.8848,74.8397,56.4,22.08,178.6,LOW,SRTM_30m_simulated,150
12.8848,74.84105,59.1,10.3,106.8,LOW,SRTM_30m_simulated,150
12.8848,74.8424,61.9,11.68,181.4,LOW,SRTM_30m_simulated,150
12.8848,74.84375,64.3,1.32,247.4,LOW,SRTM_30m_simulated,150
12.8848,74.8451,67.7,16.59,45.9,LOW,SRTM_30m_simulated,150
12.8848,74.84645,69.2,9.17,295.8,LOW,SRTM_30m_simulated,150
12.8848,74.8478,72.9,13.2,325.9,LOW,SRTM_30m_simulated,150
12.8848,74.84915,75.6,8.88,51.8,LOW,SRTM_30m_simulated,150
12.8848,74.8505,77.9,23.82,166.0,LOW,SRTM_30m_simulated,150
12.8848,74.85185,81.6,16.05,76.9,LOW,SRTM_30m_simulated,150
12.8848,74.8532,84.2,21.28,327.2,LOW,SRTM_30m_simulated,150
12.8848,74.85455,86.5,25.23,215.7,LOW,SRTM_30m_simulated,150
12.8848,74.8559,88.6,4.56,240.9,LOW,SRTM_30m_simulated,150
12.8848,74.85725,91.8,14.87,271.4,LOW,SRTM_30m_simulated,150
12.8848,74.8586,94.7,6.79,244.8,LOW,SRTM_30m_simulated,150
12.8848,74.85995,97.2,23.26,170.7,LOW,SRTM_30m_simulated,150
12.8848,74.8613,100.2,22.17,228.9,LOW,SRTM_30m_simulated,150
12.8848,74.86265,102.6,10.31,2.0,LOW,SRTM_30m_simulated,150
12.8848,74.864,106.1,5.79,254.0,LOW,SRTM_30m_simulated,150
12.8848,74.86535,109.0,2.31,120.6,LOW,SRTM_30m_simulated,150
12.8848,74.8667,112.3,28.97,108.8,LOW,SRTM_30m_simulated,150
12.8848,74.86805,113.7,4.4,294.9,LOW,SRTM_30m_simulated,150
12.8848,74.8694,117.4,31.17,310.7,LOW,SRTM_30m_simulated,150
12.8848,74.87075,120.8,26.04,165.4,LOW,SRTM_30m_simulated,150
12.8848,74.8721,124.0,18.43,178.2,LOW,SRTM_30m_simulated,150
12.8848,74.87345,126.4,31.88,222.5,LOW,SRTM_30m_simulated,150
12.8848,74.8748,129.4,22.07,321.4,LOW,SRTM_30m_simulated,150
12.8848,74.87615,132.3,32.31,124.1,LOW,SRTM_30m_simulated,150
12.8848,74.8775,135.7,16.82,327.5,LOW,SRTM_30m_simulated,150
12.8848,74.87885,138.0,30.36,61.1,LOW,SRTM_30m_simulated,150
12.8848,74.8802,140.6,29.57,309.8,LOW,SRTM_30m_simulated,150
12.8848,74.88155,144.1,19.44,36.6,LOW,SRTM_30m_simulated,150
12.8848,74.8829,147.4,15.77,2.8,LOW,SRTM_30m_simulated,150
12.8848,74.88425,150.6,12.13,315.9,LOW,SRTM_30m_simulated,150
12.8848,74.8856,153.5,4.82,96.5,LOW,SRTM_30m_simulated,150
12.8848,74.88695,156.2,18.51,244.0,LOW,SRTM_30m_simulated,150
12.8848,74.8883,159.4,29.57,134.8,LOW,SRTM_30m_simulated,150
12.8848,74.88965,163.0,22.71,80.2,LOW,SRTM_30m_simulated,150
12.8848,74.891,165.0,22.11,336.3,LOW,SRTM_30m_simulated,150
12.8848,74.89235,168.3,35.6,247.4,LOW,SRTM_30m_simulated,150
12.8848,74.8937,170.8,6.96,149.5,LOW,SRTM_30m_simulated,150
12.8848,74.89505,173.1,1.4,164.7,LOW,SRTM_30m_simulated,150
12.8848,74.8964,177.1,18.1,66.2,LOW,SRTM_30m_simulated,150
12.8848,74.89775,179.2,8.15,11.7,LOW,SRTM_30m_simulated,150
12.8848,74.8991,183.5,38.54,275.8,LOW,SRTM_30m_simulated,150
12.8848,74.90045,185.6,27.97,326.6,LOW,SRTM_30m_simulated,150
12.8848,74.9018,188.5,38.66,190.0,LOW,SRTM_30m_simulated,150
12.8848,74.90315,192.5,23.89,318.4,LOW,SRTM_30m_simulated,150
12.8848,74.9045,195.4,43.74,2.9,LOW,SRTM_30m_simulated,150
12.8848,74.90585,197.9,5.51,42.8,LOW,SRTM_30m_simulated,150
12.8848,74.9072,201.6,20.03,219.6,LOW,SRTM_30m_simulated,150
12.8848,74.90855,204.5,26.14,295.7,LOW,SRTM_30m_simulated,150
12.8848,74.9099,205.8,8.46,266.1,LOW,SRTM_30m_simulated,150
12.88615,74.81,3.4,5.03,223.6,HIGH,SRTM_30m_simulated,150
12.88615,74.81135,4.8,15.27,352.1,HIGH,SRTM_30m_simulated,150
12.88615,74.8127,6.6,12.19,249.5,MEDIUM,SRTM_30m_simulated,150
12.88615,74.81405,9.2,13.64,145.0,MEDIUM,SRTM_30m_simulated,150
12.88615,74.8154,11.8,1.04,92.5,MEDIUM,SRTM_30m_simulated,150
12.88615,74.81675,13.4,8.15,113.4,MEDIUM,SRTM_30m_simulated,150
12.88615,74.8181,16.2,8.91,311.5,LOW,SRTM_30m_simulated,150
12.88615,74.81945,19.0,16.84,300.4,LOW,SRTM_30m_simulated,150
12.88615,74.8208,22.4,1.75,343.7,LOW,SRTM_30m_simulated,150
12.88615,74.82215,23.5,11.72,152.9,LOW,SRTM_30m_simulated,150
12.88615,74.8235,25.9,13.65,143.8,LOW,SRTM_30m_simulated,150
12.88615,74.82485,28.2,17.54,246.6,LOW,SRTM_30m_simulated,150
12.88615,74.8262,31.5,12.37,136.5,LOW,SRTM_30m_simulated,150
12.88615,74.82755,33.4,7.54,95.2,LOW,SRTM_30m_simulated,150
12.88615,74.8289,36.1,17.89,152.7,LOW,SRTM_30m_simulated,150
12.88615,74.83025,39.5,14.01,262.3,LOW,SRTM_30m_simulated,150
12.88615,74.8316,41.1,1.72,266.4,LOW,SRTM_30m_simulated,150
12.88615,74.83295,43.6,2.36,302.5,LOW,SRTM_30m_simulated,150
12.88615,74.8343,45.6,20.66,106.0,LOW,SRTM_30m_simulated,150
12.88615,74.83565,49.1,9.4,242.8,LOW,SRTM_30m_simulated,150
12.88615,74.837,51.8,8.25,264.3,LOW,SRTM_30m_simulated,150
12.88615,74.83835,55.2,2.42,294.6,LOW,SRTM_30m_simulated,150
12.88615,74.8397,57.2,5.16,320.9,LOW,SRTM_30m_simulated,150
12.88615,74.84105,59.5,2.62,42.1,LOW,SRTM_30m_simulated,150
12.88615,74.8424,62.0,11.92,306.4,LOW,SRTM_30m_simulated,150
12.88615,74.84375,65.0,22.41,314.8,LOW,SRTM_30m_simulated,150
12.88615,74.8451,67.7,4.44,66.0,LOW,SRTM_30m_simulated,150
12.88615,74.84645,71.3,24.06,162.7,LOW,SRTM_30m_simulated,150
12.88615,74.8478,73.2,16.47,24.3,LOW,SRTM_30m_simulated,150
12.88615,74.84915,75.3,20.6,226.2,LOW,SRTM_30m_simulated,150
12.88615,74.8505,78.9,21.21,150.2,LOW,SRTM_30m_simulated,150
12.88615,74.85185,81.3,24.06,305.2,LOW,SRTM_30m_simulated,150
12.88615,74.8532,83.2,7.26,35.8,LOW,SRTM_30m_simulated,150
12.88615,74.85455,87.0,12.35,311.1,LOW,SRTM_30m_simulated,150
12.88615,74.8559,88.4,23.97,338.5,LOW,SRTM_30m_simulated,150
12.88615,74.85725,91.5,10.26,221.9,LOW,SRTM_30m_simulated,150
12.88615,74.8586,94.3,15.29,40.9,LOW,SRTM_30m_simulated,150
12.88615,74.85995,98.0,17.91,231.1,LOW,SRTM_30m_simulated,150
12.88615,74.8613,101.7,22.97,219.3,LOW,SRTM_30m_simulated,150
12.88615,74.86265,102.6,8.16,136.4,LOW,SRTM_30m_simulated,150
12.88615,74.864,106.9,1.25,71.1,LOW,SRTM_30m_simulated,150
12.88615,74.86535,110.6,11.25,191.4,LOW,SRTM_30m_simulated,150
12.88615,74.8667,113.0,18.34,259.6,LOW,SRTM_30m_simulated,150
12.88615,74.86805,114.8,30.42,4.7,LOW,SRTM_30m_simulated,150
12.88615,74.8694,118.5,11.58,244.7,LOW,SRTM_30m_simulated,150
12.88615,74.87075,120.9,15.04,194.5,LOW,SRTM_30m_simulated,150
12.88615,74.8721,124.2,18.52,295.9,LOW,SRTM_30m_simulated,150
12.88615,74.87345,127.2,27.32,104.9,LOW,SRTM_30m_simulated,150
12.88615,74.8748,130.7,8.65,299.4,LOW,SRTM_30m_simulated,150
12.88615,74.87615,134.1,21.22,248.7,LOW,SRTM_30m_simulated,150
12.88615,74.8775,136.3,33.75,0.4,LOW,SRTM_30m_simulated,150
12.88615,74.87885,140.0,35.34,28.2,LOW,SRTM_30m_simulated,150
12.88615,74.8802,142.8,25.46,125.9,LOW,SRTM_30m_simulated,150
12.88615,74.88155,145.1,19.63,125.9,LOW,SRTM_30m_simulated,150
12.88615,74.8829,148.9,35.17,94.3,LOW,SRTM_30m_simulated,150
12.88615,74.88425,151.0,23.79,327.6,LOW,SRTM_30m_simulated,150
12.88615,74.8856,152.8,3.94,158.1,LOW,SRTM_30m_simulated,150
12.88615,74.88695,155.6,35.07,226.1,LOW,SRTM_30m_simulated,150
12.88615,74.8883,160.0,19.89,41.2,LOW,SRTM_30m_simulated,150
12.88615,74.88965,162.1,4.86,132.6,LOW,SRTM_30m_simulated,150
12.88615,74.891,165.3,35.11,13.3,LOW,SRTM_30m_simulated,150
12.88615,74.89235,169.0,27.4,193.8,LOW,SRTM_30m_simulated,150
12.88615,74.8937,172.2,13.1,299.7,LOW,SRTM_30m_simulated,150
12.88615,74.89505,173.6,27.08,58.3,LOW,SRTM_30m_simulated,150
12.88615,74.8964,177.7,29.94,178.3,LOW,SRTM_30m_simulated,150
12.88615,74.89775,180.6,36.21,117.0,LOW,SRTM_30m_simulated,150
12.88615,74.8991,184.3,38.28,68.4,LOW,SRTM_30m_simulated,150
12.88615,74.90045,186.8,1.1,69.4,LOW,SRTM_30m_simulated,150
12.88615,74.9018,189.7,12.35,315.2,LOW,SRTM_30m_simulated,150
12.88615,74.90315,192.0,38.21,21.4,LOW,SRTM_30m_simulated,150
12.88615,74.9045,196.1,24.2,355.0,LOW,SRTM_30m_simulated,150
12.88615,74.90585,198.3,43.56,166.0,LOW,SRTM_30m_simulated,150
12.88615,74.9072,200.7,10.09,188.2,LOW,SRTM_30m_simulated,150
12.88615,74.90855,204.3,24.12,28.3,LOW,SRTM_30m_simulated,150
12.88615,74.9099,207.5,29.52,220.1,LOW,SRTM_30m_simulated,150
12.8875,74.81,2.8,5.29,303.2,HIGH,SRTM_30m_simulated,150
12.8875,74.81135,5.3,10.99,233.8,MEDIUM,SRTM_30m_simulated,150
12.8875,74.8127,7.6,11.1,66.8,MEDIUM,SRTM_30m_simulated,150
12.8875,74.81405,9.9,16.44,255.6,MEDIUM,SRTM_30m_simulated,150
12.8875,74.8154,13.0,11.24,45.5,MEDIUM,SRTM_30m_simulated,150
12.8875,74.81675,14.8,2.23,103.2,MEDIUM,SRTM_30m_simulated,150
12.8875,74.8181,16.6,1.22,247.9,LOW,SRTM_30m_simulated,150
12.8875,74.81945,19.6,16.86,131.7,LOW,SRTM_30m_simulated,150
12.8875,74.8208,21.5,4.02,302.5,LOW,SRTM_30m_simulated,150
12.8875,74.82215,24.4,9.74,179.5,LOW,SRTM_30m_simulated,150
12.8875,74.8235,26.3,0.88,275.4,LOW,SRTM_30m_simulated,150
12.8875,74.82485,29.4,7.12,90.8,LOW,SRTM_30m_simulated,150
12.8875,74.8262,32.5,13.66,10.9,LOW,SRTM_30m_simulated,150
12.8875,74.82755,34.6,14.42,65.4,LOW,SRTM_30m_simulated,150
12.8875,74.8289,36.0,10.89,348.7,LOW,SRTM_30m_simulated,150
12.8875,74.83025,39.8,17.54,290.9,LOW,SRTM_30m_simulated,150
12.8875,74.8316,42.0,16.94,32.7,LOW,SRTM_30m_simulated,150
12.8875,74.83295,44.8,14.61,244.4,LOW,SRTM_30m_simulated,150
12.8875,74.8343,46.5,3.68,172.3,LOW,SRTM_30m_simulated,150
12.8875,74.83565,50.3,5.93,293.3,LOW,SRTM_30m_simulated,150
12.8875,74.837,52.6,2.88,213.7,LOW,SRTM_30m_simulated,150
12.8875,74.83835,55.5,21.25,264.7,LOW,SRTM_30m_simulated,150
12.8875,74.8397,57.7,17.75,226.5,LOW,SRTM_30m_simulated,150
12.8875,74.84105,59.5,0.54,181.6,LOW,SRTM_30m_simulated,150
12.8875,74.8424,63.3,20.56,253.5,LOW,SRTM_30m_simulated,150
12.8875,74.84375,66.5,8.39,100.8,LOW,SRTM_30m_simulated,150
12.8875,74.8451,68.7,21.46,69.7,LOW,SRTM_30m_simulated,150
12.8875,74.84645,71.1,11.95,102.2,LOW,SRTM_30m_simulated,150
12.8875,74.8478,74.1,0.31,46.8,LOW,SRTM_30m_simulated,150
12.8875,74.84915,76.0,15.14,346.3,LOW,SRTM_30m_simulated,150
12.8875,74.8505,79.2,6.51,194.9,LOW,SRTM_30m_simulated,150
12.8875,74.85185,82.9,20.51,254.2,LOW,SRTM_30m_simulated,150
12.8875,74.8532,85.0,10.66,26.7,LOW,SRTM_30m_simulated,150
12.8875,74.85455,87.6,19.37,286.6,LOW,SRTM_30m_simulated,150
12.8875,74.8559,89.6,21.51,10.1,LOW,SRTM_30m_simulated,150
12.8875,74.85725,92.6,3.73,228.0,LOW,SRTM_30m_simulated,150
12.8875,74.8586,94.9,2.95,329.4,LOW,SRTM_30m_simulated,150
12.8875,74.85995,98.1,12.91,210.0,LOW,SRTM_30m_simulated,150
12.8875,74.8613,101.2,20.44,122.4,LOW,SRTM_30m_simulated,150
12.8875,74.86265,104.1,24.81,62.6,LOW,SRTM_30m_simulated,150
12.8875,74.864,106.6,22.58,221.6,LOW,SRTM_30m_simulated,150
12.8875,74.86535,109.1,20.65,270.1,LOW,SRTM_30m_simulated,150
12.8875,74.8667,112.9,13.65,352.8,LOW,SRTM_30m_simulated,150
12.8875,74.86805,115.3,8.09,310.3,LOW,SRTM_30m_simulated,150
12.8875,74.8694,119.1,19.39,158.4,LOW,SRTM_30m_simulated,150
12.8875,74.87075,121.2,9.95,26.0,LOW,SRTM_30m_simulated,150
12.8875,74.8721,125.2,32.96,52.7,LOW,SRTM_30m_simulated,150
12.8875,74.87345,127.2,12.34,202.5,LOW,SRTM_30m_simulated,150
12.8875,74.8748,131.1,32.36,291.0,LOW,SRTM_30m_simulated,150
12.8875,74.87615,133.5,34.56,45.5,LOW,SRTM_30m_simulated,150
12.8875,74.8775,136.5,26.31,311.5,LOW,SRTM_30m_simulated,150
12.8875,74.87885,139.4,10.77,5.9,LOW,SRTM_30m_simulated,150
12.8875,74.8802,141.9,15.8,79.9,LOW,SRTM_30m_simulated,150
12.8875,74.88155,145.4,2.76,110.7,LOW,SRTM_30m_simulated,150
12.8875,74.8829,147.6,18.8,132.1,LOW,SRTM_30m_simulated,150
12.8875,74.88425,151.5,37.53,52.0,LOW,SRTM_30m_simulated,150
12.8875,74.8856,154.3,9.18,350.1,LOW,SRTM_30m_simulated,150
12.8875,74.88695,157.4,1.09,221.8,LOW,SRTM_30m_simulated,150
12.8875,74.8883,160.1,0.94,291.1,LOW,SRTM_30m_simulated,150
12.8875,74.88965,163.9,20.84,271.7,LOW,SRTM_30m_simulated,150
12.8875,74.891,166.4,30.96,30.9,LOW,SRTM_30m_simulated,150
12.8875,74.89235,168.6,18.45,171.1,LOW,SRTM_30m_simulated,150
12.8875,74.8937,172.6,21.46,72.9,LOW,SRTM_30m_simulated,150
12.8875,74.89505,174.8,41.2,171.0,LOW,SRTM_30m_simulated,150
12.8875,74.8964,177.5,13.57,131.3,LOW,SRTM_30m_simulated,150
12.8875,74.89775,181.3,9.58,87.2,LOW,SRTM_30m_simulated,150
12.8875,74.8991,183.8,33.76,141.7,LOW,SRTM_30m_simulated,150
12.8875,74.90045,187.0,5.89,251.5,LOW,SRTM_30m_simulated,150
12.8875,74.9018,190.0,12.82,235.7,LOW,SRTM_30m_simulated,150
12.8875,74.90315,192.2,31.81,124.5,LOW,SRTM_30m_simulated,150
12.8875,74.9045,195.7,7.5,123.0,LOW,SRTM_30m_simulated,150
12.8875,74.90585,198.8,28.28,132.9,LOW,SRTM_30m_simulated,150
12.8875,74.9072,201.8,37.88,36.1,LOW,SRTM_30m_simulated,150
12.8875,74.90855,204.0,6.4,302.8,LOW,SRTM_30m_simulated,150
12.8875,74.9099,207.3,45.9,111.7,LOW,SRTM_30m_simulated,150
12.88885,74.81,4.2,4.38,155.2,HIGH,SRTM_30m_simulated,150
12.88885,74.81135,5.7,9.63,169.6,MEDIUM,SRTM_30m_simulated,150
12.88885,74.8127,8.2,3.34,267.4,MEDIUM,SRTM_30m_simulated,150
12.88885,74.81405,10.8,10.99,171.4,MEDIUM,SRTM_30m_simulated,150
12.88885,74.8154,12.0,8.52,262.9,MEDIUM,SRTM_30m_simulated,150
12.88885,74.81675,15.4,12.75,280.2,LOW,SRTM_30m_simulated,150
12.88885,74.8181,16.7,17.41,175.1,LOW,SRTM_30m_simulated,150
12.88885,74.81945,19.4,13.63,317.3,LOW,SRTM_30m_simulated,150
12.88885,74.8208,21.2,8.98,350.7,LOW,SRTM_30m_simulated,150
12.88885,74.82215,25.0,17.88,98.2,LOW,SRTM_30m_simulated,150
12.88885,74.8235,27.0,7.92,318.3,LOW,SRTM_30m_simulated,150
12.88885,74.82485,29.7,7.86,353.4,LOW,SRTM_30m_simulated,150
12.88885,74.8262,32.1,1.0,68.8,LOW,SRTM_30m_simulated,150
12.88885,74.82755,34.7,19.69,326.2,LOW,SRTM_30m_simulated,150
12.88885,74.8289,37.1,9.71,149.5,LOW,SRTM_30m_simulated,150
12.88885,74.83025,40.4,1.66,290.5,LOW,SRTM_30m_simulated,150
12.88885,74.8316,42.2,17.5,60.9,LOW,SRTM_30m_simulated,150
12.88885,74.83295,45.4,17.49,297.3,LOW,SRTM_30m_simulated,150
12.88885,74.8343,47.5,20.95,46.6,LOW,SRTM_30m_simulated,150
12.88885,74.83565,50.0,3.21,151.5,LOW,SRTM_30m_simulated,150
12.88885,74.837,52.7,8.42,258.4,LOW,SRTM_30m_simulated,150
12.88885,74.83835,55.1,1.83,261.1,LOW,SRTM_30m_simulated,150
12.88885,74.8397,57.7,3.43,78.8,LOW,SRTM_30m_simulated,150
12.88885,74.84105,60.9,11.91,134.5,LOW,SRTM_30m_simulated,150
12.88885,74.8424,64.0,21.61,10.5,LOW,SRTM_30m_simulated,150
12.88885,74.84375,67.2,22.06,256.5,LOW,SRTM_30m_simulated,150
12.88885,74.8451,68.4,17.09,195.0,LOW,SRTM_30m_simulated,150
12.88885,74.84645,72.0,6.36,138.8,LOW,SRTM_30m_simulated,150
12.88885,74.8478,74.5,13.06,191.6,LOW,SRTM_30m_simulated,150
12.88885,74.84915,76.4,3.95,292.3,LOW,SRTM_30m_simulated,150
12.88885,74.8505,79.7,12.49,203.8,LOW,SRTM_30m_simulated,150
12.88885,74.85185,82.7,15.32,9.9,LOW,SRTM_30m_simulated,150
12.88885,74.8532,84.1,1.3,50.8,LOW,SRTM_30m_simulated,150
12.88885,74.85455,87.3,10.12,332.3,LOW,SRTM_30m_simulated,150
12.88885,74.8559,89.9,13.66,178.5,LOW,SRTM_30m_simulated,150
12.88885,74.85725,93.3,6.59,330.9,LOW,SRTM_30m_simulated,150
12.88885,74.8586,96.2,28.52,327.9,LOW,SRTM_30m_simulated,150
12.88885,74.85995,98.4,8.49,113.6,LOW,SRTM_30m_simulated,150
12.88885,74.8613,101.8,6.54,196.6,LOW,SRTM_30m_simulated,150
12.88885,74.86265,104.0,14.47,301.4,LOW,SRTM_30m_simulated,150
12.88885,74.864,108.0,27.37,197.5,LOW,SRTM_30m_simulated,150
12.88885,74.86535,110.4,16.1,351.0,LOW,SRTM_30m_simulated,150
12.88885,74.8667,113.7,3.22,345.9,LOW,SRTM_30m_simulated,150
12.88885,74.86805,116.2,22.05,329.8,LOW,SRTM_30m_simulated,150
12.88885,74.8694,119.1,13.87,177.8,LOW,SRTM_30m_simulated,150
12.88885,74.87075,122.6,0.53,261.6,LOW,SRTM_30m_simulated,150
12.88885,74.8721,125.0,26.45,328.5,LOW,SRTM_30m_simulated,150
12.88885,74.87345,128.1,29.98,49.9,LOW,SRTM_30m_simulated,150
12.88885,74.8748,130.8,5.19,348.1,LOW,SRTM_30m_simulated,150
12.88885,74.87615,134.7,8.36,350.1,LOW,SRTM_30m_simulated,150
12.88885,74.8775,137.2,29.0,65.6,LOW,SRTM_30m_simulated,150
12.88885,74.87885,139.9,22.35,182.0,LOW,SRTM_30m_simulated,150
12.88885,74.8802,142.7,3.0,329.4,LOW,SRTM_30m_simulated,150
12.88885,74.88155,146.0,17.88,134.9,LOW,SRTM_30m_simulated,150
12.88885,74.8829,148.7,1.92,313.3,LOW,SRTM_30m_simulated,150
12.88885,74.88425,152.1,11.02,63.9,LOW,SRTM_30m_simulated,150
12.88885,74.8856,154.8,21.28,242.0,LOW,SRTM_30m_simulated,150
12.88885,74.88695,157.7,30.35,66.6,LOW,SRTM_30m_simulated,150
12.88885,74.8883,160.4,14.31,97.2,LOW,SRTM_30m_simulated,150
12.88885,74.88965,162.7,23.51,63.2,LOW,SRTM_30m_simulated,150
12.88885,74.891,165.6,27.87,29.5,LOW,SRTM_30m_simulated,150
12.88885,74.89235,169.5,23.21,205.2,LOW,SRTM_30m_simulated,150
12.88885,74.8937,172.8,28.73,238.9,LOW,SRTM_30m_simulated,150
12.88885,74.89505,175.2,31.39,283.3,LOW,SRTM_30m_simulated,150
12.88885,74.8964,178.7,33.99,215.3,LOW,SRTM_30m_simulated,150
12.88885,74.89775,180.6,39.77,156.1,LOW,SRTM_30m_simulated,150
12.88885,74.8991,183.1,7.75,287.2,LOW,SRTM_30m_simulated,150
12.88885,74.90045,186.8,30.21,214.2,LOW,SRTM_30m_simulated,150
12.88885,74.9018,189.8,7.0,49.8,LOW,SRTM_30m_simulated,150
12.88885,74.90315,193.7,9.2,137.1,LOW,SRTM_30m_simulated,150
12.88885,74.9045,196.8,26.09,22.3,LOW,SRTM_30m_simulated,150
12.88885,74.90585,199.3,15.95,15.5,LOW,SRTM_30m_simulated,150
12.88885,74.9072,203.0,0.31,103.6,LOW,SRTM_30m_simulated,150
12.88885,74.90855,205.1,34.45,310.7,LOW,SRTM_30m_simulated,150
12.88885,74.9099,207.7,43.82,162.9,LOW,SRTM_30m_simulated,150
12.8902,74.81,3.2,2.96,248.1,HIGH,SRTM_30m_simulated,150
12.8902,74.81135,5.9,11.99,249.9,MEDIUM,SRTM_30m_simulated,150
12.8902,74.8127,8.8,9.13,30.6,MEDIUM,SRTM_30m_simulated,150
12.8902,74.81405,11.8,2.93,98.0,MEDIUM,SRTM_30m_simulated,150
12.8902,74.8154,13.1,15.67,51.8,MEDIUM,SRTM_30m_simulated,150
12.8902,74.81675,15.3,6.78,53.9,LOW,SRTM_30m_simulated,150
12.8902,74.8181,17.6,14.96,142.4,LOW,SRTM_30m_simulated,150
12.8902,74.81945,20.2,7.44,309.6,LOW,SRTM_30m_simulated,150
12.8902,74.8208,23.0,5.58,260.9,LOW,SRTM_30m_simulated,150
12.8902,74.82215,24.6,12.53,120.9,LOW,SRTM_30m_simulated,150
12.8902,74.8235,27.2,18.09,290.5,LOW,SRTM_30m_simulated,150
12.8902,74.82485,30.0,7.21,55.3,LOW,SRTM_30m_simulated,150
12.8902,74.8262,32.8,2.64,348.9,LOW,SRTM_30m_simulated,150
12.8902,74.82755,34.6,1.35,279.7,LOW,SRTM_30m_simulated,150
12.8902,74.8289,37.1,8.78,82.9,LOW,SRTM_30m_simulated,150
12.8902,74.83025,40.1,7.48,254.3,LOW,SRTM_30m_simulated,150
12.8902,74.8316,42.8,8.73,148.3,LOW,SRTM_30m_simulated,150
12.8902,74.83295,45.2,15.78,82.0,LOW,SRTM_30m_simulated,150
12.8902,74.8343,48.1,18.7,276.1,LOW,SRTM_30m_simulated,150
12.8902,74.83565,51.0,18.52,242.4,LOW,SRTM_30m_simulated,150
12.8902,74.837,52.2,11.54,130.5,LOW,SRTM_30m_simulated,150
12.8902,74.83835,56.1,1.69,70.2,LOW,SRTM_30m_simulated,150
12.8902,74.8397,59.2,1.98,209.3,LOW,SRTM_30m_simulated,150
12.8902,74.84105,60.8,11.59,29.9,LOW,SRTM_30m_simulated,150
12.8902,74.8424,63.0,12.87,197.7,LOW,SRTM_30m_simulated,150
12.8902,74.84375,66.1,20.03,339.1,LOW,SRTM_30m_simulated,150
12.8902,74.8451,68.9,15.23,113.4,LOW,SRTM_30m_simulated,150
12.8902,74.84645,71.5,7.95,296.1,LOW,SRTM_30m_simulated,150
12.8902,74.8478,75.1,8.44,52.6,LOW,SRTM_30m_simulated,150
12.8902,74.84915,77.7,2.23,247.6,LOW,SRTM_30m_simulated,150
12.8902,74.8505,81.3,15.36,194.9,LOW,SRTM_30m_simulated,150
12.8902,74.85185,83.0,2.12,225.8,LOW,SRTM_30m_simulated,150
12.8902,74.8532,85.4,10.34,224.9,LOW,SRTM_30m_simulated,150
12.8902,74.85455,88.0,18.47,61.0,LOW,SRTM_30m_simulated,150
12.8902,74.8559,91.4,8.05,319.1,LOW,SRTM_30m_simulated,150
12.8902,74.85725,93.8,8.61,271.2,LOW,SRTM_30m_simulated,150
12.8902,74.8586,96.4,9.09,270.8,LOW,SRTM_30m_simulated,150
12.8902,74.85995,98.6,14.43,147.1,LOW,SRTM_30m_simulated,150
12.8902,74.8613,101.4,13.12,157.0,LOW,SRTM_30m_simulated,150
12.8902,74.86265,104.3,10.45,327.3,LOW,SRTM_30m_simulated,150
12.8902,74.864,106.3,2.89,248.8,LOW,SRTM_30m_simulated,150
12.8902,74.86535,110.9,3.25,195.3,LOW,SRTM_30m_simulated,150
12.8902,74.8667,113.0,4.91,159.9,LOW,SRTM_30m_simulated,150
12.8902,74.86805,116.1,18.53,147.2,LOW,SRTM_30m_simulated,150
12.8902,74.8694,119.6,28.99,240.7,LOW,SRTM_30m_simulated,150
12.8902,74.87075,122.6,1.58,310.0,LOW,SRTM_30m_simulated,150
12.8902,74.8721,125.1,24.58,318.1,LOW,SRTM_30m_simulated,150
12.8902,74.87345,128.1,1.7,270.5,LOW,SRTM_30m_simulated,150
12.8902,74.8748,131.3,28.19,104.0,LOW,SRTM_30m_simulated,150
12.8902,74.87615,134.5,25.07,113.7,LOW,SRTM_30m_simulated,150
12.8902,74.8775,137.1,2.96,231.4,LOW,SRTM_30m_simulated,150
12.8902,74.87885,139.5,29.96,278.0,LOW,SRTM_30m_simulated,150
12.8902,74.8802,143.2,30.22,256.4,LOW,SRTM_30m_simulated,150
12.8902,74.88155,146.5,16.64,159.5,LOW,SRTM_30m_simulated,150
12.8902,74.8829,148.2,31.78,112.8,LOW,SRTM_30m_simulated,150
12.8902,74.88425,152.0,28.69,203.8,LOW,SRTM_30m_simulated,150
12.8902,74.8856,155.6,29.21,46.1,LOW,SRTM_30m_simulated,150
12.8902,74.88695,158.2,35.43,277.7,LOW,SRTM_30m_simulated,150
12.8902,74.8883,161.8,34.62,4.3,LOW,SRTM_30m_simulated,150
12.8902,74.88965,164.0,32.94,283.1,LOW,SRTM_30m_simulated,150
12.8902,74.891,166.8,39.04,317.7,LOW,SRTM_30m_simulated,150
12.8902,74.89235,169.9,3.71,341.5,LOW,SRTM_30m_simulated,150
12.8902,74.8937,173.1,18.06,330.2,LOW,SRTM_30m_simulated,150
12.8902,74.89505,176.2,39.02,109.1,LOW,SRTM_30m_simulated,150
12.8902,74.8964,179.2,3.51,323.7,LOW,SRTM_30m_simulated,150
12.8902,74.89775,183.2,35.94,330.1,LOW,SRTM_30m_simulated,150
12.8902,74.8991,184.7,25.76,16.9,LOW,SRTM_30m_simulated,150
12.8902,74.90045,188.2,16.91,308.9,LOW,SRTM_30m_simulated,150
12.8902,74.9018,190.2,0.01,5.2,LOW,SRTM_30m_simulated,150
12.8902,74.90315,194.1,37.95,331.3,LOW,SRTM_30m_simulated,150
12.8902,74.9045,196.2,4.36,235.3,LOW,SRTM_30m_simulated,150
12.8902,74.90585,199.7,16.43,335.9,LOW,SRTM_30m_simulated,150
12.8902,74.9072,203.4,23.99,149.9,LOW,SRTM_30m_simulated,150
12.8902,74.90855,205.6,45.46,264.7,LOW,SRTM_30m_simulated,150
12.8902,74.9099,208.0,21.23,216.5,LOW,SRTM_30m_simulated,150
12.89155,74.81,5.3,5.04,273.3,MEDIUM,SRTM_30m_simulated,150
12.89155,74.81135,5.8,6.45,35.0,MEDIUM,SRTM_30m_simulated,150
12.89155,74.8127,8.1,8.88,126.7,MEDIUM,SRTM_30m_simulated,150
12.89155,74.81405,11.2,3.34,86.2,MEDIUM,SRTM_30m_simulated,150
12.89155,74.8154,13.4,10.24,98.1,MEDIUM,SRTM_30m_simulated,150
12.89155,74.81675,15.4,15.84,113.3,LOW,SRTM_30m_simulated,150
12.89155,74.8181,18.1,10.31,64.1,LOW,SRTM_30m_simulated,150
12.89155,74.81945,20.0,15.55,355.2,LOW,SRTM_30m_simulated,150
12.89155,74.8208,22.9,10.88,231.7,LOW,SRTM_30m_simulated,150
12.89155,74.82215,26.0,10.95,317.0,LOW,SRTM_30m_simulated,150
12.89155,74.8235,27.7,6.81,54.5,LOW,SRTM_30m_simulated,150
12.89155,74.82485,30.5,14.81,302.1,LOW,SRTM_30m_simulated,150
12.89155,74.8262,32.1,9.43,201.5,LOW,SRTM_30m_simulated,150
12.89155,74.82755,35.8,4.71,286.0,LOW,SRTM_30m_simulated,150
12.89155,74.8289,37.1,9.25,94.2,LOW,SRTM_30m_simulated,150
12.89155,74.83025,40.5,14.3,9.7,LOW,SRTM_30m_simulated,150
12.89155,74.8316,43.6,3.61,244.7,LOW,SRTM_30m_simulated,150
12.89155,74.83295,45.7,10.35,138.7,LOW,SRTM_30m_simulated,150
12.89155,74.8343,48.6,18.08,98.8,LOW,SRTM_30m_simulated,150
12.89155,74.83565,51.3,11.56,311.2,LOW,SRTM_30m_simulated,150
12.89155,74.837,53.9,17.57,185.4,LOW,SRTM_30m_simulated,150
12.89155,74.83835,56.5,19.8,103.1,LOW,SRTM_30m_simulated,150
12.89155,74.8397,58.6,21.76,317.7,LOW,SRTM_30m_simulated,150
12.89155,74.84105,61.7,21.1,48.8,LOW,SRTM_30m_simulated,150
12.89155,74.8424,63.8,2.93,190.2,LOW,SRTM_30m_simulated,150
12.89155,74.84375,67.0,8.17,294.3,LOW,SRTM_30m_simulated,150
12.89155,74.8451,69.8,3.68,238.9,LOW,SRTM_30m_simulated,150
12.89155,74.84645,72.4,6.34,43.5,LOW,SRTM_30m_simulated,150
12.89155,74.8478,74.5,12.2,36.5,LOW,SRTM_30m_simulated,150
12.89155,74.84915,77.8,5.39,189.5,LOW,SRTM_30m_simulated,150
12.89155,74.8505,79.8,14.64,185.2,LOW,SRTM_30m_simulated,150
12.89155,74.85185,83.2,0.93,301.8,LOW,SRTM_30m_simulated,150
12.89155,74.8532,86.5,10.89,129.2,LOW,SRTM_30m_simulated,150
12.89155,74.85455,87.8,14.2,176.4,LOW,SRTM_30m_simulated,150
12.89155,74.8559,91.2,15.14,141.5,LOW,SRTM_30m_simulated,150
12.89155,74.85725,94.7,17.59,270.2,LOW,SRTM_30m_simulated,150
12.89155,74.8586,96.5,19.99,206.7,LOW,SRTM_30m_simulated,150
12.89155,74.85995,98.8,26.5,131.2,LOW,SRTM_30m_simulated,150
12.89155,74.8613,101.5,27.61,334.1,LOW,SRTM_30m_simulated,150
12.89155,74.86265,103.7,1.97,152.7,LOW,SRTM_30m_simulated,150
12.89155,74.864,108.4,16.52,346.3,LOW,SRTM_30m_simulated,150
12.89155,74.86535,110.9,9.1,315.0,LOW,SRTM_30m_simulated,150
12.89155,74.8667,114.2,31.73,277.3,LOW,SRTM_30m_simulated,150
12.89155,74.86805,116.1,5.01,114.8,LOW,SRTM_30m_simulated,150
12.89155,74.8694,119.6,0.55,28.9,LOW,SRTM_30m_simulated,150
12.89155,74.87075,122.3,30.06,11.1,LOW,SRTM_30m_simulated,150
12.89155,74.8721,125.1,18.71,241.8,LOW,SRTM_30m_simulated,150
12.89155,74.87345,128.1,7.46,226.0,LOW,SRTM_30m_simulated,150
12.89155,74.8748,132.6,6.49,102.7,LOW,SRTM_30m_simulated,150
12.89155,74.87615,134.7,30.06,180.5,LOW,SRTM_30m_simulated,150
12.89155,74.8775,138.6,6.77,85.8,LOW,SRTM_30m_simulated,150
12.89155,74.87885,140.8,28.5,307.2,LOW,SRTM_30m_simulated,150
12.89155,74.8802,144.3,7.93,153.8,LOW,SRTM_30m_simulated,150
12.89155,74.88155,146.7,18.17,101.6,LOW,SRTM_30m_simulated,150
12.89155,74.8829,149.9,26.81,241.6,LOW,SRTM_30m_simulated,150
12.89155,74.88425,151.7,6.26,117.8,LOW,SRTM_30m_simulated,150
12.89155,74.8856,155.4,29.5,128.9,LOW,SRTM_30m_simulated,150
12.89155,74.88695,158.1,33.87,269.9,LOW,SRTM_30m_simulated,150
12.89155,74.8883,161.2,33.78,61.8,LOW,SRTM_30m_simulated,150
12.89155,74.88965,164.4,14.22,140.8,LOW,SRTM_30m_simulated,150
12.89155,74.891,167.6,22.88,299.4,LOW,SRTM_30m_simulated,150
12.89155,74.89235,170.1,33.14,244.8,LOW,SRTM_30m_simulated,150
12.89155,74.8937,172.5,10.56,99.4,LOW,SRTM_30m_simulated,150
12.89155,74.89505,176.8,25.48,58.8,LOW,SRTM_30m_simulated,150
12.89155,74.8964,178.3,40.17,219.5,LOW,SRTM_30m_simulated,150
12.89155,74.89775,181.3,25.29,170.2,LOW,SRTM_30m_simulated,150
12.89155,74.8991,184.7,13.05,246.5,LOW,SRTM_30m_simulated,150
12.89155,74.90045,188.6,24.46,284.2,LOW,SRTM_30m_simulated,150
12.89155,74.9018,190.8,3.85,89.5,LOW,SRTM_30m_simulated,150
12.89155,74.90315,194.5,37.17,141.2,LOW,SRTM_30m_simulated,150
12.89155,74.9045,197.0,16.63,9.3,LOW,SRTM_30m_simulated,150
12.89155,74.90585,200.1,8.39,340.0,LOW,SRTM_30m_simulated,150
12.89155,74.9072,203.6,10.39,72.2,LOW,SRTM_30m_simulated,150
12.89155,74.90855,205.0,23.62,154.4,LOW,SRTM_30m_simulated,150
12.89155,74.9099,208.6,15.68,75.7,LOW,SRTM_30m_simulated,150
12.8929,74.81,4.7,8.11,350.5,HIGH,SRTM_30m_simulated,150
12.8929,74.81135,7.1,10.88,95.8,MEDIUM,SRTM_30m_simulated,150
12.8929,74.8127,9.0,6.99,241.4,MEDIUM,SRTM_30m_simulated,150
12.8929,74.81405,11.1,14.9,147.5,MEDIUM,SRTM_30m_simulated,150
12.8929,74.8154,13.6,1.49,75.0,MEDIUM,SRTM_30m_simulated,150
12.8929,74.81675,15.9,11.72,330.5,LOW,SRTM_30m_simulated,150
12.8929,74.8181,16.7,0.86,145.8,LOW,SRTM_30m_simulated,150
12.8929,74.81945,20.4,5.17,170.9,LOW,SRTM_30m_simulated,150
12.8929,74.8208,22.3,11.44,75.4,LOW,SRTM_30m_simulated,150
12.8929,74.82215,24.2,6.04,357.0,LOW,SRTM_30m_simulated,150
12.8929,74.8235,28.2,6.44,231.6,LOW,SRTM_30m_simulated,150
12.8929,74.82485,30.0,1.44,41.0,LOW,SRTM_30m_simulated,150
12.8929,74.8262,32.9,4.1,281.7,LOW,SRTM_30m_simulated,150
12.8929,74.82755,35.4,19.19,104.3,LOW,SRTM_30m_simulated,150
12.8929,74.8289,38.0,6.23,86.7,LOW,SRTM_30m_simulated,150
12.8929,74.83025,40.7,0.53,23.2,LOW,SRTM_30m_simulated,150
12.8929,74.8316,43.2,0.01,71.7,LOW,SRTM_30m_simulated,150
12.8929,74.83295,45.7,13.8,225.1,LOW,SRTM_30m_simulated,150
12.8929,74.8343,48.5,20.54,61.3,LOW,SRTM_30m_simulated,150
12.8929,74.83565,50.8,16.63,125.1,LOW,SRTM_30m_simulated,150
12.8929,74.837,53.8,3.79,332.8,LOW,SRTM_30m_simulated,150
12.8929,74.83835,56.2,13.37,127.2,LOW,SRTM_30m_simulated,150
12.8929,74.8397,59.3,22.85,70.2,LOW,SRTM_30m_simulated,150
12.8929,74.84105,61.7,19.41,290.1,LOW,SRTM_30m_simulated,150
12.8929,74.8424,64.1,23.89,142.0,LOW,SRTM_30m_simulated,150
12.8929,74.84375,66.9,9.37,299.2,LOW,SRTM_30m_simulated,150
12.8929,74.8451,70.3,24.14,104.8,LOW,SRTM_30m_simulated,150
12.8929,74.84645,72.2,20.14,53.4,LOW,SRTM_30m_simulated,150
12.8929,74.8478,75.2,25.68,108.9,LOW,SRTM_30m_simulated,150
12.8929,74.84915,78.8,2.02,211.9,LOW,SRTM_30m_simulated,150
12.8929,74.8505,80.3,12.12,125.6,LOW,SRTM_30m_simulated,150
12.8929,74.85185,83.4,11.14,153.2,LOW,SRTM_30m_simulated,150
12.8929,74.8532,85.7,27.02,217.6,LOW,SRTM_30m_simulated,150
12.8929,74.85455,88.2,21.29,156.5,LOW,SRTM_30m_simulated,150
12.8929,74.8559,91.1,2.35,292.7,LOW,SRTM_30m_simulated,150
12.8929,74.85725,93.9,24.47,284.1,LOW,SRTM_30m_simulated,150
12.8929,74.8586,97.1,13.18,50.9,LOW,SRTM_30m_simulated,150
12.8929,74.85995,99.0,17.24,334.4,LOW,SRTM_30m_simulated,150
12.8929,74.8613,102.2,9.26,317.0,LOW,SRTM_30m_simulated,150
12.8929,74.86265,104.9,1.1,269.0,LOW,SRTM_30m_simulated,150
12.8929,74.864,107.3,4.64,134.6,LOW,SRTM_30m_simulated,150
12.8929,74.86535,111.2,31.1,330.9,LOW,SRTM_30m_simulated,150
12.8929,74.8667,113.4,28.0,198.0,LOW,SRTM_30m_simulated,150
12.8929,74.86805,116.8,8.14,132.5,LOW,SRTM_30m_simulated,150
12.8929,74.8694,120.5,9.85,212.5,LOW,SRTM_30m_simulated,150
12.8929,74.87075,122.4,11.1,345.8,LOW,SRTM_30m_simulated,150
12.8929,74.8721,126.8,16.04,281.9,LOW,SRTM_30m_simulated,150
12.8929,74.87345,128.5,33.76,334.5,LOW,SRTM_30m_simulated,150
12.8929,74.8748,130.7,16.56,250.3,LOW,SRTM_30m_simulated,150
12.8929,74.87615,134.9,24.28,350.5,LOW,SRTM_30m_simulated,150
12.8929,74.8775,137.2,22.04,35.9,LOW,SRTM_30m_simulated,150
12.8929,74.87885,140.9,22.83,145.2,LOW,SRTM_30m_simulated,150
12.8929,74.8802,143.9,27.58,160.4,LOW,SRTM_30m_simulated,150
12.8929,74.88155,147.4,24.57,77.0,LOW,SRTM_30m_simulated,150
12.8929,74.8829,149.6,7.09,312.2,LOW,SRTM_30m_simulated,150
12.8929,74.88425,152.1,30.11,76.2,LOW,SRTM_30m_simulated,150
12.8929,74.8856,155.5,6.95,144.2,LOW,SRTM_30m_simulated,150
12.8929,74.88695,158.8,37.59,41.0,LOW,SRTM_30m_simulated,150
12.8929,74.8883,160.4,28.5,144.7,LOW,SRTM_30m_simulated,150
12.8929,74.88965,164.3,16.54,207.2,LOW,SRTM_30m_simulated,150
12.8929,74.891,166.7,15.11,318.2,LOW,SRTM_30m_simulated,150
12.8929,74.89235,170.9,27.55,32.3,LOW,SRTM_30m_simulated,150
12.8929,74.8937,172.6,40.86,16.7,LOW,SRTM_30m_simulated,150
12.8929,74.89505,175.9,32.32,133.8,LOW,SRTM_30m_simulated,150
12.8929,74.8964,179.3,14.42,102.8,LOW,SRTM_30m_simulated,150
12.8929,74.89775,183.0,42.15,30.7,LOW,SRTM_30m_simulated,150
12.8929,74.8991,185.9,4.59,274.1,LOW,SRTM_30m_simulated,150
12.8929,74.90045,188.0,0.75,287.7,LOW,SRTM_30m_simulated,150
12.8929,74.9018,192.4,23.87,103.2,LOW,SRTM_30m_simulated,150
12.8929,74.90315,194.0,4.63,339.4,LOW,SRTM_30m_simulated,150
12.8929,74.9045,196.8,26.65,91.9,LOW,SRTM_30m_simulated,150
12.8929,74.90585,200.1,35.87,165.1,LOW,SRTM_30m_simulated,150
12.8929,74.9072,203.5,1.23,128.9,LOW,SRTM_30m_simulated,150
12.8929,74.90855,206.0,15.92,198.3,LOW,SRTM_30m_simulated,150
12.8929,74.9099,209.0,24.0,355.4,LOW,SRTM_30m_simulated,150
12.89425,74.81,4.3,4.02,119.0,HIGH,SRTM_30m_simulated,150
12.89425,74.81135,5.9,8.96,12.9,MEDIUM,SRTM_30m_simulated,150
12.89425,74.8127,10.0,1.79,46.7,MEDIUM,SRTM_30m_simulated,150
12.89425,74.81405,11.2,1.35,312.1,MEDIUM,SRTM_30m_simulated,150
12.89425,74.8154,12.2,6.38,256.6,MEDIUM,SRTM_30m_simulated,150
12.89425,74.81675,15.6,11.91,205.4,LOW,SRTM_30m_simulated,150
12.89425,74.8181,17.6,2.19,59.6,LOW,SRTM_30m_simulated,150
12.89425,74.81945,21.1,7.0,307.1,LOW,SRTM_30m_simulated,150
12.89425,74.8208,22.8,1.11,221.6,LOW,SRTM_30m_simulated,150
12.89425,74.82215,25.9,6.95,301.1,LOW,SRTM_30m_simulated,150
12.89425,74.8235,27.6,16.12,122.3,LOW,SRTM_30m_simulated,150
12.89425,74.82485,30.7,10.35,347.4,LOW,SRTM_30m_simulated,150
12.89425,74.8262,33.3,13.01,313.1,LOW,SRTM_30m_simulated,150
12.89425,74.82755,35.3,5.43,91.9,LOW,SRTM_30m_simulated,150
12.89425,74.8289,38.5,16.04,278.1,LOW,SRTM_30m_simulated,150
12.89425,74.83025,40.0,10.08,229.8,LOW,SRTM_30m_simulated,150
12.89425,74.8316,44.0,5.45,250.3,LOW,SRTM_30m_simulated,150
12.89425,74.83295,45.9,8.97,4.8,LOW,SRTM_30m_simulated,150
12.89425,74.8343,48.6,7.69,246.9,LOW,SRTM_30m_simulated,150
12.89425,74.83565,51.6,11.78,214.0,LOW,SRTM_30m_simulated,150
12.89425,74.837,54.9,23.14,26.9,LOW,SRTM_30m_simulated,150
12.89425,74.83835,57.0,16.88,13.6,LOW,SRTM_30m_simulated,150
12.89425,74.8397,58.5,10.19,246.1,LOW,SRTM_30m_simulated,150
12.89425,74.84105,62.0,20.08,233.6,LOW,SRTM_30m_simulated,150
12.89425,74.8424,64.2,18.98,131.6,LOW,SRTM_30m_simulated,150
12.89425,74.84375,67.1,2.66,317.4,LOW,SRTM_30m_simulated,150
12.89425,74.8451,69.7,16.77,139.0,LOW,SRTM_30m_simulated,150
12.89425,74.84645,71.6,5.87,152.5,LOW,SRTM_30m_simulated,150
12.89425,74.8478,75.3,13.67,175.2,LOW,SRTM_30m_simulated,150
12.89425,74.84915,78.0,8.53,157.3,LOW,SRTM_30m_simulated,150
12.89425,74.8505,80.2,12.82,112.2,LOW,SRTM_30m_simulated,150
12.89425,74.85185,83.8,27.15,132.9,LOW,SRTM_30m_simulated,150
12.89425,74.8532,85.4,12.72,280.8,LOW,SRTM_30m_simulated,150
12.89425,74.85455,89.2,12.96,192.9,LOW,SRTM_30m_simulated,150
12.89425,74.8559,91.9,5.92,28.5,LOW,SRTM_30m_simulated,150
12.89425,74.85725,94.3,19.79,129.6,LOW,SRTM_30m_simulated,150
12.89425,74.8586,96.4,20.58,333.3,LOW,SRTM_30m_simulated,150
12.89425,74.85995,99.2,26.29,35.4,LOW,SRTM_30m_simulated,150
12.89425,74.8613,101.9,21.1,62.5,LOW,SRTM_30m_simulated,150
12.89425,74.86265,105.9,25.91,48.1,LOW,SRTM_30m_simulated,150
12.89425,74.864,107.8,20.11,9.7,LOW,SRTM_30m_simulated,150
12.89425,74.86535,110.9,6.93,137.8,LOW,SRTM_30m_simulated,150
12.89425,74.8667,114.2,18.34,320.8,LOW,SRTM_30m_simulated,150
12.89425,74.86805,117.9,17.62,187.3,LOW,SRTM_30m_simulated,150
12.89425,74.8694,120.7,31.73,19.3,LOW,SRTM_30m_simulated,150
12.89425,74.87075,123.3,28.8,228.4,LOW,SRTM_30m_simulated,150
12.89425,74.8721,125.2,12.18,127.8,LOW,SRTM_30m_simulated,150
12.89425,74.87345,128.7,4.53,30.2,LOW,SRTM_30m_simulated,150
12.89425,74.8748,131.4,4.54,328.3,LOW,SRTM_30m_simulated,150
12.89425,74.87615,134.6,2.24,256.4,LOW,SRTM_30m_simulated,150
12.89425,74.8775,137.7,3.56,283.2,LOW,SRTM_30m_simulated,150
12.89425,74.87885,140.5,7.27,75.3,LOW,SRTM_30m_simulated,150
12.89425,74.8802,144.7,22.65,300.7,LOW,SRTM_30m_simulated,150
12.89425,74.88155,145.9,8.92,188.0,LOW,SRTM_30m_simulated,150
12.89425,74.8829,149.8,24.02,250.9,LOW,SRTM_30m_simulated,150
12.89425,74.88425,152.1,35.44,205.6,LOW,SRTM_30m_simulated,150
12.89425,74.8856,155.1,23.44,302.3,LOW,SRTM_30m_simulated,150
12.89425,74.88695,159.0,38.7,55.8,LOW,SRTM_30m_simulated,150
12.89425,74.8883,161.3,22.28,107.9,LOW,SRTM_30m_simulated,150
12.89425,74.88965,165.0,26.71,188.8,LOW,SRTM_30m_simulated,150
12.89425,74.891,167.9,0.31,14.1,LOW,SRTM_30m_simulated,150
12.89425,74.89235,169.8,0.82,330.1,LOW,SRTM_30m_simulated,150
12.89425,74.8937,173.0,17.37,270.6,LOW,SRTM_30m_simulated,150
12.89425,74.89505,176.1,5.03,2.0,LOW,SRTM_30m_simulated,150
12.89425,74.8964,180.2,26.25,327.8,LOW,SRTM_30m_simulated,150
12.89425,74.89775,182.3,38.83,25.4,LOW,SRTM_30m_simulated,150
12.89425,74.8991,186.7,42.87,161.1,LOW,SRTM_30m_simulated,150
12.89425,74.90045,188.4,17.53,88.9,LOW,SRTM_30m_simulated,150
12.89425,74.9018,191.5,30.11,33.8,LOW,SRTM_30m_simulated,150
12.89425,74.90315,193.8,21.58,143.1,LOW,SRTM_30m_simulated,150
12.89425,74.9045,198.0,31.88,23.0,LOW,SRTM_30m_simulated,150
12.89425,74.90585,200.0,33.18,39.7,LOW,SRTM_30m_simulated,150
12.89425,74.9072,202.9,28.4,345.9,LOW,SRTM_30m_simulated,150
12.89425,74.90855,206.1,32.91,70.6,LOW,SRTM_30m_simulated,150
12.89425,74.9099,209.7,46.15,57.9,LOW,SRTM_30m_simulated,150
12.8956,74.81,4.3,1.17,85.7,HIGH,SRTM_30m_simulated,150
12.8956,74.81135,7.1,3.89,350.7,MEDIUM,SRTM_30m_simulated,150
12.8956,74.8127,8.6,13.78,165.6,MEDIUM,SRTM_30m_simulated,150
12.8956,74.81405,11.4,3.61,276.0,MEDIUM,SRTM_30m_simulated,150
12.8956,74.8154,14.2,12.42,290.6,MEDIUM,SRTM_30m_simulated,150
12.8956,74.81675,15.9,8.8,171.4,LOW,SRTM_30m_simulated,150
12.8956,74.8181,19.4,7.31,353.1,LOW,SRTM_30m_simulated,150
12.8956,74.81945,20.3,5.25,198.0,LOW,SRTM_30m_simulated,150
12.8956,74.8208,22.8,14.54,182.4,LOW,SRTM_30m_simulated,150
12.8956,74.82215,25.1,3.97,52.6,LOW,SRTM_30m_simulated,150
12.8956,74.8235,28.7,2.31,66.7,LOW,SRTM_30m_simulated,150
12.8956,74.82485,29.8,19.08,195.2,LOW,SRTM_30m_simulated,150
12.8956,74.8262,33.9,10.95,61.9,LOW,SRTM_30m_simulated,150
12.8956,74.82755,36.3,11.68,178.1,LOW,SRTM_30m_simulated,150
12.8956,74.8289,38.0,18.22,349.6,LOW,SRTM_30m_simulated,150
12.8956,74.83025,40.5,3.32,87.1,LOW,SRTM_30m_simulated,150
12.8956,74.8316,43.6,6.35,2.8,LOW,SRTM_30m_simulated,150
12.8956,74.83295,47.0,14.01,274.6,LOW,SRTM_30m_simulated,150
12.8956,74.8343,49.3,5.05,248.3,LOW,SRTM_30m_simulated,150
12.8956,74.83565,51.2,5.24,189.5,LOW,SRTM_30m_simulated,150
12.8956,74.837,54.4,6.87,218.3,LOW,SRTM_30m_simulated,150
12.8956,74.83835,57.2,13.51,39.8,LOW,SRTM_30m_simulated,150
12.8956,74.8397,60.4,12.1,101.1,LOW,SRTM_30m_simulated,150
12.8956,74.84105,62.0,20.03,122.0,LOW,SRTM_30m_simulated,150
12.8956,74.8424,64.7,14.88,243.3,LOW,SRTM_30m_simulated,150
12.8956,74.84375,67.0,20.23,323.7,LOW,SRTM_30m_simulated,150
12.8956,74.8451,69.9,12.86,53.0,LOW,SRTM_30m_simulated,150
12.8956,74.84645,72.7,3.82,239.9,LOW,SRTM_30m_simulated,150
12.8956,74.8478,75.3,5.01,85.1,LOW,SRTM_30m_simulated,150
12.8956,74.84915,78.7,25.78,312.9,LOW,SRTM_30m_simulated,150
12.8956,74.8505,80.8,2.86,357.4,LOW,SRTM_30m_simulated,150
12.8956,74.85185,83.4,23.35,228.9,LOW,SRTM_30m_simulated,150
12.8956,74.8532,86.3,14.18,150.4,LOW,SRTM_30m_simulated,150
12.8956,74.85455,88.1,9.77,223.2,LOW,SRTM_30m_simulated,150
12.8956,74.8559,91.2,13.08,280.0,LOW,SRTM_30m_simulated,150
12.8956,74.85725,94.3,7.04,146.9,LOW,SRTM_30m_simulated,150
12.8956,74.8586,97.5,6.75,230.2,LOW,SRTM_30m_simulated,150
12.8956,74.85995,99.0,11.21,137.1,LOW,SRTM_30m_simulated,150
12.8956,74.8613,103.1,1.01,55.2,LOW,SRTM_30m_simulated,150
12.8956,74.86265,106.5,16.82,305.0,LOW,SRTM_30m_simulated,150
12.8956,74.864,108.6,26.94,283.7,LOW,SRTM_30m_simulated,150
12.8956,74.86535,110.5,19.09,151.1,LOW,SRTM_30m_simulated,150
12.8956,74.8667,114.6,15.27,23.7,LOW,SRTM_30m_simulated,150
12.8956,74.86805,116.5,1.56,141.3,LOW,SRTM_30m_simulated,150
12.8956,74.8694,119.7,21.82,309.6,LOW,SRTM_30m_simulated,150
12.8956,74.87075,123.4,4.52,11.2,LOW,SRTM_30m_simulated,150
12.8956,74.8721,125.2,3.23,333.4,LOW,SRTM_30m_simulated,150
12.8956,74.87345,129.3,12.5,32.3,LOW,SRTM_30m_simulated,150
12.8956,74.8748,132.3,30.2,88.0,LOW,SRTM_30m_simulated,150
12.8956,74.87615,135.3,15.39,138.2,LOW,SRTM_30m_simulated,150
12.8956,74.8775,139.1,31.62,280.8,LOW,SRTM_30m_simulated,150
12.8956,74.87885,140.7,3.52,337.8,LOW,SRTM_30m_simulated,150
12.8956,74.8802,144.2,29.33,23.2,LOW,SRTM_30m_simulated,150
12.8956,74.88155,145.8,19.62,43.6,LOW,SRTM_30m_simulated,150
12.8956,74.8829,149.4,9.56,245.0,LOW,SRTM_30m_simulated,150
12.8956,74.88425,153.2,32.19,91.6,LOW,SRTM_30m_simulated,150
12.8956,74.8856,155.5,17.82,211.4,LOW,SRTM_30m_simulated,150
12.8956,74.88695,158.6,5.91,305.7,LOW,SRTM_30m_simulated,150
12.8956,74.8883,161.6,14.68,151.1,LOW,SRTM_30m_simulated,150
12.8956,74.88965,164.5,34.22,352.9,LOW,SRTM_30m_simulated,150
12.8956,74.891,169.0,25.3,233.7,LOW,SRTM_30m_simulated,150
12.8956,74.89235,170.5,17.61,152.0,LOW,SRTM_30m_simulated,150
12.8956,74.8937,174.3,40.6,176.8,LOW,SRTM_30m_simulated,150
12.8956,74.89505,176.5,16.46,332.9,LOW,SRTM_30m_simulated,150
12.8956,74.8964,179.4,26.99,190.3,LOW,SRTM_30m_simulated,150
12.8956,74.89775,182.8,23.86,29.2,LOW,SRTM_30m_simulated,150
12.8956,74.8991,185.2,22.99,23.0,LOW,SRTM_30m_simulated,150
12.8956,74.90045,187.9,42.25,89.6,LOW,SRTM_30m_simulated,150
12.8956,74.9018,190.4,17.7,2.6,LOW,SRTM_30m_simulated,150
12.8956,74.90315,193.6,6.53,98.9,LOW,SRTM_30m_simulated,150
12.8956,74.9045,197.4,22.73,59.7,LOW,SRTM_30m_simulated,150
12.8956,74.90585,200.0,34.49,168.3,LOW,SRTM_30m_simulated,150
12.8956,74.9072,204.3,25.64,320.7,LOW,SRTM_30m_simulated,150
12.8956,74.90855,206.4,17.51,125.8,LOW,SRTM_30m_simulated,150
12.8956,74.9099,209.1,36.19,19.1,LOW,SRTM_30m_simulated,150
12.89695,74.81,5.5,14.26,141.1,MEDIUM,SRTM_30m_simulated,150
12.89695,74.81135,5.6,5.89,81.0,MEDIUM,SRTM_30m_simulated,150
12.89695,74.8127,9.0,1.25,231.6,MEDIUM,SRTM_30m_simulated,150
12.89695,74.81405,10.8,12.09,116.3,MEDIUM,SRTM_30m_simulated,150
12.89695,74.8154,13.0,3.48,33.4,MEDIUM,SRTM_30m_simulated,150
12.89695,74.81675,16.3,15.02,25.9,LOW,SRTM_30m_simulated,150
12.89695,74.8181,19.1,8.86,102.8,LOW,SRTM_30m_simulated,150
12.89695,74.81945,21.2,15.1,162.4,LOW,SRTM_30m_simulated,150
12.89695,74.8208,22.7,14.93,177.9,LOW,SRTM_30m_simulated,150
12.89695,74.82215,25.5,4.65,302.4,LOW,SRTM_30m_simulated,150
12.89695,74.8235,28.1,6.65,196.7,LOW,SRTM_30m_simulated,150
12.89695,74.82485,29.7,0.95,194.8,LOW,SRTM_30m_simulated,150
12.89695,74.8262,34.0,1.43,87.0,LOW,SRTM_30m_simulated,150
12.89695,74.82755,35.5,2.36,174.7,LOW,SRTM_30m_simulated,150
12.89695,74.8289,39.0,14.46,143.8,LOW,SRTM_30m_simulated,150
12.89695,74.83025,41.0,8.71,42.1,LOW,SRTM_30m_simulated,150
12.89695,74.8316,44.2,21.52,310.8,LOW,SRTM_30m_simulated,150
12.89695,74.83295,45.8,0.73,251.1,LOW,SRTM_30m_simulated,150
12.89695,74.8343,48.7,7.19,237.4,LOW,SRTM_30m_simulated,150
12.89695,74.83565,51.2,8.16,143.8,LOW,SRTM_30m_simulated,150
12.89695,74.837,54.6,8.44,203.2,LOW,SRTM_30m_simulated,150
12.89695,74.83835,56.8,11.91,177.9,LOW,SRTM_30m_simulated,150
12.89695,74.8397,60.2,20.67,290.2,LOW,SRTM_30m_simulated,150
12.89695,74.84105,62.3,22.17,152.1,LOW,SRTM_30m_simulated,150
12.89695,74.8424,65.1,2.62,352.0,LOW,SRTM_30m_simulated,150
12.89695,74.84375,67.3,1.99,67.8,LOW,SRTM_30m_simulated,150
12.89695,74.8451,69.3,21.15,270.8,LOW,SRTM_30m_simulated,150
12.89695,74.84645,71.4,7.98,273.1,LOW,SRTM_30m_simulated,150
12.89695,74.8478,75.1,3.75,118.5,LOW,SRTM_30m_simulated,150
12.89695,74.84915,77.7,15.23,334.9,LOW,SRTM_30m_simulated,150
12.89695,74.8505,80.3,13.07,142.0,LOW,SRTM_30m_simulated,150
12.89695,74.85185,83.9,23.42,191.4,LOW,SRTM_30m_simulated,150
12.89695,74.8532,86.0,5.88,324.8,LOW,SRTM_30m_simulated,150
12.89695,74.85455,88.9,25.25,62.3,LOW,SRTM_30m_simulated,150
12.89695,74.8559,91.8,7.48,111.6,LOW,SRTM_30m_simulated,150
12.89695,74.85725,94.5,4.5,118.5,LOW,SRTM_30m_simulated,150
12.89695,74.8586,96.3,17.07,177.9,LOW,SRTM_30m_simulated,150
12.89695,74.85995,100.3,20.62,47.8,LOW,SRTM_30m_simulated,150
12.89695,74.8613,102.6,9.3,58.2,LOW,SRTM_30m_simulated,150
12.89695,74.86265,105.1,5.74,24.8,LOW,SRTM_30m_simulated,150
12.89695,74.864,107.3,0.1,163.5,LOW,SRTM_30m_simulated,150
12.89695,74.86535,110.9,10.89,359.2,LOW,SRTM_30m_simulated,150
12.89695,74.8667,113.1,23.16,272.2,LOW,SRTM_30m_simulated,150
12.89695,74.86805,116.9,28.42,190.8,LOW,SRTM_30m_simulated,150
12.89695,74.8694,120.4,24.08,67.0,LOW,SRTM_30m_simulated,150
12.89695,74.87075,123.6,14.86,338.4,LOW,SRTM_30m_simulated,150
12.89695,74.8721,125.7,9.65,140.4,LOW,SRTM_30m_simulated,150
12.89695,74.87345,130.0,21.32,242.1,LOW,SRTM_30m_simulated,150
12.89695,74.8748,131.0,1.71,178.4,LOW,SRTM_30m_simulated,150
12.89695,74.87615,135.0,34.75,302.7,LOW,SRTM_30m_simulated,150
12.89695,74.8775,138.0,23.1,78.4,LOW,SRTM_30m_simulated,150
12.89695,74.87885,141.6,25.5,68.8,LOW,SRTM_30m_simulated,150
12.89695,74.8802,144.2,23.84,293.6,LOW,SRTM_30m_simulated,150
12.89695,74.88155,146.3,15.47,53.5,LOW,SRTM_30m_simulated,150
12.89695,74.8829,150.3,18.08,42.4,LOW,SRTM_30m_simulated,150
12.89695,74.88425,151.8,5.25,246.0,LOW,SRTM_30m_simulated,150
12.89695,74.8856,156.0,30.37,320.7,LOW,SRTM_30m_simulated,150
12.89695,74.88695,158.9,5.12,215.9,LOW,SRTM_30m_simulated,150
12.89695,74.8883,161.4,7.01,291.0,LOW,SRTM_30m_simulated,150
12.89695,74.88965,165.6,7.55,239.1,LOW,SRTM_30m_simulated,150
12.89695,74.891,168.1,8.2,142.4,LOW,SRTM_30m_simulated,150
12.89695,74.89235,171.3,7.44,41.0,LOW,SRTM_30m_simulated,150
12.89695,74.8937,174.4,3.89,306.1,LOW,SRTM_30m_simulated,150
12.89695,74.89505,177.1,30.76,173.2,LOW,SRTM_30m_simulated,150
12.89695,74.8964,180.2,26.53,250.5,LOW,SRTM_30m_simulated,150
12.89695,74.89775,182.6,36.65,339.9,LOW,SRTM_30m_simulated,150
12.89695,74.8991,185.5,26.46,281.1,LOW,SRTM_30m_simulated,150
12.89695,74.90045,189.9,34.7,6.5,LOW,SRTM_30m_simulated,150
12.89695,74.9018,191.2,35.78,44.1,LOW,SRTM_30m_simulated,150
12.89695,74.90315,194.5,19.09,219.1,LOW,SRTM_30m_simulated,150
12.89695,74.9045,197.8,33.68,231.0,LOW,SRTM_30m_simulated,150
12.89695,74.90585,200.0,23.85,163.2,LOW,SRTM_30m_simulated,150
12.89695,74.9072,203.4,27.41,146.0,LOW,SRTM_30m_simulated,150
12.89695,74.90855,206.4,22.23,114.7,LOW,SRTM_30m_simulated,150
12.89695,74.9099,209.2,29.88,117.1,LOW,SRTM_30m_simulated,150
12.8983,74.81,5.7,9.52,179.5,MEDIUM,SRTM_30m_simulated,150
12.8983,74.81135,7.3,3.52,134.1,MEDIUM,SRTM_30m_simulated,150
12.8983,74.8127,7.7,14.23,308.8,MEDIUM,SRTM_30m_simulated,150
12.8983,74.81405,10.5,5.24,306.0,MEDIUM,SRTM_30m_simulated,150
12.8983,74.8154,13.3,2.22,325.4,MEDIUM,SRTM_30m_simulated,150
12.8983,74.81675,16.7,9.21,249.4,LOW,SRTM_30m_simulated,150
12.8983,74.8181,18.4,6.32,107.9,LOW,SRTM_30m_simulated,150
12.8983,74.81945,21.0,18.12,164.8,LOW,SRTM_30m_simulated,150
12.8983,74.8208,23.1,10.52,75.5,LOW,SRTM_30m_simulated,150
12.8983,74.82215,26.6,0.7,237.7,LOW,SRTM_30m_simulated,150
12.8983,74.8235,27.5,7.96,273.9,LOW,SRTM_30m_simulated,150
12.8983,74.82485,30.8,8.71,157.6,LOW,SRTM_30m_simulated,150
12.8983,74.8262,34.4,15.45,84.1,LOW,SRTM_30m_simulated,150
12.8983,74.82755,36.7,14.26,161.0,LOW,SRTM_30m_simulated,150
12.8983,74.8289,39.0,11.41,211.1,LOW,SRTM_30m_simulated,150
12.8983,74.83025,40.9,16.03,129.2,LOW,SRTM_30m_simulated,150
12.8983,74.8316,44.2,18.54,28.9,LOW,SRTM_30m_simulated,150
12.8983,74.83295,46.0,2.36,343.6,LOW,SRTM_30m_simulated,150
12.8983,74.8343,49.0,3.56,159.2,LOW,SRTM_30m_simulated,150
12.8983,74.83565,51.4,18.17,84.2,LOW,SRTM_30m_simulated,150
12.8983,74.837,54.6,22.33,142.6,LOW,SRTM_30m_simulated,150
12.8983,74.83835,57.5,16.77,91.2,LOW,SRTM_30m_simulated,150
12.8983,74.8397,58.8,13.1,357.9,LOW,SRTM_30m_simulated,150
12.8983,74.84105,61.2,19.42,78.9,LOW,SRTM_30m_simulated,150
12.8983,74.8424,65.5,11.63,172.2,LOW,SRTM_30m_simulated,150
12.8983,74.84375,67.3,1.78,170.7,LOW,SRTM_30m_simulated,150
12.8983,74.8451,69.9,3.9,154.0,LOW,SRTM_30m_simulated,150
12.8983,74.84645,72.9,8.31,316.9,LOW,SRTM_30m_simulated,150
12.8983,74.8478,75.6,2.64,350.5,LOW,SRTM_30m_simulated,150
12.8983,74.84915,78.0,8.63,159.0,LOW,SRTM_30m_simulated,150
12.8983,74.8505,80.2,20.35,220.8,LOW,SRTM_30m_simulated,150
12.8983,74.85185,83.3,19.32,279.4,LOW,SRTM_30m_simulated,150
12.8983,74.8532,86.3,18.01,177.9,LOW,SRTM_30m_simulated,150
12.8983,74.85455,89.8,24.53,325.3,LOW,SRTM_30m_simulated,150
12.8983,74.8559,91.5,14.01,356.0,LOW,SRTM_30m_simulated,150
12.8983,74.85725,94.0,18.27,143.7,LOW,SRTM_30m_simulated,150
12.8983,74.8586,96.5,7.03,151.5,LOW,SRTM_30m_simulated,150
12.8983,74.85995,100.1,24.63,243.4,LOW,SRTM_30m_simulated,150
12.8983,74.8613,102.5,15.56,57.8,LOW,SRTM_30m_simulated,150
12.8983,74.86265,106.0,13.0,177.4,LOW,SRTM_30m_simulated,150
12.8983,74.864,108.4,0.13,12.4,LOW,SRTM_30m_simulated,150
12.8983,74.86535,111.8,9.47,221.6,LOW,SRTM_30m_simulated,150
12.8983,74.8667,114.2,10.05,89.4,LOW,SRTM_30m_simulated,150
12.8983,74.86805,116.7,31.59,325.6,LOW,SRTM_30m_simulated,150
12.8983,74.8694,119.9,22.95,305.0,LOW,SRTM_30m_simulated,150
12.8983,74.87075,122.4,25.19,289.2,LOW,SRTM_30m_simulated,150
12.8983,74.8721,125.8,9.81,315.2,LOW,SRTM_30m_simulated,150
12.8983,74.87345,128.8,26.2,216.7,LOW,SRTM_30m_simulated,150
12.8983,74.8748,131.8,1.31,192.6,LOW,SRTM_30m_simulated,150
12.8983,74.87615,135.1,11.55,194.4,LOW,SRTM_30m_simulated,150
12.8983,74.8775,138.4,3.94,271.1,LOW,SRTM_30m_simulated,150
12.8983,74.87885,140.5,2.44,303.6,LOW,SRTM_30m_simulated,150
12.8983,74.8802,143.7,10.46,338.2,LOW,SRTM_30m_simulated,150
12.8983,74.88155,147.1,4.94,352.5,LOW,SRTM_30m_simulated,150
12.8983,74.8829,149.6,9.36,101.3,LOW,SRTM_30m_simulated,150
12.8983,74.88425,153.6,30.48,280.6,LOW,SRTM_30m_simulated,150
12.8983,74.8856,155.3,3.21,282.4,LOW,SRTM_30m_simulated,150
12.8983,74.88695,158.6,35.67,202.6,LOW,SRTM_30m_simulated,150
12.8983,74.8883,162.2,38.13,174.4,LOW,SRTM_30m_simulated,150
12.8983,74.88965,164.3,19.91,159.1,LOW,SRTM_30m_simulated,150
12.8983,74.891,167.5,5.8,311.4,LOW,SRTM_30m_simulated,150
12.8983,74.89235,171.2,36.47,147.0,LOW,SRTM_30m_simulated,150
12.8983,74.8937,174.0,21.77,324.5,LOW,SRTM_30m_simulated,150
12.8983,74.89505,176.9,22.33,308.4,LOW,SRTM_30m_simulated,150
12.8983,74.8964,179.2,16.67,175.1,LOW,SRTM_30m_simulated,150
12.8983,74.89775,181.9,22.62,76.2,LOW,SRTM_30m_simulated,150
12.8983,74.8991,185.3,40.79,338.2,LOW,SRTM_30m_simulated,150
12.8983,74.90045,188.8,42.13,17.9,LOW,SRTM_30m_simulated,150
12.8983,74.9018,192.6,25.69,288.8,LOW,SRTM_30m_simulated,150
12.8983,74.90315,194.5,30.14,228.1,LOW,SRTM_30m_simulated,150
12.8983,74.9045,197.4,0.5,193.8,LOW,SRTM_30m_simulated,150
12.8983,74.90585,199.9,25.61,189.0,LOW,SRTM_30m_simulated,150
12.8983,74.9072,204.0,21.5,11.2,LOW,SRTM_30m_simulated,150
12.8983,74.90855,206.0,29.05,20.0,LOW,SRTM_30m_simulated,150
12.8983,74.9099,208.8,25.19,335.6,LOW,SRTM_30m_simulated,150
12.89965,74.81,5.0,6.33,88.9,MEDIUM,SRTM_30m_simulated,150
12.89965,74.81135,7.6,6.63,142.0,MEDIUM,SRTM_30m_simulated,150
12.89965,74.8127,9.4,8.28,142.6,MEDIUM,SRTM_30m_simulated,150
12.89965,74.81405,11.7,16.55,115.0,MEDIUM,SRTM_30m_simulated,150
12.89965,74.8154,14.1,15.61,64.5,MEDIUM,SRTM_30m_simulated,150
12.89965,74.81675,15.9,1.02,36.5,LOW,SRTM_30m_simulated,150
12.89965,74.8181,18.1,2.42,86.7,LOW,SRTM_30m_simulated,150
12.89965,74.81945,21.0,12.75,349.2,LOW,SRTM_30m_simulated,150
12.89965,74.8208,24.0,11.28,58.2,LOW,SRTM_30m_simulated,150
12.89965,74.82215,25.4,13.96,171.8,LOW,SRTM_30m_simulated,150
12.89965,74.8235,27.9,2.57,140.7,LOW,SRTM_30m_simulated,150
12.89965,74.82485,30.4,9.08,127.3,LOW,SRTM_30m_simulated,150
12.89965,74.8262,32.7,4.43,139.9,LOW,SRTM_30m_simulated,150
12.89965,74.82755,36.3,10.89,216.9,LOW,SRTM_30m_simulated,150
12.89965,74.8289,38.0,4.28,231.6,LOW,SRTM_30m_simulated,150
12.89965,74.83025,41.3,7.82,117.8,LOW,SRTM_30m_simulated,150
12.89965,74.8316,43.2,3.67,226.7,LOW,SRTM_30m_simulated,150
12.89965,74.83295,46.1,21.04,123.1,LOW,SRTM_30m_simulated,150
12.89965,74.8343,49.1,4.6,222.5,LOW,SRTM_30m_simulated,150
12.89965,74.83565,51.2,0.53,98.8,LOW,SRTM_30m_simulated,150
12.89965,74.837,53.8,15.39,11.9,LOW,SRTM_30m_simulated,150
12.89965,74.83835,57.5,13.39,334.6,LOW,SRTM_30m_simulated,150
12.89965,74.8397,59.0,21.54,220.5,LOW,SRTM_30m_simulated,150
12.89965,74.84105,63.5,2.04,99.0,LOW,SRTM_30m_simulated,150
12.89965,74.8424,64.9,17.48,226.7,LOW,SRTM_30m_simulated,150
12.89965,74.84375,67.9,12.59,1.3,LOW,SRTM_30m_simulated,150
12.89965,74.8451,70.0,16.33,356.3,LOW,SRTM_30m_simulated,150
12.89965,74.84645,72.5,12.93,166.4,LOW,SRTM_30m_simulated,150
12.89965,74.8478,76.3,22.89,33.0,LOW,SRTM_30m_simulated,150
12.89965,74.84915,78.1,19.54,231.4,LOW,SRTM_30m_simulated,150
12.89965,74.8505,81.3,11.97,220.5,LOW,SRTM_30m_simulated,150
12.89965,74.85185,83.2,16.36,283.4,LOW,SRTM_30m_simulated,150
12.89965,74.8532,86.5,3.09,13.0,LOW,SRTM_30m_simulated,150
12.89965,74.85455,88.2,12.07,161.6,LOW,SRTM_30m_simulated,150
12.89965,74.8559,90.9,12.44,143.3,LOW,SRTM_30m_simulated,150
12.89965,74.85725,94.1,28.81,333.1,LOW,SRTM_30m_simulated,150
12.89965,74.8586,96.8,19.91,229.1,LOW,SRTM_30m_simulated,150
12.89965,74.85995,100.0,26.15,280.8,LOW,SRTM_30m_simulated,150
12.89965,74.8613,103.4,2.63,245.7,LOW,SRTM_30m_simulated,150
12.89965,74.86265,106.4,28.5,250.7,LOW,SRTM_30m_simulated,150
12.89965,74.864,108.0,10.96,182.7,LOW,SRTM_30m_simulated,150
12.89965,74.86535,111.8,27.94,229.1,LOW,SRTM_30m_simulated,150
12.89965,74.8667,115.0,11.88,77.5,LOW,SRTM_30m_simulated,150
12.89965,74.86805,117.6,29.18,233.4,LOW,SRTM_30m_simulated,150
12.89965,74.8694,120.4,11.06,106.4,LOW,SRTM_30m_simulated,150
12.89965,74.87075,123.1,22.05,0.2,LOW,SRTM_30m_simulated,150
12.89965,74.8721,126.1,33.18,344.0,LOW,SRTM_30m_simulated,150
12.89965,74.87345,129.7,5.06,158.8,LOW,SRTM_30m_simulated,150
12.89965,74.8748,132.7,19.25,211.2,LOW,SRTM_30m_simulated,150
12.89965,74.87615,135.3,0.51,81.5,LOW,SRTM_30m_simulated,150
12.89965,74.8775,137.5,31.33,269.9,LOW,SRTM_30m_simulated,150
12.89965,74.87885,141.0,12.45,320.2,LOW,SRTM_30m_simulated,150
12.89965,74.8802,143.8,2.15,144.4,LOW,SRTM_30m_simulated,150
12.89965,74.88155,147.5,0.56,224.0,LOW,SRTM_30m_simulated,150
12.89965,74.8829,150.1,30.4,215.2,LOW,SRTM_30m_simulated,150
12.89965,74.88425,152.8,16.18,94.3,LOW,SRTM_30m_simulated,150
12.89965,74.8856,156.2,8.38,61.6,LOW,SRTM_30m_simulated,150
12.89965,74.88695,159.6,21.44,290.9,LOW,SRTM_30m_simulated,150
12.89965,74.8883,162.3,0.41,248.0,LOW,SRTM_30m_simulated,150
12.89965,74.88965,165.2,38.45,310.8,LOW,SRTM_30m_simulated,150
12.89965,74.891,168.1,27.98,356.0,LOW,SRTM_30m_simulated,150
12.89965,74.89235,170.1,0.75,96.1,LOW,SRTM_30m_simulated,150
12.89965,74.8937,173.4,7.6,177.0,LOW,SRTM_30m_simulated,150
12.89965,74.89505,176.7,19.28,182.6,LOW,SRTM_30m_simulated,150
12.89965,74.8964,179.6,19.63,354.2,LOW,SRTM_30m_simulated,150
12.89965,74.89775,182.5,2.98,287.3,LOW,SRTM_30m_simulated,150
12.89965,74.8991,186.0,29.5,9.0,LOW,SRTM_30m_simulated,150
12.89965,74.90045,189.3,23.14,150.9,LOW,SRTM_30m_simulated,150
12.89965,74.9018,191.7,36.86,234.8,LOW,SRTM_30m_simulated,150
12.89965,74.90315,194.1,31.59,325.2,LOW,SRTM_30m_simulated,150
12.89965,74.9045,197.3,25.84,156.2,LOW,SRTM_30m_simulated,150
12.89965,74.90585,200.1,44.99,302.9,LOW,SRTM_30m_simulated,150
12.89965,74.9072,203.8,30.59,81.9,LOW,SRTM_30m_simulated,150
12.89965,74.90855,206.9,9.31,340.6,LOW,SRTM_30m_simulated,150
12.89965,74.9099,208.5,17.78,56.4,LOW,SRTM_30m_simulated,150
12.901,74.81,4.4,6.56,165.1,HIGH,SRTM_30m_simulated,150
12.901,74.81135,7.1,10.67,136.1,MEDIUM,SRTM_30m_simulated,150
12.901,74.8127,9.5,7.94,146.8,MEDIUM,SRTM_30m_simulated,150
12.901,74.81405,12.1,9.55,78.7,MEDIUM,SRTM_30m_simulated,150
12.901,74.8154,14.0,4.92,133.9,MEDIUM,SRTM_30m_simulated,150
12.901,74.81675,16.7,13.03,2.6,LOW,SRTM_30m_simulated,150
12.901,74.8181,18.8,3.87,33.4,LOW,SRTM_30m_simulated,150
12.901,74.81945,20.5,4.0,297.4,LOW,SRTM_30m_simulated,150
12.901,74.8208,23.9,14.69,273.9,LOW,SRTM_30m_simulated,150
12.901,74.82215,25.3,6.59,334.7,LOW,SRTM_30m_simulated,150
12.901,74.8235,28.2,8.44,249.4,LOW,SRTM_30m_simulated,150
12.901,74.82485,30.7,0.56,227.5,LOW,SRTM_30m_simulated,150
12.901,74.8262,34.2,1.49,221.8,LOW,SRTM_30m_simulated,150
12.901,74.82755,35.8,4.54,277.2,LOW,SRTM_30m_simulated,150
12.901,74.8289,38.6,19.33,107.7,LOW,SRTM_30m_simulated,150
12.901,74.83025,41.7,10.66,223.1,LOW,SRTM_30m_simulated,150
12.901,74.8316,43.4,16.01,90.7,LOW,SRTM_30m_simulated,150
12.901,74.83295,47.0,16.19,15.2,LOW,SRTM_30m_simulated,150
12.901,74.8343,49.0,2.23,168.6,LOW,SRTM_30m_simulated,150
12.901,74.83565,51.0,2.49,180.6,LOW,SRTM_30m_simulated,150
12.901,74.837,54.8,5.12,269.3,LOW,SRTM_30m_simulated,150
12.901,74.83835,57.4,0.39,143.5,LOW,SRTM_30m_simulated,150
12.901,74.8397,60.1,22.7,243.1,LOW,SRTM_30m_simulated,150
12.901,74.84105,61.8,23.42,217.6,LOW,SRTM_30m_simulated,150
12.901,74.8424,65.5,24.01,8.8,LOW,SRTM_30m_simulated,150
12.901,74.84375,67.4,16.88,311.2,LOW,SRTM_30m_simulated,150
12.901,74.8451,69.7,18.61,154.5,LOW,SRTM_30m_simulated,150
12.901,74.84645,72.7,21.93,216.0,LOW,SRTM_30m_simulated,150
12.901,74.8478,75.1,7.16,178.8,LOW,SRTM_30m_simulated,150
12.901,74.84915,78.1,13.42,194.4,LOW,SRTM_30m_simulated,150
12.901,74.8505,81.2,24.07,319.1,LOW,SRTM_30m_simulated,150
12.901,74.85185,84.0,8.88,216.5,LOW,SRTM_30m_simulated,150
12.901,74.8532,86.4,14.67,67.9,LOW,SRTM_30m_simulated,150
12.901,74.85455,89.0,3.74,134.8,LOW,SRTM_30m_simulated,150
12.901,74.8559,92.1,4.81,187.8,LOW,SRTM_30m_simulated,150
12.901,74.85725,94.2,14.62,286.1,LOW,SRTM_30m_simulated,150
12.901,74.8586,96.8,23.57,260.2,LOW,SRTM_30m_simulated,150
12.901,74.85995,99.3,21.64,110.8,LOW,SRTM_30m_simulated,150
12.901,74.8613,102.4,20.46,187.8,LOW,SRTM_30m_simulated,150
12.901,74.86265,105.8,15.73,289.2,LOW,SRTM_30m_simulated,150
12.901,74.864,109.2,10.86,37.2,LOW,SRTM_30m_simulated,150
12.901,74.86535,110.6,27.23,105.1,LOW,SRTM_30m_simulated,150
12.901,74.8667,114.0,3.32,147.2,LOW,SRTM_30m_simulated,150
12.901,74.86805,117.9,21.38,322.5,LOW,SRTM_30m_simulated,150
12.901,74.8694,120.1,13.37,191.4,LOW,SRTM_30m_simulated,150
12.901,74.87075,123.1,31.49,253.4,LOW,SRTM_30m_simulated,150
12.901,74.8721,126.2,31.84,303.6,LOW,SRTM_30m_simulated,150
12.901,74.87345,129.1,34.35,262.5,LOW,SRTM_30m_simulated,150
12.901,74.8748,131.5,16.49,51.8,LOW,SRTM_30m_simulated,150
12.901,74.87615,135.0,28.96,312.5,LOW,SRTM_30m_simulated,150
12.901,74.8775,138.1,4.1,74.2,LOW,SRTM_30m_simulated,150
12.901,74.87885,141.4,34.55,255.3,LOW,SRTM_30m_simulated,150
12.901,74.8802,144.7,10.85,55.0,LOW,SRTM_30m_simulated,150
12.901,74.88155,147.8,9.09,148.0,LOW,SRTM_30m_simulated,150
12.901,74.8829,149.8,35.92,358.8,LOW,SRTM_30m_simulated,150
12.901,74.88425,152.8,5.48,75.6,LOW,SRTM_30m_simulated,150
12.901,74.8856,156.9,20.81,123.7,LOW,SRTM_30m_simulated,150
12.901,74.88695,159.3,28.3,229.9,LOW,SRTM_30m_simulated,150
12.901,74.8883,161.8,33.49,202.6,LOW,SRTM_30m_simulated,150
12.901,74.88965,164.6,36.27,225.6,LOW,SRTM_30m_simulated,150
12.901,74.891,168.7,27.81,251.4,LOW,SRTM_30m_simulated,150
12.901,74.89235,172.2,26.36,21.6,LOW,SRTM_30m_simulated,150
12.901,74.8937,173.1,23.2,193.2,LOW,SRTM_30m_simulated,150
12.901,74.89505,176.9,22.39,167.8,LOW,SRTM_30m_simulated,150
12.901,74.8964,179.8,10.04,79.9,LOW,SRTM_30m_simulated,150
12.901,74.89775,183.1,40.53,38.2,LOW,SRTM_30m_simulated,150
12.901,74.8991,185.8,7.22,232.3,LOW,SRTM_30m_simulated,150
12.901,74.90045,188.6,33.36,225.4,LOW,SRTM_30m_simulated,150
12.901,74.9018,191.2,3.41,197.6,LOW,SRTM_30m_simulated,150
12.901,74.90315,195.7,1.61,297.9,LOW,SRTM_30m_simulated,150
12.901,74.9045,197.7,3.31,326.7,LOW,SRTM_30m_simulated,150
12.901,74.90585,201.1,32.03,167.0,LOW,SRTM_30m_simulated,150
12.901,74.9072,203.6,7.79,13.3,LOW,SRTM_30m_simulated,150
12.901,74.90855,206.8,4.34,277.6,LOW,SRTM_30m_simulated,150
12.901,74.9099,208.9,13.74,80.0,LOW,SRTM_30m_simulated,150
12.90235,74.81,4.6,6.05,153.0,HIGH,SRTM_30m_simulated,150
12.90235,74.81135,7.8,10.59,132.4,MEDIUM,SRTM_30m_simulated,150
12.90235,74.8127,9.7,0.74,61.6,MEDIUM,SRTM_30m_simulated,150
12.90235,74.81405,10.6,16.13,121.5,MEDIUM,SRTM_30m_simulated,150
12.90235,74.8154,13.5,9.52,215.8,MEDIUM,SRTM_30m_simulated,150
12.90235,74.81675,16.6,7.99,158.7,LOW,SRTM_30m_simulated,150
12.90235,74.8181,18.8,0.58,86.9,LOW,SRTM_30m_simulated,150
12.90235,74.81945,20.9,1.22,49.0,LOW,SRTM_30m_simulated,150
12.90235,74.8208,23.2,14.75,359.1,LOW,SRTM_30m_simulated,150
12.90235,74.82215,25.6,8.94,174.2,LOW,SRTM_30m_simulated,150
12.90235,74.8235,28.3,8.62,304.6,LOW,SRTM_30m_simulated,150
12.90235,74.82485,31.6,4.58,330.6,LOW,SRTM_30m_simulated,150
12.90235,74.8262,34.1,7.44,104.9,LOW,SRTM_30m_simulated,150
12.90235,74.82755,35.8,0.13,259.3,LOW,SRTM_30m_simulated,150
12.90235,74.8289,39.5,18.9,260.8,LOW,SRTM_30m_simulated,150
12.90235,74.83025,41.2,19.37,154.9,LOW,SRTM_30m_simulated,150
12.90235,74.8316,43.3,20.2,313.2,LOW,SRTM_30m_simulated,150
12.90235,74.83295,46.4,11.65,109.5,LOW,SRTM_30m_simulated,150
12.90235,74.8343,48.4,1.46,194.5,LOW,SRTM_30m_simulated,150
12.90235,74.83565,51.7,17.01,71.3,LOW,SRTM_30m_simulated,150
12.90235,74.837,55.0,18.57,39.7,LOW,SRTM_30m_simulated,150
12.90235,74.83835,57.0,2.67,6.9,LOW,SRTM_30m_simulated,150
12.90235,74.8397,59.6,20.31,146.9,LOW,SRTM_30m_simulated,150
12.90235,74.84105,62.7,20.36,174.5,LOW,SRTM_30m_simulated,150
12.90235,74.8424,65.4,3.0,261.4,LOW,SRTM_30m_simulated,150
12.90235,74.84375,68.0,24.97,98.7,LOW,SRTM_30m_simulated,150
12.90235,74.8451,70.1,19.76,190.9,LOW,SRTM_30m_simulated,150
12.90235,74.84645,74.1,21.8,296.5,LOW,SRTM_30m_simulated,150
12.90235,74.8478,76.3,2.31,36.7,LOW,SRTM_30m_simulated,150
12.90235,74.84915,77.7,19.31,224.9,LOW,SRTM_30m_simulated,150
12.90235,74.8505,81.6,25.22,45.4,LOW,SRTM_30m_simulated,150
12.90235,74.85185,85.3,10.85,50.9,LOW,SRTM_30m_simulated,150
12.90235,74.8532,86.8,3.94,293.9,LOW,SRTM_30m_simulated,150
12.90235,74.85455,89.6,8.34,196.6,LOW,SRTM_30m_simulated,150
12.90235,74.8559,91.3,22.24,215.6,LOW,SRTM_30m_simulated,150
12.90235,74.85725,93.8,22.58,343.7,LOW,SRTM_30m_simulated,150
12.90235,74.8586,97.7,28.39,48.0,LOW,SRTM_30m_simulated,150
12.90235,74.85995,100.5,12.68,26.3,LOW,SRTM_30m_simulated,150
12.90235,74.8613,103.8,28.8,128.2,LOW,SRTM_30m_simulated,150
12.90235,74.86265,105.8,13.18,135.5,LOW,SRTM_30m_simulated,150
12.90235,74.864,108.5,22.59,153.5,LOW,SRTM_30m_simulated,150
12.90235,74.86535,111.6,12.91,295.8,LOW,SRTM_30m_simulated,150
12.90235,74.8667,114.4,30.94,281.9,LOW,SRTM_30m_simulated,150
12.90235,74.86805,117.5,27.43,221.7,LOW,SRTM_30m_simulated,150
12.90235,74.8694,119.6,6.72,269.5,LOW,SRTM_30m_simulated,150
12.90235,74.87075,124.1,28.93,89.5,LOW,SRTM_30m_simulated,150
12.90235,74.8721,126.3,16.24,100.9,LOW,SRTM_30m_simulated,150
12.90235,74.87345,129.5,25.05,261.4,LOW,SRTM_30m_simulated,150
12.90235,74.8748,132.2,30.72,162.1,LOW,SRTM_30m_simulated,150
12.90235,74.87615,135.4,27.03,101.2,LOW,SRTM_30m_simulated,150
12.90235,74.8775,138.5,21.86,283.6,LOW,SRTM_30m_simulated,150
12.90235,74.87885,140.7,9.82,28.7,LOW,SRTM_30m_simulated,150
12.90235,74.8802,145.0,33.85,160.6,LOW,SRTM_30m_simulated,150
12.90235,74.88155,147.5,29.63,115.2,LOW,SRTM_30m_simulated,150
12.90235,74.8829,150.5,10.28,122.8,LOW,SRTM_30m_simulated,150
12.90235,74.88425,153.9,30.2,158.8,LOW,SRTM_30m_simulated,150
12.90235,74.8856,155.6,21.52,42.1,LOW,SRTM_30m_simulated,150
12.90235,74.88695,159.1,10.29,29.6,LOW,SRTM_30m_simulated,150
12.90235,74.8883,161.6,31.96,5.5,LOW,SRTM_30m_simulated,150
12.90235,74.88965,164.5,23.44,110.1,LOW,SRTM_30m_simulated,150
12.90235,74.891,167.8,31.7,87.9,LOW,SRTM_30m_simulated,150
12.90235,74.89235,170.7,16.2,349.5,LOW,SRTM_30m_simulated,150
12.90235,74.8937,174.3,22.09,209.5,LOW,SRTM_30m_simulated,150
12.90235,74.89505,176.6,5.63,349.9,LOW,SRTM_30m_simulated,150
12.90235,74.8964,179.9,2.84,208.8,LOW,SRTM_30m_simulated,150
12.90235,74.89775,183.1,37.28,216.4,LOW,SRTM_30m_simulated,150
12.90235,74.8991,185.6,13.58,196.9,LOW,SRTM_30m_simulated,150
12.90235,74.90045,188.9,4.75,253.5,LOW,SRTM_30m_simulated,150
12.90235,74.9018,191.7,39.55,61.8,LOW,SRTM_30m_simulated,150
12.90235,74.90315,194.7,16.68,14.1,LOW,SRTM_30m_simulated,150
12.90235,74.9045,198.2,39.72,249.5,LOW,SRTM_30m_simulated,150
12.90235,74.90585,200.0,8.59,82.2,LOW,SRTM_30m_simulated,150
12.90235,74.9072,203.7,0.52,292.8,LOW,SRTM_30m_simulated,150
12.90235,74.90855,206.5,21.23,271.6,LOW,SRTM_30m_simulated,150
12.90235,74.9099,208.7,26.22,298.8,LOW,SRTM_30m_simulated,150
12.9037,74.81,4.8,9.6,230.8,HIGH,SRTM_30m_simulated,150
12.9037,74.81135,7.3,9.26,320.8,MEDIUM,SRTM_30m_simulated,150
12.9037,74.8127,8.7,9.12,239.2,MEDIUM,SRTM_30m_simulated,150
12.9037,74.81405,12.5,0.48,96.8,MEDIUM,SRTM_30m_simulated,150
12.9037,74.8154,13.6,13.66,347.3,MEDIUM,SRTM_30m_simulated,150
12.9037,74.81675,16.1,1.5,152.3,LOW,SRTM_30m_simulated,150
12.9037,74.8181,19.4,16.44,296.8,LOW,SRTM_30m_simulated,150
12.9037,74.81945,20.9,8.35,91.5,LOW,SRTM_30m_simulated,150
12.9037,74.8208,22.9,8.78,194.1,LOW,SRTM_30m_simulated,150
12.9037,74.82215,26.4,10.95,11.8,LOW,SRTM_30m_simulated,150
12.9037,74.8235,28.7,10.57,144.0,LOW,SRTM_30m_simulated,150
12.9037,74.82485,30.1,17.31,129.1,LOW,SRTM_30m_simulated,150
12.9037,74.8262,32.7,16.1,123.2,LOW,SRTM_30m_simulated,150
12.9037,74.82755,35.1,13.19,93.6,LOW,SRTM_30m_simulated,150
12.9037,74.8289,39.2,4.61,302.9,LOW,SRTM_30m_simulated,150
12.9037,74.83025,41.2,11.82,212.4,LOW,SRTM_30m_simulated,150
12.9037,74.8316,44.0,21.15,167.0,LOW,SRTM_30m_simulated,150
12.9037,74.83295,46.2,21.9,46.9,LOW,SRTM_30m_simulated,150
12.9037,74.8343,49.1,9.53,321.6,LOW,SRTM_30m_simulated,150
12.9037,74.83565,51.1,1.07,210.3,LOW,SRTM_30m_simulated,150
12.9037,74.837,53.8,13.58,85.4,LOW,SRTM_30m_simulated,150
12.9037,74.83835,57.3,0.37,78.0,LOW,SRTM_30m_simulated,150
12.9037,74.8397,59.9,9.06,167.9,LOW,SRTM_30m_simulated,150
12.9037,74.84105,63.2,0.52,18.4,LOW,SRTM_30m_simulated,150
12.9037,74.8424,64.8,21.52,242.7,LOW,SRTM_30m_simulated,150
12.9037,74.84375,68.8,5.12,318.4,LOW,SRTM_30m_simulated,150
12.9037,74.8451,70.4,16.39,66.0,LOW,SRTM_30m_simulated,150
12.9037,74.84645,73.6,13.34,324.2,LOW,SRTM_30m_simulated,150
12.9037,74.8478,75.1,25.76,36.0,LOW,SRTM_30m_simulated,150
12.9037,74.84915,78.0,21.01,65.0,LOW,SRTM_30m_simulated,150
12.9037,74.8505,80.2,1.74,358.7,LOW,SRTM_30m_simulated,150
12.9037,74.85185,84.0,9.62,115.2,LOW,SRTM_30m_simulated,150
12.9037,74.8532,86.5,19.33,77.4,LOW,SRTM_30m_simulated,150
12.9037,74.85455,89.5,19.39,317.9,LOW,SRTM_30m_simulated,150
12.9037,74.8559,92.4,24.33,4.7,LOW,SRTM_30m_simulated,150
12.9037,74.85725,94.0,5.53,260.7,LOW,SRTM_30m_simulated,150
12.9037,74.8586,98.0,17.0,215.4,LOW,SRTM_30m_simulated,150
12.9037,74.85995,100.2,14.02,38.1,LOW,SRTM_30m_simulated,150
12.9037,74.8613,103.0,11.72,58.6,LOW,SRTM_30m_simulated,150
12.9037,74.86265,105.0,20.73,272.6,LOW,SRTM_30m_simulated,150
12.9037,74.864,108.8,16.54,335.6,LOW,SRTM_30m_simulated,150
12.9037,74.86535,111.3,23.69,149.6,LOW,SRTM_30m_simulated,150
12.9037,74.8667,114.3,20.11,201.2,LOW,SRTM_30m_simulated,150
12.9037,74.86805,117.9,23.19,99.1,LOW,SRTM_30m_simulated,150
12.9037,74.8694,121.0,24.05,19.5,LOW,SRTM_30m_simulated,150
12.9037,74.87075,124.4,12.96,335.6,LOW,SRTM_30m_simulated,150
12.9037,74.8721,125.5,3.51,183.0,LOW,SRTM_30m_simulated,150
12.9037,74.87345,129.6,6.67,23.2,LOW,SRTM_30m_simulated,150
12.9037,74.8748,132.6,8.16,9.1,LOW,SRTM_30m_simulated,150
12.9037,74.87615,135.5,2.56,127.4,LOW,SRTM_30m_simulated,150
12.9037,74.8775,138.3,34.29,229.4,LOW,SRTM_30m_simulated,150
12.9037,74.87885,141.4,24.32,249.9,LOW,SRTM_30m_simulated,150
12.9037,74.8802,144.0,34.61,210.2,LOW,SRTM_30m_simulated,150
12.9037,74.88155,147.7,11.98,64.3,LOW,SRTM_30m_simulated,150
12.9037,74.8829,150.2,19.72,170.1,LOW,SRTM_30m_simulated,150
12.9037,74.88425,152.8,29.27,268.4,LOW,SRTM_30m_simulated,150
12.9037,74.8856,156.2,14.38,50.1,LOW,SRTM_30m_simulated,150
12.9037,74.88695,159.7,36.25,196.2,LOW,SRTM_30m_simulated,150
12.9037,74.8883,161.4,19.65,279.3,LOW,SRTM_30m_simulated,150
12.9037,74.88965,164.0,36.51,12.5,LOW,SRTM_30m_simulated,150
12.9037,74.891,167.7,33.22,266.8,LOW,SRTM_30m_simulated,150
12.9037,74.89235,171.1,38.51,38.5,LOW,SRTM_30m_simulated,150
12.9037,74.8937,173.3,2.23,178.9,LOW,SRTM_30m_simulated,150
12.9037,74.89505,177.5,40.69,60.0,LOW,SRTM_30m_simulated,150
12.9037,74.8964,179.1,6.93,20.2,LOW,SRTM_30m_simulated,150
12.9037,74.89775,181.6,18.62,220.4,LOW,SRTM_30m_simulated,150
12.9037,74.8991,185.8,17.55,279.5,LOW,SRTM_30m_simulated,150
12.9037,74.90045,188.8,22.57,302.4,LOW,SRTM_30m_simulated,150
12.9037,74.9018,190.5,41.3,179.3,LOW,SRTM_30m_simulated,150
12.9037,74.90315,194.9,43.28,242.3,LOW,SRTM_30m_simulated,150
12.9037,74.9045,198.2,40.34,281.8,LOW,SRTM_30m_simulated,150
12.9037,74.90585,200.5,25.23,36.0,LOW,SRTM_30m_simulated,150
12.9037,74.9072,203.2,21.98,243.5,LOW,SRTM_30m_simulated,150
12.9037,74.90855,206.2,9.22,217.8,LOW,SRTM_30m_simulated,150
12.9037,74.9099,210.3,17.15,260.0,LOW,SRTM_30m_simulated,150
12.90505,74.81,5.5,13.44,26.6,MEDIUM,SRTM_30m_simulated,150
12.90505,74.81135,6.9,3.7,105.2,MEDIUM,SRTM_30m_simulated,150
12.90505,74.8127,8.8,11.28,288.2,MEDIUM,SRTM_30m_simulated,150
12.90505,74.81405,10.9,9.2,131.4,MEDIUM,SRTM_30m_simulated,150
12.90505,74.8154,13.9,9.89,24.7,MEDIUM,SRTM_30m_simulated,150
12.90505,74.81675,15.5,12.62,68.0,LOW,SRTM_30m_simulated,150
12.90505,74.8181,18.3,8.91,35.7,LOW,SRTM_30m_simulated,150
12.90505,74.81945,22.0,3.62,132.7,LOW,SRTM_30m_simulated,150
12.90505,74.8208,23.6,10.46,275.1,LOW,SRTM_30m_simulated,150
12.90505,74.82215,25.4,9.13,168.1,LOW,SRTM_30m_simulated,150
12.90505,74.8235,28.9,11.36,81.2,LOW,SRTM_30m_simulated,150
12.90505,74.82485,30.7,3.27,273.7,LOW,SRTM_30m_simulated,150
12.90505,74.8262,33.7,5.89,330.8,LOW,SRTM_30m_simulated,150
12.90505,74.82755,35.4,8.15,45.1,LOW,SRTM_30m_simulated,150
12.90505,74.8289,39.3,6.75,25.1,LOW,SRTM_30m_simulated,150
12.90505,74.83025,41.9,12.49,241.7,LOW,SRTM_30m_simulated,150
12.90505,74.8316,44.1,20.23,303.8,LOW,SRTM_30m_simulated,150
12.90505,74.83295,45.9,18.08,312.5,LOW,SRTM_30m_simulated,150
12.90505,74.8343,49.2,8.49,296.8,LOW,SRTM_30m_simulated,150
12.90505,74.83565,51.7,6.08,205.4,LOW,SRTM_30m_simulated,150
12.90505,74.837,53.6,18.43,255.7,LOW,SRTM_30m_simulated,150
12.90505,74.83835,57.6,14.38,338.1,LOW,SRTM_30m_simulated,150
12.90505,74.8397,59.7,17.56,336.0,LOW,SRTM_30m_simulated,150
12.90505,74.84105,62.2,5.96,257.3,LOW,SRTM_30m_simulated,150
12.90505,74.8424,65.6,17.94,311.3,LOW,SRTM_30m_simulated,150
12.90505,74.84375,67.8,24.24,301.0,LOW,SRTM_30m_simulated,150
12.90505,74.8451,69.8,24.68,161.9,LOW,SRTM_30m_simulated,150
12.90505,74.84645,73.1,19.09,0.6,LOW,SRTM_30m_simulated,150
12.90505,74.8478,75.9,23.06,4.9,LOW,SRTM_30m_simulated,150
12.90505,74.84915,77.9,18.97,331.6,LOW,SRTM_30m_simulated,150
12.90505,74.8505,80.7,3.14,163.9,LOW,SRTM_30m_simulated,150
12.90505,74.85185,84.3,16.15,97.7,LOW,SRTM_30m_simulated,150
12.90505,74.8532,86.1,5.36,356.0,LOW,SRTM_30m_simulated,150
12.90505,74.85455,89.3,20.67,232.1,LOW,SRTM_30m_simulated,150
12.90505,74.8559,90.9,10.29,112.7,LOW,SRTM_30m_simulated,150
12.90505,74.85725,94.5,28.87,282.6,LOW,SRTM_30m_simulated,150
12.90505,74.8586,97.1,24.38,252.7,LOW,SRTM_30m_simulated,150
12.90505,74.85995,99.8,10.46,327.5,LOW,SRTM_30m_simulated,150
12.90505,74.8613,102.7,19.23,357.4,LOW,SRTM_30m_simulated,150
12.90505,74.86265,105.2,3.7,310.2,LOW,SRTM_30m_simulated,150
12.90505,74.864,109.6,17.17,88.3,LOW,SRTM_30m_simulated,150
12.90505,74.86535,111.5,25.54,13.9,LOW,SRTM_30m_simulated,150
12.90505,74.8667,114.4,30.39,84.0,LOW,SRTM_30m_simulated,150
12.90505,74.86805,118.2,10.45,37.0,LOW,SRTM_30m_simulated,150
12.90505,74.8694,120.0,15.32,19.6,LOW,SRTM_30m_simulated,150
12.90505,74.87075,123.4,17.75,247.4,LOW,SRTM_30m_simulated,150
12.90505,74.8721,126.4,13.03,298.9,LOW,SRTM_30m_simulated,150
12.90505,74.87345,129.0,30.92,37.5,LOW,SRTM_30m_simulated,150
12.90505,74.8748,131.8,3.82,143.1,LOW,SRTM_30m_simulated,150
12.90505,74.87615,135.0,6.88,199.3,LOW,SRTM_30m_simulated,150
12.90505,74.8775,138.0,29.06,48.7,LOW,SRTM_30m_simulated,150
12.90505,74.87885,141.8,34.44,100.7,LOW,SRTM_30m_simulated,150
12.90505,74.8802,143.9,9.85,118.0,LOW,SRTM_30m_simulated,150
12.90505,74.88155,146.7,22.41,282.6,LOW,SRTM_30m_simulated,150
12.90505,74.8829,150.5,0.5,246.8,LOW,SRTM_30m_simulated,150
12.90505,74.88425,153.0,18.99,351.9,LOW,SRTM_30m_simulated,150
12.90505,74.8856,156.0,0.79,97.9,LOW,SRTM_30m_simulated,150
12.90505,74.88695,158.9,24.46,107.7,LOW,SRTM_30m_simulated,150
12.90505,74.8883,162.4,35.39,272.4,LOW,SRTM_30m_simulated,150
12.90505,74.88965,165.2,23.53,295.8,LOW,SRTM_30m_simulated,150
12.90505,74.891,168.0,5.11,251.7,LOW,SRTM_30m_simulated,150
12.90505,74.89235,171.0,6.09,119.5,LOW,SRTM_30m_simulated,150
12.90505,74.8937,174.3,22.99,164.6,LOW,SRTM_30m_simulated,150
12.90505,74.89505,176.9,25.48,71.7,LOW,SRTM_30m_simulated,150
12.90505,74.8964,180.8,38.62,22.6,LOW,SRTM_30m_simulated,150
12.90505,74.89775,183.1,24.09,9.7,LOW,SRTM_30m_simulated,150
12.90505,74.8991,186.7,9.31,196.5,LOW,SRTM_30m_simulated,150
12.90505,74.90045,188.9,8.64,355.3,LOW,SRTM_30m_simulated,150
12.90505,74.9018,190.9,31.4,3.9,LOW,SRTM_30m_simulated,150
12.90505,74.90315,195.1,35.63,228.3,LOW,SRTM_30m_simulated,150
12.90505,74.9045,197.3,7.55,241.0,LOW,SRTM_30m_simulated,150
12.90505,74.90585,200.7,24.98,22.1,LOW,SRTM_30m_simulated,150
12.90505,74.9072,203.5,39.78,347.7,LOW,SRTM_30m_simulated,150
12.90505,74.90855,206.7,40.64,97.5,LOW,SRTM_30m_simulated,150
12.90505,74.9099,209.5,42.16,281.1,LOW,SRTM_30m_simulated,150
12.9064,74.81,5.3,13.3,233.4,MEDIUM,SRTM_30m_simulated,150
12.9064,74.81135,6.7,3.11,127.1,MEDIUM,SRTM_30m_simulated,150
12.9064,74.8127,9.2,15.93,147.0,MEDIUM,SRTM_30m_simulated,150
12.9064,74.81405,12.2,5.28,229.0,MEDIUM,SRTM_30m_simulated,150
12.9064,74.8154,14.4,10.88,98.2,MEDIUM,SRTM_30m_simulated,150
12.9064,74.81675,16.7,11.85,257.8,LOW,SRTM_30m_simulated,150
12.9064,74.8181,18.6,5.56,113.3,LOW,SRTM_30m_simulated,150
12.9064,74.81945,21.2,10.05,130.7,LOW,SRTM_30m_simulated,150
12.9064,74.8208,23.1,6.15,218.2,LOW,SRTM_30m_simulated,150
12.9064,74.82215,26.7,0.02,19.9,LOW,SRTM_30m_simulated,150
12.9064,74.8235,28.6,5.19,157.2,LOW,SRTM_30m_simulated,150
12.9064,74.82485,32.0,15.05,222.3,LOW,SRTM_30m_simulated,150
12.9064,74.8262,33.6,16.57,319.4,LOW,SRTM_30m_simulated,150
12.9064,74.82755,37.3,19.94,177.4,LOW,SRTM_30m_simulated,150
12.9064,74.8289,39.1,1.67,245.1,LOW,SRTM_30m_simulated,150
12.9064,74.83025,40.6,8.78,16.0,LOW,SRTM_30m_simulated,150
12.9064,74.8316,43.8,7.2,281.5,LOW,SRTM_30m_simulated,150
12.9064,74.83295,46.7,16.35,46.2,LOW,SRTM_30m_simulated,150
12.9064,74.8343,49.2,16.68,205.7,LOW,SRTM_30m_simulated,150
12.9064,74.83565,51.7,22.57,353.3,LOW,SRTM_30m_simulated,150
12.9064,74.837,54.2,21.02,88.0,LOW,SRTM_30m_simulated,150
12.9064,74.83835,56.1,8.28,223.6,LOW,SRTM_30m_simulated,150
12.9064,74.8397,59.3,0.96,353.2,LOW,SRTM_30m_simulated,150
12.9064,74.84105,62.3,1.78,233.8,LOW,SRTM_30m_simulated,150
12.9064,74.8424,65.8,13.67,323.9,LOW,SRTM_30m_simulated,150
12.9064,74.84375,68.4,24.95,178.0,LOW,SRTM_30m_simulated,150
12.9064,74.8451,70.5,21.11,202.2,LOW,SRTM_30m_simulated,150
12.9064,74.84645,72.3,11.02,243.6,LOW,SRTM_30m_simulated,150
12.9064,74.8478,74.8,10.59,228.0,LOW,SRTM_30m_simulated,150
12.9064,74.84915,78.7,9.7,206.5,LOW,SRTM_30m_simulated,150
12.9064,74.8505,81.0,21.86,326.9,LOW,SRTM_30m_simulated,150
12.9064,74.85185,82.9,26.26,80.7,LOW,SRTM_30m_simulated,150
12.9064,74.8532,87.0,9.77,218.0,LOW,SRTM_30m_simulated,150
12.9064,74.85455,89.2,18.92,110.9,LOW,SRTM_30m_simulated,150
12.9064,74.8559,92.1,27.19,20.0,LOW,SRTM_30m_simulated,150
12.9064,74.85725,95.4,19.27,342.1,LOW,SRTM_30m_simulated,150
12.9064,74.8586,97.5,28.02,118.0,LOW,SRTM_30m_simulated,150
12.9064,74.85995,100.6,13.51,352.8,LOW,SRTM_30m_simulated,150
12.9064,74.8613,102.6,24.95,227.5,LOW,SRTM_30m_simulated,150
12.9064,74.86265,105.2,29.28,220.4,LOW,SRTM_30m_simulated,150
12.9064,74.864,109.4,24.82,328.5,LOW,SRTM_30m_simulated,150
12.9064,74.86535,111.7,23.53,132.0,LOW,SRTM_30m_simulated,150
12.9064,74.8667,114.1,31.92,259.0,LOW,SRTM_30m_simulated,150
12.9064,74.86805,117.6,4.95,77.4,LOW,SRTM_30m_simulated,150
12.9064,74.8694,120.3,1.45,50.0,LOW,SRTM_30m_simulated,150
12.9064,74.87075,123.3,0.76,27.0,LOW,SRTM_30m_simulated,150
12.9064,74.8721,126.7,24.27,295.8,LOW,SRTM_30m_simulated,150
12.9064,74.87345,129.5,16.27,110.4,LOW,SRTM_30m_simulated,150
12.9064,74.8748,132.3,24.36,84.4,LOW,SRTM_30m_simulated,150
12.9064,74.87615,134.2,17.38,78.7,LOW,SRTM_30m_simulated,150
12.9064,74.8775,138.2,26.86,46.7,LOW,SRTM_30m_simulated,150
12.9064,74.87885,141.6,24.32,49.1,LOW,SRTM_30m_simulated,150
12.9064,74.8802,145.8,15.26,129.8,LOW,SRTM_30m_simulated,150
12.9064,74.88155,148.3,34.75,143.6,LOW,SRTM_30m_simulated,150
12.9064,74.8829,150.2,7.21,33.6,LOW,SRTM_30m_simulated,150
12.9064,74.88425,153.0,3.7,110.2,LOW,SRTM_30m_simulated,150
12.9064,74.8856,156.8,30.72,272.2,LOW,SRTM_30m_simulated,150
12.9064,74.88695,159.3,17.65,287.6,LOW,SRTM_30m_simulated,150
12.9064,74.8883,162.8,27.75,232.8,LOW,SRTM_30m_simulated,150
12.9064,74.88965,164.9,35.98,46.2,LOW,SRTM_30m_simulated,150
12.9064,74.891,167.6,16.98,323.6,LOW,SRTM_30m_simulated,150
12.9064,74.89235,171.8,39.42,204.1,LOW,SRTM_30m_simulated,150
12.9064,74.8937,174.6,2.63,355.3,LOW,SRTM_30m_simulated,150
12.9064,74.89505,177.2,32.24,18.3,LOW,SRTM_30m_simulated,150
12.9064,74.8964,180.0,25.33,350.6,LOW,SRTM_30m_simulated,150
12.9064,74.89775,183.4,38.08,27.5,LOW,SRTM_30m_simulated,150
12.9064,74.8991,186.4,40.06,286.4,LOW,SRTM_30m_simulated,150
12.9064,74.90045,188.7,23.54,202.1,LOW,SRTM_30m_simulated,150
12.9064,74.9018,192.5,5.97,203.6,LOW,SRTM_30m_simulated,150
12.9064,74.90315,194.9,28.19,240.6,LOW,SRTM_30m_simulated,150
12.9064,74.9045,195.9,5.25,280.7,LOW,SRTM_30m_simulated,150
12.9064,74.90585,199.6,35.54,89.8,LOW,SRTM_30m_simulated,150
12.9064,74.9072,203.6,0.53,189.8,LOW,SRTM_30m_simulated,150
12.9064,74.90855,205.7,22.24,226.4,LOW,SRTM_30m_simulated,150
12.9064,74.9099,210.4,36.76,154.0,LOW,SRTM_30m_simulated,150
12.90775,74.81,5.8,14.77,321.7,MEDIUM,SRTM_30m_simulated,150
12.90775,74.81135,6.7,6.16,257.9,MEDIUM,SRTM_30m_simulated,150
12.90775,74.8127,9.4,11.21,266.2,MEDIUM,SRTM_30m_simulated,150
12.90775,74.81405,10.8,12.68,4.6,MEDIUM,SRTM_30m_simulated,150
12.90775,74.8154,14.0,11.6,65.4,MEDIUM,SRTM_30m_simulated,150
12.90775,74.81675,16.7,4.55,241.2,LOW,SRTM_30m_simulated,150
12.90775,74.8181,18.4,0.47,248.8,LOW,SRTM_30m_simulated,150
12.90775,74.81945,20.8,11.23,331.8,LOW,SRTM_30m_simulated,150
12.90775,74.8208,23.9,17.8,231.0,LOW,SRTM_30m_simulated,150
12.90775,74.82215,26.5,11.8,31.6,LOW,SRTM_30m_simulated,150
12.90775,74.8235,28.4,18.23,60.1,LOW,SRTM_30m_simulated,150
12.90775,74.82485,30.9,6.26,154.8,LOW,SRTM_30m_simulated,150
12.90775,74.8262,34.6,0.96,128.9,LOW,SRTM_30m_simulated,150
12.90775,74.82755,36.1,14.43,327.9,LOW,SRTM_30m_simulated,150
12.90775,74.8289,37.9,11.66,81.9,LOW,SRTM_30m_simulated,150
12.90775,74.83025,41.5,17.33,333.4,LOW,SRTM_30m_simulated,150
12.90775,74.8316,44.1,8.31,77.5,LOW,SRTM_30m_simulated,150
12.90775,74.83295,46.2,11.9,33.6,LOW,SRTM_30m_simulated,150
12.90775,74.8343,49.9,3.18,214.0,LOW,SRTM_30m_simulated,150
12.90775,74.83565,52.7,7.58,107.3,LOW,SRTM_30m_simulated,150
12.90775,74.837,55.4,21.16,93.1,LOW,SRTM_30m_simulated,150
12.90775,74.83835,57.1,7.16,156.6,LOW,SRTM_30m_simulated,150
12.90775,74.8397,60.3,9.83,57.1,LOW,SRTM_30m_simulated,150
12.90775,74.84105,62.0,2.49,196.7,LOW,SRTM_30m_simulated,150
12.90775,74.8424,65.4,14.78,24.4,LOW,SRTM_30m_simulated,150
12.90775,74.84375,67.9,20.85,52.2,LOW,SRTM_30m_simulated,150
12.90775,74.8451,70.0,14.16,14.7,LOW,SRTM_30m_simulated,150
12.90775,74.84645,72.5,20.61,22.1,LOW,SRTM_30m_simulated,150
12.90775,74.8478,75.7,22.08,172.5,LOW,SRTM_30m_simulated,150
12.90775,74.84915,77.2,12.59,278.0,LOW,SRTM_30m_simulated,150
12.90775,74.8505,80.7,24.83,16.5,LOW,SRTM_30m_simulated,150
12.90775,74.85185,83.1,16.15,253.5,LOW,SRTM_30m_simulated,150
12.90775,74.8532,85.7,18.67,116.3,LOW,SRTM_30m_simulated,150
12.90775,74.85455,88.7,12.15,308.7,LOW,SRTM_30m_simulated,150
12.90775,74.8559,91.4,26.76,309.8,LOW,SRTM_30m_simulated,150
12.90775,74.85725,93.9,7.56,192.4,LOW,SRTM_30m_simulated,150
12.90775,74.8586,97.0,17.74,65.6,LOW,SRTM_30m_simulated,150
12.90775,74.85995,100.0,25.61,286.8,LOW,SRTM_30m_simulated,150
12.90775,74.8613,102.1,12.77,60.8,LOW,SRTM_30m_simulated,150
12.90775,74.86265,105.7,4.8,46.1,LOW,SRTM_30m_simulated,150
12.90775,74.864,108.4,15.11,152.3,LOW,SRTM_30m_simulated,150
12.90775,74.86535,110.9,3.3,291.8,LOW,SRTM_30m_simulated,150
12.90775,74.8667,114.0,13.74,334.3,LOW,SRTM_30m_simulated,150
12.90775,74.86805,116.7,23.05,286.8,LOW,SRTM_30m_simulated,150
12.90775,74.8694,120.8,17.97,233.4,LOW,SRTM_30m_simulated,150
12.90775,74.87075,123.1,17.0,356.6,LOW,SRTM_30m_simulated,150
12.90775,74.8721,126.4,29.1,51.7,LOW,SRTM_30m_simulated,150
12.90775,74.87345,129.0,4.28,221.5,LOW,SRTM_30m_simulated,150
12.90775,74.8748,132.0,33.64,55.4,LOW,SRTM_30m_simulated,150
12.90775,74.87615,135.4,29.89,338.0,LOW,SRTM_30m_simulated,150
12.90775,74.8775,138.4,14.75,114.0,LOW,SRTM_30m_simulated,150
12.90775,74.87885,140.4,0.36,45.4,LOW,SRTM_30m_simulated,150
12.90775,74.8802,144.5,14.0,50.6,LOW,SRTM_30m_simulated,150
12.90775,74.88155,147.0,14.31,312.8,LOW,SRTM_30m_simulated,150
12.90775,74.8829,150.4,36.53,283.4,LOW,SRTM_30m_simulated,150
12.90775,74.88425,154.1,27.5,111.7,LOW,SRTM_30m_simulated,150
12.90775,74.8856,155.5,25.75,2.0,LOW,SRTM_30m_simulated,150
12.90775,74.88695,158.9,0.94,308.7,LOW,SRTM_30m_simulated,150
12.90775,74.8883,161.9,18.33,239.8,LOW,SRTM_30m_simulated,150
12.90775,74.88965,165.2,32.29,188.9,LOW,SRTM_30m_simulated,150
12.90775,74.891,167.5,12.33,358.7,LOW,SRTM_30m_simulated,150
12.90775,74.89235,170.3,13.22,228.9,LOW,SRTM_30m_simulated,150
12.90775,74.8937,174.0,37.9,159.9,LOW,SRTM_30m_simulated,150
12.90775,74.89505,177.4,30.48,63.3,LOW,SRTM_30m_simulated,150
12.90775,74.8964,180.1,37.98,348.6,LOW,SRTM_30m_simulated,150
12.90775,74.89775,182.4,38.49,57.0,LOW,SRTM_30m_simulated,150
12.90775,74.8991,185.1,24.02,181.2,LOW,SRTM_30m_simulated,150
12.90775,74.90045,189.9,17.14,240.9,LOW,SRTM_30m_simulated,150
12.90775,74.9018,191.7,2.91,29.1,LOW,SRTM_30m_simulated,150
12.90775,74.90315,194.9,17.77,255.3,LOW,SRTM_30m_simulated,150
12.90775,74.9045,197.6,16.0,234.0,LOW,SRTM_30m_simulated,150
12.90775,74.90585,200.9,43.91,121.0,LOW,SRTM_30m_simulated,150
12.90775,74.9072,204.1,2.82,255.7,LOW,SRTM_30m_simulated,150
12.90775,74.90855,206.5,17.93,153.7,LOW,SRTM_30m_simulated,150
12.90775,74.9099,210.2,20.23,129.7,LOW,SRTM_30m_simulated,150
12.9091,74.81,4.8,14.72,79.5,HIGH,SRTM_30m_simulated,150
12.9091,74.81135,7.4,4.34,45.6,MEDIUM,SRTM_30m_simulated,150
12.9091,74.8127,9.5,13.9,10.6,MEDIUM,SRTM_30m_simulated,150
12.9091,74.81405,12.7,11.46,299.4,MEDIUM,SRTM_30m_simulated,150
12.9091,74.8154,13.6,8.42,54.5,MEDIUM,SRTM_30m_simulated,150
12.9091,74.81675,16.1,2.53,327.7,LOW,SRTM_30m_simulated,150
12.9091,74.8181,17.5,12.58,157.8,LOW,SRTM_30m_simulated,150
12.9091,74.81945,21.6,14.03,139.9,LOW,SRTM_30m_simulated,150
12.9091,74.8208,23.9,17.24,335.5,LOW,SRTM_30m_simulated,150
12.9091,74.82215,24.9,7.34,79.3,LOW,SRTM_30m_simulated,150
12.9091,74.8235,28.4,13.76,216.9,LOW,SRTM_30m_simulated,150
12.9091,74.82485,31.3,14.17,249.4,LOW,SRTM_30m_simulated,150
12.9091,74.8262,33.4,14.09,12.2,LOW,SRTM_30m_simulated,150
12.9091,74.82755,36.0,4.83,136.2,LOW,SRTM_30m_simulated,150
12.9091,74.8289,39.2,0.17,324.6,LOW,SRTM_30m_simulated,150
12.9091,74.83025,42.0,17.84,288.3,LOW,SRTM_30m_simulated,150
12.9091,74.8316,43.5,13.84,275.3,LOW,SRTM_30m_simulated,150
12.9091,74.83295,46.9,20.67,294.0,LOW,SRTM_30m_simulated,150
12.9091,74.8343,49.0,10.47,306.3,LOW,SRTM_30m_simulated,150
12.9091,74.83565,51.0,6.34,152.9,LOW,SRTM_30m_simulated,150
12.9091,74.837,55.2,15.66,84.6,LOW,SRTM_30m_simulated,150
12.9091,74.83835,57.0,3.93,90.8,LOW,SRTM_30m_simulated,150
12.9091,74.8397,59.9,11.91,247.7,LOW,SRTM_30m_simulated,150
12.9091,74.84105,61.5,12.55,11.0,LOW,SRTM_30m_simulated,150
12.9091,74.8424,65.0,21.26,170.9,LOW,SRTM_30m_simulated,150
12.9091,74.84375,67.5,23.33,307.5,LOW,SRTM_30m_simulated,150
12.9091,74.8451,70.0,1.69,41.7,LOW,SRTM_30m_simulated,150
12.9091,74.84645,73.1,4.84,56.3,LOW,SRTM_30m_simulated,150
12.9091,74.8478,75.2,14.34,138.9,LOW,SRTM_30m_simulated,150
12.9091,74.84915,78.3,8.05,319.6,LOW,SRTM_30m_simulated,150
12.9091,74.8505,80.6,18.54,60.7,LOW,SRTM_30m_simulated,150
12.9091,74.85185,83.8,18.29,93.9,LOW,SRTM_30m_simulated,150
12.9091,74.8532,86.2,4.0,109.6,LOW,SRTM_30m_simulated,150
12.9091,74.85455,89.2,20.65,181.7,LOW,SRTM_30m_simulated,150
12.9091,74.8559,91.1,8.24,291.8,LOW,SRTM_30m_simulated,150
12.9091,74.85725,94.1,6.96,82.4,LOW,SRTM_30m_simulated,150
12.9091,74.8586,97.5,8.74,26.0,LOW,SRTM_30m_simulated,150
12.9091,74.85995,99.9,17.77,331.8,LOW,SRTM_30m_simulated,150
12.9091,74.8613,103.3,24.78,310.0,LOW,SRTM_30m_simulated,150
12.9091,74.86265,105.4,19.03,21.3,LOW,SRTM_30m_simulated,150
12.9091,74.864,109.0,5.75,351.6,LOW,SRTM_30m_simulated,150
12.9091,74.86535,112.7,14.62,348.5,LOW,SRTM_30m_simulated,150
12.9091,74.8667,114.5,17.42,299.3,LOW,SRTM_30m_simulated,150
12.9091,74.86805,118.4,15.29,317.8,LOW,SRTM_30m_simulated,150
12.9091,74.8694,120.3,20.85,61.0,LOW,SRTM_30m_simulated,150
12.9091,74.87075,122.8,6.26,187.0,LOW,SRTM_30m_simulated,150
12.9091,74.8721,126.8,13.47,269.2,LOW,SRTM_30m_simulated,150
12.9091,74.87345,129.0,9.01,93.3,LOW,SRTM_30m_simulated,150
12.9091,74.8748,132.2,4.37,149.8,LOW,SRTM_30m_simulated,150
12.9091,74.87615,135.1,17.37,88.4,LOW,SRTM_30m_simulated,150
12.9091,74.8775,137.0,9.54,73.8,LOW,SRTM_30m_simulated,150
12.9091,74.87885,141.2,33.1,207.5,LOW,SRTM_30m_simulated,150
12.9091,74.8802,145.0,16.74,315.5,LOW,SRTM_30m_simulated,150
12.9091,74.88155,146.7,19.73,334.8,LOW,SRTM_30m_simulated,150
12.9091,74.8829,150.1,3.8,292.9,LOW,SRTM_30m_simulated,150
12.9091,74.88425,152.8,2.72,269.3,LOW,SRTM_30m_simulated,150
12.9091,74.8856,155.8,26.37,331.3,LOW,SRTM_30m_simulated,150
12.9091,74.88695,159.2,0.7,60.4,LOW,SRTM_30m_simulated,150
12.9091,74.8883,161.9,0.46,0.9,LOW,SRTM_30m_simulated,150
12.9091,74.88965,165.3,14.8,15.0,LOW,SRTM_30m_simulated,150
12.9091,74.891,167.6,3.45,90.6,LOW,SRTM_30m_simulated,150
12.9091,74.89235,170.7,0.38,128.2,LOW,SRTM_30m_simulated,150
12.9091,74.8937,174.2,8.13,56.4,LOW,SRTM_30m_simulated,150
12.9091,74.89505,177.4,8.96,254.8,LOW,SRTM_30m_simulated,150
12.9091,74.8964,180.5,4.58,318.6,LOW,SRTM_30m_simulated,150
12.9091,74.89775,182.4,20.77,226.7,LOW,SRTM_30m_simulated,150
12.9091,74.8991,185.7,27.72,123.2,LOW,SRTM_30m_simulated,150
12.9091,74.90045,188.7,30.66,90.6,LOW,SRTM_30m_simulated,150
12.9091,74.9018,191.1,20.37,55.2,LOW,SRTM_30m_simulated,150
12.9091,74.90315,194.8,7.07,189.8,LOW,SRTM_30m_simulated,150
12.9091,74.9045,197.6,11.97,113.8,LOW,SRTM_30m_simulated,150
12.9091,74.90585,200.1,32.59,256.1,LOW,SRTM_30m_simulated,150
12.9091,74.9072,205.0,1.5,318.5,LOW,SRTM_30m_simulated,150
12.9091,74.90855,206.3,40.23,11.3,LOW,SRTM_30m_simulated,150
12.9091,74.9099,209.7,22.13,137.6,LOW,SRTM_30m_simulated,150
12.91045,74.81,4.8,12.59,190.7,HIGH,SRTM_30m_simulated,150
12.91045,74.81135,5.8,7.67,103.2,MEDIUM,SRTM_30m_simulated,150
12.91045,74.8127,9.4,11.64,281.4,MEDIUM,SRTM_30m_simulated,150
12.91045,74.81405,11.1,0.31,104.6,MEDIUM,SRTM_30m_simulated,150
12.91045,74.8154,13.1,11.06,195.3,MEDIUM,SRTM_30m_simulated,150
12.91045,74.81675,15.9,0.94,286.5,LOW,SRTM_30m_simulated,150
12.91045,74.8181,18.1,11.54,208.4,LOW,SRTM_30m_simulated,150
12.91045,74.81945,21.7,2.81,128.5,LOW,SRTM_30m_simulated,150
12.91045,74.8208,23.5,14.32,233.2,LOW,SRTM_30m_simulated,150
12.91045,74.82215,25.7,2.29,255.1,LOW,SRTM_30m_simulated,150
12.91045,74.8235,27.5,4.19,93.0,LOW,SRTM_30m_simulated,150
12.91045,74.82485,31.5,11.88,332.0,LOW,SRTM_30m_simulated,150
12.91045,74.8262,33.3,10.98,73.9,LOW,SRTM_30m_simulated,150
12.91045,74.82755,36.2,0.11,320.0,LOW,SRTM_30m_simulated,150
12.91045,74.8289,38.3,0.67,138.6,LOW,SRTM_30m_simulated,150
12.91045,74.83025,41.1,7.77,305.5,LOW,SRTM_30m_simulated,150
12.91045,74.8316,43.9,16.4,290.4,LOW,SRTM_30m_simulated,150
12.91045,74.83295,46.5,7.98,112.9,LOW,SRTM_30m_simulated,150
12.91045,74.8343,49.9,4.08,41.5,LOW,SRTM_30m_simulated,150
12.91045,74.83565,51.1,8.19,224.9,LOW,SRTM_30m_simulated,150
12.91045,74.837,53.2,5.61,315.9,LOW,SRTM_30m_simulated,150
12.91045,74.83835,57.1,15.45,37.1,LOW,SRTM_30m_simulated,150
12.91045,74.8397,59.7,7.26,25.2,LOW,SRTM_30m_simulated,150
12.91045,74.84105,61.9,11.78,33.5,LOW,SRTM_30m_simulated,150
12.91045,74.8424,65.1,20.72,133.8,LOW,SRTM_30m_simulated,150
12.91045,74.84375,67.6,11.43,232.3,LOW,SRTM_30m_simulated,150
12.91045,74.8451,70.2,1.55,110.7,LOW,SRTM_30m_simulated,150
12.91045,74.84645,73.0,18.39,105.5,LOW,SRTM_30m_simulated,150
12.91045,74.8478,76.0,7.71,1.3,LOW,SRTM_30m_simulated,150
12.91045,74.84915,79.0,9.18,272.5,LOW,SRTM_30m_simulated,150
12.91045,74.8505,82.2,17.32,69.6,LOW,SRTM_30m_simulated,150
12.91045,74.85185,83.9,6.93,269.7,LOW,SRTM_30m_simulated,150
12.91045,74.8532,85.8,14.67,358.3,LOW,SRTM_30m_simulated,150
12.91045,74.85455,89.1,1.94,59.3,LOW,SRTM_30m_simulated,150
12.91045,74.8559,91.2,27.28,203.8,LOW,SRTM_30m_simulated,150
12.91045,74.85725,94.3,8.47,286.7,LOW,SRTM_30m_simulated,150
12.91045,74.8586,96.6,11.59,68.0,LOW,SRTM_30m_simulated,150
12.91045,74.85995,100.5,19.08,93.0,LOW,SRTM_30m_simulated,150
12.91045,74.8613,103.0,6.55,338.8,LOW,SRTM_30m_simulated,150
12.91045,74.86265,105.4,27.09,280.6,LOW,SRTM_30m_simulated,150
12.91045,74.864,108.8,22.08,29.9,LOW,SRTM_30m_simulated,150
12.91045,74.86535,111.7,4.55,36.0,LOW,SRTM_30m_simulated,150
12.91045,74.8667,115.1,28.54,108.6,LOW,SRTM_30m_simulated,150
12.91045,74.86805,117.4,14.26,86.8,LOW,SRTM_30m_simulated,150
12.91045,74.8694,120.5,0.94,105.6,LOW,SRTM_30m_simulated,150
12.91045,74.87075,123.9,21.36,71.2,LOW,SRTM_30m_simulated,150
12.91045,74.8721,127.0,29.76,169.3,LOW,SRTM_30m_simulated,150
12.91045,74.87345,129.7,16.0,5.0,LOW,SRTM_30m_simulated,150
12.91045,74.8748,132.8,13.07,275.8,LOW,SRTM_30m_simulated,150
12.91045,74.87615,136.1,15.82,57.3,LOW,SRTM_30m_simulated,150
12.91045,74.8775,139.0,12.16,215.4,LOW,SRTM_30m_simulated,150
12.91045,74.87885,142.0,11.63,246.3,LOW,SRTM_30m_simulated,150
12.91045,74.8802,143.9,33.98,92.3,LOW,SRTM_30m_simulated,150
12.91045,74.88155,147.6,29.41,95.7,LOW,SRTM_30m_simulated,150
12.91045,74.8829,150.6,33.24,272.0,LOW,SRTM_30m_simulated,150
12.91045,74.88425,153.1,35.85,198.0,LOW,SRTM_30m_simulated,150
12.91045,74.8856,156.7,14.21,229.7,LOW,SRTM_30m_simulated,150
12.91045,74.88695,158.7,34.78,296.9,LOW,SRTM_30m_simulated,150
12.91045,74.8883,161.2,21.65,196.4,LOW,SRTM_30m_simulated,150
12.91045,74.88965,165.4,26.0,177.4,LOW,SRTM_30m_simulated,150
12.91045,74.891,168.8,31.27,277.2,LOW,SRTM_30m_simulated,150
12.91045,74.89235,169.8,12.14,194.7,LOW,SRTM_30m_simulated,150
12.91045,74.8937,174.7,20.82,210.6,LOW,SRTM_30m_simulated,150
12.91045,74.89505,177.5,6.38,43.0,LOW,SRTM_30m_simulated,150
12.91045,74.8964,179.4,11.32,67.3,LOW,SRTM_30m_simulated,150
12.91045,74.89775,182.9,17.36,343.3,LOW,SRTM_30m_simulated,150
12.91045,74.8991,186.5,17.41,37.5,LOW,SRTM_30m_simulated,150
12.91045,74.90045,189.2,41.91,35.6,LOW,SRTM_30m_simulated,150
12.91045,74.9018,192.4,15.65,215.6,LOW,SRTM_30m_simulated,150
12.91045,74.90315,194.2,14.01,13.0,LOW,SRTM_30m_simulated,150
12.91045,74.9045,197.6,10.52,63.5,LOW,SRTM_30m_simulated,150
12.91045,74.90585,200.4,43.36,173.3,LOW,SRTM_30m_simulated,150
12.91045,74.9072,203.5,30.94,183.1,LOW,SRTM_30m_simulated,150
12.91045,74.90855,206.7,2.86,339.1,LOW,SRTM_30m_simulated,150
12.91045,74.9099,210.1,28.32,39.4,LOW,SRTM_30m_simulated,150
12.9118,74.81,5.2,6.05,102.9,MEDIUM,SRTM_30m_simulated,150
12.9118,74.81135,6.4,3.44,96.3,MEDIUM,SRTM_30m_simulated,150
12.9118,74.8127,9.1,7.64,357.7,MEDIUM,SRTM_30m_simulated,150
12.9118,74.81405,10.9,12.2,28.9,MEDIUM,SRTM_30m_simulated,150
12.9118,74.8154,13.7,5.57,221.1,MEDIUM,SRTM_30m_simulated,150
12.9118,74.81675,16.0,8.83,117.0,LOW,SRTM_30m_simulated,150
12.9118,74.8181,19.3,9.67,148.8,LOW,SRTM_30m_simulated,150
12.9118,74.81945,21.2,18.01,183.7,LOW,SRTM_30m_simulated,150
12.9118,74.8208,23.8,9.57,45.8,LOW,SRTM_30m_simulated,150
12.9118,74.82215,27.0,2.15,280.7,LOW,SRTM_30m_simulated,150
12.9118,74.8235,29.1,0.32,87.8,LOW,SRTM_30m_simulated,150
12.9118,74.82485,31.2,3.13,357.1,LOW,SRTM_30m_simulated,150
12.9118,74.8262,34.2,13.69,178.0,LOW,SRTM_30m_simulated,150
12.9118,74.82755,36.5,2.8,167.0,LOW,SRTM_30m_simulated,150
12.9118,74.8289,38.1,19.56,61.4,LOW,SRTM_30m_simulated,150
12.9118,74.83025,42.0,7.07,133.5,LOW,SRTM_30m_simulated,150
12.9118,74.8316,44.0,5.17,339.5,LOW,SRTM_30m_simulated,150
12.9118,74.83295,46.6,17.27,123.5,LOW,SRTM_30m_simulated,150
12.9118,74.8343,49.2,7.47,97.7,LOW,SRTM_30m_simulated,150
12.9118,74.83565,52.3,5.35,240.9,LOW,SRTM_30m_simulated,150
12.9118,74.837,54.0,11.84,319.7,LOW,SRTM_30m_simulated,150
12.9118,74.83835,56.8,4.51,9.9,LOW,SRTM_30m_simulated,150
12.9118,74.8397,58.7,4.11,306.3,LOW,SRTM_30m_simulated,150
12.9118,74.84105,62.0,17.97,309.1,LOW,SRTM_30m_simulated,150
12.9118,74.8424,65.5,18.31,357.2,LOW,SRTM_30m_simulated,150
12.9118,74.84375,67.4,9.37,77.9,LOW,SRTM_30m_simulated,150
12.9118,74.8451,70.3,0.51,120.2,LOW,SRTM_30m_simulated,150
12.9118,74.84645,72.7,2.56,208.6,LOW,SRTM_30m_simulated,150
12.9118,74.8478,76.4,1.68,100.1,LOW,SRTM_30m_simulated,150
12.9118,74.84915,78.0,13.02,91.7,LOW,SRTM_30m_simulated,150
12.9118,74.8505,80.8,18.66,40.2,LOW,SRTM_30m_simulated,150
12.9118,74.85185,84.1,11.44,84.0,LOW,SRTM_30m_simulated,150
12.9118,74.8532,86.3,17.65,94.8,LOW,SRTM_30m_simulated,150
12.9118,74.85455,88.9,25.48,238.7,LOW,SRTM_30m_simulated,150
12.9118,74.8559,92.6,13.7,287.3,LOW,SRTM_30m_simulated,150
12.9118,74.85725,94.4,0.76,11.8,LOW,SRTM_30m_simulated,150
12.9118,74.8586,97.1,25.42,333.7,LOW,SRTM_30m_simulated,150
12.9118,74.85995,100.7,10.89,99.3,LOW,SRTM_30m_simulated,150
12.9118,74.8613,102.1,28.14,136.4,LOW,SRTM_30m_simulated,150
12.9118,74.86265,105.9,9.47,75.0,LOW,SRTM_30m_simulated,150
12.9118,74.864,109.0,27.55,230.0,LOW,SRTM_30m_simulated,150
12.9118,74.86535,112.4,12.28,88.4,LOW,SRTM_30m_simulated,150
12.9118,74.8667,114.6,23.83,294.2,LOW,SRTM_30m_simulated,150
12.9118,74.86805,117.9,12.33,265.7,LOW,SRTM_30m_simulated,150
12.9118,74.8694,120.0,30.95,340.4,LOW,SRTM_30m_simulated,150
12.9118,74.87075,123.1,0.13,179.9,LOW,SRTM_30m_simulated,150
12.9118,74.8721,126.8,13.39,235.0,LOW,SRTM_30m_simulated,150
12.9118,74.87345,130.2,3.11,94.7,LOW,SRTM_30m_simulated,150
12.9118,74.8748,132.4,31.89,242.5,LOW,SRTM_30m_simulated,150
12.9118,74.87615,135.5,20.6,216.8,LOW,SRTM_30m_simulated,150
12.9118,74.8775,138.8,25.68,185.8,LOW,SRTM_30m_simulated,150
12.9118,74.87885,140.9,2.56,195.5,LOW,SRTM_30m_simulated,150
12.9118,74.8802,144.7,15.43,188.2,LOW,SRTM_30m_simulated,150
12.9118,74.88155,146.4,30.48,278.1,LOW,SRTM_30m_simulated,150
12.9118,74.8829,149.8,17.17,261.1,LOW,SRTM_30m_simulated,150
12.9118,74.88425,153.7,9.89,290.9,LOW,SRTM_30m_simulated,150
12.9118,74.8856,155.7,35.1,195.2,LOW,SRTM_30m_simulated,150
12.9118,74.88695,159.1,32.89,312.0,LOW,SRTM_30m_simulated,150
12.9118,74.8883,162.1,6.12,170.1,LOW,SRTM_30m_simulated,150
12.9118,74.88965,165.6,8.07,94.7,LOW,SRTM_30m_simulated,150
12.9118,74.891,168.5,38.92,38.0,LOW,SRTM_30m_simulated,150
12.9118,74.89235,170.7,24.01,123.3,LOW,SRTM_30m_simulated,150
12.9118,74.8937,174.4,34.68,276.6,LOW,SRTM_30m_simulated,150
12.9118,74.89505,177.0,34.11,46.4,LOW,SRTM_30m_simulated,150
12.9118,74.8964,179.2,27.03,85.7,LOW,SRTM_30m_simulated,150
12.9118,74.89775,182.9,8.48,31.3,LOW,SRTM_30m_simulated,150
12.9118,74.8991,186.4,1.16,253.3,LOW,SRTM_30m_simulated,150
12.9118,74.90045,189.3,11.76,111.2,LOW,SRTM_30m_simulated,150
12.9118,74.9018,192.1,42.24,231.8,LOW,SRTM_30m_simulated,150
12.9118,74.90315,194.9,13.37,309.0,LOW,SRTM_30m_simulated,150
12.9118,74.9045,198.0,38.21,237.4,LOW,SRTM_30m_simulated,150
12.9118,74.90585,199.7,42.14,98.2,LOW,SRTM_30m_simulated,150
12.9118,74.9072,203.9,45.31,273.5,LOW,SRTM_30m_simulated,150
12.9118,74.90855,207.1,6.23,95.3,LOW,SRTM_30m_simulated,150
12.9118,74.9099,209.5,39.44,70.7,LOW,SRTM_30m_simulated,150
12.91315,74.81,4.3,8.02,133.2,HIGH,SRTM_30m_simulated,150
12.91315,74.81135,7.5,11.23,150.3,MEDIUM,SRTM_30m_simulated,150
12.91315,74.8127,9.3,15.3,21.4,MEDIUM,SRTM_30m_simulated,150
12.91315,74.81405,12.1,14.44,281.9,MEDIUM,SRTM_30m_simulated,150
12.91315,74.8154,13.4,8.92,99.1,MEDIUM,SRTM_30m_simulated,150
12.91315,74.81675,16.1,10.18,183.2,LOW,SRTM_30m_simulated,150
12.91315,74.8181,19.1,17.7,214.3,LOW,SRTM_30m_simulated,150
12.91315,74.81945,21.1,11.69,177.9,LOW,SRTM_30m_simulated,150
12.91315,74.8208,23.7,4.83,55.0,LOW,SRTM_30m_simulated,150
12.91315,74.82215,26.2,10.29,100.6,LOW,SRTM_30m_simulated,150
12.91315,74.8235,28.9,19.0,85.6,LOW,SRTM_30m_simulated,150
12.91315,74.82485,31.6,3.7,265.9,LOW,SRTM_30m_simulated,150
12.91315,74.8262,34.6,15.7,231.3,LOW,SRTM_30m_simulated,150
12.91315,74.82755,36.9,17.67,276.4,LOW,SRTM_30m_simulated,150
12.91315,74.8289,38.9,0.62,50.9,LOW,SRTM_30m_simulated,150
12.91315,74.83025,41.3,20.78,13.8,LOW,SRTM_30m_simulated,150
12.91315,74.8316,43.3,3.09,292.1,LOW,SRTM_30m_simulated,150
12.91315,74.83295,46.5,20.01,251.6,LOW,SRTM_30m_simulated,150
12.91315,74.8343,49.8,1.55,248.4,LOW,SRTM_30m_simulated,150
12.91315,74.83565,51.9,5.59,3.8,LOW,SRTM_30m_simulated,150
12.91315,74.837,54.6,9.08,260.4,LOW,SRTM_30m_simulated,150
12.91315,74.83835,57.3,15.55,194.9,LOW,SRTM_30m_simulated,150
12.91315,74.8397,60.4,23.68,55.8,LOW,SRTM_30m_simulated,150
12.91315,74.84105,62.5,3.51,291.7,LOW,SRTM_30m_simulated,150
12.91315,74.8424,65.5,16.95,264.2,LOW,SRTM_30m_simulated,150
12.91315,74.84375,67.5,0.19,107.6,LOW,SRTM_30m_simulated,150
12.91315,74.8451,70.9,7.41,50.7,LOW,SRTM_30m_simulated,150
12.91315,74.84645,72.3,17.65,120.5,LOW,SRTM_30m_simulated,150
12.91315,74.8478,75.3,11.39,49.7,LOW,SRTM_30m_simulated,150
12.91315,74.84915,77.5,3.41,339.7,LOW,SRTM_30m_simulated,150
12.91315,74.8505,80.6,9.11,327.9,LOW,SRTM_30m_simulated,150
12.91315,74.85185,83.7,3.49,11.5,LOW,SRTM_30m_simulated,150
12.91315,74.8532,85.2,17.32,68.5,LOW,SRTM_30m_simulated,150
12.91315,74.85455,89.5,1.69,262.7,LOW,SRTM_30m_simulated,150
12.91315,74.8559,91.6,10.51,93.8,LOW,SRTM_30m_simulated,150
12.91315,74.85725,94.1,23.49,350.1,LOW,SRTM_30m_simulated,150
12.91315,74.8586,97.3,19.32,137.9,LOW,SRTM_30m_simulated,150
12.91315,74.85995,100.3,25.01,57.4,LOW,SRTM_30m_simulated,150
12.91315,74.8613,103.1,2.24,69.4,LOW,SRTM_30m_simulated,150
12.91315,74.86265,106.6,7.83,338.6,LOW,SRTM_30m_simulated,150
12.91315,74.864,108.6,18.91,137.9,LOW,SRTM_30m_simulated,150
12.91315,74.86535,111.5,25.4,299.5,LOW,SRTM_30m_simulated,150
12.91315,74.8667,115.1,17.72,169.0,LOW,SRTM_30m_simulated,150
12.91315,74.86805,117.6,2.12,290.1,LOW,SRTM_30m_simulated,150
12.91315,74.8694,120.5,16.97,151.5,LOW,SRTM_30m_simulated,150
12.91315,74.87075,124.1,1.64,110.5,LOW,SRTM_30m_simulated,150
12.91315,74.8721,126.2,11.44,141.2,LOW,SRTM_30m_simulated,150
12.91315,74.87345,129.4,18.98,297.5,LOW,SRTM_30m_simulated,150
12.91315,74.8748,133.0,15.95,286.8,LOW,SRTM_30m_simulated,150
12.91315,74.87615,134.7,12.15,136.7,LOW,SRTM_30m_simulated,150
12.91315,74.8775,138.8,27.41,88.7,LOW,SRTM_30m_simulated,150
12.91315,74.87885,140.5,25.21,108.5,LOW,SRTM_30m_simulated,150
12.91315,74.8802,144.5,6.18,351.0,LOW,SRTM_30m_simulated,150
12.91315,74.88155,146.7,11.74,242.9,LOW,SRTM_30m_simulated,150
12.91315,74.8829,150.2,12.4,250.4,LOW,SRTM_30m_simulated,150
12.91315,74.88425,153.6,32.18,276.0,LOW,SRTM_30m_simulated,150
12.91315,74.8856,155.2,14.65,46.6,LOW,SRTM_30m_simulated,150
12.91315,74.88695,158.8,4.65,326.0,LOW,SRTM_30m_simulated,150
12.91315,74.8883,162.3,7.63,172.7,LOW,SRTM_30m_simulated,150
12.91315,74.88965,165.2,17.19,125.5,LOW,SRTM_30m_simulated,150
12.91315,74.891,168.2,2.9,128.1,LOW,SRTM_30m_simulated,150
12.91315,74.89235,171.2,17.27,107.6,LOW,SRTM_30m_simulated,150
12.91315,74.8937,174.5,28.89,23.8,LOW,SRTM_30m_simulated,150
12.91315,74.89505,176.5,32.87,262.3,LOW,SRTM_30m_simulated,150
12.91315,74.8964,179.6,21.5,255.6,LOW,SRTM_30m_simulated,150
12.91315,74.89775,183.4,41.22,127.7,LOW,SRTM_30m_simulated,150
12.91315,74.8991,185.6,19.58,340.2,LOW,SRTM_30m_simulated,150
12.91315,74.90045,187.9,37.07,78.7,LOW,SRTM_30m_simulated,150
12.91315,74.9018,192.2,18.5,19.3,LOW,SRTM_30m_simulated,150
12.91315,74.90315,195.6,4.74,46.5,LOW,SRTM_30m_simulated,150
12.91315,74.9045,197.2,22.84,27.1,LOW,SRTM_30m_simulated,150
12.91315,74.90585,200.4,23.45,338.8,LOW,SRTM_30m_simulated,150
12.91315,74.9072,203.6,21.64,8.3,LOW,SRTM_30m_simulated,150
12.91315,74.90855,206.9,43.58,311.8,LOW,SRTM_30m_simulated,150
12.91315,74.9099,209.4,17.85,47.6,LOW,SRTM_30m_simulated,150
12.9145,74.81,5.7,15.26,307.9,MEDIUM,SRTM_30m_simulated,150
12.9145,74.81135,7.9,0.56,165.2,MEDIUM,SRTM_30m_simulated,150
12.9145,74.8127,9.7,0.75,301.9,MEDIUM,SRTM_30m_simulated,150
12.9145,74.81405,12.1,9.22,45.0,MEDIUM,SRTM_30m_simulated,150
12.9145,74.8154,13.2,8.65,132.7,MEDIUM,SRTM_30m_simulated,150
12.9145,74.81675,16.2,4.27,72.4,LOW,SRTM_30m_simulated,150
12.9145,74.8181,19.6,15.86,160.2,LOW,SRTM_30m_simulated,150
12.9145,74.81945,20.6,6.02,60.9,LOW,SRTM_30m_simulated,150
12.9145,74.8208,23.8,0.7,235.4,LOW,SRTM_30m_simulated,150
12.9145,74.82215,25.9,5.68,6.8,LOW,SRTM_30m_simulated,150
12.9145,74.8235,28.2,9.64,59.0,LOW,SRTM_30m_simulated,150
12.9145,74.82485,32.1,10.01,305.8,LOW,SRTM_30m_simulated,150
12.9145,74.8262,34.3,8.08,26.0,LOW,SRTM_30m_simulated,150
12.9145,74.82755,36.3,8.98,72.1,LOW,SRTM_30m_simulated,150
12.9145,74.8289,38.2,0.21,242.3,LOW,SRTM_30m_simulated,150
12.9145,74.83025,41.0,1.94,321.9,LOW,SRTM_30m_simulated,150
12.9145,74.8316,44.4,20.8,294.2,LOW,SRTM_30m_simulated,150
12.9145,74.83295,47.2,19.21,71.3,LOW,SRTM_30m_simulated,150
12.9145,74.8343,49.7,14.17,252.6,LOW,SRTM_30m_simulated,150
12.9145,74.83565,52.1,11.21,115.2,LOW,SRTM_30m_simulated,150
12.9145,74.837,54.2,15.79,199.8,LOW,SRTM_30m_simulated,150
12.9145,74.83835,57.4,0.22,233.6,LOW,SRTM_30m_simulated,150
12.9145,74.8397,59.6,3.72,124.9,LOW,SRTM_30m_simulated,150
12.9145,74.84105,62.9,6.96,99.5,LOW,SRTM_30m_simulated,150
12.9145,74.8424,65.5,22.27,236.8,LOW,SRTM_30m_simulated,150
12.9145,74.84375,68.9,16.11,203.3,LOW,SRTM_30m_simulated,150
12.9145,74.8451,70.2,11.83,287.0,LOW,SRTM_30m_simulated,150
12.9145,74.84645,73.1,9.85,132.1,LOW,SRTM_30m_simulated,150
12.9145,74.8478,74.4,18.12,353.6,LOW,SRTM_30m_simulated,150
12.9145,74.84915,79.1,3.46,24.0,LOW,SRTM_30m_simulated,150
12.9145,74.8505,81.5,3.95,191.5,LOW,SRTM_30m_simulated,150
12.9145,74.85185,83.3,24.75,165.5,LOW,SRTM_30m_simulated,150
12.9145,74.8532,86.1,6.08,152.5,LOW,SRTM_30m_simulated,150
12.9145,74.85455,88.5,12.73,307.1,LOW,SRTM_30m_simulated,150
12.9145,74.8559,92.2,7.09,65.1,LOW,SRTM_30m_simulated,150
12.9145,74.85725,94.7,17.46,146.4,LOW,SRTM_30m_simulated,150
12.9145,74.8586,97.5,8.6,349.5,LOW,SRTM_30m_simulated,150
12.9145,74.85995,100.6,21.24,197.0,LOW,SRTM_30m_simulated,150
12.9145,74.8613,102.5,18.78,31.1,LOW,SRTM_30m_simulated,150
12.9145,74.86265,105.6,6.67,330.6,LOW,SRTM_30m_simulated,150
12.9145,74.864,109.1,5.05,306.3,LOW,SRTM_30m_simulated,150
12.9145,74.86535,111.6,7.8,74.6,LOW,SRTM_30m_simulated,150
12.9145,74.8667,114.8,23.95,313.5,LOW,SRTM_30m_simulated,150
12.9145,74.86805,117.5,0.31,203.3,LOW,SRTM_30m_simulated,150
12.9145,74.8694,120.3,6.04,8.4,LOW,SRTM_30m_simulated,150
12.9145,74.87075,123.6,17.36,294.1,LOW,SRTM_30m_simulated,150
12.9145,74.8721,126.6,26.06,295.4,LOW,SRTM_30m_simulated,150
12.9145,74.87345,128.8,15.4,56.2,LOW,SRTM_30m_simulated,150
12.9145,74.8748,132.0,16.46,147.8,LOW,SRTM_30m_simulated,150
12.9145,74.87615,134.9,13.9,76.7,LOW,SRTM_30m_simulated,150
12.9145,74.8775,138.3,26.32,16.6,LOW,SRTM_30m_simulated,150
12.9145,74.87885,141.9,0.27,46.4,LOW,SRTM_30m_simulated,150
12.9145,74.8802,144.3,1.55,198.3,LOW,SRTM_30m_simulated,150
12.9145,74.88155,147.4,7.52,257.8,LOW,SRTM_30m_simulated,150
12.9145,74.8829,150.7,31.66,167.6,LOW,SRTM_30m_simulated,150
12.9145,74.88425,152.8,27.0,30.6,LOW,SRTM_30m_simulated,150
12.9145,74.8856,157.2,12.8,253.9,LOW,SRTM_30m_simulated,150
12.9145,74.88695,159.8,20.66,250.4,LOW,SRTM_30m_simulated,150
12.9145,74.8883,161.9,29.14,79.5,LOW,SRTM_30m_simulated,150
12.9145,74.88965,165.1,36.47,322.2,LOW,SRTM_30m_simulated,150
12.9145,74.891,167.5,11.22,187.9,LOW,SRTM_30m_simulated,150
12.9145,74.89235,170.6,26.39,295.3,LOW,SRTM_30m_simulated,150
12.9145,74.8937,173.7,12.19,209.5,LOW,SRTM_30m_simulated,150
12.9145,74.89505,176.9,5.11,116.6,LOW,SRTM_30m_simulated,150
12.9145,74.8964,179.6,1.02,161.8,LOW,SRTM_30m_simulated,150
12.9145,74.89775,183.5,5.48,274.2,LOW,SRTM_30m_simulated,150
12.9145,74.8991,185.1,30.83,124.4,LOW,SRTM_30m_simulated,150
12.9145,74.90045,189.7,21.06,303.4,LOW,SRTM_30m_simulated,150
12.9145,74.9018,192.0,33.46,165.2,LOW,SRTM_30m_simulated,150
12.9145,74.90315,195.1,42.82,354.4,LOW,SRTM_30m_simulated,150
12.9145,74.9045,197.3,7.53,263.8,LOW,SRTM_30m_simulated,150
12.9145,74.90585,198.9,36.12,111.8,LOW,SRTM_30m_simulated,150
12.9145,74.9072,203.6,8.62,301.9,LOW,SRTM_30m_simulated,150
12.9145,74.90855,207.4,44.06,308.8,LOW,SRTM_30m_simulated,150
12.9145,74.9099,208.4,39.06,87.5,LOW,SRTM_30m_simulated,150
12.91585,74.81,4.1,1.49,301.1,HIGH,SRTM_30m_simulated,150
12.91585,74.81135,7.3,3.49,302.5,MEDIUM,SRTM_30m_simulated,150
12.91585,74.8127,9.0,0.81,326.5,MEDIUM,SRTM_30m_simulated,150
12.91585,74.81405,12.0,9.33,125.1,MEDIUM,SRTM_30m_simulated,150
12.91585,74.8154,14.4,12.54,272.4,MEDIUM,SRTM_30m_simulated,150
12.91585,74.81675,16.6,14.3,54.1,LOW,SRTM_30m_simulated,150
12.91585,74.8181,18.3,16.14,348.6,LOW,SRTM_30m_simulated,150
12.91585,74.81945,21.5,8.8,150.2,LOW,SRTM_30m_simulated,150
12.91585,74.8208,22.6,5.86,276.3,LOW,SRTM_30m_simulated,150
12.91585,74.82215,26.1,14.37,237.3,LOW,SRTM_30m_simulated,150
12.91585,74.8235,28.4,7.08,190.9,LOW,SRTM_30m_simulated,150
12.91585,74.82485,31.4,8.42,236.4,LOW,SRTM_30m_simulated,150
12.91585,74.8262,33.4,5.84,119.1,LOW,SRTM_30m_simulated,150
12.91585,74.82755,35.9,13.06,338.0,LOW,SRTM_30m_simulated,150
12.91585,74.8289,39.1,8.48,120.6,LOW,SRTM_30m_simulated,150
12.91585,74.83025,42.1,20.69,152.3,LOW,SRTM_30m_simulated,150
12.91585,74.8316,44.7,18.84,265.3,LOW,SRTM_30m_simulated,150
12.91585,74.83295,46.6,17.98,259.5,LOW,SRTM_30m_simulated,150
12.91585,74.8343,49.4,3.9,260.8,LOW,SRTM_30m_simulated,150
12.91585,74.83565,52.7,17.78,352.2,LOW,SRTM_30m_simulated,150
12.91585,74.837,54.0,1.31,205.9,LOW,SRTM_30m_simulated,150
12.91585,74.83835,57.5,20.47,89.9,LOW,SRTM_30m_simulated,150
12.91585,74.8397,59.8,14.79,272.7,LOW,SRTM_30m_simulated,150
12.91585,74.84105,62.6,8.24,108.3,LOW,SRTM_30m_simulated,150
12.91585,74.8424,64.4,9.71,291.0,LOW,SRTM_30m_simulated,150
12.91585,74.84375,68.5,17.36,52.0,LOW,SRTM_30m_simulated,150
12.91585,74.8451,70.5,24.86,113.0,LOW,SRTM_30m_simulated,150
12.91585,74.84645,73.5,11.18,231.0,LOW,SRTM_30m_simulated,150
12.91585,74.8478,76.4,17.45,4.5,LOW,SRTM_30m_simulated,150
12.91585,74.84915,78.6,7.04,138.0,LOW,SRTM_30m_simulated,150
12.91585,74.8505,81.7,26.15,316.8,LOW,SRTM_30m_simulated,150
12.91585,74.85185,83.5,20.5,199.7,LOW,SRTM_30m_simulated,150
12.91585,74.8532,86.6,10.86,192.8,LOW,SRTM_30m_simulated,150
12.91585,74.85455,89.1,21.63,358.3,LOW,SRTM_30m_simulated,150
12.91585,74.8559,91.9,15.29,70.4,LOW,SRTM_30m_simulated,150
12.91585,74.85725,93.6,24.43,1.9,LOW,SRTM_30m_simulated,150
12.91585,74.8586,97.2,6.0,170.1,LOW,SRTM_30m_simulated,150
12.91585,74.85995,99.6,1.55,200.1,LOW,SRTM_30m_simulated,150
12.91585,74.8613,103.7,22.74,179.1,LOW,SRTM_30m_simulated,150
12.91585,74.86265,106.1,27.87,36.0,LOW,SRTM_30m_simulated,150
12.91585,74.864,109.2,15.82,26.9,LOW,SRTM_30m_simulated,150
12.91585,74.86535,111.4,5.51,150.2,LOW,SRTM_30m_simulated,150
12.91585,74.8667,114.5,29.37,143.0,LOW,SRTM_30m_simulated,150
12.91585,74.86805,117.7,24.82,220.5,LOW,SRTM_30m_simulated,150
12.91585,74.8694,121.4,32.2,313.9,LOW,SRTM_30m_simulated,150
12.91585,74.87075,122.8,18.52,165.1,LOW,SRTM_30m_simulated,150
12.91585,74.8721,127.2,24.65,240.9,LOW,SRTM_30m_simulated,150
12.91585,74.87345,129.1,20.54,44.0,LOW,SRTM_30m_simulated,150
12.91585,74.8748,132.0,29.59,62.5,LOW,SRTM_30m_simulated,150
12.91585,74.87615,135.4,33.02,152.8,LOW,SRTM_30m_simulated,150
12.91585,74.8775,138.2,25.68,202.1,LOW,SRTM_30m_simulated,150
12.91585,74.87885,140.6,32.48,150.8,LOW,SRTM_30m_simulated,150
12.91585,74.8802,143.8,10.9,48.2,LOW,SRTM_30m_simulated,150
12.91585,74.88155,147.0,3.14,324.1,LOW,SRTM_30m_simulated,150
12.91585,74.8829,150.4,21.54,108.1,LOW,SRTM_30m_simulated,150
12.91585,74.88425,152.3,9.48,326.3,LOW,SRTM_30m_simulated,150
12.91585,74.8856,156.1,30.42,185.1,LOW,SRTM_30m_simulated,150
12.91585,74.88695,159.7,31.88,199.8,LOW,SRTM_30m_simulated,150
12.91585,74.8883,161.8,7.11,293.8,LOW,SRTM_30m_simulated,150
12.91585,74.88965,165.4,38.73,113.6,LOW,SRTM_30m_simulated,150
12.91585,74.891,167.5,9.1,72.1,LOW,SRTM_30m_simulated,150
12.91585,74.89235,170.1,3.42,25.6,LOW,SRTM_30m_simulated,150
12.91585,74.8937,174.7,25.41,32.0,LOW,SRTM_30m_simulated,150
12.91585,74.89505,177.9,35.14,158.3,LOW,SRTM_30m_simulated,150
12.91585,74.8964,180.3,9.82,238.3,LOW,SRTM_30m_simulated,150
12.91585,74.89775,183.0,11.9,324.7,LOW,SRTM_30m_simulated,150
12.91585,74.8991,185.8,8.0,32.1,LOW,SRTM_30m_simulated,150
12.91585,74.90045,189.1,8.08,109.2,LOW,SRTM_30m_simulated,150
12.91585,74.9018,192.4,3.25,118.4,LOW,SRTM_30m_simulated,150
12.91585,74.90315,195.2,42.8,262.2,LOW,SRTM_30m_simulated,150
12.91585,74.9045,198.1,19.86,133.3,LOW,SRTM_30m_simulated,150
12.91585,74.90585,200.1,1.55,33.1,LOW,SRTM_30m_simulated,150
12.91585,74.9072,203.2,15.07,142.1,LOW,SRTM_30m_simulated,150
12.91585,74.90855,206.2,4.75,22.9,LOW,SRTM_30m_simulated,150
12.91585,74.9099,209.2,45.49,229.3,LOW,SRTM_30m_simulated,150
12.9172,74.81,5.4,11.99,0.1,MEDIUM,SRTM_30m_simulated,150
12.9172,74.81135,7.1,7.79,54.4,MEDIUM,SRTM_30m_simulated,150
12.9172,74.8127,8.7,8.85,196.6,MEDIUM,SRTM_30m_simulated,150
12.9172,74.81405,11.6,11.33,350.8,MEDIUM,SRTM_30m_simulated,150
12.9172,74.8154,14.1,3.26,173.5,MEDIUM,SRTM_30m_simulated,150
12.9172,74.81675,16.6,12.58,97.3,LOW,SRTM_30m_simulated,150
12.9172,74.8181,18.6,9.15,64.7,LOW,SRTM_30m_simulated,150
12.9172,74.81945,21.3,10.58,59.7,LOW,SRTM_30m_simulated,150
12.9172,74.8208,23.4,16.03,260.1,LOW,SRTM_30m_simulated,150
12.9172,74.82215,26.5,9.41,339.4,LOW,SRTM_30m_simulated,150
12.9172,74.8235,28.1,6.74,212.2,LOW,SRTM_30m_simulated,150
12.9172,74.82485,31.2,6.89,80.3,LOW,SRTM_30m_simulated,150
12.9172,74.8262,33.3,12.76,186.4,LOW,SRTM_30m_simulated,150
12.9172,74.82755,36.6,0.76,261.1,LOW,SRTM_30m_simulated,150
12.9172,74.8289,38.8,12.72,135.8,LOW,SRTM_30m_simulated,150
12.9172,74.83025,42.1,7.94,326.6,LOW,SRTM_30m_simulated,150
12.9172,74.8316,43.9,17.71,291.0,LOW,SRTM_30m_simulated,150
12.9172,74.83295,46.7,9.98,158.4,LOW,SRTM_30m_simulated,150
12.9172,74.8343,49.8,7.8,272.5,LOW,SRTM_30m_simulated,150
12.9172,74.83565,52.2,22.14,213.7,LOW,SRTM_30m_simulated,150
12.9172,74.837,55.2,14.5,183.2,LOW,SRTM_30m_simulated,150
12.9172,74.83835,56.7,5.06,125.7,LOW,SRTM_30m_simulated,150
12.9172,74.8397,59.5,0.88,104.8,LOW,SRTM_30m_simulated,150
12.9172,74.84105,61.8,5.01,292.6,LOW,SRTM_30m_simulated,150
12.9172,74.8424,65.7,9.82,213.4,LOW,SRTM_30m_simulated,150
12.9172,74.84375,67.8,15.9,38.7,LOW,SRTM_30m_simulated,150
12.9172,74.8451,70.8,13.19,3.6,LOW,SRTM_30m_simulated,150
12.9172,74.84645,72.0,4.6,207.1,LOW,SRTM_30m_simulated,150
12.9172,74.8478,75.7,20.57,163.0,LOW,SRTM_30m_simulated,150
12.9172,74.84915,78.7,14.69,336.0,LOW,SRTM_30m_simulated,150
12.9172,74.8505,82.1,9.84,274.7,LOW,SRTM_30m_simulated,150
12.9172,74.85185,84.3,7.57,150.1,LOW,SRTM_30m_simulated,150
12.9172,74.8532,86.9,13.5,78.0,LOW,SRTM_30m_simulated,150
12.9172,74.85455,89.2,21.13,313.9,LOW,SRTM_30m_simulated,150
12.9172,74.8559,92.6,8.53,328.7,LOW,SRTM_30m_simulated,150
12.9172,74.85725,94.5,27.97,245.8,LOW,SRTM_30m_simulated,150
12.9172,74.8586,97.1,15.66,273.6,LOW,SRTM_30m_simulated,150
12.9172,74.85995,99.2,10.84,129.3,LOW,SRTM_30m_simulated,150
12.9172,74.8613,103.0,28.33,226.0,LOW,SRTM_30m_simulated,150
12.9172,74.86265,106.6,9.92,226.7,LOW,SRTM_30m_simulated,150
12.9172,74.864,108.6,16.99,332.7,LOW,SRTM_30m_simulated,150
12.9172,74.86535,111.9,17.3,279.3,LOW,SRTM_30m_simulated,150
12.9172,74.8667,114.7,0.18,163.5,LOW,SRTM_30m_simulated,150
12.9172,74.86805,118.1,1.97,173.6,LOW,SRTM_30m_simulated,150
12.9172,74.8694,120.2,10.03,26.2,LOW,SRTM_30m_simulated,150
12.9172,74.87075,123.6,10.36,46.3,LOW,SRTM_30m_simulated,150
12.9172,74.8721,127.3,27.22,58.3,LOW,SRTM_30m_simulated,150
12.9172,74.87345,129.1,25.79,68.5,LOW,SRTM_30m_simulated,150
12.9172,74.8748,133.0,18.78,318.5,LOW,SRTM_30m_simulated,150
12.9172,74.87615,135.6,23.84,226.1,LOW,SRTM_30m_simulated,150
12.9172,74.8775,139.3,24.71,22.6,LOW,SRTM_30m_simulated,150
12.9172,74.87885,140.8,23.14,185.2,LOW,SRTM_30m_simulated,150
12.9172,74.8802,144.4,32.1,108.0,LOW,SRTM_30m_simulated,150
12.9172,74.88155,146.4,28.07,323.3,LOW,SRTM_30m_simulated,150
12.9172,74.8829,149.7,12.1,255.0,LOW,SRTM_30m_simulated,150
12.9172,74.88425,153.0,7.12,258.5,LOW,SRTM_30m_simulated,150
12.9172,74.8856,155.7,13.5,191.9,LOW,SRTM_30m_simulated,150
12.9172,74.88695,159.0,17.61,319.6,LOW,SRTM_30m_simulated,150
12.9172,74.8883,161.8,16.7,336.5,LOW,SRTM_30m_simulated,150
12.9172,74.88965,165.2,5.28,94.2,LOW,SRTM_30m_simulated,150
12.9172,74.891,168.1,13.18,196.9,LOW,SRTM_30m_simulated,150
12.9172,74.89235,171.0,0.62,184.8,LOW,SRTM_30m_simulated,150
12.9172,74.8937,174.5,28.5,28.7,LOW,SRTM_30m_simulated,150
12.9172,74.89505,177.5,13.65,70.1,LOW,SRTM_30m_simulated,150
12.9172,74.8964,179.7,38.93,106.5,LOW,SRTM_30m_simulated,150
12.9172,74.89775,182.7,4.57,327.3,LOW,SRTM_30m_simulated,150
12.9172,74.8991,186.5,10.94,66.1,LOW,SRTM_30m_simulated,150
12.9172,74.90045,188.8,9.32,95.8,LOW,SRTM_30m_simulated,150
12.9172,74.9018,191.2,21.25,59.6,LOW,SRTM_30m_simulated,150
12.9172,74.90315,195.1,13.49,45.5,LOW,SRTM_30m_simulated,150
12.9172,74.9045,197.7,22.74,258.6,LOW,SRTM_30m_simulated,150
12.9172,74.90585,200.6,6.59,90.5,LOW,SRTM_30m_simulated,150
12.9172,74.9072,203.4,7.8,283.4,LOW,SRTM_30m_simulated,150
12.9172,74.90855,206.9,40.73,145.7,LOW,SRTM_30m_simulated,150
12.9172,74.9099,209.7,36.47,243.3,LOW,SRTM_30m_simulated,150
12.91855,74.81,5.0,3.97,176.3,MEDIUM,SRTM_30m_simulated,150
12.91855,74.81135,7.0,13.91,327.6,MEDIUM,SRTM_30m_simulated,150
12.91855,74.8127,9.5,4.34,209.1,MEDIUM,SRTM_30m_simulated,150
12.91855,74.81405,11.9,7.9,199.0,MEDIUM,SRTM_30m_simulated,150
12.91855,74.8154,13.9,2.34,137.2,MEDIUM,SRTM_30m_simulated,150
12.91855,74.81675,16.0,6.98,285.8,LOW,SRTM_30m_simulated,150
12.91855,74.8181,19.0,13.61,149.2,LOW,SRTM_30m_simulated,150
12.91855,74.81945,21.8,0.16,314.1,LOW,SRTM_30m_simulated,150
12.91855,74.8208,23.1,0.14,115.1,LOW,SRTM_30m_simulated,150
12.91855,74.82215,25.8,14.5,339.5,LOW,SRTM_30m_simulated,150
12.91855,74.8235,28.2,16.66,42.5,LOW,SRTM_30m_simulated,150
12.91855,74.82485,30.3,8.58,12.7,LOW,SRTM_30m_simulated,150
12.91855,74.8262,33.4,16.38,265.3,LOW,SRTM_30m_simulated,150
12.91855,74.82755,36.5,2.67,274.5,LOW,SRTM_30m_simulated,150
12.91855,74.8289,39.0,13.21,130.4,LOW,SRTM_30m_simulated,150
12.91855,74.83025,41.1,14.02,195.3,LOW,SRTM_30m_simulated,150
12.91855,74.8316,43.4,11.41,280.1,LOW,SRTM_30m_simulated,150
12.91855,74.83295,46.6,4.46,84.5,LOW,SRTM_30m_simulated,150
12.91855,74.8343,49.0,17.17,269.7,LOW,SRTM_30m_simulated,150
12.91855,74.83565,52.1,13.67,91.3,LOW,SRTM_30m_simulated,150
12.91855,74.837,54.3,0.67,328.4,LOW,SRTM_30m_simulated,150
12.91855,74.83835,57.3,14.52,240.6,LOW,SRTM_30m_simulated,150
12.91855,74.8397,59.6,10.59,152.5,LOW,SRTM_30m_simulated,150
12.91855,74.84105,62.8,8.43,65.1,LOW,SRTM_30m_simulated,150
12.91855,74.8424,64.6,11.56,264.1,LOW,SRTM_30m_simulated,150
12.91855,74.84375,68.0,2.84,39.8,LOW,SRTM_30m_simulated,150
12.91855,74.8451,70.4,6.69,283.3,LOW,SRTM_30m_simulated,150
12.91855,74.84645,73.6,3.25,77.5,LOW,SRTM_30m_simulated,150
12.91855,74.8478,76.4,16.77,143.0,LOW,SRTM_30m_simulated,150
12.91855,74.84915,77.9,14.06,356.3,LOW,SRTM_30m_simulated,150
12.91855,74.8505,80.8,21.91,344.3,LOW,SRTM_30m_simulated,150
12.91855,74.85185,83.5,13.23,255.1,LOW,SRTM_30m_simulated,150
12.91855,74.8532,86.7,14.82,58.0,LOW,SRTM_30m_simulated,150
12.91855,74.85455,88.9,9.44,94.1,LOW,SRTM_30m_simulated,150
12.91855,74.8559,90.9,13.53,326.8,LOW,SRTM_30m_simulated,150
12.91855,74.85725,93.9,3.92,96.0,LOW,SRTM_30m_simulated,150
12.91855,74.8586,97.2,14.91,290.3,LOW,SRTM_30m_simulated,150
12.91855,74.85995,99.7,3.72,267.8,LOW,SRTM_30m_simulated,150
12.91855,74.8613,103.5,16.5,185.7,LOW,SRTM_30m_simulated,150
12.91855,74.86265,105.9,16.79,246.9,LOW,SRTM_30m_simulated,150
12.91855,74.864,108.7,25.73,214.7,LOW,SRTM_30m_simulated,150
12.91855,74.86535,111.4,20.61,244.0,LOW,SRTM_30m_simulated,150
12.91855,74.8667,114.0,21.58,116.8,LOW,SRTM_30m_simulated,150
12.91855,74.86805,117.2,17.49,32.4,LOW,SRTM_30m_simulated,150
12.91855,74.8694,121.5,27.43,66.5,LOW,SRTM_30m_simulated,150
12.91855,74.87075,124.0,11.38,134.1,LOW,SRTM_30m_simulated,150
12.91855,74.8721,126.1,0.74,154.7,LOW,SRTM_30m_simulated,150
12.91855,74.87345,129.7,18.45,169.0,LOW,SRTM_30m_simulated,150
12.91855,74.8748,132.5,21.67,188.7,LOW,SRTM_30m_simulated,150
12.91855,74.87615,135.3,24.96,155.0,LOW,SRTM_30m_simulated,150
12.91855,74.8775,138.1,26.09,320.3,LOW,SRTM_30m_simulated,150
12.91855,74.87885,141.7,15.44,326.3,LOW,SRTM_30m_simulated,150
12.91855,74.8802,145.1,0.45,16.0,LOW,SRTM_30m_simulated,150
12.91855,74.88155,146.8,8.64,45.0,LOW,SRTM_30m_simulated,150
12.91855,74.8829,149.2,11.33,184.9,LOW,SRTM_30m_simulated,150
12.91855,74.88425,154.0,18.84,348.0,LOW,SRTM_30m_simulated,150
12.91855,74.8856,156.3,18.77,120.5,LOW,SRTM_30m_simulated,150
12.91855,74.88695,159.0,0.55,251.7,LOW,SRTM_30m_simulated,150
12.91855,74.8883,162.1,26.48,277.0,LOW,SRTM_30m_simulated,150
12.91855,74.88965,165.5,31.11,190.5,LOW,SRTM_30m_simulated,150
12.91855,74.891,167.9,16.35,206.0,LOW,SRTM_30m_simulated,150
12.91855,74.89235,171.7,27.68,137.1,LOW,SRTM_30m_simulated,150
12.91855,74.8937,174.7,32.38,105.9,LOW,SRTM_30m_simulated,150
12.91855,74.89505,176.9,33.68,253.2,LOW,SRTM_30m_simulated,150
12.91855,74.8964,179.6,33.48,134.5,LOW,SRTM_30m_simulated,150
12.91855,74.89775,183.0,30.0,35.2,LOW,SRTM_30m_simulated,150
12.91855,74.8991,185.9,14.72,217.1,LOW,SRTM_30m_simulated,150
12.91855,74.90045,189.4,16.08,148.1,LOW,SRTM_30m_simulated,150
12.91855,74.9018,190.8,2.26,74.7,LOW,SRTM_30m_simulated,150
12.91855,74.90315,195.1,27.51,15.1,LOW,SRTM_30m_simulated,150
12.91855,74.9045,197.4,35.65,237.6,LOW,SRTM_30m_simulated,150
12.91855,74.90585,201.3,34.48,13.3,LOW,SRTM_30m_simulated,150
12.91855,74.9072,203.9,30.75,176.4,LOW,SRTM_30m_simulated,150
12.91855,74.90855,206.9,21.12,0.1,LOW,SRTM_30m_simulated,150
12.91855,74.9099,209.6,21.75,8.8,LOW,SRTM_30m_simulated,150
12.9199,74.81,5.3,15.27,138.0,MEDIUM,SRTM_30m_simulated,150
12.9199,74.81135,7.6,2.66,290.6,MEDIUM,SRTM_30m_simulated,150
12.9199,74.8127,9.3,4.75,259.4,MEDIUM,SRTM_30m_simulated,150
12.9199,74.81405,11.3,13.53,193.7,MEDIUM,SRTM_30m_simulated,150
12.9199,74.8154,13.9,11.67,160.8,MEDIUM,SRTM_30m_simulated,150
12.9199,74.81675,17.1,10.43,229.1,LOW,SRTM_30m_simulated,150
12.9199,74.8181,17.8,4.63,107.6,LOW,SRTM_30m_simulated,150
12.9199,74.81945,21.6,15.45,132.7,LOW,SRTM_30m_simulated,150
12.9199,74.8208,23.3,9.88,220.1,LOW,SRTM_30m_simulated,150
12.9199,74.82215,26.2,0.44,331.4,LOW,SRTM_30m_simulated,150
12.9199,74.8235,28.1,8.94,153.1,LOW,SRTM_30m_simulated,150
12.9199,74.82485,31.2,5.03,89.3,LOW,SRTM_30m_simulated,150
12.9199,74.8262,34.0,17.7,171.2,LOW,SRTM_30m_simulated,150
12.9199,74.82755,35.7,8.29,339.6,LOW,SRTM_30m_simulated,150
12.9199,74.8289,38.8,0.35,214.8,LOW,SRTM_30m_simulated,150
12.9199,74.83025,41.9,12.85,359.5,LOW,SRTM_30m_simulated,150
12.9199,74.8316,43.5,0.62,157.1,LOW,SRTM_30m_simulated,150
12.9199,74.83295,47.2,12.85,210.3,LOW,SRTM_30m_simulated,150
12.9199,74.8343,48.6,9.9,306.2,LOW,SRTM_30m_simulated,150
12.9199,74.83565,52.0,5.99,86.3,LOW,SRTM_30m_simulated,150
12.9199,74.837,54.2,1.14,4.4,LOW,SRTM_30m_simulated,150
12.9199,74.83835,57.1,21.99,255.4,LOW,SRTM_30m_simulated,150
12.9199,74.8397,59.9,18.74,228.8,LOW,SRTM_30m_simulated,150
12.9199,74.84105,62.9,3.02,243.8,LOW,SRTM_30m_simulated,150
12.9199,74.8424,64.2,13.15,279.7,LOW,SRTM_30m_simulated,150
12.9199,74.84375,67.5,2.23,8.5,LOW,SRTM_30m_simulated,150
12.9199,74.8451,71.1,12.61,296.7,LOW,SRTM_30m_simulated,150
12.9199,74.84645,72.7,4.39,92.3,LOW,SRTM_30m_simulated,150
12.9199,74.8478,75.1,4.37,13.9,LOW,SRTM_30m_simulated,150
12.9199,74.84915,79.1,0.09,154.4,LOW,SRTM_30m_simulated,150
12.9199,74.8505,81.3,24.64,328.3,LOW,SRTM_30m_simulated,150
12.9199,74.85185,84.0,21.97,211.7,LOW,SRTM_30m_simulated,150
12.9199,74.8532,86.7,22.0,202.1,LOW,SRTM_30m_simulated,150
12.9199,74.85455,89.1,3.26,106.8,LOW,SRTM_30m_simulated,150
12.9199,74.8559,92.1,24.76,224.9,LOW,SRTM_30m_simulated,150
12.9199,74.85725,94.7,8.67,289.6,LOW,SRTM_30m_simulated,150
12.9199,74.8586,97.7,19.08,260.2,LOW,SRTM_30m_simulated,150
12.9199,74.85995,99.7,29.42,221.5,LOW,SRTM_30m_simulated,150
12.9199,74.8613,102.7,3.36,192.0,LOW,SRTM_30m_simulated,150
12.9199,74.86265,106.7,19.57,224.7,LOW,SRTM_30m_simulated,150
12.9199,74.864,108.8,22.71,68.3,LOW,SRTM_30m_simulated,150
12.9199,74.86535,111.2,11.95,99.0,LOW,SRTM_30m_simulated,150
12.9199,74.8667,114.8,28.45,349.9,LOW,SRTM_30m_simulated,150
12.9199,74.86805,117.4,17.17,49.2,LOW,SRTM_30m_simulated,150
12.9199,74.8694,120.3,19.19,61.0,LOW,SRTM_30m_simulated,150
12.9199,74.87075,123.2,0.32,353.0,LOW,SRTM_30m_simulated,150
12.9199,74.8721,127.1,16.51,260.0,LOW,SRTM_30m_simulated,150
12.9199,74.87345,129.9,17.78,310.8,LOW,SRTM_30m_simulated,150
12.9199,74.8748,132.4,15.82,323.2,LOW,SRTM_30m_simulated,150
12.9199,74.87615,136.1,31.08,242.0,LOW,SRTM_30m_simulated,150
12.9199,74.8775,138.0,0.93,312.9,LOW,SRTM_30m_simulated,150
12.9199,74.87885,141.4,2.8,66.5,LOW,SRTM_30m_simulated,150
12.9199,74.8802,144.5,27.81,140.3,LOW,SRTM_30m_simulated,150
12.9199,74.88155,148.1,18.68,227.4,LOW,SRTM_30m_simulated,150
12.9199,74.8829,150.4,18.73,264.2,LOW,SRTM_30m_simulated,150
12.9199,74.88425,153.1,18.65,228.1,LOW,SRTM_30m_simulated,150
12.9199,74.8856,155.7,2.34,337.2,LOW,SRTM_30m_simulated,150
12.9199,74.88695,159.0,32.07,237.2,LOW,SRTM_30m_simulated,150
12.9199,74.8883,160.9,36.33,37.5,LOW,SRTM_30m_simulated,150
12.9199,74.88965,165.7,16.92,206.7,LOW,SRTM_30m_simulated,150
12.9199,74.891,167.8,15.95,27.1,LOW,SRTM_30m_simulated,150
12.9199,74.89235,170.7,3.29,250.5,LOW,SRTM_30m_simulated,150
12.9199,74.8937,174.0,31.67,15.8,LOW,SRTM_30m_simulated,150
12.9199,74.89505,177.0,3.06,326.2,LOW,SRTM_30m_simulated,150
12.9199,74.8964,179.8,20.98,348.8,LOW,SRTM_30m_simulated,150
12.9199,74.89775,182.9,2.84,172.7,LOW,SRTM_30m_simulated,150
12.9199,74.8991,185.2,21.9,159.3,LOW,SRTM_30m_simulated,150
12.9199,74.90045,187.9,19.15,74.6,LOW,SRTM_30m_simulated,150
12.9199,74.9018,191.4,36.68,292.3,LOW,SRTM_30m_simulated,150
12.9199,74.90315,194.1,31.49,47.8,LOW,SRTM_30m_simulated,150
12.9199,74.9045,197.8,42.65,326.7,LOW,SRTM_30m_simulated,150
12.9199,74.90585,201.0,29.41,164.1,LOW,SRTM_30m_simulated,150
12.9199,74.9072,203.2,10.43,1.9,LOW,SRTM_30m_simulated,150
12.9199,74.90855,207.4,23.45,112.8,LOW,SRTM_30m_simulated,150
12.9199,74.9099,210.1,24.29,185.3,LOW,SRTM_30m_simulated,150
12.92125,74.81,5.1,0.75,140.6,MEDIUM,SRTM_30m_simulated,150
12.92125,74.81135,6.8,2.19,3.7,MEDIUM,SRTM_30m_simulated,150
12.92125,74.8127,9.7,2.47,257.2,MEDIUM,SRTM_30m_simulated,150
12.92125,74.81405,11.2,14.46,298.6,MEDIUM,SRTM_30m_simulated,150
12.92125,74.8154,14.2,9.34,323.0,MEDIUM,SRTM_30m_simulated,150
12.92125,74.81675,16.7,8.52,144.5,LOW,SRTM_30m_simulated,150
12.92125,74.8181,17.9,9.86,161.8,LOW,SRTM_30m_simulated,150
12.92125,74.81945,20.7,7.97,253.2,LOW,SRTM_30m_simulated,150
12.92125,74.8208,24.0,4.66,75.3,LOW,SRTM_30m_simulated,150
12.92125,74.82215,25.9,15.25,92.7,LOW,SRTM_30m_simulated,150
12.92125,74.8235,28.4,9.93,349.4,LOW,SRTM_30m_simulated,150
12.92125,74.82485,30.8,13.04,235.1,LOW,SRTM_30m_simulated,150
12.92125,74.8262,34.1,11.39,129.4,LOW,SRTM_30m_simulated,150
12.92125,74.82755,36.3,17.28,124.8,LOW,SRTM_30m_simulated,150
12.92125,74.8289,38.3,10.76,87.5,LOW,SRTM_30m_simulated,150
12.92125,74.83025,42.0,8.58,268.2,LOW,SRTM_30m_simulated,150
12.92125,74.8316,44.1,12.22,103.5,LOW,SRTM_30m_simulated,150
12.92125,74.83295,46.8,18.01,54.3,LOW,SRTM_30m_simulated,150
12.92125,74.8343,50.4,22.1,58.7,LOW,SRTM_30m_simulated,150
12.92125,74.83565,51.3,12.6,224.6,LOW,SRTM_30m_simulated,150
12.92125,74.837,54.3,2.62,14.0,LOW,SRTM_30m_simulated,150
12.92125,74.83835,57.3,9.29,245.2,LOW,SRTM_30m_simulated,150
12.92125,74.8397,59.7,10.57,324.4,LOW,SRTM_30m_simulated,150
12.92125,74.84105,62.4,14.23,347.8,LOW,SRTM_30m_simulated,150
12.92125,74.8424,65.4,17.95,198.7,LOW,SRTM_30m_simulated,150
12.92125,74.84375,68.1,16.49,328.6,LOW,SRTM_30m_simulated,150
12.92125,74.8451,69.6,0.14,239.8,LOW,SRTM_30m_simulated,150
12.92125,74.84645,73.4,11.76,94.4,LOW,SRTM_30m_simulated,150
12.92125,74.8478,76.3,10.92,332.2,LOW,SRTM_30m_simulated,150
12.92125,74.84915,77.8,12.09,60.6,LOW,SRTM_30m_simulated,150
12.92125,74.8505,80.8,18.97,253.0,LOW,SRTM_30m_simulated,150
12.92125,74.85185,82.9,6.56,214.1,LOW,SRTM_30m_simulated,150
12.92125,74.8532,87.2,20.69,326.8,LOW,SRTM_30m_simulated,150
12.92125,74.85455,89.4,15.87,163.1,LOW,SRTM_30m_simulated,150
12.92125,74.8559,92.5,20.18,169.3,LOW,SRTM_30m_simulated,150
12.92125,74.85725,94.5,26.99,84.2,LOW,SRTM_30m_simulated,150
12.92125,74.8586,96.6,14.95,215.6,LOW,SRTM_30m_simulated,150
12.92125,74.85995,99.5,8.48,201.8,LOW,SRTM_30m_simulated,150
12.92125,74.8613,102.4,14.97,239.3,LOW,SRTM_30m_simulated,150
12.92125,74.86265,106.0,7.74,203.8,LOW,SRTM_30m_simulated,150
12.92125,74.864,109.0,29.68,244.1,LOW,SRTM_30m_simulated,150
12.92125,74.86535,111.8,13.14,206.2,LOW,SRTM_30m_simulated,150
12.92125,74.8667,115.1,0.99,178.9,LOW,SRTM_30m_simulated,150
12.92125,74.86805,117.8,29.4,176.5,LOW,SRTM_30m_simulated,150
12.92125,74.8694,119.8,13.99,4.9,LOW,SRTM_30m_simulated,150
12.92125,74.87075,123.7,28.3,4.5,LOW,SRTM_30m_simulated,150
12.92125,74.8721,126.6,20.7,223.8,LOW,SRTM_30m_simulated,150
12.92125,74.87345,129.3,29.38,326.9,LOW,SRTM_30m_simulated,150
12.92125,74.8748,132.8,1.85,69.8,LOW,SRTM_30m_simulated,150
12.92125,74.87615,136.5,30.6,276.1,LOW,SRTM_30m_simulated,150
12.92125,74.8775,137.2,5.74,250.3,LOW,SRTM_30m_simulated,150
12.92125,74.87885,142.2,10.37,75.9,LOW,SRTM_30m_simulated,150
12.92125,74.8802,145.2,36.64,275.3,LOW,SRTM_30m_simulated,150
12.92125,74.88155,147.3,26.09,199.3,LOW,SRTM_30m_simulated,150
12.92125,74.8829,150.9,21.99,29.7,LOW,SRTM_30m_simulated,150
12.92125,74.88425,153.8,25.95,237.2,LOW,SRTM_30m_simulated,150
12.92125,74.8856,156.2,11.41,254.2,LOW,SRTM_30m_simulated,150
12.92125,74.88695,159.1,7.29,57.3,LOW,SRTM_30m_simulated,150
12.92125,74.8883,161.9,36.3,309.9,LOW,SRTM_30m_simulated,150
12.92125,74.88965,164.7,32.18,171.0,LOW,SRTM_30m_simulated,150
12.92125,74.891,167.8,10.07,3.1,LOW,SRTM_30m_simulated,150
12.92125,74.89235,171.4,15.16,181.0,LOW,SRTM_30m_simulated,150
12.92125,74.8937,174.4,14.47,191.0,LOW,SRTM_30m_simulated,150
12.92125,74.89505,176.3,24.47,298.2,LOW,SRTM_30m_simulated,150
12.92125,74.8964,180.1,14.29,5.5,LOW,SRTM_30m_simulated,150
12.92125,74.89775,182.7,41.78,274.3,LOW,SRTM_30m_simulated,150
12.92125,74.8991,186.1,23.95,157.9,LOW,SRTM_30m_simulated,150
12.92125,74.90045,189.3,14.34,218.6,LOW,SRTM_30m_simulated,150
12.92125,74.9018,192.3,14.51,108.1,LOW,SRTM_30m_simulated,150
12.92125,74.90315,195.4,39.93,265.3,LOW,SRTM_30m_simulated,150
12.92125,74.9045,198.1,13.89,33.2,LOW,SRTM_30m_simulated,150
12.92125,74.90585,200.8,14.52,291.2,LOW,SRTM_30m_simulated,150
12.92125,74.9072,203.5,9.27,51.7,LOW,SRTM_30m_simulated,150
12.92125,74.90855,205.8,5.55,88.3,LOW,SRTM_30m_simulated,150
12.92125,74.9099,210.0,31.42,355.1,LOW,SRTM_30m_simulated,150
12.9226,74.81,3.8,7.26,358.0,HIGH,SRTM_30m_simulated,150
12.9226,74.81135,6.8,9.12,232.4,MEDIUM,SRTM_30m_simulated,150
12.9226,74.8127,8.8,11.19,208.7,MEDIUM,SRTM_30m_simulated,150
12.9226,74.81405,12.0,8.33,101.5,MEDIUM,SRTM_30m_simulated,150
12.9226,74.8154,12.2,6.96,318.4,MEDIUM,SRTM_30m_simulated,150
12.9226,74.81675,16.7,16.45,342.4,LOW,SRTM_30m_simulated,150
12.9226,74.8181,18.3,8.8,332.7,LOW,SRTM_30m_simulated,150
12.9226,74.81945,20.8,16.48,357.1,LOW,SRTM_30m_simulated,150
12.9226,74.8208,23.6,1.85,305.9,LOW,SRTM_30m_simulated,150
12.9226,74.82215,25.7,18.2,77.4,LOW,SRTM_30m_simulated,150
12.9226,74.8235,28.7,5.29,296.1,LOW,SRTM_30m_simulated,150
12.9226,74.82485,31.4,10.84,111.5,LOW,SRTM_30m_simulated,150
12.9226,74.8262,33.3,18.31,63.3,LOW,SRTM_30m_simulated,150
12.9226,74.82755,35.5,10.68,99.2,LOW,SRTM_30m_simulated,150
12.9226,74.8289,38.9,14.97,108.8,LOW,SRTM_30m_simulated,150
12.9226,74.83025,41.0,13.2,117.3,LOW,SRTM_30m_simulated,150
12.9226,74.8316,44.3,18.7,353.4,LOW,SRTM_30m_simulated,150
12.9226,74.83295,46.4,7.11,291.3,LOW,SRTM_30m_simulated,150
12.9226,74.8343,50.2,21.86,145.0,LOW,SRTM_30m_simulated,150
12.9226,74.83565,51.8,16.5,14.4,LOW,SRTM_30m_simulated,150
12.9226,74.837,54.2,11.93,6.7,LOW,SRTM_30m_simulated,150
12.9226,74.83835,57.6,17.53,233.1,LOW,SRTM_30m_simulated,150
12.9226,74.8397,60.3,21.86,273.6,LOW,SRTM_30m_simulated,150
12.9226,74.84105,62.3,3.04,28.3,LOW,SRTM_30m_simulated,150
12.9226,74.8424,64.4,18.28,49.1,LOW,SRTM_30m_simulated,150
12.9226,74.84375,67.7,21.94,49.3,LOW,SRTM_30m_simulated,150
12.9226,74.8451,70.5,2.81,53.1,LOW,SRTM_30m_simulated,150
12.9226,74.84645,73.6,5.3,358.8,LOW,SRTM_30m_simulated,150
12.9226,74.8478,75.2,15.26,318.1,LOW,SRTM_30m_simulated,150
12.9226,74.84915,78.9,25.09,27.9,LOW,SRTM_30m_simulated,150
12.9226,74.8505,80.9,15.43,68.9,LOW,SRTM_30m_simulated,150
12.9226,74.85185,83.2,19.6,337.1,LOW,SRTM_30m_simulated,150
12.9226,74.8532,86.0,25.59,333.3,LOW,SRTM_30m_simulated,150
12.9226,74.85455,89.1,24.75,252.1,LOW,SRTM_30m_simulated,150
12.9226,74.8559,92.2,18.4,230.7,LOW,SRTM_30m_simulated,150
12.9226,74.85725,94.5,1.67,260.2,LOW,SRTM_30m_simulated,150
12.9226,74.8586,97.8,5.0,35.3,LOW,SRTM_30m_simulated,150
12.9226,74.85995,99.4,28.72,206.9,LOW,SRTM_30m_simulated,150
12.9226,74.8613,102.1,4.29,165.0,LOW,SRTM_30m_simulated,150
12.9226,74.86265,105.4,24.47,233.5,LOW,SRTM_30m_simulated,150
12.9226,74.864,109.6,22.13,358.1,LOW,SRTM_30m_simulated,150
12.9226,74.86535,111.8,10.63,330.1,LOW,SRTM_30m_simulated,150
12.9226,74.8667,114.5,9.06,215.9,LOW,SRTM_30m_simulated,150
12.9226,74.86805,117.2,9.04,62.2,LOW,SRTM_30m_simulated,150
12.9226,74.8694,120.0,19.23,167.1,LOW,SRTM_30m_simulated,150
12.9226,74.87075,123.4,33.02,319.5,LOW,SRTM_30m_simulated,150
12.9226,74.8721,126.6,3.77,135.9,LOW,SRTM_30m_simulated,150
12.9226,74.87345,129.6,28.53,71.6,LOW,SRTM_30m_simulated,150
12.9226,74.8748,133.0,21.18,179.5,LOW,SRTM_30m_simulated,150
12.9226,74.87615,135.0,25.58,304.9,LOW,SRTM_30m_simulated,150
12.9226,74.8775,139.2,28.45,311.7,LOW,SRTM_30m_simulated,150
12.9226,74.87885,141.4,5.41,118.8,LOW,SRTM_30m_simulated,150
12.9226,74.8802,144.1,12.28,199.1,LOW,SRTM_30m_simulated,150
12.9226,74.88155,147.9,10.75,2.8,LOW,SRTM_30m_simulated,150
12.9226,74.8829,150.4,29.49,159.8,LOW,SRTM_30m_simulated,150
12.9226,74.88425,152.8,33.77,302.7,LOW,SRTM_30m_simulated,150
12.9226,74.8856,156.5,18.98,300.1,LOW,SRTM_30m_simulated,150
12.9226,74.88695,159.0,37.3,156.7,LOW,SRTM_30m_simulated,150
12.9226,74.8883,161.9,26.42,248.4,LOW,SRTM_30m_simulated,150
12.9226,74.88965,164.8,10.75,267.2,LOW,SRTM_30m_simulated,150
12.9226,74.891,168.7,40.15,197.9,LOW,SRTM_30m_simulated,150
12.9226,74.89235,171.3,15.68,232.9,LOW,SRTM_30m_simulated,150
12.9226,74.8937,173.8,20.76,89.7,LOW,SRTM_30m_simulated,150
12.9226,74.89505,177.5,28.8,348.7,LOW,SRTM_30m_simulated,150
12.9226,74.8964,180.0,10.71,100.6,LOW,SRTM_30m_simulated,150
12.9226,74.89775,183.3,5.79,347.9,LOW,SRTM_30m_simulated,150
12.9226,74.8991,186.0,35.78,11.8,LOW,SRTM_30m_simulated,150
12.9226,74.90045,189.7,28.51,292.8,LOW,SRTM_30m_simulated,150
12.9226,74.9018,192.0,39.32,335.4,LOW,SRTM_30m_simulated,150
12.9226,74.90315,194.6,34.36,84.9,LOW,SRTM_30m_simulated,150
12.9226,74.9045,197.9,4.6,330.5,LOW,SRTM_30m_simulated,150
12.9226,74.90585,201.3,24.62,235.1,LOW,SRTM_30m_simulated,150
12.9226,74.9072,203.9,5.77,203.2,LOW,SRTM_30m_simulated,150
12.9226,74.90855,206.2,25.66,249.0,LOW,SRTM_30m_simulated,150
12.9226,74.9099,208.9,45.34,11.2,LOW,SRTM_30m_simulated,150
12.92395,74.81,4.9,5.43,339.4,HIGH,SRTM_30m_simulated,150
12.92395,74.81135,7.0,8.95,300.1,MEDIUM,SRTM_30m_simulated,150
12.92395,74.8127,9.3,1.23,213.0,MEDIUM,SRTM_30m_simulated,150
12.92395,74.81405,10.3,7.03,150.0,MEDIUM,SRTM_30m_simulated,150
12.92395,74.8154,13.8,6.69,204.9,MEDIUM,SRTM_30m_simulated,150
12.92395,74.81675,16.7,12.41,11.9,LOW,SRTM_30m_simulated,150
12.92395,74.8181,18.4,15.09,87.7,LOW,SRTM_30m_simulated,150
12.92395,74.81945,21.4,16.44,56.9,LOW,SRTM_30m_simulated,150
12.92395,74.8208,23.7,11.63,56.1,LOW,SRTM_30m_simulated,150
12.92395,74.82215,25.7,17.49,254.0,LOW,SRTM_30m_simulated,150
12.92395,74.8235,27.8,0.22,341.6,LOW,SRTM_30m_simulated,150
12.92395,74.82485,30.8,17.92,358.6,LOW,SRTM_30m_simulated,150
12.92395,74.8262,33.2,15.8,344.0,LOW,SRTM_30m_simulated,150
12.92395,74.82755,35.9,1.76,109.8,LOW,SRTM_30m_simulated,150
12.92395,74.8289,38.5,9.94,191.8,LOW,SRTM_30m_simulated,150
12.92395,74.83025,41.4,17.07,252.3,LOW,SRTM_30m_simulated,150
12.92395,74.8316,43.0,3.99,155.1,LOW,SRTM_30m_simulated,150
12.92395,74.83295,47.4,3.42,259.8,LOW,SRTM_30m_simulated,150
12.92395,74.8343,49.3,9.03,284.0,LOW,SRTM_30m_simulated,150
12.92395,74.83565,51.8,4.72,20.3,LOW,SRTM_30m_simulated,150
12.92395,74.837,54.0,1.12,170.3,LOW,SRTM_30m_simulated,150
12.92395,74.83835,57.0,10.41,130.2,LOW,SRTM_30m_simulated,150
12.92395,74.8397,59.0,17.78,188.1,LOW,SRTM_30m_simulated,150
12.92395,74.84105,62.6,16.89,320.3,LOW,SRTM_30m_simulated,150
12.92395,74.8424,64.9,23.47,81.6,LOW,SRTM_30m_simulated,150
12.92395,74.84375,67.5,6.56,28.9,LOW,SRTM_30m_simulated,150
12.92395,74.8451,69.8,20.45,183.8,LOW,SRTM_30m_simulated,150
12.92395,74.84645,73.6,3.03,9.3,LOW,SRTM_30m_simulated,150
12.92395,74.8478,75.5,10.91,170.6,LOW,SRTM_30m_simulated,150
12.92395,74.84915,77.9,2.28,55.6,LOW,SRTM_30m_simulated,150
12.92395,74.8505,81.4,12.81,23.7,LOW,SRTM_30m_simulated,150
12.92395,74.85185,83.4,9.11,331.4,LOW,SRTM_30m_simulated,150
12.92395,74.8532,86.1,0.81,46.9,LOW,SRTM_30m_simulated,150
12.92395,74.85455,88.8,12.64,200.2,LOW,SRTM_30m_simulated,150
12.92395,74.8559,91.7,20.05,358.4,LOW,SRTM_30m_simulated,150
12.92395,74.85725,94.9,4.24,171.3,LOW,SRTM_30m_simulated,150
12.92395,74.8586,97.5,22.04,195.4,LOW,SRTM_30m_simulated,150
12.92395,74.85995,99.7,20.37,157.9,LOW,SRTM_30m_simulated,150
12.92395,74.8613,102.3,28.02,160.7,LOW,SRTM_30m_simulated,150
12.92395,74.86265,105.8,10.65,138.9,LOW,SRTM_30m_simulated,150
12.92395,74.864,108.1,9.25,79.7,LOW,SRTM_30m_simulated,150
12.92395,74.86535,111.8,3.25,12.9,LOW,SRTM_30m_simulated,150
12.92395,74.8667,113.9,8.42,215.1,LOW,SRTM_30m_simulated,150
12.92395,74.86805,117.8,16.16,33.2,LOW,SRTM_30m_simulated,150
12.92395,74.8694,121.0,6.44,139.2,LOW,SRTM_30m_simulated,150
12.92395,74.87075,123.5,21.15,117.3,LOW,SRTM_30m_simulated,150
12.92395,74.8721,126.3,5.35,29.6,LOW,SRTM_30m_simulated,150
12.92395,74.87345,129.8,10.39,328.4,LOW,SRTM_30m_simulated,150
12.92395,74.8748,132.4,1.64,26.1,LOW,SRTM_30m_simulated,150
12.92395,74.87615,135.6,22.08,351.8,LOW,SRTM_30m_simulated,150
12.92395,74.8775,138.5,6.6,266.7,LOW,SRTM_30m_simulated,150
12.92395,74.87885,141.7,21.66,230.5,LOW,SRTM_30m_simulated,150
12.92395,74.8802,144.1,28.52,334.0,LOW,SRTM_30m_simulated,150
12.92395,74.88155,146.9,36.25,248.8,LOW,SRTM_30m_simulated,150
12.92395,74.8829,149.9,14.93,335.9,LOW,SRTM_30m_simulated,150
12.92395,74.88425,153.1,13.38,273.3,LOW,SRTM_30m_simulated,150
12.92395,74.8856,156.4,8.08,32.4,LOW,SRTM_30m_simulated,150
12.92395,74.88695,158.6,15.22,193.3,LOW,SRTM_30m_simulated,150
12.92395,74.8883,162.3,33.89,295.2,LOW,SRTM_30m_simulated,150
12.92395,74.88965,164.1,4.4,240.1,LOW,SRTM_30m_simulated,150
12.92395,74.891,167.7,38.5,190.8,LOW,SRTM_30m_simulated,150
12.92395,74.89235,170.6,35.69,223.9,LOW,SRTM_30m_simulated,150
12.92395,74.8937,174.1,6.99,124.1,LOW,SRTM_30m_simulated,150
12.92395,74.89505,177.5,11.36,326.5,LOW,SRTM_30m_simulated,150
12.92395,74.8964,179.9,7.86,162.1,LOW,SRTM_30m_simulated,150
12.92395,74.89775,182.8,23.65,325.6,LOW,SRTM_30m_simulated,150
12.92395,74.8991,185.5,13.46,157.9,LOW,SRTM_30m_simulated,150
12.92395,74.90045,189.4,43.3,256.4,LOW,SRTM_30m_simulated,150
12.92395,74.9018,191.4,15.53,250.1,LOW,SRTM_30m_simulated,150
12.92395,74.90315,194.6,36.32,265.4,LOW,SRTM_30m_simulated,150
12.92395,74.9045,198.5,24.82,45.4,LOW,SRTM_30m_simulated,150
12.92395,74.90585,200.6,25.8,174.0,LOW,SRTM_30m_simulated,150
12.92395,74.9072,204.7,11.98,69.7,LOW,SRTM_30m_simulated,150
12.92395,74.90855,205.5,25.47,170.4,LOW,SRTM_30m_simulated,150
12.92395,74.9099,209.9,28.8,103.3,LOW,SRTM_30m_simulated,150
12.9253,74.81,5.5,13.21,126.6,MEDIUM,SRTM_30m_simulated,150
12.9253,74.81135,6.9,6.58,240.7,MEDIUM,SRTM_30m_simulated,150
12.9253,74.8127,8.9,10.7,115.7,MEDIUM,SRTM_30m_simulated,150
12.9253,74.81405,12.7,14.8,152.8,MEDIUM,SRTM_30m_simulated,150
12.9253,74.8154,13.3,8.97,116.0,MEDIUM,SRTM_30m_simulated,150
12.9253,74.81675,15.7,14.84,325.3,LOW,SRTM_30m_simulated,150
12.9253,74.8181,19.0,3.55,146.5,LOW,SRTM_30m_simulated,150
12.9253,74.81945,20.5,4.57,31.8,LOW,SRTM_30m_simulated,150
12.9253,74.8208,23.3,12.13,77.4,LOW,SRTM_30m_simulated,150
12.9253,74.82215,25.2,0.94,92.8,LOW,SRTM_30m_simulated,150
12.9253,74.8235,27.6,13.24,121.7,LOW,SRTM_30m_simulated,150
12.9253,74.82485,31.0,11.77,187.8,LOW,SRTM_30m_simulated,150
12.9253,74.8262,32.7,12.44,196.2,LOW,SRTM_30m_simulated,150
12.9253,74.82755,36.3,2.0,344.2,LOW,SRTM_30m_simulated,150
12.9253,74.8289,38.2,18.87,173.0,LOW,SRTM_30m_simulated,150
12.9253,74.83025,40.9,7.01,155.5,LOW,SRTM_30m_simulated,150
12.9253,74.8316,43.8,17.62,173.9,LOW,SRTM_30m_simulated,150
12.9253,74.83295,47.1,19.92,273.5,LOW,SRTM_30m_simulated,150
12.9253,74.8343,48.9,18.64,124.2,LOW,SRTM_30m_simulated,150
12.9253,74.83565,51.2,1.1,242.2,LOW,SRTM_30m_simulated,150
12.9253,74.837,54.1,12.31,16.5,LOW,SRTM_30m_simulated,150
12.9253,74.83835,57.1,7.93,258.5,LOW,SRTM_30m_simulated,150
12.9253,74.8397,59.6,3.21,185.1,LOW,SRTM_30m_simulated,150
12.9253,74.84105,62.3,12.67,121.9,LOW,SRTM_30m_simulated,150
12.9253,74.8424,65.1,5.3,255.6,LOW,SRTM_30m_simulated,150
12.9253,74.84375,66.9,6.42,51.3,LOW,SRTM_30m_simulated,150
12.9253,74.8451,70.7,10.08,320.9,LOW,SRTM_30m_simulated,150
12.9253,74.84645,72.9,11.78,39.0,LOW,SRTM_30m_simulated,150
12.9253,74.8478,75.7,23.96,124.7,LOW,SRTM_30m_simulated,150
12.9253,74.84915,78.8,2.86,196.1,LOW,SRTM_30m_simulated,150
12.9253,74.8505,82.1,0.02,350.9,LOW,SRTM_30m_simulated,150
12.9253,74.85185,84.2,14.88,97.5,LOW,SRTM_30m_simulated,150
12.9253,74.8532,86.1,10.2,117.6,LOW,SRTM_30m_simulated,150
12.9253,74.85455,89.9,23.34,325.4,LOW,SRTM_30m_simulated,150
12.9253,74.8559,91.4,24.14,130.8,LOW,SRTM_30m_simulated,150
12.9253,74.85725,95.1,15.83,122.6,LOW,SRTM_30m_simulated,150
12.9253,74.8586,96.3,17.12,316.1,LOW,SRTM_30m_simulated,150
12.9253,74.85995,100.0,29.11,84.8,LOW,SRTM_30m_simulated,150
12.9253,74.8613,102.8,25.49,25.2,LOW,SRTM_30m_simulated,150
12.9253,74.86265,106.2,24.56,212.9,LOW,SRTM_30m_simulated,150
12.9253,74.864,109.1,6.36,8.7,LOW,SRTM_30m_simulated,150
12.9253,74.86535,111.6,6.48,180.5,LOW,SRTM_30m_simulated,150
12.9253,74.8667,115.2,11.38,299.5,LOW,SRTM_30m_simulated,150
12.9253,74.86805,117.8,5.81,89.4,LOW,SRTM_30m_simulated,150
12.9253,74.8694,120.4,29.51,229.6,LOW,SRTM_30m_simulated,150
12.9253,74.87075,123.1,18.6,194.6,LOW,SRTM_30m_simulated,150
12.9253,74.8721,126.8,21.34,329.4,LOW,SRTM_30m_simulated,150
12.9253,74.87345,129.7,12.6,167.7,LOW,SRTM_30m_simulated,150
12.9253,74.8748,132.6,23.83,149.6,LOW,SRTM_30m_simulated,150
12.9253,74.87615,135.3,27.92,85.6,LOW,SRTM_30m_simulated,150
12.9253,74.8775,138.4,15.25,162.0,LOW,SRTM_30m_simulated,150
12.9253,74.87885,141.0,8.62,132.9,LOW,SRTM_30m_simulated,150
12.9253,74.8802,144.1,31.61,230.3,LOW,SRTM_30m_simulated,150
12.9253,74.88155,146.8,36.35,76.4,LOW,SRTM_30m_simulated,150
12.9253,74.8829,150.4,8.62,12.7,LOW,SRTM_30m_simulated,150
12.9253,74.88425,153.0,18.08,265.2,LOW,SRTM_30m_simulated,150
12.9253,74.8856,156.1,26.75,34.7,LOW,SRTM_30m_simulated,150
12.9253,74.88695,158.3,35.33,326.9,LOW,SRTM_30m_simulated,150
12.9253,74.8883,162.1,16.01,284.8,LOW,SRTM_30m_simulated,150
12.9253,74.88965,164.9,10.15,47.5,LOW,SRTM_30m_simulated,150
12.9253,74.891,168.1,6.82,332.3,LOW,SRTM_30m_simulated,150
12.9253,74.89235,170.6,39.0,322.2,LOW,SRTM_30m_simulated,150
12.9253,74.8937,175.3,14.6,313.0,LOW,SRTM_30m_simulated,150
12.9253,74.89505,177.2,5.54,163.2,LOW,SRTM_30m_simulated,150
12.9253,74.8964,180.3,34.41,211.6,LOW,SRTM_30m_simulated,150
12.9253,74.89775,182.4,8.46,14.0,LOW,SRTM_30m_simulated,150
12.9253,74.8991,186.2,2.43,21.8,LOW,SRTM_30m_simulated,150
12.9253,74.90045,188.5,5.31,124.0,LOW,SRTM_30m_simulated,150
12.9253,74.9018,191.7,6.5,326.9,LOW,SRTM_30m_simulated,150
12.9253,74.90315,194.4,39.44,147.8,LOW,SRTM_30m_simulated,150
12.9253,74.9045,197.1,32.1,171.9,LOW,SRTM_30m_simulated,150
12.9253,74.90585,201.1,38.62,340.2,LOW,SRTM_30m_simulated,150
12.9253,74.9072,204.3,30.32,337.3,LOW,SRTM_30m_simulated,150
12.9253,74.90855,206.5,1.41,195.6,LOW,SRTM_30m_simulated,150
12.9253,74.9099,209.3,16.42,116.3,LOW,SRTM_30m_simulated,150
12.92665,74.81,4.8,10.07,69.4,HIGH,SRTM_30m_simulated,150
12.92665,74.81135,8.0,10.79,213.7,MEDIUM,SRTM_30m_simulated,150
12.92665,74.8127,9.2,6.09,195.2,MEDIUM,SRTM_30m_simulated,150
12.92665,74.81405,12.4,2.42,35.1,MEDIUM,SRTM_30m_simulated,150
12.92665,74.8154,14.9,12.76,90.9,MEDIUM,SRTM_30m_simulated,150
12.92665,74.81675,15.3,10.57,75.1,LOW,SRTM_30m_simulated,150
12.92665,74.8181,17.9,15.72,276.4,LOW,SRTM_30m_simulated,150
12.92665,74.81945,21.4,9.96,248.5,LOW,SRTM_30m_simulated,150
12.92665,74.8208,24.2,11.21,50.0,LOW,SRTM_30m_simulated,150
12.92665,74.82215,26.2,4.87,324.2,LOW,SRTM_30m_simulated,150
12.92665,74.8235,28.5,4.75,6.4,LOW,SRTM_30m_simulated,150
12.92665,74.82485,30.7,8.6,267.6,LOW,SRTM_30m_simulated,150
12.92665,74.8262,33.7,5.03,265.0,LOW,SRTM_30m_simulated,150
12.92665,74.82755,36.3,12.81,220.5,LOW,SRTM_30m_simulated,150
12.92665,74.8289,38.4,7.07,57.7,LOW,SRTM_30m_simulated,150
12.92665,74.83025,40.9,1.14,100.6,LOW,SRTM_30m_simulated,150
12.92665,74.8316,44.1,17.16,244.5,LOW,SRTM_30m_simulated,150
12.92665,74.83295,46.1,0.79,232.5,LOW,SRTM_30m_simulated,150
12.92665,74.8343,49.1,12.2,346.9,LOW,SRTM_30m_simulated,150
12.92665,74.83565,50.6,13.64,150.9,LOW,SRTM_30m_simulated,150
12.92665,74.837,53.7,2.24,336.6,LOW,SRTM_30m_simulated,150
12.92665,74.83835,57.5,2.84,148.8,LOW,SRTM_30m_simulated,150
12.92665,74.8397,59.6,7.58,148.7,LOW,SRTM_30m_simulated,150
12.92665,74.84105,62.3,9.01,26.8,LOW,SRTM_30m_simulated,150
12.92665,74.8424,64.7,11.84,143.5,LOW,SRTM_30m_simulated,150
12.92665,74.84375,68.3,0.35,258.3,LOW,SRTM_30m_simulated,150
12.92665,74.8451,70.7,25.27,89.5,LOW,SRTM_30m_simulated,150
12.92665,74.84645,72.7,25.84,251.5,LOW,SRTM_30m_simulated,150
12.92665,74.8478,76.2,12.08,164.3,LOW,SRTM_30m_simulated,150
12.92665,74.84915,77.8,14.44,283.4,LOW,SRTM_30m_simulated,150
12.92665,74.8505,80.6,25.77,127.0,LOW,SRTM_30m_simulated,150
12.92665,74.85185,83.7,7.0,27.2,LOW,SRTM_30m_simulated,150
12.92665,74.8532,87.4,17.61,109.6,LOW,SRTM_30m_simulated,150
12.92665,74.85455,90.2,7.2,129.2,LOW,SRTM_30m_simulated,150
12.92665,74.8559,91.4,20.65,277.9,LOW,SRTM_30m_simulated,150
12.92665,74.85725,95.1,24.09,315.2,LOW,SRTM_30m_simulated,150
12.92665,74.8586,97.4,16.06,232.5,LOW,SRTM_30m_simulated,150
12.92665,74.85995,99.8,25.29,240.8,LOW,SRTM_30m_simulated,150
12.92665,74.8613,103.1,18.83,76.8,LOW,SRTM_30m_simulated,150
12.92665,74.86265,106.5,5.58,42.2,LOW,SRTM_30m_simulated,150
12.92665,74.864,108.9,1.71,202.3,LOW,SRTM_30m_simulated,150
12.92665,74.86535,112.0,12.85,282.3,LOW,SRTM_30m_simulated,150
12.92665,74.8667,115.5,19.09,4.6,LOW,SRTM_30m_simulated,150
12.92665,74.86805,117.9,14.76,63.7,LOW,SRTM_30m_simulated,150
12.92665,74.8694,120.3,25.28,36.3,LOW,SRTM_30m_simulated,150
12.92665,74.87075,123.7,33.55,120.7,LOW,SRTM_30m_simulated,150
12.92665,74.8721,126.3,2.12,292.2,LOW,SRTM_30m_simulated,150
12.92665,74.87345,129.1,26.22,354.3,LOW,SRTM_30m_simulated,150
12.92665,74.8748,131.9,4.39,320.2,LOW,SRTM_30m_simulated,150
12.92665,74.87615,135.5,31.22,9.2,LOW,SRTM_30m_simulated,150
12.92665,74.8775,138.0,25.98,169.7,LOW,SRTM_30m_simulated,150
12.92665,74.87885,142.3,36.08,215.6,LOW,SRTM_30m_simulated,150
12.92665,74.8802,145.4,18.42,321.3,LOW,SRTM_30m_simulated,150
12.92665,74.88155,146.8,4.34,351.0,LOW,SRTM_30m_simulated,150
12.92665,74.8829,150.1,6.56,254.5,LOW,SRTM_30m_simulated,150
12.92665,74.88425,153.2,1.52,198.7,LOW,SRTM_30m_simulated,150
12.92665,74.8856,157.2,7.01,187.7,LOW,SRTM_30m_simulated,150
12.92665,74.88695,159.0,10.18,133.7,LOW,SRTM_30m_simulated,150
12.92665,74.8883,162.0,3.02,342.6,LOW,SRTM_30m_simulated,150
12.92665,74.88965,165.3,22.05,217.6,LOW,SRTM_30m_simulated,150
12.92665,74.891,167.8,32.86,78.0,LOW,SRTM_30m_simulated,150
12.92665,74.89235,170.1,29.71,351.2,LOW,SRTM_30m_simulated,150
12.92665,74.8937,174.6,33.76,24.9,LOW,SRTM_30m_simulated,150
12.92665,74.89505,176.1,37.1,240.6,LOW,SRTM_30m_simulated,150
12.92665,74.8964,179.8,10.65,106.4,LOW,SRTM_30m_simulated,150
12.92665,74.89775,182.8,22.0,188.8,LOW,SRTM_30m_simulated,150
12.92665,74.8991,186.2,13.83,329.7,LOW,SRTM_30m_simulated,150
12.92665,74.90045,188.9,13.08,194.9,LOW,SRTM_30m_simulated,150
12.92665,74.9018,192.8,10.9,213.2,LOW,SRTM_30m_simulated,150
12.92665,74.90315,194.7,8.8,333.5,LOW,SRTM_30m_simulated,150
12.92665,74.9045,197.7,4.39,127.5,LOW,SRTM_30m_simulated,150
12.92665,74.90585,200.4,43.08,264.0,LOW,SRTM_30m_simulated,150
12.92665,74.9072,203.0,6.68,5.7,LOW,SRTM_30m_simulated,150
12.92665,74.90855,206.1,9.57,132.8,LOW,SRTM_30m_simulated,150
12.92665,74.9099,209.5,7.36,187.1,LOW,SRTM_30m_simulated,150
12.928,74.81,5.0,11.67,292.5,MEDIUM,SRTM_30m_simulated,150
12.928,74.81135,7.5,0.35,6.8,MEDIUM,SRTM_30m_simulated,150
12.928,74.8127,9.0,7.51,5.5,MEDIUM,SRTM_30m_simulated,150
12.928,74.81405,11.9,7.32,256.8,MEDIUM,SRTM_30m_simulated,150
12.928,74.8154,14.0,0.64,221.7,MEDIUM,SRTM_30m_simulated,150
12.928,74.81675,16.5,15.47,82.8,LOW,SRTM_30m_simulated,150
12.928,74.8181,18.3,7.19,349.6,LOW,SRTM_30m_simulated,150
12.928,74.81945,21.4,16.49,72.8,LOW,SRTM_30m_simulated,150
12.928,74.8208,24.4,0.39,226.1,LOW,SRTM_30m_simulated,150
12.928,74.82215,25.4,1.41,104.6,LOW,SRTM_30m_simulated,150
12.928,74.8235,28.7,0.63,80.3,LOW,SRTM_30m_simulated,150
12.928,74.82485,30.6,1.26,304.5,LOW,SRTM_30m_simulated,150
12.928,74.8262,33.9,9.58,91.3,LOW,SRTM_30m_simulated,150
12.928,74.82755,35.5,1.88,23.6,LOW,SRTM_30m_simulated,150
12.928,74.8289,38.6,4.55,218.9,LOW,SRTM_30m_simulated,150
12.928,74.83025,41.8,14.25,176.1,LOW,SRTM_30m_simulated,150
12.928,74.8316,44.5,17.07,186.5,LOW,SRTM_30m_simulated,150
12.928,74.83295,45.5,19.73,298.6,LOW,SRTM_30m_simulated,150
12.928,74.8343,49.9,16.79,206.7,LOW,SRTM_30m_simulated,150
12.928,74.83565,51.3,19.37,38.7,LOW,SRTM_30m_simulated,150
12.928,74.837,54.5,0.59,227.1,LOW,SRTM_30m_simulated,150
12.928,74.83835,57.3,9.23,93.8,LOW,SRTM_30m_simulated,150
12.928,74.8397,59.2,8.35,64.0,LOW,SRTM_30m_simulated,150
12.928,74.84105,62.6,2.21,179.5,LOW,SRTM_30m_simulated,150
12.928,74.8424,65.9,15.77,10.1,LOW,SRTM_30m_simulated,150
12.928,74.84375,68.3,16.42,273.9,LOW,SRTM_30m_simulated,150
12.928,74.8451,70.6,5.63,1.4,LOW,SRTM_30m_simulated,150
12.928,74.84645,73.0,0.75,347.8,LOW,SRTM_30m_simulated,150
12.928,74.8478,75.7,7.27,93.1,LOW,SRTM_30m_simulated,150
12.928,74.84915,78.5,14.08,220.8,LOW,SRTM_30m_simulated,150
12.928,74.8505,80.1,11.62,327.7,LOW,SRTM_30m_simulated,150
12.928,74.85185,82.6,17.5,190.2,LOW,SRTM_30m_simulated,150
12.928,74.8532,86.6,0.29,304.1,LOW,SRTM_30m_simulated,150
12.928,74.85455,89.2,21.43,142.6,LOW,SRTM_30m_simulated,150
12.928,74.8559,91.8,5.3,268.9,LOW,SRTM_30m_simulated,150
12.928,74.85725,95.3,23.08,310.1,LOW,SRTM_30m_simulated,150
12.928,74.8586,98.0,14.43,32.3,LOW,SRTM_30m_simulated,150
12.928,74.85995,99.7,8.41,87.5,LOW,SRTM_30m_simulated,150
12.928,74.8613,103.2,12.67,300.6,LOW,SRTM_30m_simulated,150
12.928,74.86265,105.4,7.75,117.8,LOW,SRTM_30m_simulated,150
12.928,74.864,108.6,27.42,280.0,LOW,SRTM_30m_simulated,150
12.928,74.86535,112.1,8.94,23.7,LOW,SRTM_30m_simulated,150
12.928,74.8667,114.4,16.18,160.6,LOW,SRTM_30m_simulated,150
12.928,74.86805,118.2,12.92,290.6,LOW,SRTM_30m_simulated,150
12.928,74.8694,120.6,19.53,33.8,LOW,SRTM_30m_simulated,150
12.928,74.87075,123.9,2.54,121.0,LOW,SRTM_30m_simulated,150
12.928,74.8721,126.4,18.0,163.1,LOW,SRTM_30m_simulated,150
12.928,74.87345,128.8,1.18,176.9,LOW,SRTM_30m_simulated,150
12.928,74.8748,132.1,31.72,310.8,LOW,SRTM_30m_simulated,150
12.928,74.87615,136.0,31.52,49.7,LOW,SRTM_30m_simulated,150
12.928,74.8775,137.9,0.36,19.4,LOW,SRTM_30m_simulated,150
12.928,74.87885,140.9,20.0,345.8,LOW,SRTM_30m_simulated,150
12.928,74.8802,144.1,3.01,350.6,LOW,SRTM_30m_simulated,150
12.928,74.88155,147.9,23.61,63.2,LOW,SRTM_30m_simulated,150
12.928,74.8829,150.9,13.6,269.0,LOW,SRTM_30m_simulated,150
12.928,74.88425,153.2,24.77,124.4,LOW,SRTM_30m_simulated,150
12.928,74.8856,155.5,7.58,117.9,LOW,SRTM_30m_simulated,150
12.928,74.88695,159.4,16.33,118.0,LOW,SRTM_30m_simulated,150
12.928,74.8883,162.0,31.44,115.9,LOW,SRTM_30m_simulated,150
12.928,74.88965,166.1,29.89,178.8,LOW,SRTM_30m_simulated,150
12.928,74.891,167.3,36.92,252.4,LOW,SRTM_30m_simulated,150
12.928,74.89235,169.5,1.9,305.6,LOW,SRTM_30m_simulated,150
12.928,74.8937,174.7,30.73,45.3,LOW,SRTM_30m_simulated,150
12.928,74.89505,178.4,12.48,131.2,LOW,SRTM_30m_simulated,150
12.928,74.8964,180.2,28.5,269.7,LOW,SRTM_30m_simulated,150
12.928,74.89775,181.8,35.03,167.4,LOW,SRTM_30m_simulated,150
12.928,74.8991,186.4,4.14,108.3,LOW,SRTM_30m_simulated,150
12.928,74.90045,188.5,42.84,299.5,LOW,SRTM_30m_simulated,150
12.928,74.9018,191.8,11.23,217.5,LOW,SRTM_30m_simulated,150
12.928,74.90315,194.5,0.65,145.2,LOW,SRTM_30m_simulated,150
12.928,74.9045,197.6,3.02,107.7,LOW,SRTM_30m_simulated,150
12.928,74.90585,200.6,6.95,318.6,LOW,SRTM_30m_simulated,150
12.928,74.9072,204.2,36.16,199.4,LOW,SRTM_30m_simulated,150
12.928,74.90855,206.5,6.21,232.3,LOW,SRTM_30m_simulated,150
12.928,74.9099,210.1,23.12,330.2,LOW,SRTM_30m_simulated,150
12.92935,74.81,5.2,14.41,188.5,MEDIUM,SRTM_30m_simulated,150
12.92935,74.81135,7.5,3.18,314.6,MEDIUM,SRTM_30m_simulated,150
12.92935,74.8127,10.0,14.59,190.5,MEDIUM,SRTM_30m_simulated,150
12.92935,74.81405,11.1,8.03,289.9,MEDIUM,SRTM_30m_simulated,150
12.92935,74.8154,13.5,3.08,305.9,MEDIUM,SRTM_30m_simulated,150
12.92935,74.81675,15.4,17.09,9.8,LOW,SRTM_30m_simulated,150
12.92935,74.8181,17.8,17.15,322.6,LOW,SRTM_30m_simulated,150
12.92935,74.81945,20.6,4.02,51.5,LOW,SRTM_30m_simulated,150
12.92935,74.8208,23.6,0.72,311.6,LOW,SRTM_30m_simulated,150
12.92935,74.82215,26.4,0.6,163.4,LOW,SRTM_30m_simulated,150
12.92935,74.8235,29.0,3.21,345.5,LOW,SRTM_30m_simulated,150
12.92935,74.82485,31.2,5.88,36.1,LOW,SRTM_30m_simulated,150
12.92935,74.8262,32.7,9.41,308.5,LOW,SRTM_30m_simulated,150
12.92935,74.82755,35.7,4.81,304.6,LOW,SRTM_30m_simulated,150
12.92935,74.8289,37.7,19.87,335.1,LOW,SRTM_30m_simulated,150
12.92935,74.83025,41.4,17.88,324.4,LOW,SRTM_30m_simulated,150
12.92935,74.8316,44.0,19.03,157.4,LOW,SRTM_30m_simulated,150
12.92935,74.83295,46.1,16.37,194.7,LOW,SRTM_30m_simulated,150
12.92935,74.8343,49.3,12.06,193.4,LOW,SRTM_30m_simulated,150
12.92935,74.83565,51.9,0.18,186.6,LOW,SRTM_30m_simulated,150
12.92935,74.837,53.8,0.26,136.1,LOW,SRTM_30m_simulated,150
12.92935,74.83835,57.2,15.82,81.4,LOW,SRTM_30m_simulated,150
12.92935,74.8397,60.1,13.48,333.5,LOW,SRTM_30m_simulated,150
12.92935,74.84105,61.6,8.01,350.8,LOW,SRTM_30m_simulated,150
12.92935,74.8424,64.8,15.74,14.3,LOW,SRTM_30m_simulated,150
12.92935,74.84375,67.7,13.86,354.0,LOW,SRTM_30m_simulated,150
12.92935,74.8451,70.8,14.94,228.8,LOW,SRTM_30m_simulated,150
12.92935,74.84645,73.6,23.51,111.5,LOW,SRTM_30m_simulated,150
12.92935,74.8478,75.9,20.9,333.0,LOW,SRTM_30m_simulated,150
12.92935,74.84915,77.2,1.06,283.1,LOW,SRTM_30m_simulated,150
12.92935,74.8505,81.1,2.76,195.9,LOW,SRTM_30m_simulated,150
12.92935,74.85185,83.5,25.38,218.9,LOW,SRTM_30m_simulated,150
12.92935,74.8532,86.3,10.61,173.1,LOW,SRTM_30m_simulated,150
12.92935,74.85455,88.4,27.65,118.2,LOW,SRTM_30m_simulated,150
12.92935,74.8559,91.8,8.1,129.4,LOW,SRTM_30m_simulated,150
12.92935,74.85725,94.1,5.64,144.3,LOW,SRTM_30m_simulated,150
12.92935,74.8586,97.0,10.45,324.6,LOW,SRTM_30m_simulated,150
12.92935,74.85995,100.0,1.77,134.3,LOW,SRTM_30m_simulated,150
12.92935,74.8613,103.1,10.88,142.4,LOW,SRTM_30m_simulated,150
12.92935,74.86265,106.1,12.97,295.4,LOW,SRTM_30m_simulated,150
12.92935,74.864,108.2,22.13,19.9,LOW,SRTM_30m_simulated,150
12.92935,74.86535,112.0,15.33,93.0,LOW,SRTM_30m_simulated,150
12.92935,74.8667,115.0,11.65,91.3,LOW,SRTM_30m_simulated,150
12.92935,74.86805,118.1,9.68,287.5,LOW,SRTM_30m_simulated,150
12.92935,74.8694,120.1,3.88,182.0,LOW,SRTM_30m_simulated,150
12.92935,74.87075,123.3,17.06,149.1,LOW,SRTM_30m_simulated,150
12.92935,74.8721,126.2,18.43,353.0,LOW,SRTM_30m_simulated,150
12.92935,74.87345,129.0,32.08,102.7,LOW,SRTM_30m_simulated,150
12.92935,74.8748,133.1,25.4,205.4,LOW,SRTM_30m_simulated,150
12.92935,74.87615,135.6,32.34,301.3,LOW,SRTM_30m_simulated,150
12.92935,74.8775,139.1,20.95,332.8,LOW,SRTM_30m_simulated,150
12.92935,74.87885,141.0,31.54,158.8,LOW,SRTM_30m_simulated,150
12.92935,74.8802,144.8,14.42,194.7,LOW,SRTM_30m_simulated,150
12.92935,74.88155,147.3,32.73,85.3,LOW,SRTM_30m_simulated,150
12.92935,74.8829,150.8,1.83,185.4,LOW,SRTM_30m_simulated,150
12.92935,74.88425,152.9,33.38,58.6,LOW,SRTM_30m_simulated,150
12.92935,74.8856,156.7,12.15,317.4,LOW,SRTM_30m_simulated,150
12.92935,74.88695,159.1,30.82,325.3,LOW,SRTM_30m_simulated,150
12.92935,74.8883,161.0,38.44,354.2,LOW,SRTM_30m_simulated,150
12.92935,74.88965,165.6,12.76,153.2,LOW,SRTM_30m_simulated,150
12.92935,74.891,167.5,35.35,222.7,LOW,SRTM_30m_simulated,150
12.92935,74.89235,171.2,23.67,63.1,LOW,SRTM_30m_simulated,150
12.92935,74.8937,173.4,37.44,266.6,LOW,SRTM_30m_simulated,150
12.92935,74.89505,176.8,34.65,333.8,LOW,SRTM_30m_simulated,150
12.92935,74.8964,180.1,26.28,341.9,LOW,SRTM_30m_simulated,150
12.92935,74.89775,183.3,27.01,182.0,LOW,SRTM_30m_simulated,150
12.92935,74.8991,186.0,18.97,275.2,LOW,SRTM_30m_simulated,150
12.92935,74.90045,188.6,2.12,79.5,LOW,SRTM_30m_simulated,150
12.92935,74.9018,192.3,27.55,180.7,LOW,SRTM_30m_simulated,150
12.92935,74.90315,195.4,22.37,2.9,LOW,SRTM_30m_simulated,150
12.92935,74.9045,198.5,15.07,157.3,LOW,SRTM_30m_simulated,150
12.92935,74.90585,201.2,22.08,154.8,LOW,SRTM_30m_simulated,150
12.92935,74.9072,203.4,39.2,237.2,LOW,SRTM_30m_simulated,150
12.92935,74.90855,206.6,11.17,225.6,LOW,SRTM_30m_simulated,150
12.92935,74.9099,210.1,8.96,124.8,LOW,SRTM_30m_simulated,150
