{"type": "FeatureCollection", "features": [{"type": "Feature", "properties": {"kind": "blind", "hospital": "wenlock", "incident": "mulki", "minutes": 29.0, "mean_exposure": 0.118, "max_exposure": 0.389}, "geometry": {"type": "LineString", "coordinates": [[74.84269, 12.86774], [74.84268, 12.86779], [74.84268, 12.86779], [74.84275, 12.86779], [74.84319, 12.86777], [74.84319, 12.86777], [74.8435, 12.86778], [74.84413, 12.86783], [74.84434, 12.86783], [74.84434, 12.86783], [74.84442, 12.86783], [74.8445, 12.86783], [74.84488, 12.86783], [74.8455, 12.86783], [74.84585, 12.86783], [74.84615, 12.86784], [74.84664, 12.86788], [74.84715, 12.86794], [74.84715, 12.86794], [74.84743, 12.86795], [74.84743, 12.86795], [74.84755, 12.86794], [74.84755, 12.86794], [74.84757, 12.86821], [74.84758, 12.86832], [74.84764, 12.86842], [74.84789, 12.86882], [74.84848, 12.86977], [74.8486, 12.86997], [74.8486, 12.86997], [74.84866, 12.87008], [74.84866, 12.87008], [74.84883, 12.87039], [74.849, 12.87077], [74.84905, 12.87092], [74.84905, 12.87092], [74.84909, 12.8711], [74.84926, 12.87152], [74.84928, 12.87175], [74.84925, 12.87204], [74.84912, 12.87247], [74.84912, 12.87247], [74.84906, 12.87259], [74.84906, 12.87259], [74.84878, 12.8725], [74.84878, 12.8725], [74.84866, 12.87247], [74.84866, 12.87247], [74.84862, 12.87253], [74.84857, 12.87259], [74.84857, 12.87259], [74.84852, 12.8727], [74.84851, 12.87301], [74.84854, 12.87317], [74.84859, 12.87332], [74.84871, 12.87365], [74.84878, 12.87384], [74.84879, 12.87417], [74.84855, 12.8751], [74.84851, 12.8752], [74.84851, 12.8752], [74.84838, 12.87554], [74.84824, 12.876], [74.84817, 12.87618], [74.8481, 12.87635], [74.84799, 12.87655], [74.84799, 12.87655], [74.84795, 12.87662], [74.84795, 12.87662], [74.84801, 12.87666], [74.84803, 12.87667], [74.84803, 12.87667], [74.84816, 12.87675], [74.84854, 12.87702], [74.84854, 12.87702], [74.84888, 12.87725], [74.84918, 12.87741], [74.84944, 12.87752], [74.84944, 12.87752], [74.85007, 12.87774], [74.85025, 12.87781], [74.85025, 12.87781], [74.85027, 12.87803], [74.85032, 12.87842], [74.8503, 12.879], [74.85027, 12.87939], [74.85016, 12.87992], [74.85016, 12.87992], [74.85014, 12.88001], [74.85008, 12.8803], [74.85004, 12.88048], [74.84998, 12.88089], [74.84998, 12.88089], [74.84992, 12.88138], [74.8498, 12.8819], [74.84978, 12.88209], [74.84978, 12.88209], [74.84976, 12.88243], [74.84977, 12.88261], [74.84974, 12.88296], [74.84974, 12.88296], [74.84972, 12.88316], [74.84975, 12.88334], [74.8498, 12.88348], [74.84983, 12.88357], [74.85007, 12.88444], [74.8501, 12.88452], [74.85014, 12.88459], [74.85021, 12.88466], [74.85027, 12.88471], [74.85037, 12.88478], [74.85047, 12.88483], [74.85071, 12.88493], [74.85071, 12.88493], [74.85075, 12.88518], [74.85084, 12.88556], [74.85098, 12.88583], [74.85098, 12.88583], [74.851, 12.88586], [74.85111, 12.88602], [74.85122, 12.88626], [74.85137, 12.88652], [74.85144, 12.88667], [74.85146, 12.88678], [74.85147, 12.88682], [74.85147, 12.88682], [74.85148, 12.88689], [74.85147, 12.88702], [74.85142, 12.88717], [74.85131, 12.88733], [74.8512, 12.88748], [74.85109, 12.88759], [74.85109, 12.88759], [74.85102, 12.88768], [74.85102, 12.88768], [74.85102, 12.88772], [74.85097, 12.88798], [74.85094, 12.88811], [74.85093, 12.88823], [74.85099, 12.88833], [74.85107, 12.88839], [74.8512, 12.88846], [74.85137, 12.88849], [74.85151, 12.88853], [74.85163, 12.88861], [74.85194, 12.88907], [74.85209, 12.88934], [74.85221, 12.88951], [74.85254, 12.88974], [74.85267, 12.88981], [74.85267, 12.88981], [74.85266, 12.88986], [74.85267, 12.88989], [74.85269, 12.88991], [74.85271, 12.88992], [74.85274, 12.88994], [74.85277, 12.88994], [74.85277, 12.88994], [74.85293, 12.89002], [74.85318, 12.89018], [74.85345, 12.89035], [74.85357, 12.89047], [74.85357, 12.89047], [74.85359, 12.89058], [74.85361, 12.89065], [74.85361, 12.89071], [74.8536, 12.89077], [74.85358, 12.8908], [74.85353, 12.89087], [74.85353, 12.89087], [74.85331, 12.89098], [74.85272, 12.89123], [74.85201, 12.8915], [74.85129, 12.89172], [74.85089, 12.89185], [74.85089, 12.89185], [74.85072, 12.89193], [74.85053, 12.89202], [74.85026, 12.89217], [74.85006, 12.8923], [74.84991, 12.89241], [74.84959, 12.8927], [74.84946, 12.89284], [74.84938, 12.89296], [74.84924, 12.89314], [74.84908, 12.89341], [74.84902, 12.89351], [74.84894, 12.89363], [74.84874, 12.89391], [74.84862, 12.89405], [74.84851, 12.89415], [74.84802, 12.89464], [74.84781, 12.89486], [74.84767, 12.89504], [74.84744, 12.89534], [74.84712, 12.89575], [74.84698, 12.89593], [74.84687, 12.89606], [74.84687, 12.89606], [74.84665, 12.89632], [74.84647, 12.89651], [74.84647, 12.89651], [74.84633, 12.89665], [74.84592, 12.89708], [74.84557, 12.89743], [74.84524, 12.89782], [74.84456, 12.89858], [74.84361, 12.89971], [74.84346, 12.89987], [74.84327, 12.90007], [74.8431, 12.90023], [74.84286, 12.90041], [74.8426, 12.90057], [74.84238, 12.90071], [74.8421, 12.90088], [74.84172, 12.90117], [74.84157, 12.90131], [74.84145, 12.90143], [74.84136, 12.90154], [74.8412, 12.90175], [74.84105, 12.90197], [74.84088, 12.90225], [74.84076, 12.90246], [74.84072, 12.90253], [74.84072, 12.90253], [74.84063, 12.90271], [74.84049, 12.90296], [74.84022, 12.90344], [74.84009, 12.90366], [74.8398, 12.90419], [74.83964, 12.90448], [74.83937, 12.90495], [74.83905, 12.90553], [74.83881, 12.90596], [74.83865, 12.90624], [74.83839, 12.9067], [74.83831, 12.90685], [74.83831, 12.90685], [74.83805, 12.90729], [74.83796, 12.90746], [74.83796, 12.90746], [74.83794, 12.90748], [74.83783, 12.90767], [74.83768, 12.90793], [74.83748, 12.90827], [74.83743, 12.90833], [74.83726, 12.90861], [74.83711, 12.9088], [74.83683, 12.90919], [74.83656, 12.90961], [74.83648, 12.90972], [74.83629, 12.90999], [74.83597, 12.91053], [74.8358, 12.91095], [74.83535, 12.91232], [74.83529, 12.91254], [74.835, 12.91337], [74.83492, 12.9137], [74.83483, 12.91395], [74.83483, 12.91395], [74.83477, 12.91415], [74.83462, 12.91454], [74.83429, 12.91563], [74.83416, 12.91603], [74.83396, 12.91657], [74.83375, 12.91693], [74.83361, 12.91712], [74.83361, 12.91712], [74.83353, 12.91722], [74.83353, 12.91722], [74.83345, 12.91736], [74.83316, 12.91784], [74.83303, 12.91804], [74.83303, 12.91804], [74.83263, 12.91864], [74.83263, 12.91864], [74.83247, 12.91888], [74.83221, 12.9192], [74.83191, 12.91967], [74.83172, 12.91996], [74.83163, 12.92012], [74.8315, 12.9204], [74.83115, 12.92111], [74.8309, 12.92172], [74.83061, 12.92233], [74.83031, 12.92267], [74.82981, 12.92313], [74.82954, 12.92345], [74.82954, 12.92345], [74.82947, 12.92354], [74.82947, 12.92354], [74.82931, 12.92374], [74.82895, 12.92419], [74.82886, 12.92431], [74.82886, 12.92431], [74.82879, 12.92439], [74.82875, 12.92446], [74.8286, 12.92471], [74.82855, 12.92479], [74.82846, 12.92491], [74.82834, 12.92506], [74.82816, 12.92523], [74.82804, 12.92535], [74.82804, 12.92535], [74.82791, 12.92548], [74.82629, 12.92698], [74.82609, 12.92718], [74.82587, 12.9274], [74.82577, 12.92753], [74.82577, 12.92753], [74.82559, 12.92778], [74.82559, 12.92778], [74.82556, 12.92788], [74.82556, 12.92788], [74.8255, 12.92803], [74.82542, 12.92837], [74.82528, 12.92883], [74.82518, 12.92916], [74.82512, 12.92935], [74.82494, 12.92969], [74.82474, 12.92998], [74.82448, 12.93031], [74.82365, 12.93134], [74.82325, 12.93184], [74.82289, 12.93227], [74.82267, 12.93252], [74.82225, 12.93305], [74.822, 12.93335], [74.82144, 12.93403], [74.82069, 12.93497], [74.82018, 12.93552], [74.81917, 12.93655], [74.81914, 12.93657], [74.81907, 12.93664], [74.81907, 12.93664], [74.8187, 12.93702], [74.81829, 12.9374], [74.81814, 12.93753], [74.81734, 12.93831], [74.81618, 12.93943], [74.81598, 12.93968], [74.81591, 12.93977], [74.81591, 12.93977], [74.8157, 12.94012], [74.81557, 12.94039], [74.81517, 12.9411], [74.81477, 12.94181], [74.81458, 12.94219], [74.81411, 12.94305], [74.81388, 12.9435], [74.81388, 12.9435], [74.81385, 12.94356], [74.81385, 12.94356], [74.81381, 12.94364], [74.81359, 12.94405], [74.81323, 12.94471], [74.81302, 12.94509], [74.81297, 12.94519], [74.81297, 12.94519], [74.81265, 12.94576], [74.81249, 12.94604], [74.81221, 12.94652], [74.81199, 12.9469], [74.81147, 12.94781], [74.81096, 12.94868], [74.81066, 12.94919], [74.81037, 12.94968], [74.81014, 12.95008], [74.80991, 12.95047], [74.80977, 12.95071], [74.80977, 12.95071], [74.80938, 12.95142], [74.80938, 12.95142], [74.80926, 12.95163], [74.80915, 12.95186], [74.80907, 12.95209], [74.809, 12.95233], [74.80889, 12.95277], [74.80879, 12.9532], [74.80865, 12.95389], [74.80847, 12.95479], [74.80842, 12.95502], [74.80842, 12.95502], [74.80835, 12.95541], [74.80829, 12.9557], [74.80826, 12.95582], [74.80826, 12.95582], [74.80817, 12.95621], [74.80809, 12.95655], [74.80805, 12.95673], [74.80805, 12.95673], [74.80804, 12.95675], [74.80802, 12.95687], [74.80802, 12.95687], [74.80798, 12.9571], [74.80797, 12.95714], [74.80792, 12.95738], [74.80784, 12.9578], [74.80781, 12.95797], [74.80781, 12.95797], [74.80778, 12.95818], [74.8077, 12.95863], [74.8077, 12.95863], [74.80762, 12.95908], [74.8075, 12.95962], [74.80741, 12.96006], [74.80731, 12.96045], [74.80725, 12.96083], [74.80718, 12.96112], [74.80712, 12.96135], [74.80712, 12.96135], [74.80694, 12.96181], [74.80673, 12.96236], [74.80652, 12.96292], [74.80649, 12.96299], [74.80642, 12.9632], [74.80635, 12.96355], [74.80626, 12.9639], [74.80621, 12.96425], [74.8062, 12.96432], [74.80616, 12.96464], [74.80611, 12.96491], [74.80611, 12.96491], [74.80607, 12.96521], [74.80606, 12.96532], [74.80598, 12.96585], [74.80592, 12.9662], [74.80592, 12.9662], [74.80589, 12.9664], [74.80579, 12.96674], [74.80566, 12.96709], [74.80548, 12.96751], [74.80536, 12.96781], [74.80531, 12.96798], [74.80531, 12.96798], [74.80528, 12.96805], [74.80508, 12.96852], [74.80494, 12.96898], [74.80484, 12.96939], [74.8048, 12.9696], [74.8048, 12.9696], [74.80477, 12.96978], [74.80468, 12.97019], [74.80464, 12.97064], [74.80462, 12.97076], [74.80462, 12.97076], [74.80458, 12.97104], [74.80453, 12.9714], [74.80448, 12.97189], [74.80448, 12.97189], [74.80446, 12.97203], [74.80446, 12.97203], [74.80446, 12.97205], [74.80443, 12.97227], [74.80443, 12.97227], [74.80435, 12.97287], [74.80435, 12.97287], [74.80433, 12.97304], [74.80419, 12.97363], [74.80409, 12.97392], [74.804, 12.97419], [74.804, 12.97419], [74.80381, 12.97474], [74.80381, 12.97474], [74.80375, 12.9749], [74.80361, 12.97548], [74.80354, 12.97594], [74.80338, 12.97698], [74.80338, 12.977], [74.80338, 12.977], [74.80331, 12.97772], [74.80329, 12.97784], [74.80329, 12.97784], [74.8032, 12.97842], [74.8031, 12.97885], [74.80302, 12.97917], [74.80302, 12.97917], [74.80299, 12.97928], [74.80299, 12.97928], [74.80293, 12.97939], [74.80258, 12.98016], [74.80233, 12.98053], [74.80207, 12.98102], [74.80199, 12.98125], [74.80194, 12.98151], [74.80191, 12.98183], [74.80191, 12.98187], [74.8019, 12.98231], [74.8019, 12.98231], [74.80189, 12.98243], [74.80187, 12.9835], [74.80184, 12.984], [74.80184, 12.984], [74.80183, 12.98423], [74.80182, 12.98435], [74.80181, 12.98453], [74.80178, 12.98495], [74.80166, 12.98544], [74.80166, 12.98544], [74.80162, 12.98565], [74.80155, 12.98587], [74.80139, 12.98634], [74.8013, 12.9866], [74.80123, 12.9868], [74.80123, 12.9868], [74.80122, 12.98685], [74.80114, 12.98709], [74.80089, 12.98784], [74.80087, 12.98788], [74.80087, 12.98788], [74.80084, 12.98799], [74.80051, 12.98893], [74.80045, 12.98912], [74.80045, 12.98912], [74.80039, 12.98932], [74.80039, 12.98932], [74.80036, 12.98939], [74.80028, 12.98964], [74.80028, 12.98964], [74.80021, 12.98982], [74.80021, 12.98982], [74.79991, 12.99059], [74.79987, 12.99068], [74.79987, 12.99068], [74.79974, 12.99103], [74.79973, 12.99106], [74.79965, 12.99141], [74.79948, 12.99214], [74.79941, 12.99245], [74.79929, 12.99298], [74.79928, 12.99304], [74.79921, 12.99336], [74.79901, 12.99429], [74.7989, 12.99476], [74.79873, 12.9955], [74.79861, 12.99606], [74.79861, 12.99606], [74.79848, 12.99661], [74.79839, 12.99704], [74.79823, 12.99779], [74.79819, 12.99796], [74.79816, 12.99808], [74.79813, 12.99819], [74.79808, 12.99832], [74.79803, 12.99843], [74.79793, 12.99861], [74.79777, 12.99884], [74.79759, 12.99908], [74.79737, 12.99934], [74.79711, 12.99956], [74.79686, 12.99978], [74.79645, 13.00012], [74.79645, 13.00012], [74.79631, 13.00024], [74.79615, 13.00041], [74.79606, 13.00055], [74.79597, 13.00071], [74.7959, 13.00084], [74.79568, 13.00134], [74.79554, 13.00163], [74.79536, 13.00202], [74.7952, 13.00237], [74.79501, 13.00275], [74.79478, 13.00323], [74.79457, 13.00365], [74.79428, 13.00422], [74.79422, 13.00436], [74.79422, 13.00436], [74.79404, 13.00475], [74.79387, 13.0051], [74.79387, 13.0051], [74.79378, 13.00527], [74.79346, 13.00591], [74.79333, 13.00616], [74.79323, 13.00638], [74.79313, 13.00661], [74.79305, 13.00682], [74.793, 13.00698], [74.79293, 13.00727], [74.79288, 13.00755], [74.79285, 13.00779], [74.79284, 13.00813], [74.79284, 13.00833], [74.79284, 13.00907], [74.79284, 13.00918], [74.79284, 13.00921], [74.79284, 13.00971], [74.79285, 13.01061], [74.79285, 13.01088], [74.79286, 13.01155], [74.79285, 13.01249], [74.79285, 13.01249], [74.79278, 13.0133], [74.79279, 13.01352], [74.79281, 13.01397], [74.79277, 13.01434], [74.79269, 13.01473], [74.79262, 13.015], [74.79251, 13.01536], [74.79233, 13.01585], [74.79233, 13.01585], [74.79216, 13.01624], [74.79214, 13.01632], [74.7921, 13.01641], [74.79193, 13.01691], [74.79185, 13.01712], [74.79167, 13.01757], [74.79117, 13.01889], [74.79087, 13.01967], [74.79086, 13.01971], [74.79064, 13.0203], [74.79053, 13.02066], [74.79047, 13.02094], [74.79043, 13.02124], [74.79041, 13.02166], [74.79041, 13.02181], [74.79042, 13.02194], [74.79045, 13.02218], [74.79052, 13.02251], [74.79055, 13.02263], [74.79055, 13.02263], [74.79067, 13.02303], [74.79085, 13.02366], [74.79096, 13.02411], [74.79104, 13.02446], [74.7911, 13.02488], [74.79119, 13.02551], [74.79126, 13.026], [74.79134, 13.02634], [74.79149, 13.02685], [74.79153, 13.02696], [74.79153, 13.02696], [74.79165, 13.02722], [74.79165, 13.02722], [74.79171, 13.02735], [74.79204, 13.02812], [74.79225, 13.02878], [74.79235, 13.02916], [74.79242, 13.02952], [74.79242, 13.02952], [74.79251, 13.03002], [74.79259, 13.03042], [74.7927, 13.03102], [74.79284, 13.03177], [74.79307, 13.03306], [74.79316, 13.03353], [74.79316, 13.03353], [74.79334, 13.03454], [74.79351, 13.03547], [74.79358, 13.03573], [74.79369, 13.03609], [74.79369, 13.03609], [74.79374, 13.03623], [74.79385, 13.0365], [74.79406, 13.03698], [74.79418, 13.03719], [74.79418, 13.03719], [74.79426, 13.03734], [74.79463, 13.03796], [74.79476, 13.03817], [74.79476, 13.03817], [74.79525, 13.03898], [74.7957, 13.03971], [74.79617, 13.04046], [74.79665, 13.04125], [74.79698, 13.0418], [74.79724, 13.04225], [74.79744, 13.04269], [74.79755, 13.04302], [74.79759, 13.04323], [74.79765, 13.04367], [74.79764, 13.04432], [74.79763, 13.04463], [74.79758, 13.04533], [74.79756, 13.04569], [74.79756, 13.04569], [74.79752, 13.04617], [74.79749, 13.04679], [74.79737, 13.04851], [74.79729, 13.0497], [74.79724, 13.05054], [74.7972, 13.05106], [74.79714, 13.05208], [74.79713, 13.05224], [74.79711, 13.05241], [74.7971, 13.05254], [74.79708, 13.05292], [74.79707, 13.05308], [74.79707, 13.05308], [74.79701, 13.05401], [74.797, 13.05488], [74.797, 13.05572], [74.797, 13.05572], [74.79701, 13.05581], [74.79701, 13.05584], [74.79701, 13.05587], [74.79701, 13.05587], [74.79705, 13.05627], [74.79714, 13.05759], [74.79718, 13.05829], [74.79721, 13.05855], [74.79725, 13.05946], [74.79726, 13.0601], [74.79727, 13.06022], [74.79728, 13.0604], [74.79737, 13.06096], [74.79745, 13.06121], [74.79778, 13.06203], [74.798, 13.06266], [74.79814, 13.06319], [74.79818, 13.06359], [74.79816, 13.06411], [74.79812, 13.06447], [74.79809, 13.0647], [74.79802, 13.06505], [74.79778, 13.06563], [74.79752, 13.0662], [74.79719, 13.06692], [74.79708, 13.06719], [74.79699, 13.0675], [74.79692, 13.06775], [74.79687, 13.068], [74.79678, 13.06882], [74.7967, 13.06931], [74.79661, 13.06969], [74.7963, 13.07046], [74.79613, 13.07076], [74.79563, 13.07166], [74.79485, 13.07308], [74.79414, 13.07417], [74.79403, 13.07437], [74.79339, 13.07574], [74.79295, 13.07662], [74.79295, 13.07662], [74.79305, 13.07668], [74.79305, 13.07668], [74.79307, 13.07707], [74.79322, 13.07899], [74.79344, 13.08038], [74.79345, 13.08058], [74.79345, 13.08058], [74.79346, 13.08078], [74.79338, 13.08113], [74.79327, 13.08156], [74.79327, 13.08178], [74.79335, 13.08211], [74.79343, 13.08227], [74.79343, 13.08227], [74.79348, 13.08236], [74.79368, 13.08284], [74.79368, 13.08284], [74.79371, 13.08292], [74.79385, 13.08362], [74.79385, 13.08362], [74.79392, 13.08397], [74.79394, 13.08407], [74.79394, 13.08407], [74.79402, 13.08453], [74.79415, 13.08502], [74.79425, 13.08537], [74.79432, 13.08571], [74.79432, 13.08571], [74.7943, 13.08572], [74.79429, 13.08573], [74.79428, 13.08575], [74.79429, 13.08578], [74.7943, 13.08579], [74.7943, 13.08579], [74.79432, 13.08581], [74.79433, 13.08581], [74.79433, 13.08581], [74.79436, 13.08581], [74.79438, 13.0858], [74.79439, 13.08579], [74.7944, 13.08577], [74.7944, 13.08576], [74.7944, 13.08576], [74.79448, 13.08576], [74.79459, 13.08576], [74.79499, 13.08567], [74.79499, 13.08567], [74.79508, 13.08632], [74.79522, 13.08691], [74.79528, 13.08716], [74.79533, 13.08722], [74.79533, 13.08722], [74.79538, 13.08727], [74.79559, 13.08743], [74.79585, 13.08767], [74.79594, 13.08799], [74.79606, 13.08827], [74.79606, 13.08827], [74.79618, 13.08835], [74.79635, 13.08841], [74.79669, 13.08865], [74.79687, 13.08892], [74.79687, 13.08892], [74.79689, 13.08895], [74.79718, 13.08931], [74.79718, 13.08931], [74.79742, 13.08967], [74.79752, 13.08991], [74.79756, 13.0901], [74.79756, 13.0901], [74.79756, 13.09013], [74.79756, 13.09013], [74.79755, 13.09018], [74.79746, 13.09037], [74.79746, 13.09037], [74.79727, 13.09079], [74.79707, 13.09107], [74.79699, 13.09126], [74.79693, 13.09142], [74.79693, 13.09142], [74.79689, 13.09156], [74.79687, 13.09183], [74.79687, 13.09183], [74.79664, 13.09216], [74.79664, 13.09216], [74.79636, 13.0921], [74.79593, 13.09202], [74.79593, 13.09202], [74.79575, 13.09198], [74.79575, 13.09198], [74.79535, 13.09191], [74.79466, 13.09171], [74.79466, 13.09171], [74.79455, 13.09168], [74.79451, 13.09167], [74.79451, 13.09167], [74.79414, 13.09156], [74.79361, 13.09137]]}}, {"type": "Feature", "properties": {"kind": "aware", "hospital": "wenlock", "incident": "mulki", "minutes": 29.7, "mean_exposure": 0.099, "max_exposure": 0.389}, "geometry": {"type": "LineString", "coordinates": [[74.84269, 12.86774], [74.8425, 12.86777], [74.8425, 12.86777], [74.84245, 12.86778], [74.84229, 12.86783], [74.84229, 12.86783], [74.84218, 12.86771], [74.84218, 12.86771], [74.84217, 12.8677], [74.84209, 12.8676], [74.84137, 12.86694], [74.84109, 12.86668], [74.84109, 12.86668], [74.84101, 12.86662], [74.84094, 12.86649], [74.84082, 12.86628], [74.84053, 12.86576], [74.84033, 12.86551], [74.84033, 12.86551], [74.84035, 12.86547], [74.84035, 12.86543], [74.84035, 12.8654], [74.84033, 12.86536], [74.8403, 12.86534], [74.8403, 12.86534], [74.84027, 12.86532], [74.84023, 12.86531], [74.84019, 12.86531], [74.84015, 12.86532], [74.84015, 12.86532], [74.84011, 12.86535], [74.84008, 12.86539], [74.84008, 12.86539], [74.84007, 12.86543], [74.84008, 12.86548], [74.84008, 12.86548], [74.84009, 12.86552], [74.84013, 12.86555], [74.84017, 12.86557], [74.84022, 12.86558], [74.84022, 12.86558], [74.84032, 12.86567], [74.84038, 12.86571], [74.84047, 12.86583], [74.84061, 12.86607], [74.84073, 12.86634], [74.84087, 12.8666], [74.84094, 12.86667], [74.84098, 12.86672], [74.84098, 12.86672], [74.84103, 12.86676], [74.84103, 12.86676], [74.84112, 12.86684], [74.84151, 12.86718], [74.8419, 12.8675], [74.84202, 12.86763], [74.84202, 12.86763], [74.84212, 12.86773], [74.84223, 12.86785], [74.84223, 12.86785], [74.84217, 12.8679], [74.84212, 12.86795], [74.84208, 12.86803], [74.84204, 12.86819], [74.84202, 12.86839], [74.84199, 12.86877], [74.84197, 12.86885], [74.84197, 12.86915], [74.84196, 12.86921], [74.84194, 12.86945], [74.84194, 12.86945], [74.8419, 12.86999], [74.8419, 12.87009], [74.8419, 12.87009], [74.8419, 12.8705], [74.84192, 12.87067], [74.84196, 12.87093], [74.842, 12.87114], [74.84208, 12.87148], [74.84212, 12.87187], [74.84213, 12.87223], [74.84212, 12.87235], [74.84212, 12.87235], [74.8421, 12.87257], [74.84199, 12.87309], [74.84194, 12.87326], [74.8418, 12.87335], [74.84168, 12.87338], [74.84149, 12.87342], [74.84142, 12.87344], [74.84142, 12.87344], [74.84138, 12.87345], [74.84129, 12.8735], [74.84094, 12.87369], [74.84052, 12.87395], [74.84016, 12.87429], [74.8401, 12.87456], [74.8401, 12.87456], [74.84009, 12.87456], [74.84006, 12.87457], [74.84006, 12.87457], [74.84003, 12.8746], [74.84002, 12.87463], [74.84002, 12.87465], [74.84002, 12.87467], [74.84002, 12.87467], [74.84005, 12.8747], [74.84007, 12.87472], [74.8401, 12.87472], [74.8401, 12.87472], [74.84022, 12.87479], [74.84022, 12.87479], [74.8405, 12.87494], [74.84106, 12.87537], [74.84131, 12.87556], [74.8414, 12.87562], [74.84168, 12.8758], [74.84168, 12.8758], [74.84182, 12.87588], [74.84185, 12.87591], [74.84187, 12.87591], [74.84187, 12.87591], [74.84192, 12.87598], [74.84192, 12.87598], [74.84196, 12.87604], [74.84196, 12.87604], [74.84195, 12.8761], [74.84193, 12.87622], [74.84191, 12.8764], [74.84187, 12.87665], [74.84178, 12.87697], [74.84165, 12.87738], [74.84158, 12.87763], [74.84143, 12.8779], [74.84135, 12.87808], [74.84135, 12.87808], [74.84121, 12.87845], [74.84108, 12.87874], [74.8409, 12.87915], [74.84079, 12.87949], [74.84075, 12.87956], [74.84061, 12.87982], [74.84048, 12.88015], [74.84048, 12.88015], [74.84034, 12.88041], [74.84021, 12.8807], [74.83998, 12.88114], [74.83994, 12.88121], [74.83992, 12.88124], [74.83987, 12.88131], [74.83983, 12.88143], [74.83983, 12.88143], [74.83978, 12.88156], [74.83957, 12.88212], [74.83947, 12.88254], [74.83944, 12.88266], [74.83944, 12.88266], [74.83942, 12.88275], [74.83942, 12.88275], [74.8392, 12.88378], [74.83909, 12.88415], [74.83909, 12.88415], [74.83903, 12.88451], [74.83891, 12.885], [74.83883, 12.8854], [74.83883, 12.8854], [74.83882, 12.88547], [74.83882, 12.88547], [74.83879, 12.88558], [74.83875, 12.8859], [74.83864, 12.88631], [74.83857, 12.88653], [74.83842, 12.88672], [74.83828, 12.88682], [74.83828, 12.88682], [74.83825, 12.88684], [74.838, 12.8869], [74.8376, 12.88687], [74.8372, 12.88685], [74.8372, 12.88685], [74.83708, 12.88686], [74.83647, 12.88696], [74.83631, 12.88699], [74.83598, 12.88707], [74.83584, 12.88714], [74.83575, 12.88722], [74.83565, 12.88733], [74.83565, 12.88733], [74.83564, 12.88734], [74.83552, 12.88755], [74.83536, 12.88788], [74.83515, 12.88827], [74.83502, 12.88859], [74.83502, 12.88859], [74.835, 12.88858], [74.83498, 12.88859], [74.83498, 12.88859], [74.83495, 12.88859], [74.83494, 12.88861], [74.83492, 12.88863], [74.83492, 12.88865], [74.83492, 12.88865], [74.83492, 12.88867], [74.83492, 12.88869], [74.83492, 12.88869], [74.83494, 12.88871], [74.83496, 12.88873], [74.83496, 12.88873], [74.83496, 12.88873], [74.83497, 12.88873], [74.83497, 12.88873], [74.83502, 12.88914], [74.83518, 12.88986], [74.83526, 12.89021], [74.83535, 12.89059], [74.83546, 12.89106], [74.83547, 12.89116], [74.83547, 12.89116], [74.83554, 12.89146], [74.83561, 12.89185], [74.83561, 12.89185], [74.83565, 12.8921], [74.83569, 12.89256], [74.83571, 12.89275], [74.83571, 12.89275], [74.83575, 12.89321], [74.8358, 12.89366], [74.83585, 12.89413], [74.83585, 12.89413], [74.83586, 12.89418], [74.83591, 12.89462], [74.83596, 12.89517], [74.83596, 12.89555], [74.83596, 12.89582], [74.83596, 12.89582], [74.83594, 12.89615], [74.83594, 12.89656], [74.83594, 12.89656], [74.83594, 12.89667], [74.83592, 12.89718], [74.83591, 12.89738], [74.83591, 12.89738], [74.83591, 12.89746], [74.83591, 12.89746], [74.83591, 12.8976], [74.8359, 12.89774], [74.83587, 12.89821], [74.83585, 12.89851], [74.83585, 12.89859], [74.83582, 12.89885], [74.83574, 12.89941], [74.83573, 12.89955], [74.83573, 12.89955], [74.83571, 12.89976], [74.83571, 12.89976], [74.83568, 12.90001], [74.83568, 12.90001], [74.83567, 12.90012], [74.83563, 12.90057], [74.83562, 12.90064], [74.83562, 12.90064], [74.83561, 12.90089], [74.83561, 12.90089], [74.83557, 12.90116], [74.83551, 12.90161], [74.8355, 12.9017], [74.8355, 12.9017], [74.83549, 12.90195], [74.83547, 12.90256], [74.83544, 12.90287], [74.83544, 12.90287], [74.83543, 12.90296], [74.83543, 12.90315], [74.83543, 12.90315], [74.83542, 12.90337], [74.83543, 12.90381], [74.83542, 12.90393], [74.83542, 12.90401], [74.83542, 12.90404], [74.83542, 12.90404], [74.83545, 12.90425], [74.83552, 12.90451], [74.83563, 12.9048], [74.83563, 12.9048], [74.83566, 12.90487], [74.83583, 12.90535], [74.83583, 12.90535], [74.83583, 12.90536], [74.8359, 12.90555], [74.8359, 12.90555], [74.83594, 12.90567], [74.83598, 12.90579], [74.83604, 12.90608], [74.83608, 12.9066], [74.83612, 12.907], [74.83613, 12.90718], [74.83613, 12.90718], [74.83614, 12.90746], [74.83614, 12.90758], [74.83614, 12.90758], [74.8362, 12.90759], [74.8362, 12.90759], [74.83636, 12.90759], [74.83657, 12.90759], [74.83669, 12.90762], [74.83681, 12.90767], [74.83681, 12.90767], [74.83687, 12.90727], [74.83791, 12.90745], [74.83791, 12.90745], [74.83796, 12.90746], [74.83796, 12.90746], [74.83794, 12.90748], [74.83783, 12.90767], [74.83768, 12.90793], [74.83748, 12.90827], [74.83743, 12.90833], [74.83726, 12.90861], [74.83711, 12.9088], [74.83683, 12.90919], [74.83656, 12.90961], [74.83648, 12.90972], [74.83629, 12.90999], [74.83597, 12.91053], [74.8358, 12.91095], [74.83535, 12.91232], [74.83529, 12.91254], [74.835, 12.91337], [74.83492, 12.9137], [74.83483, 12.91395], [74.83483, 12.91395], [74.83477, 12.91415], [74.83462, 12.91454], [74.83429, 12.91563], [74.83416, 12.91603], [74.83396, 12.91657], [74.83375, 12.91693], [74.83361, 12.91712], [74.83361, 12.91712], [74.83353, 12.91722], [74.83353, 12.91722], [74.83345, 12.91736], [74.83316, 12.91784], [74.83303, 12.91804], [74.83303, 12.91804], [74.83263, 12.91864], [74.83263, 12.91864], [74.83247, 12.91888], [74.83221, 12.9192], [74.83191, 12.91967], [74.83172, 12.91996], [74.83163, 12.92012], [74.8315, 12.9204], [74.83115, 12.92111], [74.8309, 12.92172], [74.83061, 12.92233], [74.83031, 12.92267], [74.82981, 12.92313], [74.82954, 12.92345], [74.82954, 12.92345], [74.82947, 12.92354], [74.82947, 12.92354], [74.82931, 12.92374], [74.82895, 12.92419], [74.82886, 12.92431], [74.82886, 12.92431], [74.82879, 12.92439], [74.82875, 12.92446], [74.8286, 12.92471], [74.82855, 12.92479], [74.82846, 12.92491], [74.82834, 12.92506], [74.82816, 12.92523], [74.82804, 12.92535], [74.82804, 12.92535], [74.82791, 12.92548], [74.82629, 12.92698], [74.82609, 12.92718], [74.82587, 12.9274], [74.82577, 12.92753], [74.82577, 12.92753], [74.82559, 12.92778], [74.82559, 12.92778], [74.82556, 12.92788], [74.82556, 12.92788], [74.8255, 12.92803], [74.82542, 12.92837], [74.82528, 12.92883], [74.82518, 12.92916], [74.82512, 12.92935], [74.82494, 12.92969], [74.82474, 12.92998], [74.82448, 12.93031], [74.82365, 12.93134], [74.82325, 12.93184], [74.82289, 12.93227], [74.82267, 12.93252], [74.82225, 12.93305], [74.822, 12.93335], [74.82144, 12.93403], [74.82069, 12.93497], [74.82018, 12.93552], [74.81917, 12.93655], [74.81914, 12.93657], [74.81907, 12.93664], [74.81907, 12.93664], [74.8187, 12.93702], [74.81829, 12.9374], [74.81814, 12.93753], [74.81734, 12.93831], [74.81618, 12.93943], [74.81598, 12.93968], [74.81591, 12.93977], [74.81591, 12.93977], [74.8157, 12.94012], [74.81557, 12.94039], [74.81517, 12.9411], [74.81477, 12.94181], [74.81458, 12.94219], [74.81411, 12.94305], [74.81388, 12.9435], [74.81388, 12.9435], [74.81385, 12.94356], [74.81385, 12.94356], [74.81381, 12.94364], [74.81359, 12.94405], [74.81323, 12.94471], [74.81302, 12.94509], [74.81297, 12.94519], [74.81297, 12.94519], [74.81265, 12.94576], [74.81249, 12.94604], [74.81221, 12.94652], [74.81199, 12.9469], [74.81147, 12.94781], [74.81096, 12.94868], [74.81066, 12.94919], [74.81037, 12.94968], [74.81014, 12.95008], [74.80991, 12.95047], [74.80977, 12.95071], [74.80977, 12.95071], [74.80938, 12.95142], [74.80938, 12.95142], [74.80926, 12.95163], [74.80915, 12.95186], [74.80907, 12.95209], [74.809, 12.95233], [74.80889, 12.95277], [74.80879, 12.9532], [74.80865, 12.95389], [74.80847, 12.95479], [74.80842, 12.95502], [74.80842, 12.95502], [74.80835, 12.95541], [74.80829, 12.9557], [74.80826, 12.95582], [74.80826, 12.95582], [74.80817, 12.95621], [74.80809, 12.95655], [74.80805, 12.95673], [74.80805, 12.95673], [74.80804, 12.95675], [74.80802, 12.95687], [74.80802, 12.95687], [74.80798, 12.9571], [74.80797, 12.95714], [74.80792, 12.95738], [74.80784, 12.9578], [74.80781, 12.95797], [74.80781, 12.95797], [74.80778, 12.95818], [74.8077, 12.95863], [74.8077, 12.95863], [74.80762, 12.95908], [74.8075, 12.95962], [74.80741, 12.96006], [74.80731, 12.96045], [74.80725, 12.96083], [74.80718, 12.96112], [74.80712, 12.96135], [74.80712, 12.96135], [74.80694, 12.96181], [74.80673, 12.96236], [74.80652, 12.96292], [74.80649, 12.96299], [74.80642, 12.9632], [74.80635, 12.96355], [74.80626, 12.9639], [74.80621, 12.96425], [74.8062, 12.96432], [74.80616, 12.96464], [74.80611, 12.96491], [74.80611, 12.96491], [74.80607, 12.96521], [74.80606, 12.96532], [74.80598, 12.96585], [74.80592, 12.9662], [74.80592, 12.9662], [74.80589, 12.9664], [74.80579, 12.96674], [74.80566, 12.96709], [74.80548, 12.96751], [74.80536, 12.96781], [74.80531, 12.96798], [74.80531, 12.96798], [74.80528, 12.96805], [74.80508, 12.96852], [74.80494, 12.96898], [74.80484, 12.96939], [74.8048, 12.9696], [74.8048, 12.9696], [74.80477, 12.96978], [74.80468, 12.97019], [74.80464, 12.97064], [74.80462, 12.97076], [74.80462, 12.97076], [74.80458, 12.97104], [74.80453, 12.9714], [74.80448, 12.97189], [74.80448, 12.97189], [74.80446, 12.97203], [74.80446, 12.97203], [74.80446, 12.97205], [74.80443, 12.97227], [74.80443, 12.97227], [74.80435, 12.97287], [74.80435, 12.97287], [74.80433, 12.97304], [74.80419, 12.97363], [74.80409, 12.97392], [74.804, 12.97419], [74.804, 12.97419], [74.80381, 12.97474], [74.80381, 12.97474], [74.80375, 12.9749], [74.80361, 12.97548], [74.80354, 12.97594], [74.80338, 12.97698], [74.80338, 12.977], [74.80338, 12.977], [74.80331, 12.97772], [74.80329, 12.97784], [74.80329, 12.97784], [74.8032, 12.97842], [74.8031, 12.97885], [74.80302, 12.97917], [74.80302, 12.97917], [74.80299, 12.97928], [74.80299, 12.97928], [74.80293, 12.97939], [74.80258, 12.98016], [74.80233, 12.98053], [74.80207, 12.98102], [74.80199, 12.98125], [74.80194, 12.98151], [74.80191, 12.98183], [74.80191, 12.98187], [74.8019, 12.98231], [74.8019, 12.98231], [74.80189, 12.98243], [74.80187, 12.9835], [74.80184, 12.984], [74.80184, 12.984], [74.80183, 12.98423], [74.80182, 12.98435], [74.80181, 12.98453], [74.80178, 12.98495], [74.80166, 12.98544], [74.80166, 12.98544], [74.80162, 12.98565], [74.80155, 12.98587], [74.80139, 12.98634], [74.8013, 12.9866], [74.80123, 12.9868], [74.80123, 12.9868], [74.80122, 12.98685], [74.80114, 12.98709], [74.80089, 12.98784], [74.80087, 12.98788], [74.80087, 12.98788], [74.80084, 12.98799], [74.80051, 12.98893], [74.80045, 12.98912], [74.80045, 12.98912], [74.80039, 12.98932], [74.80039, 12.98932], [74.80036, 12.98939], [74.80028, 12.98964], [74.80028, 12.98964], [74.80021, 12.98982], [74.80021, 12.98982], [74.79991, 12.99059], [74.79987, 12.99068], [74.79987, 12.99068], [74.79979, 12.99073], [74.79969, 12.99094], [74.79966, 12.99106], [74.79966, 12.99106], [74.79954, 12.99156], [74.79934, 12.99244], [74.79934, 12.99244], [74.79906, 12.99368], [74.79876, 12.99504], [74.79854, 12.99603], [74.79828, 12.99723], [74.79817, 12.99769], [74.79798, 12.99833], [74.79783, 12.9986], [74.79762, 12.99891], [74.79736, 12.99921], [74.79689, 12.99965], [74.7964, 13.00007], [74.7964, 13.00007], [74.79645, 13.00012], [74.79645, 13.00012], [74.79631, 13.00024], [74.79615, 13.00041], [74.79606, 13.00055], [74.79597, 13.00071], [74.7959, 13.00084], [74.79568, 13.00134], [74.79554, 13.00163], [74.79536, 13.00202], [74.7952, 13.00237], [74.79501, 13.00275], [74.79478, 13.00323], [74.79457, 13.00365], [74.79428, 13.00422], [74.79422, 13.00436], [74.79422, 13.00436], [74.79404, 13.00475], [74.79387, 13.0051], [74.79387, 13.0051], [74.79378, 13.00527], [74.79346, 13.00591], [74.79333, 13.00616], [74.79323, 13.00638], [74.79313, 13.00661], [74.79305, 13.00682], [74.793, 13.00698], [74.79293, 13.00727], [74.79288, 13.00755], [74.79285, 13.00779], [74.79284, 13.00813], [74.79284, 13.00833], [74.79284, 13.00907], [74.79284, 13.00918], [74.79284, 13.00921], [74.79284, 13.00971], [74.79285, 13.01061], [74.79285, 13.01088], [74.79286, 13.01155], [74.79285, 13.01249], [74.79285, 13.01249], [74.79278, 13.0133], [74.79279, 13.01352], [74.79281, 13.01397], [74.79277, 13.01434], [74.79269, 13.01473], [74.79262, 13.015], [74.79251, 13.01536], [74.79233, 13.01585], [74.79233, 13.01585], [74.79216, 13.01624], [74.79214, 13.01632], [74.7921, 13.01641], [74.79193, 13.01691], [74.79185, 13.01712], [74.79167, 13.01757], [74.79117, 13.01889], [74.79087, 13.01967], [74.79086, 13.01971], [74.79064, 13.0203], [74.79053, 13.02066], [74.79047, 13.02094], [74.79043, 13.02124], [74.79041, 13.02166], [74.79041, 13.02181], [74.79042, 13.02194], [74.79045, 13.02218], [74.79052, 13.02251], [74.79055, 13.02263], [74.79055, 13.02263], [74.79067, 13.02303], [74.79085, 13.02366], [74.79096, 13.02411], [74.79104, 13.02446], [74.7911, 13.02488], [74.79119, 13.02551], [74.79126, 13.026], [74.79134, 13.02634], [74.79149, 13.02685], [74.79153, 13.02696], [74.79153, 13.02696], [74.79165, 13.02722], [74.79165, 13.02722], [74.79171, 13.02735], [74.79204, 13.02812], [74.79225, 13.02878], [74.79235, 13.02916], [74.79242, 13.02952], [74.79242, 13.02952], [74.79251, 13.03002], [74.79259, 13.03042], [74.7927, 13.03102], [74.79284, 13.03177], [74.79307, 13.03306], [74.79316, 13.03353], [74.79316, 13.03353], [74.79334, 13.03454], [74.79351, 13.03547], [74.79358, 13.03573], [74.79369, 13.03609], [74.79369, 13.03609], [74.79374, 13.03623], [74.79385, 13.0365], [74.79406, 13.03698], [74.79418, 13.03719], [74.79418, 13.03719], [74.79426, 13.03734], [74.79463, 13.03796], [74.79476, 13.03817], [74.79476, 13.03817], [74.79525, 13.03898], [74.7957, 13.03971], [74.79617, 13.04046], [74.79665, 13.04125], [74.79698, 13.0418], [74.79724, 13.04225], [74.79744, 13.04269], [74.79755, 13.04302], [74.79759, 13.04323], [74.79765, 13.04367], [74.79764, 13.04432], [74.79763, 13.04463], [74.79758, 13.04533], [74.79756, 13.04569], [74.79756, 13.04569], [74.79752, 13.04617], [74.79749, 13.04679], [74.79737, 13.04851], [74.79729, 13.0497], [74.79724, 13.05054], [74.7972, 13.05106], [74.79714, 13.05208], [74.79713, 13.05224], [74.79711, 13.05241], [74.7971, 13.05254], [74.79708, 13.05292], [74.79707, 13.05308], [74.79707, 13.05308], [74.79701, 13.05401], [74.797, 13.05488], [74.797, 13.05572], [74.797, 13.05572], [74.79701, 13.05581], [74.79701, 13.05584], [74.79701, 13.05587], [74.79701, 13.05587], [74.79705, 13.05627], [74.79714, 13.05759], [74.79718, 13.05829], [74.79721, 13.05855], [74.79725, 13.05946], [74.79726, 13.0601], [74.79727, 13.06022], [74.79728, 13.0604], [74.79737, 13.06096], [74.79745, 13.06121], [74.79778, 13.06203], [74.798, 13.06266], [74.79814, 13.06319], [74.79818, 13.06359], [74.79816, 13.06411], [74.79812, 13.06447], [74.79809, 13.0647], [74.79802, 13.06505], [74.79778, 13.06563], [74.79752, 13.0662], [74.79719, 13.06692], [74.79708, 13.06719], [74.79699, 13.0675], [74.79692, 13.06775], [74.79687, 13.068], [74.79678, 13.06882], [74.7967, 13.06931], [74.79661, 13.06969], [74.7963, 13.07046], [74.79613, 13.07076], [74.79563, 13.07166], [74.79485, 13.07308], [74.79414, 13.07417], [74.79403, 13.07437], [74.79339, 13.07574], [74.79295, 13.07662], [74.79295, 13.07662], [74.79305, 13.07668], [74.79305, 13.07668], [74.79307, 13.07707], [74.79322, 13.07899], [74.79344, 13.08038], [74.79345, 13.08058], [74.79345, 13.08058], [74.79346, 13.08078], [74.79338, 13.08113], [74.79327, 13.08156], [74.79327, 13.08178], [74.79335, 13.08211], [74.79343, 13.08227], [74.79343, 13.08227], [74.79348, 13.08236], [74.79368, 13.08284], [74.79368, 13.08284], [74.79371, 13.08292], [74.79385, 13.08362], [74.79385, 13.08362], [74.79392, 13.08397], [74.79394, 13.08407], [74.79394, 13.08407], [74.79402, 13.08453], [74.79415, 13.08502], [74.79425, 13.08537], [74.79432, 13.08571], [74.79432, 13.08571], [74.7943, 13.08572], [74.79429, 13.08573], [74.79428, 13.08575], [74.79429, 13.08578], [74.7943, 13.08579], [74.7943, 13.08579], [74.79432, 13.08581], [74.79433, 13.08581], [74.79433, 13.08581], [74.79436, 13.08581], [74.79438, 13.0858], [74.79439, 13.08579], [74.7944, 13.08577], [74.7944, 13.08576], [74.7944, 13.08576], [74.79448, 13.08576], [74.79459, 13.08576], [74.79499, 13.08567], [74.79499, 13.08567], [74.79508, 13.08632], [74.79522, 13.08691], [74.79528, 13.08716], [74.79533, 13.08722], [74.79533, 13.08722], [74.79538, 13.08727], [74.79559, 13.08743], [74.79585, 13.08767], [74.79594, 13.08799], [74.79606, 13.08827], [74.79606, 13.08827], [74.79618, 13.08835], [74.79635, 13.08841], [74.79669, 13.08865], [74.79687, 13.08892], [74.79687, 13.08892], [74.79689, 13.08895], [74.79718, 13.08931], [74.79718, 13.08931], [74.79742, 13.08967], [74.79752, 13.08991], [74.79756, 13.0901], [74.79756, 13.0901], [74.79756, 13.09013], [74.79756, 13.09013], [74.79755, 13.09018], [74.79746, 13.09037], [74.79746, 13.09037], [74.79727, 13.09079], [74.79707, 13.09107], [74.79699, 13.09126], [74.79693, 13.09142], [74.79693, 13.09142], [74.79689, 13.09156], [74.79687, 13.09183], [74.79687, 13.09183], [74.79664, 13.09216], [74.79664, 13.09216], [74.79636, 13.0921], [74.79593, 13.09202], [74.79593, 13.09202], [74.79575, 13.09198], [74.79575, 13.09198], [74.79535, 13.09191], [74.79466, 13.09171], [74.79466, 13.09171], [74.79455, 13.09168], [74.79451, 13.09167], [74.79451, 13.09167], [74.79414, 13.09156], [74.79361, 13.09137]]}}, {"type": "Feature", "properties": {"kind": "blind", "hospital": "puttur_gh", "incident": "belthangady", "minutes": 48.8, "mean_exposure": 0.059, "max_exposure": 0.389}, "geometry": {"type": "LineString", "coordinates": [[75.20018, 12.75812], [75.20056, 12.75802], [75.20062, 12.75803], [75.20097, 12.75855], [75.20094, 12.75858], [75.20073, 12.75871], [75.20069, 12.75876], [75.20068, 12.75881], [75.20084, 12.75926], [75.20084, 12.75926], [75.20104, 12.75918], [75.20104, 12.75918], [75.2014, 12.75901], [75.20183, 12.75893], [75.20332, 12.75869], [75.20336, 12.75876], [75.20336, 12.75876], [75.20392, 12.7596], [75.20409, 12.76004], [75.20413, 12.76061], [75.20416, 12.76069], [75.20423, 12.76082], [75.20416, 12.76175], [75.20412, 12.76183], [75.20412, 12.76183], [75.20429, 12.7619], [75.20442, 12.76195], [75.20442, 12.76195], [75.20465, 12.76205], [75.20478, 12.76211], [75.2051, 12.76223], [75.2051, 12.76223], [75.20535, 12.76216], [75.20558, 12.76209], [75.20583, 12.76207], [75.20602, 12.76202], [75.20623, 12.76197], [75.20638, 12.76187], [75.20652, 12.76176], [75.2066, 12.7617], [75.2066, 12.7617], [75.20728, 12.76267], [75.20747, 12.7631], [75.20748, 12.76314], [75.20748, 12.76314], [75.20758, 12.76347], [75.20768, 12.76484], [75.20768, 12.76484], [75.20781, 12.76553], [75.20781, 12.76553], [75.20783, 12.76564], [75.20797, 12.76635], [75.20806, 12.76652], [75.20847, 12.76698], [75.20866, 12.76737], [75.20868, 12.76741], [75.20869, 12.76745], [75.20886, 12.76797], [75.20886, 12.76797], [75.2092, 12.76837], [75.2092, 12.76837], [75.20935, 12.76869], [75.20943, 12.76922], [75.2095, 12.76944], [75.2095, 12.76944], [75.2104, 12.771], [75.21049, 12.77137], [75.21049, 12.77137], [75.21053, 12.77154], [75.21053, 12.77154], [75.21055, 12.77167], [75.21072, 12.77212], [75.21075, 12.77241], [75.2108, 12.77275], [75.21079, 12.77289], [75.21042, 12.77406], [75.21034, 12.77419], [75.21034, 12.77419], [75.21012, 12.77422], [75.20913, 12.77425], [75.20913, 12.77425], [75.20875, 12.77426], [75.20875, 12.77426], [75.208, 12.77436], [75.20781, 12.77441], [75.20763, 12.77455], [75.20749, 12.77462], [75.2071, 12.77476], [75.20695, 12.77484], [75.20695, 12.77484], [75.20718, 12.77541], [75.20718, 12.77541], [75.20737, 12.77591], [75.20749, 12.77608], [75.20749, 12.77608], [75.2076, 12.77624], [75.20775, 12.7764], [75.20775, 12.7764], [75.208, 12.77669], [75.2082, 12.77688], [75.2082, 12.77688], [75.20844, 12.77709], [75.20867, 12.77731], [75.20882, 12.77753], [75.2089, 12.77777], [75.20885, 12.77814], [75.20878, 12.77835], [75.20878, 12.77835], [75.20865, 12.77874], [75.20862, 12.77889], [75.20863, 12.77925], [75.20876, 12.77975], [75.20876, 12.77975], [75.20879, 12.77986], [75.20884, 12.78022], [75.20883, 12.78041], [75.20883, 12.78041], [75.20877, 12.78067], [75.20877, 12.78067], [75.20875, 12.78074], [75.20873, 12.7808], [75.20873, 12.7808], [75.20859, 12.78112], [75.20849, 12.78138], [75.20841, 12.78198], [75.20826, 12.78244], [75.20788, 12.78321], [75.20782, 12.78342], [75.20789, 12.78359], [75.20819, 12.78414], [75.2084, 12.7846], [75.20847, 12.78472], [75.20847, 12.78472], [75.20866, 12.78508], [75.20877, 12.78538], [75.20885, 12.78572], [75.20891, 12.78621], [75.20899, 12.78647], [75.20902, 12.78652], [75.20902, 12.78652], [75.2092, 12.78678], [75.20982, 12.78734], [75.20999, 12.78757], [75.21004, 12.7878], [75.20998, 12.78809], [75.2099, 12.7887], [75.20971, 12.78977], [75.2096, 12.79035], [75.20953, 12.7907], [75.20949, 12.79117], [75.20951, 12.79141], [75.20972, 12.79219], [75.20978, 12.79251], [75.2098, 12.79296], [75.20977, 12.7935], [75.20985, 12.79387], [75.21011, 12.79454], [75.21021, 12.79481], [75.21017, 12.79526], [75.21018, 12.79556], [75.21027, 12.79577], [75.21037, 12.79598], [75.21078, 12.79648], [75.21093, 12.79667], [75.21093, 12.79667], [75.21119, 12.79723], [75.21123, 12.79748], [75.21113, 12.79769], [75.21093, 12.79796], [75.21072, 12.79824], [75.21055, 12.7986], [75.21038, 12.79904], [75.21033, 12.7994], [75.21035, 12.79961], [75.2104, 12.79986], [75.21046, 12.80001], [75.21051, 12.80013], [75.21055, 12.80022], [75.21054, 12.80038], [75.21052, 12.80049], [75.2105, 12.80061], [75.21052, 12.80067], [75.21058, 12.80073], [75.21058, 12.80073], [75.21064, 12.80074], [75.21075, 12.80076], [75.21091, 12.8008], [75.21134, 12.80099], [75.2117, 12.80117], [75.21199, 12.80139], [75.21221, 12.80167], [75.21236, 12.80196], [75.21244, 12.8023], [75.21245, 12.80256], [75.21244, 12.80305], [75.21239, 12.80338], [75.21237, 12.80348], [75.21236, 12.80354], [75.21244, 12.80364], [75.21252, 12.80368], [75.21268, 12.80377], [75.21309, 12.80399], [75.2132, 12.80411], [75.21323, 12.8042], [75.21323, 12.80428], [75.21323, 12.80439], [75.21324, 12.80452], [75.21333, 12.80483], [75.21336, 12.80497], [75.21338, 12.80506], [75.21338, 12.80514], [75.21336, 12.80521], [75.21329, 12.80531], [75.21321, 12.80542], [75.21309, 12.80554], [75.21296, 12.80575], [75.21285, 12.80588], [75.21273, 12.80606], [75.21262, 12.80621], [75.21256, 12.80626], [75.21248, 12.80629], [75.21235, 12.80633], [75.21204, 12.80637], [75.21189, 12.80641], [75.2118, 12.80645], [75.21174, 12.80651], [75.2117, 12.80658], [75.21168, 12.80672], [75.21169, 12.80696], [75.21174, 12.80729], [75.21174, 12.80729], [75.21181, 12.80757], [75.2119, 12.80782], [75.21199, 12.80798], [75.21207, 12.80807], [75.21214, 12.80812], [75.21232, 12.8082], [75.21241, 12.80826], [75.21249, 12.80834], [75.21268, 12.80865], [75.21286, 12.80893], [75.21296, 12.80916], [75.21306, 12.80932], [75.21314, 12.80944], [75.21331, 12.80957], [75.2134, 12.80965], [75.21346, 12.80973], [75.21352, 12.80987], [75.21379, 12.81041], [75.21399, 12.81083], [75.21405, 12.81089], [75.2141, 12.81093], [75.21423, 12.81098], [75.21437, 12.81104], [75.21443, 12.8111], [75.21465, 12.8113], [75.21477, 12.81139], [75.21502, 12.81149], [75.21519, 12.81154], [75.21537, 12.81164], [75.2157, 12.81189], [75.21588, 12.81203], [75.21594, 12.81215], [75.21604, 12.81236], [75.21608, 12.81276], [75.21608, 12.81276], [75.21617, 12.81292], [75.21627, 12.81305], [75.21642, 12.81317], [75.21665, 12.81334], [75.21682, 12.81346], [75.21708, 12.81365], [75.21725, 12.81381], [75.21749, 12.81403], [75.21773, 12.81417], [75.21793, 12.81428], [75.21812, 12.81436], [75.21826, 12.81439], [75.21826, 12.81439], [75.21843, 12.81438], [75.21853, 12.81438], [75.21853, 12.81438], [75.21897, 12.81433], [75.21916, 12.81436], [75.21934, 12.81444], [75.21942, 12.81456], [75.21945, 12.81476], [75.21948, 12.81488], [75.21958, 12.81504], [75.21971, 12.81512], [75.21986, 12.81515], [75.22004, 12.81518], [75.22015, 12.81521], [75.22027, 12.81531], [75.22035, 12.81543], [75.22042, 12.81558], [75.22044, 12.81572], [75.22046, 12.81588], [75.22046, 12.816], [75.22053, 12.81616], [75.22064, 12.81637], [75.22081, 12.81678], [75.22094, 12.8171], [75.22099, 12.81732], [75.221, 12.81736], [75.22101, 12.81741], [75.22103, 12.81745], [75.2211, 12.81756], [75.22128, 12.81765], [75.22159, 12.8178], [75.22184, 12.81791], [75.22201, 12.81798], [75.22201, 12.81798], [75.22226, 12.81806], [75.2226, 12.81817], [75.22287, 12.8182], [75.22312, 12.8182], [75.22326, 12.8182], [75.22326, 12.8182], [75.2235, 12.81817], [75.22363, 12.81814], [75.22363, 12.81814], [75.22384, 12.81808], [75.22411, 12.81797], [75.22429, 12.81793], [75.22451, 12.81797], [75.22498, 12.8181], [75.22508, 12.81817], [75.22519, 12.81827], [75.22535, 12.81844], [75.22543, 12.81854], [75.22543, 12.81854], [75.2257, 12.81878], [75.22589, 12.81894], [75.22602, 12.81909], [75.22611, 12.81929], [75.22612, 12.81943], [75.22607, 12.81951], [75.22596, 12.81963], [75.22587, 12.81976], [75.2258, 12.81991], [75.22577, 12.82005], [75.22576, 12.82023], [75.22576, 12.82041], [75.22577, 12.82056], [75.22586, 12.82083], [75.22598, 12.82111], [75.22609, 12.82137], [75.22629, 12.82177], [75.22643, 12.82196], [75.22669, 12.82216], [75.22696, 12.82235], [75.22715, 12.82253], [75.2273, 12.82271], [75.2274, 12.8229], [75.22757, 12.82311], [75.2278, 12.82334], [75.22798, 12.82357], [75.22807, 12.82377], [75.22807, 12.82377], [75.2282, 12.82399], [75.22846, 12.82452], [75.22853, 12.82461], [75.22853, 12.82461], [75.22862, 12.82472], [75.22862, 12.82472], [75.22891, 12.8249], [75.22909, 12.82503], [75.22931, 12.82529], [75.22954, 12.82555], [75.22973, 12.82585], [75.22999, 12.82619], [75.23011, 12.82639], [75.23022, 12.82678], [75.23033, 12.82699], [75.23051, 12.82723], [75.23056, 12.82731], [75.23066, 12.82747], [75.23099, 12.82805], [75.23108, 12.8283], [75.23115, 12.82845], [75.23127, 12.82853], [75.23142, 12.82859], [75.23162, 12.82859], [75.23181, 12.82859], [75.23194, 12.82859], [75.23205, 12.82864], [75.23215, 12.82876], [75.23222, 12.82894], [75.23224, 12.82916], [75.23229, 12.82929], [75.2323, 12.82932], [75.23236, 12.82942], [75.23262, 12.82973], [75.23285, 12.82995], [75.23312, 12.83004], [75.23334, 12.8301], [75.23334, 12.8301], [75.23349, 12.83013], [75.23382, 12.83017], [75.234, 12.83024], [75.23408, 12.83032], [75.23416, 12.83048], [75.23424, 12.83059], [75.23424, 12.83059], [75.23438, 12.83066], [75.23456, 12.8307], [75.23456, 12.8307], [75.23472, 12.83078], [75.23485, 12.8309], [75.23503, 12.83099], [75.23517, 12.83104], [75.23528, 12.83105], [75.2354, 12.83104], [75.23559, 12.831], [75.23568, 12.83103], [75.23575, 12.83108], [75.23589, 12.83132], [75.23609, 12.83161], [75.23617, 12.83174], [75.23619, 12.83184], [75.23619, 12.83204], [75.23622, 12.83214], [75.23626, 12.83217], [75.23631, 12.83221], [75.23642, 12.83227], [75.23658, 12.83232], [75.23677, 12.83238], [75.23684, 12.83242], [75.23697, 12.8325], [75.23723, 12.83266], [75.23742, 12.83279], [75.23752, 12.8329], [75.23761, 12.83303], [75.23769, 12.83312], [75.23803, 12.83336], [75.23809, 12.83344], [75.23809, 12.83344], [75.23812, 12.83356], [75.23812, 12.83356], [75.23813, 12.83365], [75.23815, 12.83375], [75.2382, 12.83381], [75.2382, 12.83381], [75.23823, 12.83386], [75.23834, 12.83396], [75.23851, 12.83406], [75.23878, 12.83421], [75.23887, 12.83425], [75.239, 12.83437], [75.23915, 12.8346], [75.23939, 12.83496], [75.2395, 12.83514], [75.23959, 12.83527], [75.23966, 12.83536], [75.23966, 12.83536], [75.23981, 12.83539], [75.24015, 12.83548], [75.24039, 12.83555], [75.24059, 12.83565], [75.24079, 12.83576], [75.24092, 12.83586], [75.24103, 12.83599], [75.24109, 12.83608], [75.24122, 12.83631], [75.24138, 12.8366], [75.24147, 12.83678], [75.24147, 12.83678], [75.24151, 12.83687], [75.24151, 12.83687], [75.24193, 12.83703], [75.24231, 12.83719], [75.24401, 12.8378], [75.24436, 12.83792], [75.24436, 12.83792], [75.24484, 12.83805], [75.24533, 12.83809], [75.24595, 12.83807], [75.24749, 12.83803], [75.24749, 12.83803], [75.24791, 12.83814], [75.24805, 12.83813], [75.24914, 12.83804], [75.24914, 12.83804], [75.24898, 12.83873], [75.24898, 12.83873], [75.24884, 12.83942], [75.24884, 12.83942], [75.2488, 12.83961], [75.24848, 12.84069], [75.24798, 12.84241], [75.24757, 12.84368], [75.24753, 12.84396], [75.24753, 12.84404], [75.24757, 12.84421], [75.24771, 12.84444], [75.24779, 12.84459], [75.24779, 12.84475], [75.24774, 12.84507], [75.24759, 12.84581], [75.2476, 12.84611], [75.24764, 12.84671], [75.24764, 12.84671], [75.24762, 12.847], [75.24754, 12.84727], [75.24732, 12.84751], [75.24709, 12.84761], [75.24678, 12.84769], [75.24656, 12.84769], [75.24638, 12.84761], [75.24622, 12.84739], [75.24616, 12.84732], [75.24607, 12.84728], [75.24601, 12.84726], [75.24595, 12.84727], [75.24589, 12.84732], [75.24585, 12.84738], [75.24584, 12.84744], [75.24574, 12.8476], [75.24548, 12.84778], [75.24535, 12.84785], [75.2452, 12.84789], [75.24504, 12.84785], [75.24487, 12.84781], [75.24487, 12.84781], [75.24476, 12.84786], [75.24464, 12.84794], [75.24453, 12.84809], [75.2445, 12.84825], [75.24452, 12.84841], [75.24464, 12.84867], [75.24476, 12.84897], [75.24482, 12.84916], [75.24489, 12.84958], [75.24503, 12.84999], [75.24531, 12.85059], [75.24545, 12.85078], [75.24559, 12.85098], [75.24575, 12.85121], [75.24587, 12.85149], [75.24594, 12.85188], [75.24594, 12.85188], [75.24591, 12.85194], [75.24592, 12.85218], [75.24585, 12.85242], [75.24579, 12.85258], [75.24575, 12.85276], [75.24575, 12.85293], [75.24571, 12.85325], [75.24565, 12.85345], [75.2455, 12.85374], [75.24523, 12.85404], [75.24512, 12.85424], [75.24507, 12.85441], [75.24483, 12.85509], [75.24473, 12.85544], [75.24462, 12.85591], [75.24454, 12.85603], [75.24438, 12.85608], [75.24426, 12.85613], [75.24416, 12.85623], [75.24382, 12.85659], [75.24363, 12.85668], [75.24349, 12.8568], [75.24341, 12.85694], [75.24341, 12.85707], [75.24349, 12.8572], [75.24366, 12.85731], [75.24388, 12.85743], [75.24402, 12.85754], [75.24432, 12.85782], [75.24454, 12.85799], [75.2446, 12.85806], [75.24465, 12.85818], [75.24465, 12.85836], [75.24465, 12.85855], [75.24471, 12.85876], [75.24485, 12.859], [75.24493, 12.85926], [75.24493, 12.85942], [75.24489, 12.85948], [75.24483, 12.85954], [75.24475, 12.85955], [75.24463, 12.85954], [75.24434, 12.85949], [75.24415, 12.85945], [75.24395, 12.85946], [75.24381, 12.85946], [75.24356, 12.85944], [75.24333, 12.85944], [75.24315, 12.85952], [75.24304, 12.85963], [75.24299, 12.85974], [75.24302, 12.85986], [75.24313, 12.85999], [75.24336, 12.86012], [75.24361, 12.86035], [75.24383, 12.86072], [75.24397, 12.86099], [75.24408, 12.86132], [75.24404, 12.86145], [75.24393, 12.86162], [75.24379, 12.86177], [75.24372, 12.86193], [75.24372, 12.86213], [75.24371, 12.86227], [75.24365, 12.86243], [75.24358, 12.86256], [75.24329, 12.86321], [75.24275, 12.86418], [75.24275, 12.86418], [75.24238, 12.8649], [75.24212, 12.86532], [75.24191, 12.86565], [75.24184, 12.86571], [75.24173, 12.86575], [75.24156, 12.86575], [75.24127, 12.86574], [75.24097, 12.86576], [75.24065, 12.86582], [75.24047, 12.866], [75.24032, 12.86625], [75.24022, 12.86652], [75.24022, 12.86678], [75.24027, 12.86706], [75.24035, 12.86738], [75.2404, 12.86766], [75.24036, 12.86786], [75.24033, 12.868], [75.24022, 12.86818], [75.24004, 12.86846], [75.2399, 12.8687], [75.23971, 12.86898], [75.23945, 12.86929], [75.23932, 12.86954], [75.23918, 12.8699], [75.23907, 12.8703], [75.23907, 12.87048], [75.23907, 12.87068], [75.23913, 12.87085], [75.2393, 12.87096], [75.23942, 12.87109], [75.23951, 12.87124], [75.23954, 12.87142], [75.23954, 12.87163], [75.23954, 12.87181], [75.23958, 12.872], [75.23966, 12.87217], [75.23982, 12.87229], [75.24303, 12.87532], [75.2433, 12.87564], [75.24341, 12.87595], [75.24351, 12.87626], [75.24351, 12.87667], [75.24352, 12.87719], [75.24355, 12.87806], [75.2436, 12.87829], [75.24381, 12.87868], [75.24394, 12.87893], [75.24398, 12.87914], [75.24399, 12.8794], [75.24391, 12.8797], [75.24382, 12.87995], [75.24371, 12.88032], [75.24359, 12.88054], [75.24345, 12.88077], [75.24337, 12.8809], [75.24337, 12.8809], [75.24325, 12.88111], [75.24314, 12.88139], [75.24306, 12.88166], [75.24306, 12.88183], [75.24314, 12.882], [75.24328, 12.88214], [75.24352, 12.88224], [75.24388, 12.88239], [75.24459, 12.88266], [75.24506, 12.88276], [75.24524, 12.88286], [75.24546, 12.88303], [75.24574, 12.88334], [75.24605, 12.88355], [75.24643, 12.88376], [75.24663, 12.88397], [75.24688, 12.88441], [75.247, 12.88459], [75.24724, 12.8847], [75.24757, 12.88477], [75.24862, 12.88492], [75.24906, 12.88515], [75.24935, 12.88534], [75.24962, 12.88549], [75.25015, 12.8857], [75.25049, 12.88578], [75.25081, 12.88588], [75.25109, 12.88607], [75.25116, 12.88615], [75.2514, 12.88639], [75.25144, 12.88651], [75.25144, 12.88651], [75.25144, 12.88664], [75.25137, 12.88677], [75.25118, 12.88698], [75.25103, 12.88716], [75.25081, 12.88751], [75.25075, 12.88768], [75.25064, 12.88812], [75.25045, 12.88904], [75.25028, 12.88958], [75.25018, 12.88988], [75.24994, 12.89023], [75.24965, 12.89059], [75.24946, 12.89083], [75.24924, 12.89116], [75.24891, 12.89153], [75.24839, 12.89209], [75.24827, 12.89246], [75.24815, 12.89292], [75.24815, 12.89318], [75.24823, 12.89333], [75.24836, 12.89346], [75.24848, 12.8936], [75.24866, 12.89388], [75.24886, 12.89412], [75.24893, 12.89436], [75.24893, 12.89458], [75.24893, 12.89483], [75.24897, 12.895], [75.24902, 12.89509], [75.24912, 12.89518], [75.2492, 12.89528], [75.24921, 12.89541], [75.24921, 12.89553], [75.24929, 12.8957], [75.24939, 12.89587], [75.24953, 12.89598], [75.24975, 12.89611], [75.25001, 12.8962], [75.25022, 12.8962], [75.25037, 12.8962], [75.25058, 12.89616], [75.2507, 12.89622], [75.25083, 12.89631], [75.25098, 12.89651], [75.25119, 12.89681], [75.25148, 12.89712], [75.25176, 12.89737], [75.25198, 12.89754], [75.25213, 12.89765], [75.25222, 12.89781], [75.25228, 12.89805], [75.2524, 12.8986], [75.2525, 12.899], [75.25258, 12.8993], [75.25258, 12.89951], [75.25258, 12.89983], [75.25266, 12.90011], [75.2528, 12.90043], [75.25286, 12.90065], [75.25288, 12.90105], [75.25285, 12.90145], [75.25273, 12.9017], [75.25268, 12.90192], [75.25269, 12.90206], [75.25278, 12.90218], [75.25291, 12.90228], [75.25339, 12.90251], [75.25351, 12.90265], [75.25356, 12.9028], [75.25357, 12.90302], [75.25357, 12.90327], [75.25346, 12.90355], [75.25336, 12.90383], [75.25336, 12.90405], [75.25336, 12.9043], [75.25344, 12.90471], [75.25351, 12.90489], [75.25361, 12.90507], [75.25373, 12.9053], [75.25381, 12.90557], [75.25388, 12.90609], [75.25392, 12.90651], [75.25395, 12.90679], [75.25393, 12.90699], [75.2538, 12.9072], [75.25373, 12.90746], [75.25371, 12.90774], [75.25379, 12.90802], [75.2539, 12.90825], [75.25406, 12.90876], [75.25422, 12.90908], [75.25429, 12.90933], [75.25426, 12.90948], [75.25412, 12.90965], [75.2539, 12.91], [75.25376, 12.91021], [75.25376, 12.91021], [75.25353, 12.91067], [75.25331, 12.91119], [75.25321, 12.9113], [75.25301, 12.9115], [75.25275, 12.9118], [75.25235, 12.91231], [75.25221, 12.91252], [75.25214, 12.91274], [75.25193, 12.91344], [75.25186, 12.9136], [75.25155, 12.91489], [75.25152, 12.91522], [75.25152, 12.91533], [75.25159, 12.9155], [75.25177, 12.91572], [75.25229, 12.91619], [75.25258, 12.91646], [75.2527, 12.91667], [75.2527, 12.91693], [75.25265, 12.91723], [75.25264, 12.91737], [75.25265, 12.91752], [75.25277, 12.9178], [75.253, 12.91806], [75.25324, 12.91825], [75.25348, 12.91841], [75.25389, 12.91894], [75.25477, 12.91999], [75.25501, 12.9202], [75.25517, 12.9204], [75.25531, 12.92069], [75.25547, 12.921], [75.25559, 12.92112], [75.25579, 12.92119], [75.25609, 12.9212], [75.25623, 12.92125], [75.25637, 12.92135], [75.25684, 12.92187], [75.25701, 12.92199], [75.25711, 12.92202], [75.25729, 12.92211], [75.25736, 12.92217], [75.25744, 12.92247], [75.25742, 12.92267], [75.25733, 12.92296], [75.2573, 12.92328], [75.25734, 12.92346], [75.25747, 12.92367], [75.25764, 12.92403], [75.25766, 12.92427], [75.25776, 12.92514], [75.25787, 12.92545], [75.25802, 12.92567], [75.25822, 12.92593], [75.25849, 12.92622], [75.25871, 12.92644], [75.25885, 12.92654], [75.259, 12.92659], [75.259, 12.92659], [75.25906, 12.92664], [75.2591, 12.92669], [75.25912, 12.92674], [75.25913, 12.92679], [75.25912, 12.92684], [75.25911, 12.92688], [75.2591, 12.92695], [75.25874, 12.92791], [75.25872, 12.92821], [75.25876, 12.92841], [75.25876, 12.92895], [75.2587, 12.92968], [75.25869, 12.93037], [75.25871, 12.93079], [75.25877, 12.93112], [75.25893, 12.93173], [75.25893, 12.93173], [75.25894, 12.93178], [75.25897, 12.93207], [75.25903, 12.93242], [75.25913, 12.9327], [75.25922, 12.93297], [75.25924, 12.93336], [75.25921, 12.93371], [75.25916, 12.93433], [75.25916, 12.93462], [75.25927, 12.93522], [75.2594, 12.93569], [75.25947, 12.9362], [75.25945, 12.93635], [75.25934, 12.93771], [75.25927, 12.93839], [75.25929, 12.93858], [75.25943, 12.93878], [75.25969, 12.93896], [75.25997, 12.93914], [75.26014, 12.93918], [75.2603, 12.93922], [75.26044, 12.93926], [75.26052, 12.93934], [75.26059, 12.93973], [75.26058, 12.93983], [75.26057, 12.9399], [75.26055, 12.93994], [75.26053, 12.93998], [75.2605, 12.94001], [75.26047, 12.94004], [75.26042, 12.94005], [75.26029, 12.94008], [75.26012, 12.94012], [75.26003, 12.94023], [75.25993, 12.94045], [75.25944, 12.94181], [75.25928, 12.94228], [75.25927, 12.94253], [75.25934, 12.94273], [75.2595, 12.94294], [75.25961, 12.9431], [75.25973, 12.94328], [75.25991, 12.9441], [75.25991, 12.9441], [75.26032, 12.94511], [75.2607, 12.946], [75.26094, 12.9469], [75.26112, 12.94734], [75.26152, 12.9483], [75.26209, 12.94999], [75.2624, 12.95085], [75.26258, 12.95146], [75.26261, 12.95196], [75.26261, 12.95196], [75.26256, 12.95257], [75.26244, 12.95302], [75.26244, 12.95302], [75.26223, 12.95353], [75.26208, 12.95376], [75.26173, 12.95446], [75.26147, 12.95544], [75.26125, 12.95613], [75.26089, 12.95706], [75.26061, 12.95751], [75.26018, 12.95812], [75.25954, 12.95901], [75.25939, 12.95915], [75.25923, 12.95931], [75.2591, 12.95944], [75.25898, 12.9596], [75.25892, 12.9597], [75.25886, 12.95986], [75.25881, 12.9601], [75.2587, 12.96048], [75.25863, 12.96063], [75.25856, 12.96078], [75.25851, 12.96088], [75.25844, 12.96094], [75.25835, 12.96101], [75.25821, 12.96108], [75.258, 12.96119], [75.25783, 12.96133], [75.2578, 12.96139], [75.25777, 12.96148], [75.25777, 12.96159], [75.25777, 12.9617], [75.25777, 12.9617], [75.25779, 12.96182], [75.25787, 12.9623], [75.25791, 12.96266], [75.25793, 12.96303], [75.25791, 12.96314], [75.25788, 12.96325], [75.25788, 12.96325], [75.2578, 12.96342], [75.25769, 12.96362], [75.25769, 12.96362], [75.25747, 12.964], [75.25718, 12.96449], [75.25689, 12.96502], [75.25683, 12.96513], [75.25679, 12.96526], [75.25676, 12.96544], [75.25676, 12.96562], [75.25681, 12.96582], [75.25698, 12.96619], [75.25704, 12.96631], [75.25716, 12.9665], [75.25731, 12.96673], [75.25738, 12.96683], [75.25742, 12.96693], [75.25746, 12.96704], [75.25748, 12.96716], [75.25758, 12.96736], [75.25772, 12.96754], [75.25812, 12.96802], [75.25817, 12.96824], [75.25818, 12.96845], [75.25807, 12.9687], [75.25794, 12.96894], [75.25794, 12.96894], [75.25767, 12.96958], [75.25761, 12.96977], [75.25754, 12.96998], [75.25743, 12.97016], [75.25728, 12.97029], [75.25707, 12.97047], [75.25653, 12.97094], [75.25632, 12.97128], [75.25624, 12.97159], [75.25617, 12.97183], [75.25603, 12.97192], [75.25587, 12.97202], [75.2557, 12.9721], [75.25562, 12.97225], [75.25557, 12.97245], [75.25559, 12.97261], [75.25562, 12.97289], [75.25562, 12.97316], [75.25556, 12.9736], [75.25543, 12.97385], [75.25543, 12.97385], [75.25539, 12.97393], [75.25516, 12.97416], [75.25506, 12.97424], [75.25506, 12.97424], [75.25463, 12.97461], [75.25419, 12.97503], [75.25383, 12.97537], [75.25372, 12.97553], [75.25368, 12.97561], [75.25362, 12.97574], [75.25359, 12.97585], [75.25359, 12.97585], [75.25355, 12.97596], [75.25337, 12.9764], [75.25315, 12.97696], [75.25305, 12.97732], [75.25301, 12.9775], [75.25296, 12.97771], [75.25288, 12.97798], [75.25284, 12.97809], [75.25278, 12.97823], [75.25273, 12.97833], [75.2527, 12.97842], [75.25267, 12.97851], [75.25269, 12.97864], [75.25271, 12.97877], [75.25271, 12.97887], [75.2527, 12.97901], [75.25267, 12.97912], [75.2526, 12.97924], [75.25238, 12.97947], [75.25224, 12.97959], [75.25219, 12.9797], [75.25214, 12.97996], [75.2521, 12.98032], [75.2521, 12.98032], [75.25209, 12.98045], [75.25213, 12.98085], [75.25222, 12.9811], [75.25222, 12.9811], [75.25236, 12.98128], [75.25253, 12.98153], [75.25262, 12.98167], [75.25262, 12.98167], [75.25268, 12.98185], [75.25274, 12.982], [75.25275, 12.98215], [75.25275, 12.98215], [75.25277, 12.98242], [75.25278, 12.98286], [75.25278, 12.98286], [75.25272, 12.98326], [75.25262, 12.98359], [75.25242, 12.98419], [75.25229, 12.98445], [75.25225, 12.98465], [75.25225, 12.98465], [75.25247, 12.98475], [75.25286, 12.98492], [75.25286, 12.98492], [75.25301, 12.98501], [75.25314, 12.98509], [75.25314, 12.98509], [75.25321, 12.98516], [75.25331, 12.98525], [75.25359, 12.98545], [75.25388, 12.98564], [75.25445, 12.98595], [75.25491, 12.98617], [75.25533, 12.98633], [75.25562, 12.98644], [75.25591, 12.98653], [75.25622, 12.98659], [75.25642, 12.98665], [75.25654, 12.98671], [75.2566, 12.98676], [75.25664, 12.98683], [75.25665, 12.98694], [75.25665, 12.98702], [75.25663, 12.98711], [75.25658, 12.98733], [75.25654, 12.98758], [75.25653, 12.98768], [75.25655, 12.98779], [75.25655, 12.98779], [75.2566, 12.9879], [75.25671, 12.98799], [75.2569, 12.98811], [75.25763, 12.98853], [75.25813, 12.98878], [75.25887, 12.98904], [75.25887, 12.98904], [75.26008, 12.98938], [75.26035, 12.98942], [75.26059, 12.98941], [75.26121, 12.98931], [75.26139, 12.98928], [75.26178, 12.98935], [75.2621, 12.98946], [75.2621, 12.98946], [75.26222, 12.9895], [75.26246, 12.98968], [75.26246, 12.98968], [75.2625, 12.98971], [75.26287, 12.98997], [75.26328, 12.99014], [75.26373, 12.99025], [75.26391, 12.99029], [75.26391, 12.99029], [75.26464, 12.99043], [75.26548, 12.99025], [75.26565, 12.99024], [75.26565, 12.99024], [75.26755, 12.9901], [75.26881, 12.98989], [75.26881, 12.98989], [75.26915, 12.98982], [75.26915, 12.98982], [75.26966, 12.98977], [75.2701, 12.98969], [75.27098, 12.98958], [75.27151, 12.98961], [75.27151, 12.98961], [75.27154, 12.98961], [75.27187, 12.98959], [75.27202, 12.98956], [75.27299, 12.98937], [75.27361, 12.98919], [75.27361, 12.98919], [75.27378, 12.98914], [75.27431, 12.98912], [75.27431, 12.98912], [75.27523, 12.9891], [75.27523, 12.9891], [75.27545, 12.98909], [75.27559, 12.98909], [75.27559, 12.98909], [75.27602, 12.98908], [75.27602, 12.98908], [75.27642, 12.98907], [75.27642, 12.98907], [75.27653, 12.98907], [75.27751, 12.98908], [75.27766, 12.98908], [75.27766, 12.98908], [75.27815, 12.98909], [75.27864, 12.9891], [75.27952, 12.98916], [75.28019, 12.98925], [75.28038, 12.98931], [75.28038, 12.98931], [75.28048, 12.98934], [75.28063, 12.98943], [75.28063, 12.98943], [75.28078, 12.98958], [75.28151, 12.9906], [75.28158, 12.99069], [75.28158, 12.99069], [75.28179, 12.99089], [75.28199, 12.99102], [75.2822, 12.9911], [75.28257, 12.99119], [75.2827, 12.99122], [75.2827, 12.99122], [75.28278, 12.99124], [75.28296, 12.99132], [75.28296, 12.99132], [75.28327, 12.99144], [75.28397, 12.99182], [75.28418, 12.99192], [75.28418, 12.99192], [75.28462, 12.99214], [75.28512, 12.99236], [75.28536, 12.99244], [75.28536, 12.99244], [75.28543, 12.99247], [75.2862, 12.99274], [75.28663, 12.99285], [75.28663, 12.99285], [75.28737, 12.99296], [75.28754, 12.99299], [75.28754, 12.99299], [75.28793, 12.99307], [75.28838, 12.99316], [75.28868, 12.99319], [75.28868, 12.99319], [75.28881, 12.9932], [75.28881, 12.9932], [75.28926, 12.99318], [75.29005, 12.99311], [75.29028, 12.99312], [75.29056, 12.99317], [75.29093, 12.99322], [75.29093, 12.99322], [75.29109, 12.99325], [75.29126, 12.99326], [75.29144, 12.99326], [75.29158, 12.99323], [75.29185, 12.99308], [75.2921, 12.9929], [75.29245, 12.99273], [75.29287, 12.99258], [75.29338, 12.99248], [75.2938, 12.99248], [75.29426, 12.99257], [75.29426, 12.99257], [75.29444, 12.99196], [75.29454, 12.99135], [75.29456, 12.99092], [75.29459, 12.99071], [75.29458, 12.99052], [75.29456, 12.99039], [75.29437, 12.99013], [75.29405, 12.98984], [75.29306, 12.98882], [75.29255, 12.98832], [75.29255, 12.98832], [75.29282, 12.9882], [75.29328, 12.98805], [75.29345, 12.988], [75.29355, 12.98795], [75.29363, 12.98793], [75.29379, 12.98793], [75.29379, 12.98793], [75.29389, 12.98792], [75.29401, 12.98791], [75.29406, 12.98786], [75.29417, 12.98778], [75.2942, 12.98773], [75.29427, 12.98769], [75.2944, 12.98766], [75.29454, 12.98765], [75.2947, 12.98763], [75.29484, 12.98759], [75.29501, 12.98752], [75.29521, 12.98742], [75.29539, 12.98732], [75.29562, 12.98727], [75.29577, 12.98723], [75.29594, 12.98716], [75.29607, 12.9871], [75.29615, 12.98703], [75.29625, 12.98697], [75.29635, 12.98694], [75.29647, 12.98697], [75.29659, 12.98703], [75.29687, 12.98725], [75.29698, 12.98729], [75.29713, 12.98737], [75.29727, 12.98744], [75.29733, 12.98756], [75.29733, 12.98771], [75.29733, 12.98792], [75.29733, 12.9881], [75.29733, 12.98819], [75.29741, 12.98826], [75.2975, 12.98828]]}}, {"type": "Feature", "properties": {"kind": "aware", "hospital": "puttur_gh", "incident": "belthangady", "minutes": 55.3, "mean_exposure": 0.051, "max_exposure": 0.389}, "geometry": {"type": "LineString", "coordinates": [[75.20018, 12.75812], [75.20056, 12.75802], [75.20062, 12.75803], [75.20097, 12.75855], [75.20094, 12.75858], [75.20073, 12.75871], [75.20069, 12.75876], [75.20068, 12.75881], [75.20084, 12.75926], [75.20084, 12.75926], [75.20104, 12.75918], [75.20104, 12.75918], [75.2014, 12.75901], [75.20183, 12.75893], [75.20332, 12.75869], [75.20336, 12.75876], [75.20336, 12.75876], [75.20392, 12.7596], [75.20409, 12.76004], [75.20413, 12.76061], [75.20416, 12.76069], [75.20423, 12.76082], [75.20416, 12.76175], [75.20412, 12.76183], [75.20412, 12.76183], [75.20429, 12.7619], [75.20442, 12.76195], [75.20442, 12.76195], [75.20465, 12.76205], [75.20478, 12.76211], [75.2051, 12.76223], [75.2051, 12.76223], [75.20546, 12.76249], [75.20568, 12.76272], [75.20584, 12.7629], [75.20591, 12.76312], [75.20596, 12.76331], [75.20596, 12.76331], [75.2061, 12.7633], [75.20623, 12.76332], [75.20635, 12.76335], [75.20653, 12.76336], [75.20682, 12.76333], [75.2072, 12.76325], [75.20748, 12.76314], [75.20748, 12.76314], [75.20758, 12.76347], [75.20768, 12.76484], [75.20768, 12.76484], [75.20781, 12.76553], [75.20781, 12.76553], [75.20783, 12.76564], [75.20797, 12.76635], [75.20806, 12.76652], [75.20847, 12.76698], [75.20866, 12.76737], [75.20868, 12.76741], [75.20869, 12.76745], [75.20886, 12.76797], [75.20886, 12.76797], [75.2092, 12.76837], [75.2092, 12.76837], [75.20935, 12.76869], [75.20943, 12.76922], [75.2095, 12.76944], [75.2095, 12.76944], [75.2104, 12.771], [75.21049, 12.77137], [75.21049, 12.77137], [75.21053, 12.77154], [75.21053, 12.77154], [75.21055, 12.77167], [75.21072, 12.77212], [75.21075, 12.77241], [75.2108, 12.77275], [75.21079, 12.77289], [75.21042, 12.77406], [75.21034, 12.77419], [75.21034, 12.77419], [75.21012, 12.77422], [75.20913, 12.77425], [75.20913, 12.77425], [75.20875, 12.77426], [75.20875, 12.77426], [75.208, 12.77436], [75.20781, 12.77441], [75.20763, 12.77455], [75.20749, 12.77462], [75.2071, 12.77476], [75.20695, 12.77484], [75.20695, 12.77484], [75.20718, 12.77541], [75.20718, 12.77541], [75.20737, 12.77591], [75.20749, 12.77608], [75.20749, 12.77608], [75.2076, 12.77624], [75.20775, 12.7764], [75.20775, 12.7764], [75.208, 12.77669], [75.2082, 12.77688], [75.2082, 12.77688], [75.20844, 12.77709], [75.20867, 12.77731], [75.20882, 12.77753], [75.2089, 12.77777], [75.20885, 12.77814], [75.20878, 12.77835], [75.20878, 12.77835], [75.20865, 12.77874], [75.20862, 12.77889], [75.20863, 12.77925], [75.20876, 12.77975], [75.20876, 12.77975], [75.20879, 12.77986], [75.20884, 12.78022], [75.20883, 12.78041], [75.20883, 12.78041], [75.20877, 12.78067], [75.20877, 12.78067], [75.20875, 12.78074], [75.20873, 12.7808], [75.20873, 12.7808], [75.20859, 12.78112], [75.20849, 12.78138], [75.20841, 12.78198], [75.20826, 12.78244], [75.20788, 12.78321], [75.20782, 12.78342], [75.20789, 12.78359], [75.20819, 12.78414], [75.2084, 12.7846], [75.20847, 12.78472], [75.20847, 12.78472], [75.20866, 12.78508], [75.20877, 12.78538], [75.20885, 12.78572], [75.20891, 12.78621], [75.20899, 12.78647], [75.20902, 12.78652], [75.20902, 12.78652], [75.2092, 12.78678], [75.20982, 12.78734], [75.20999, 12.78757], [75.21004, 12.7878], [75.20998, 12.78809], [75.2099, 12.7887], [75.20971, 12.78977], [75.2096, 12.79035], [75.20953, 12.7907], [75.20949, 12.79117], [75.20951, 12.79141], [75.20972, 12.79219], [75.20978, 12.79251], [75.2098, 12.79296], [75.20977, 12.7935], [75.20985, 12.79387], [75.21011, 12.79454], [75.21021, 12.79481], [75.21017, 12.79526], [75.21018, 12.79556], [75.21027, 12.79577], [75.21037, 12.79598], [75.21078, 12.79648], [75.21093, 12.79667], [75.21093, 12.79667], [75.21119, 12.79723], [75.21123, 12.79748], [75.21113, 12.79769], [75.21093, 12.79796], [75.21072, 12.79824], [75.21055, 12.7986], [75.21038, 12.79904], [75.21033, 12.7994], [75.21035, 12.79961], [75.2104, 12.79986], [75.21046, 12.80001], [75.21051, 12.80013], [75.21055, 12.80022], [75.21054, 12.80038], [75.21052, 12.80049], [75.2105, 12.80061], [75.21052, 12.80067], [75.21058, 12.80073], [75.21058, 12.80073], [75.21064, 12.80074], [75.21075, 12.80076], [75.21091, 12.8008], [75.21134, 12.80099], [75.2117, 12.80117], [75.21199, 12.80139], [75.21221, 12.80167], [75.21236, 12.80196], [75.21244, 12.8023], [75.21245, 12.80256], [75.21244, 12.80305], [75.21239, 12.80338], [75.21237, 12.80348], [75.21236, 12.80354], [75.21244, 12.80364], [75.21252, 12.80368], [75.21268, 12.80377], [75.21309, 12.80399], [75.2132, 12.80411], [75.21323, 12.8042], [75.21323, 12.80428], [75.21323, 12.80439], [75.21324, 12.80452], [75.21333, 12.80483], [75.21336, 12.80497], [75.21338, 12.80506], [75.21338, 12.80514], [75.21336, 12.80521], [75.21329, 12.80531], [75.21321, 12.80542], [75.21309, 12.80554], [75.21296, 12.80575], [75.21285, 12.80588], [75.21273, 12.80606], [75.21262, 12.80621], [75.21256, 12.80626], [75.21248, 12.80629], [75.21235, 12.80633], [75.21204, 12.80637], [75.21189, 12.80641], [75.2118, 12.80645], [75.21174, 12.80651], [75.2117, 12.80658], [75.21168, 12.80672], [75.21169, 12.80696], [75.21174, 12.80729], [75.21174, 12.80729], [75.21181, 12.80757], [75.2119, 12.80782], [75.21199, 12.80798], [75.21207, 12.80807], [75.21214, 12.80812], [75.21232, 12.8082], [75.21241, 12.80826], [75.21249, 12.80834], [75.21268, 12.80865], [75.21286, 12.80893], [75.21296, 12.80916], [75.21306, 12.80932], [75.21314, 12.80944], [75.21331, 12.80957], [75.2134, 12.80965], [75.21346, 12.80973], [75.21352, 12.80987], [75.21379, 12.81041], [75.21399, 12.81083], [75.21405, 12.81089], [75.2141, 12.81093], [75.21423, 12.81098], [75.21437, 12.81104], [75.21443, 12.8111], [75.21465, 12.8113], [75.21477, 12.81139], [75.21502, 12.81149], [75.21519, 12.81154], [75.21537, 12.81164], [75.2157, 12.81189], [75.21588, 12.81203], [75.21594, 12.81215], [75.21604, 12.81236], [75.21608, 12.81276], [75.21608, 12.81276], [75.21617, 12.81292], [75.21627, 12.81305], [75.21642, 12.81317], [75.21665, 12.81334], [75.21682, 12.81346], [75.21708, 12.81365], [75.21725, 12.81381], [75.21749, 12.81403], [75.21773, 12.81417], [75.21793, 12.81428], [75.21812, 12.81436], [75.21826, 12.81439], [75.21826, 12.81439], [75.21843, 12.81438], [75.21853, 12.81438], [75.21853, 12.81438], [75.21897, 12.81433], [75.21916, 12.81436], [75.21934, 12.81444], [75.21942, 12.81456], [75.21945, 12.81476], [75.21948, 12.81488], [75.21958, 12.81504], [75.21971, 12.81512], [75.21986, 12.81515], [75.22004, 12.81518], [75.22015, 12.81521], [75.22027, 12.81531], [75.22035, 12.81543], [75.22042, 12.81558], [75.22044, 12.81572], [75.22046, 12.81588], [75.22046, 12.816], [75.22053, 12.81616], [75.22064, 12.81637], [75.22081, 12.81678], [75.22094, 12.8171], [75.22099, 12.81732], [75.221, 12.81736], [75.22101, 12.81741], [75.22103, 12.81745], [75.2211, 12.81756], [75.22128, 12.81765], [75.22159, 12.8178], [75.22184, 12.81791], [75.22201, 12.81798], [75.22201, 12.81798], [75.2222, 12.81826], [75.22238, 12.81858], [75.22242, 12.81882], [75.22242, 12.81882], [75.22244, 12.81891], [75.22236, 12.81964], [75.22216, 12.8207], [75.22209, 12.82117], [75.22203, 12.82162], [75.22189, 12.82182], [75.22175, 12.8219], [75.22147, 12.82201], [75.22136, 12.82207], [75.22124, 12.82222], [75.22094, 12.82262], [75.22076, 12.8227], [75.22044, 12.82279], [75.22025, 12.82283], [75.22007, 12.82289], [75.21998, 12.823], [75.21976, 12.82354], [75.2196, 12.82377], [75.21934, 12.82407], [75.21915, 12.82426], [75.2191, 12.82434], [75.21914, 12.82474], [75.21915, 12.82497], [75.21907, 12.82506], [75.21889, 12.82516], [75.21882, 12.82517], [75.21882, 12.82517], [75.21888, 12.82573], [75.2189, 12.82619], [75.21898, 12.82649], [75.21904, 12.82672], [75.21904, 12.82672], [75.21871, 12.82656], [75.21772, 12.82658], [75.21721, 12.82672], [75.21704, 12.82687], [75.21696, 12.82705], [75.21688, 12.8277], [75.21671, 12.82795], [75.21646, 12.82805], [75.21626, 12.82812], [75.21626, 12.82812], [75.21605, 12.82804], [75.21605, 12.82804], [75.21611, 12.82818], [75.21611, 12.82818], [75.21621, 12.82821], [75.2175, 12.82842], [75.21861, 12.82848], [75.21935, 12.82858], [75.22017, 12.82877], [75.22064, 12.82896], [75.22132, 12.82941], [75.22143, 12.8295], [75.22143, 12.8295], [75.22155, 12.82988], [75.22177, 12.83013], [75.22208, 12.8304], [75.22285, 12.83071], [75.22285, 12.83071], [75.22338, 12.83124], [75.22375, 12.83163], [75.22417, 12.83216], [75.2245, 12.83254], [75.22479, 12.83292], [75.22494, 12.83308], [75.22535, 12.83351], [75.22558, 12.83371], [75.22592, 12.83398], [75.22592, 12.83398], [75.22683, 12.83457], [75.22683, 12.83457], [75.22748, 12.83498], [75.22766, 12.8351], [75.22833, 12.83558], [75.22895, 12.83606], [75.2296, 12.83652], [75.22983, 12.83666], [75.23005, 12.83676], [75.23025, 12.83684], [75.23052, 12.83692], [75.23083, 12.83698], [75.23108, 12.837], [75.23144, 12.837], [75.23247, 12.83696], [75.23247, 12.83696], [75.23264, 12.83696], [75.23279, 12.83694], [75.23403, 12.83684], [75.23584, 12.83673], [75.23752, 12.83658], [75.23822, 12.83654], [75.23878, 12.83649], [75.23897, 12.83647], [75.23938, 12.83644], [75.23981, 12.83645], [75.24036, 12.83652], [75.24083, 12.83663], [75.24103, 12.83671], [75.24134, 12.83683], [75.24134, 12.83683], [75.24141, 12.83684], [75.24141, 12.83684], [75.24151, 12.83687], [75.24151, 12.83687], [75.24193, 12.83703], [75.24231, 12.83719], [75.24401, 12.8378], [75.24436, 12.83792], [75.24436, 12.83792], [75.24474, 12.83829], [75.24474, 12.83829], [75.24488, 12.83826], [75.2454, 12.83825], [75.2461, 12.83829], [75.24625, 12.8383], [75.24694, 12.83842], [75.24738, 12.8385], [75.24738, 12.8385], [75.24777, 12.83856], [75.24858, 12.83868], [75.24879, 12.8387], [75.24898, 12.83873], [75.24898, 12.83873], [75.24884, 12.83942], [75.24884, 12.83942], [75.2488, 12.83961], [75.24848, 12.84069], [75.24798, 12.84241], [75.24757, 12.84368], [75.24753, 12.84396], [75.24753, 12.84404], [75.24757, 12.84421], [75.24771, 12.84444], [75.24779, 12.84459], [75.24779, 12.84475], [75.24774, 12.84507], [75.24759, 12.84581], [75.2476, 12.84611], [75.24764, 12.84671], [75.24764, 12.84671], [75.24762, 12.847], [75.24754, 12.84727], [75.24732, 12.84751], [75.24709, 12.84761], [75.24678, 12.84769], [75.24656, 12.84769], [75.24638, 12.84761], [75.24622, 12.84739], [75.24616, 12.84732], [75.24607, 12.84728], [75.24601, 12.84726], [75.24595, 12.84727], [75.24589, 12.84732], [75.24585, 12.84738], [75.24584, 12.84744], [75.24574, 12.8476], [75.24548, 12.84778], [75.24535, 12.84785], [75.2452, 12.84789], [75.24504, 12.84785], [75.24487, 12.84781], [75.24487, 12.84781], [75.24476, 12.84786], [75.24464, 12.84794], [75.24453, 12.84809], [75.2445, 12.84825], [75.24452, 12.84841], [75.24464, 12.84867], [75.24476, 12.84897], [75.24482, 12.84916], [75.24489, 12.84958], [75.24503, 12.84999], [75.24531, 12.85059], [75.24545, 12.85078], [75.24559, 12.85098], [75.24575, 12.85121], [75.24587, 12.85149], [75.24594, 12.85188], [75.24594, 12.85188], [75.24591, 12.85194], [75.24592, 12.85218], [75.24585, 12.85242], [75.24579, 12.85258], [75.24575, 12.85276], [75.24575, 12.85293], [75.24571, 12.85325], [75.24565, 12.85345], [75.2455, 12.85374], [75.24523, 12.85404], [75.24512, 12.85424], [75.24507, 12.85441], [75.24483, 12.85509], [75.24473, 12.85544], [75.24462, 12.85591], [75.24454, 12.85603], [75.24438, 12.85608], [75.24426, 12.85613], [75.24416, 12.85623], [75.24382, 12.85659], [75.24363, 12.85668], [75.24349, 12.8568], [75.24341, 12.85694], [75.24341, 12.85707], [75.24349, 12.8572], [75.24366, 12.85731], [75.24388, 12.85743], [75.24402, 12.85754], [75.24432, 12.85782], [75.24454, 12.85799], [75.2446, 12.85806], [75.24465, 12.85818], [75.24465, 12.85836], [75.24465, 12.85855], [75.24471, 12.85876], [75.24485, 12.859], [75.24493, 12.85926], [75.24493, 12.85942], [75.24489, 12.85948], [75.24483, 12.85954], [75.24475, 12.85955], [75.24463, 12.85954], [75.24434, 12.85949], [75.24415, 12.85945], [75.24395, 12.85946], [75.24381, 12.85946], [75.24356, 12.85944], [75.24333, 12.85944], [75.24315, 12.85952], [75.24304, 12.85963], [75.24299, 12.85974], [75.24302, 12.85986], [75.24313, 12.85999], [75.24336, 12.86012], [75.24361, 12.86035], [75.24383, 12.86072], [75.24397, 12.86099], [75.24408, 12.86132], [75.24404, 12.86145], [75.24393, 12.86162], [75.24379, 12.86177], [75.24372, 12.86193], [75.24372, 12.86213], [75.24371, 12.86227], [75.24365, 12.86243], [75.24358, 12.86256], [75.24329, 12.86321], [75.24275, 12.86418], [75.24275, 12.86418], [75.24238, 12.8649], [75.24212, 12.86532], [75.24191, 12.86565], [75.24184, 12.86571], [75.24173, 12.86575], [75.24156, 12.86575], [75.24127, 12.86574], [75.24097, 12.86576], [75.24065, 12.86582], [75.24047, 12.866], [75.24032, 12.86625], [75.24022, 12.86652], [75.24022, 12.86678], [75.24027, 12.86706], [75.24035, 12.86738], [75.2404, 12.86766], [75.24036, 12.86786], [75.24033, 12.868], [75.24022, 12.86818], [75.24004, 12.86846], [75.2399, 12.8687], [75.23971, 12.86898], [75.23945, 12.86929], [75.23932, 12.86954], [75.23918, 12.8699], [75.23907, 12.8703], [75.23907, 12.87048], [75.23907, 12.87068], [75.23913, 12.87085], [75.2393, 12.87096], [75.23942, 12.87109], [75.23951, 12.87124], [75.23954, 12.87142], [75.23954, 12.87163], [75.23954, 12.87181], [75.23958, 12.872], [75.23966, 12.87217], [75.23982, 12.87229], [75.24303, 12.87532], [75.2433, 12.87564], [75.24341, 12.87595], [75.24351, 12.87626], [75.24351, 12.87667], [75.24352, 12.87719], [75.24355, 12.87806], [75.2436, 12.87829], [75.24381, 12.87868], [75.24394, 12.87893], [75.24398, 12.87914], [75.24399, 12.8794], [75.24391, 12.8797], [75.24382, 12.87995], [75.24371, 12.88032], [75.24359, 12.88054], [75.24345, 12.88077], [75.24337, 12.8809], [75.24337, 12.8809], [75.24313, 12.88116], [75.24287, 12.88128], [75.24239, 12.8814], [75.24196, 12.88155], [75.24174, 12.88174], [75.2415, 12.88211], [75.24135, 12.8823], [75.24117, 12.88251], [75.24088, 12.88263], [75.24041, 12.88277], [75.23996, 12.88298], [75.23934, 12.88355], [75.23883, 12.88398], [75.23883, 12.88398], [75.23847, 12.88435], [75.23807, 12.88514], [75.23774, 12.88578], [75.23748, 12.88621], [75.23742, 12.88646], [75.23739, 12.88671], [75.23738, 12.88695], [75.23715, 12.88739], [75.23687, 12.88804], [75.23657, 12.88855], [75.23624, 12.88889], [75.23588, 12.88935], [75.23462, 12.8901], [75.23401, 12.89042], [75.23374, 12.89049], [75.23345, 12.89053], [75.23318, 12.8906], [75.23284, 12.89083], [75.23229, 12.89129], [75.23182, 12.89176], [75.23158, 12.89187], [75.23139, 12.89211], [75.23124, 12.89233], [75.2312, 12.8925], [75.23119, 12.89284], [75.23129, 12.89316], [75.23136, 12.89342], [75.23139, 12.89376], [75.23138, 12.89403], [75.23133, 12.89431], [75.23119, 12.89487], [75.23118, 12.89504], [75.23111, 12.89518], [75.23087, 12.89549], [75.23068, 12.89582], [75.23056, 12.89612], [75.23054, 12.89652], [75.23058, 12.89678], [75.23076, 12.89701], [75.23097, 12.89722], [75.23105, 12.89736], [75.23103, 12.89752], [75.23093, 12.89768], [75.23072, 12.89787], [75.23052, 12.89797], [75.23041, 12.89824], [75.23037, 12.89845], [75.23049, 12.89875], [75.23049, 12.89875], [75.23072, 12.8991], [75.23095, 12.89929], [75.23126, 12.89979], [75.23153, 12.90034], [75.23175, 12.90075], [75.2321, 12.90132], [75.23229, 12.90188], [75.2323, 12.90254], [75.23229, 12.90284], [75.23223, 12.90311], [75.23214, 12.90347], [75.23207, 12.90387], [75.23192, 12.90421], [75.23144, 12.90496], [75.23106, 12.90542], [75.2305, 12.90592], [75.2303, 12.90612], [75.23013, 12.90641], [75.22997, 12.90676], [75.22983, 12.90726], [75.22975, 12.9074], [75.22961, 12.9075], [75.22947, 12.90758], [75.22938, 12.90769], [75.22932, 12.90802], [75.22931, 12.90838], [75.22925, 12.90879], [75.22924, 12.90909], [75.22926, 12.90932], [75.22935, 12.90966], [75.2294, 12.90995], [75.2294, 12.91024], [75.22929, 12.91058], [75.22918, 12.91078], [75.22905, 12.91092], [75.22887, 12.91103], [75.22815, 12.91137], [75.2279, 12.91148], [75.2279, 12.91148], [75.22768, 12.91166], [75.2274, 12.91184], [75.22704, 12.91205], [75.22692, 12.91216], [75.22692, 12.91216], [75.22677, 12.91229], [75.22666, 12.91239], [75.22666, 12.91239], [75.22666, 12.91244], [75.22669, 12.91253], [75.22685, 12.91268], [75.22686, 12.91281], [75.22681, 12.91295], [75.22674, 12.91303], [75.22656, 12.91316], [75.22638, 12.91323], [75.22624, 12.91338], [75.22608, 12.91351], [75.22594, 12.91359], [75.22578, 12.9137], [75.22572, 12.91385], [75.22564, 12.91394], [75.22546, 12.9141], [75.22527, 12.91422], [75.22509, 12.91442], [75.22493, 12.91467], [75.22481, 12.91481], [75.22467, 12.91496], [75.22459, 12.91515], [75.2245, 12.9156], [75.22438, 12.91576], [75.22401, 12.91601], [75.22365, 12.91624], [75.22324, 12.91653], [75.22294, 12.91685], [75.22271, 12.91727], [75.22252, 12.9176], [75.22243, 12.91781], [75.22242, 12.91801], [75.22243, 12.91825], [75.22243, 12.91849], [75.22235, 12.91895], [75.22224, 12.91933], [75.22203, 12.9197], [75.22183, 12.92], [75.22175, 12.92018], [75.22175, 12.9204], [75.22174, 12.92064], [75.22164, 12.92082], [75.22151, 12.92095], [75.22124, 12.92102], [75.22102, 12.92103], [75.22084, 12.92105], [75.22062, 12.92119], [75.22043, 12.92124], [75.22021, 12.92126], [75.21998, 12.92133], [75.21975, 12.92147], [75.21959, 12.92165], [75.21954, 12.92202], [75.21942, 12.92264], [75.21932, 12.92294], [75.21924, 12.92306], [75.21906, 12.92314], [75.21879, 12.92319], [75.21846, 12.92326], [75.21825, 12.92351], [75.21805, 12.92358], [75.21782, 12.92376], [75.21768, 12.924], [75.21754, 12.92429], [75.21749, 12.92509], [75.21739, 12.92526], [75.21728, 12.92541], [75.21709, 12.92546], [75.21684, 12.92564], [75.21647, 12.92601], [75.21618, 12.92627], [75.2161, 12.92638], [75.21602, 12.92658], [75.21598, 12.92672], [75.2158, 12.92697], [75.21544, 12.92726], [75.21527, 12.92746], [75.21512, 12.9277], [75.21505, 12.92823], [75.21486, 12.9286], [75.21469, 12.92878], [75.21449, 12.92891], [75.21418, 12.92897], [75.21393, 12.929], [75.21348, 12.92926], [75.21311, 12.92958], [75.21283, 12.93016], [75.21244, 12.93102], [75.21233, 12.93131], [75.21233, 12.93131], [75.21263, 12.9315], [75.21303, 12.93185], [75.21337, 12.93227], [75.21374, 12.93276], [75.21383, 12.93294], [75.21395, 12.93327], [75.21398, 12.93355], [75.21397, 12.93389], [75.21405, 12.9343], [75.21409, 12.9345], [75.21409, 12.9345], [75.21406, 12.9346], [75.21406, 12.93497], [75.21408, 12.93529], [75.21407, 12.93565], [75.21402, 12.93596], [75.21389, 12.9367], [75.21382, 12.93712], [75.21354, 12.93751], [75.21318, 12.93804], [75.21307, 12.93825], [75.21306, 12.93845], [75.2131, 12.93919], [75.213, 12.93979], [75.21289, 12.94011], [75.21275, 12.94046], [75.21274, 12.94103], [75.21264, 12.94149], [75.21263, 12.94173], [75.21257, 12.94187], [75.21238, 12.94206], [75.21197, 12.94261], [75.21191, 12.94286], [75.21196, 12.94295], [75.21197, 12.943], [75.21169, 12.94342], [75.21124, 12.94392], [75.21118, 12.94423], [75.21126, 12.94432], [75.21122, 12.94442], [75.21119, 12.94478], [75.21133, 12.94518], [75.21166, 12.94593], [75.21207, 12.94638], [75.2125, 12.94695], [75.21267, 12.94758], [75.21282, 12.94785], [75.21301, 12.94799], [75.21321, 12.94804], [75.21356, 12.94816], [75.2138, 12.94827], [75.21398, 12.94835], [75.21415, 12.94852], [75.21419, 12.94862], [75.21415, 12.94869], [75.21382, 12.94893], [75.21335, 12.94942], [75.21335, 12.94954], [75.21357, 12.95003], [75.21368, 12.95022], [75.21403, 12.95049], [75.21416, 12.95061], [75.21429, 12.95093], [75.21431, 12.95114], [75.21419, 12.95162], [75.21414, 12.95182], [75.2143, 12.95199], [75.21433, 12.95204], [75.21431, 12.95213], [75.21427, 12.95223], [75.21402, 12.95242], [75.21376, 12.953], [75.21376, 12.95313], [75.2142, 12.95353], [75.21419, 12.95361], [75.21392, 12.95419], [75.21403, 12.95439], [75.21456, 12.95473], [75.21523, 12.95495], [75.21528, 12.95606], [75.21522, 12.95682], [75.21502, 12.95732], [75.21498, 12.95757], [75.21493, 12.95806], [75.215, 12.95822], [75.21525, 12.95884], [75.21479, 12.95916], [75.21452, 12.9592], [75.21416, 12.95974], [75.21416, 12.95974], [75.2144, 12.96012], [75.21456, 12.96074], [75.21467, 12.96131], [75.21481, 12.96163], [75.21501, 12.96196], [75.21531, 12.96235], [75.21554, 12.96263], [75.21578, 12.96293], [75.21596, 12.96311], [75.21618, 12.96323], [75.21649, 12.96326], [75.21681, 12.96326], [75.21707, 12.96324], [75.21727, 12.96318], [75.2174, 12.96315], [75.2177, 12.96312], [75.21803, 12.96317], [75.21853, 12.96336], [75.21943, 12.96362], [75.21986, 12.96373], [75.22043, 12.96384], [75.22123, 12.96409], [75.22123, 12.96409], [75.22148, 12.96424], [75.22175, 12.96435], [75.22207, 12.96438], [75.22244, 12.96439], [75.22266, 12.9644], [75.22266, 12.9644], [75.22269, 12.9644], [75.22306, 12.96453], [75.22363, 12.96481], [75.22401, 12.965], [75.22434, 12.96527], [75.22434, 12.96527], [75.22447, 12.96537], [75.22501, 12.9659], [75.22526, 12.96613], [75.22526, 12.96613], [75.22558, 12.96644], [75.22644, 12.96729], [75.22644, 12.96729], [75.2266, 12.96745], [75.22713, 12.96792], [75.22755, 12.96827], [75.22794, 12.96853], [75.22837, 12.9689], [75.22887, 12.96945], [75.22937, 12.97011], [75.22937, 12.97011], [75.22974, 12.97059], [75.22974, 12.97059], [75.23, 12.97093], [75.23, 12.97093], [75.23028, 12.97127], [75.23028, 12.97127], [75.23034, 12.97135], [75.23065, 12.97177], [75.23065, 12.97177], [75.23088, 12.97208], [75.23118, 12.97253], [75.23139, 12.97294], [75.23166, 12.97356], [75.23187, 12.97408], [75.23215, 12.97444], [75.23238, 12.97479], [75.23251, 12.97512], [75.23257, 12.97539], [75.23267, 12.97594], [75.23278, 12.97626], [75.23291, 12.97655], [75.2331, 12.97684], [75.23332, 12.97708], [75.23349, 12.97721], [75.23349, 12.97721], [75.23378, 12.97742], [75.23378, 12.97742], [75.23391, 12.97752], [75.2345, 12.97785], [75.23506, 12.97822], [75.23594, 12.97877], [75.23645, 12.97916], [75.23697, 12.97944], [75.23744, 12.97964], [75.23785, 12.97988], [75.23803, 12.98002], [75.23826, 12.9802], [75.23847, 12.98048], [75.23868, 12.98068], [75.2388, 12.98078], [75.23889, 12.98098], [75.23893, 12.98122], [75.23905, 12.98149], [75.23938, 12.98177], [75.23961, 12.98187], [75.23984, 12.98185], [75.24023, 12.98167], [75.2407, 12.98141], [75.24111, 12.98133], [75.24146, 12.98136], [75.24196, 12.98158], [75.24252, 12.98182], [75.24311, 12.98204], [75.24311, 12.98204], [75.24347, 12.98235], [75.24369, 12.98267], [75.24389, 12.98287], [75.24432, 12.98309], [75.24449, 12.98314], [75.24449, 12.98314], [75.24496, 12.98329], [75.24535, 12.98339], [75.24535, 12.98339], [75.24541, 12.98341], [75.24566, 12.98349], [75.24586, 12.9836], [75.24586, 12.9836], [75.24621, 12.98381], [75.24682, 12.98423], [75.24726, 12.98455], [75.24787, 12.98486], [75.2483, 12.98502], [75.24885, 12.98502], [75.24944, 12.98496], [75.24983, 12.98489], [75.25019, 12.9848], [75.2503, 12.9848], [75.2503, 12.9848], [75.25075, 12.98479], [75.25092, 12.98478], [75.25108, 12.98477], [75.25128, 12.98473], [75.25128, 12.98473], [75.25133, 12.98472], [75.25146, 12.98469], [75.25159, 12.98466], [75.25172, 12.98463], [75.25172, 12.98463], [75.25201, 12.98462], [75.25225, 12.98465], [75.25225, 12.98465], [75.25247, 12.98475], [75.25286, 12.98492], [75.25286, 12.98492], [75.25301, 12.98501], [75.25314, 12.98509], [75.25314, 12.98509], [75.25321, 12.98516], [75.25331, 12.98525], [75.25359, 12.98545], [75.25388, 12.98564], [75.25445, 12.98595], [75.25491, 12.98617], [75.25533, 12.98633], [75.25562, 12.98644], [75.25591, 12.98653], [75.25622, 12.98659], [75.25642, 12.98665], [75.25654, 12.98671], [75.2566, 12.98676], [75.25664, 12.98683], [75.25665, 12.98694], [75.25665, 12.98702], [75.25663, 12.98711], [75.25658, 12.98733], [75.25654, 12.98758], [75.25653, 12.98768], [75.25655, 12.98779], [75.25655, 12.98779], [75.2566, 12.9879], [75.25671, 12.98799], [75.2569, 12.98811], [75.25763, 12.98853], [75.25813, 12.98878], [75.25887, 12.98904], [75.25887, 12.98904], [75.26008, 12.98938], [75.26035, 12.98942], [75.26059, 12.98941], [75.26121, 12.98931], [75.26139, 12.98928], [75.26178, 12.98935], [75.2621, 12.98946], [75.2621, 12.98946], [75.26222, 12.9895], [75.26246, 12.98968], [75.26246, 12.98968], [75.2625, 12.98971], [75.26287, 12.98997], [75.26328, 12.99014], [75.26373, 12.99025], [75.26391, 12.99029], [75.26391, 12.99029], [75.26464, 12.99043], [75.26548, 12.99025], [75.26565, 12.99024], [75.26565, 12.99024], [75.26755, 12.9901], [75.26881, 12.98989], [75.26881, 12.98989], [75.26915, 12.98982], [75.26915, 12.98982], [75.26966, 12.98977], [75.2701, 12.98969], [75.27098, 12.98958], [75.27151, 12.98961], [75.27151, 12.98961], [75.27154, 12.98961], [75.27187, 12.98959], [75.27202, 12.98956], [75.27299, 12.98937], [75.27361, 12.98919], [75.27361, 12.98919], [75.27378, 12.98914], [75.27431, 12.98912], [75.27431, 12.98912], [75.27523, 12.9891], [75.27523, 12.9891], [75.27545, 12.98909], [75.27559, 12.98909], [75.27559, 12.98909], [75.27602, 12.98908], [75.27602, 12.98908], [75.27642, 12.98907], [75.27642, 12.98907], [75.27653, 12.98907], [75.27751, 12.98908], [75.27766, 12.98908], [75.27766, 12.98908], [75.27815, 12.98909], [75.27864, 12.9891], [75.27952, 12.98916], [75.28019, 12.98925], [75.28038, 12.98931], [75.28038, 12.98931], [75.28048, 12.98934], [75.28063, 12.98943], [75.28063, 12.98943], [75.28078, 12.98958], [75.28151, 12.9906], [75.28158, 12.99069], [75.28158, 12.99069], [75.28179, 12.99089], [75.28199, 12.99102], [75.2822, 12.9911], [75.28257, 12.99119], [75.2827, 12.99122], [75.2827, 12.99122], [75.28278, 12.99124], [75.28296, 12.99132], [75.28296, 12.99132], [75.28327, 12.99144], [75.28397, 12.99182], [75.28418, 12.99192], [75.28418, 12.99192], [75.28462, 12.99214], [75.28512, 12.99236], [75.28536, 12.99244], [75.28536, 12.99244], [75.28543, 12.99247], [75.2862, 12.99274], [75.28663, 12.99285], [75.28663, 12.99285], [75.28737, 12.99296], [75.28754, 12.99299], [75.28754, 12.99299], [75.28793, 12.99307], [75.28838, 12.99316], [75.28868, 12.99319], [75.28868, 12.99319], [75.28881, 12.9932], [75.28881, 12.9932], [75.28926, 12.99318], [75.29005, 12.99311], [75.29028, 12.99312], [75.29056, 12.99317], [75.29093, 12.99322], [75.29093, 12.99322], [75.29109, 12.99325], [75.29126, 12.99326], [75.29144, 12.99326], [75.29158, 12.99323], [75.29185, 12.99308], [75.2921, 12.9929], [75.29245, 12.99273], [75.29287, 12.99258], [75.29338, 12.99248], [75.2938, 12.99248], [75.29426, 12.99257], [75.29426, 12.99257], [75.29444, 12.99196], [75.29454, 12.99135], [75.29456, 12.99092], [75.29459, 12.99071], [75.29458, 12.99052], [75.29456, 12.99039], [75.29437, 12.99013], [75.29405, 12.98984], [75.29306, 12.98882], [75.29255, 12.98832], [75.29255, 12.98832], [75.29282, 12.9882], [75.29328, 12.98805], [75.29345, 12.988], [75.29355, 12.98795], [75.29363, 12.98793], [75.29379, 12.98793], [75.29379, 12.98793], [75.29389, 12.98792], [75.29401, 12.98791], [75.29406, 12.98786], [75.29417, 12.98778], [75.2942, 12.98773], [75.29427, 12.98769], [75.2944, 12.98766], [75.29454, 12.98765], [75.2947, 12.98763], [75.29484, 12.98759], [75.29501, 12.98752], [75.29521, 12.98742], [75.29539, 12.98732], [75.29562, 12.98727], [75.29577, 12.98723], [75.29594, 12.98716], [75.29607, 12.9871], [75.29615, 12.98703], [75.29625, 12.98697], [75.29635, 12.98694], [75.29647, 12.98697], [75.29659, 12.98703], [75.29687, 12.98725], [75.29698, 12.98729], [75.29713, 12.98737], [75.29727, 12.98744], [75.29733, 12.98756], [75.29733, 12.98771], [75.29733, 12.98792], [75.29733, 12.9881], [75.29733, 12.98819], [75.29741, 12.98826], [75.2975, 12.98828]]}}, {"type": "Feature", "properties": {"kind": "blind", "hospital": "sullia_th", "incident": "subrahmanya", "minutes": 47.0, "mean_exposure": 0.059, "max_exposure": 0.358}, "geometry": {"type": "LineString", "coordinates": [[75.3906, 12.56035], [75.39053, 12.56079], [75.39057, 12.56114], [75.39066, 12.56159], [75.39065, 12.56205], [75.39061, 12.56228], [75.39041, 12.56289], [75.39031, 12.56391], [75.39018, 12.56457], [75.39014, 12.56466], [75.39014, 12.56466], [75.38992, 12.56525], [75.38994, 12.56577], [75.38998, 12.56667], [75.39, 12.56715], [75.38995, 12.56728], [75.38908, 12.56816], [75.38891, 12.56851], [75.38881, 12.56881], [75.38874, 12.56907], [75.38874, 12.56932], [75.38901, 12.56992], [75.38924, 12.57031], [75.38929, 12.5705], [75.38919, 12.57078], [75.38919, 12.57078], [75.38887, 12.57126], [75.38887, 12.57126], [75.3887, 12.57151], [75.38845, 12.57217], [75.38838, 12.57227], [75.38838, 12.57227], [75.38828, 12.57237], [75.38734, 12.57311], [75.38734, 12.57311], [75.38676, 12.57344], [75.38653, 12.57366], [75.38624, 12.57402], [75.38584, 12.57475], [75.38573, 12.57503], [75.38561, 12.57545], [75.38562, 12.57561], [75.38566, 12.57601], [75.38576, 12.57639], [75.38577, 12.5765], [75.38577, 12.5765], [75.38584, 12.57694], [75.38583, 12.57723], [75.38572, 12.57766], [75.38532, 12.57858], [75.38507, 12.57896], [75.38475, 12.57941], [75.38449, 12.58035], [75.38428, 12.58099], [75.38407, 12.5813], [75.38402, 12.58142], [75.38395, 12.5815], [75.38395, 12.5815], [75.38435, 12.58208], [75.38474, 12.58261], [75.38511, 12.58311], [75.38521, 12.58343], [75.38513, 12.58381], [75.38505, 12.58421], [75.38482, 12.58462], [75.38484, 12.58493], [75.3849, 12.5852], [75.3853, 12.58596], [75.38554, 12.58624], [75.38584, 12.58643], [75.38648, 12.58658], [75.38684, 12.58663], [75.38725, 12.58676], [75.38757, 12.58695], [75.38785, 12.58734], [75.38829, 12.58795], [75.38857, 12.58811], [75.38906, 12.58828], [75.38959, 12.58848], [75.38982, 12.58865], [75.39, 12.58893], [75.39008, 12.58926], [75.39023, 12.59033], [75.39012, 12.59114], [75.39012, 12.59147], [75.39018, 12.59172], [75.39051, 12.59199], [75.39067, 12.5921], [75.39087, 12.59224], [75.39087, 12.59224], [75.39108, 12.59235], [75.39127, 12.59252], [75.39139, 12.59292], [75.39141, 12.59303], [75.39143, 12.59313], [75.39143, 12.59313], [75.39153, 12.59321], [75.39163, 12.59326], [75.39175, 12.59329], [75.39186, 12.5933], [75.39198, 12.59327], [75.39219, 12.59314], [75.39244, 12.59299], [75.39268, 12.59282], [75.39299, 12.59274], [75.39313, 12.5927], [75.39331, 12.59258], [75.3935, 12.59252], [75.39365, 12.59251], [75.39379, 12.59256], [75.3939, 12.59267], [75.39404, 12.59279], [75.39421, 12.59282], [75.3944, 12.59282], [75.39459, 12.59275], [75.3948, 12.59268], [75.39503, 12.5926], [75.39532, 12.59254], [75.39553, 12.59252], [75.3957, 12.59248], [75.39593, 12.59236], [75.39615, 12.59226], [75.39644, 12.59219], [75.39679, 12.59213], [75.39709, 12.59213], [75.39742, 12.59213], [75.39764, 12.59212], [75.39782, 12.59213], [75.39799, 12.59217], [75.39835, 12.59235], [75.39863, 12.59247], [75.39887, 12.59258], [75.39914, 12.59255], [75.3993, 12.59246], [75.39944, 12.5923], [75.39958, 12.5922], [75.39978, 12.59213], [75.40014, 12.59209], [75.40037, 12.5921], [75.40057, 12.59221], [75.40072, 12.59229], [75.40089, 12.59236], [75.40106, 12.59238], [75.40132, 12.59242], [75.40148, 12.5925], [75.40161, 12.59253], [75.40173, 12.59248], [75.40188, 12.59231], [75.40204, 12.5921], [75.40207, 12.59198], [75.40209, 12.59178], [75.40204, 12.59149], [75.40199, 12.59127], [75.40197, 12.59107], [75.40204, 12.59082], [75.40212, 12.5907], [75.40224, 12.5906], [75.40242, 12.59057], [75.40266, 12.59048], [75.40294, 12.59037], [75.40309, 12.59029], [75.40324, 12.59021], [75.40351, 12.59009], [75.40369, 12.59004], [75.40388, 12.59], [75.40405, 12.58994], [75.40422, 12.58984], [75.40436, 12.58972], [75.40455, 12.58965], [75.40479, 12.58969], [75.40499, 12.58979], [75.40523, 12.58996], [75.40545, 12.59012], [75.4056, 12.59021], [75.40572, 12.59022], [75.40607, 12.59015], [75.40626, 12.59006], [75.4066, 12.59003], [75.4072, 12.59003], [75.40783, 12.59005], [75.40886, 12.59013], [75.40899, 12.59013], [75.40919, 12.59021], [75.40943, 12.59029], [75.40961, 12.59036], [75.40987, 12.59039], [75.41012, 12.59039], [75.41032, 12.59039], [75.41045, 12.59043], [75.4106, 12.59055], [75.41076, 12.5906], [75.41095, 12.5906], [75.41135, 12.5906], [75.41162, 12.59064], [75.41176, 12.59068], [75.41202, 12.59084], [75.41212, 12.59092], [75.41227, 12.591], [75.41234, 12.59103], [75.41245, 12.59102], [75.41266, 12.59102], [75.41299, 12.59098], [75.41345, 12.59098], [75.41365, 12.59098], [75.41397, 12.59095], [75.41419, 12.59089], [75.41449, 12.59072], [75.41474, 12.59063], [75.41506, 12.59054], [75.41527, 12.59051], [75.41546, 12.59052], [75.41599, 12.59062], [75.41677, 12.59075], [75.41713, 12.59081], [75.41744, 12.59085], [75.41776, 12.59086], [75.41793, 12.59086], [75.41804, 12.59086], [75.41826, 12.59093], [75.41885, 12.59112], [75.41926, 12.59124], [75.41948, 12.5913], [75.41966, 12.5913], [75.41979, 12.59125], [75.41988, 12.59119], [75.42003, 12.591], [75.42015, 12.59102], [75.42029, 12.59111], [75.42082, 12.59145], [75.42087, 12.59153], [75.42093, 12.59167], [75.42102, 12.59181], [75.4211, 12.59191], [75.42117, 12.59197], [75.42142, 12.59209], [75.42166, 12.5922], [75.4219, 12.59227], [75.42219, 12.59227], [75.42265, 12.59227], [75.42301, 12.59227], [75.42348, 12.59233], [75.42384, 12.59239], [75.42394, 12.59239], [75.42408, 12.59239], [75.42429, 12.59245], [75.42453, 12.59253], [75.42464, 12.59257], [75.42484, 12.59257], [75.42503, 12.5926], [75.42503, 12.5926], [75.42521, 12.59248], [75.42543, 12.59232], [75.42568, 12.59204], [75.42579, 12.59196], [75.42588, 12.5919], [75.42631, 12.59187], [75.42686, 12.59187], [75.42722, 12.59184], [75.42771, 12.5916], [75.42811, 12.59138], [75.42835, 12.59129], [75.42862, 12.59128], [75.42915, 12.59129], [75.42951, 12.59125], [75.42997, 12.59121], [75.43047, 12.59123], [75.43072, 12.59119], [75.43103, 12.59107], [75.43155, 12.59068], [75.43266, 12.59001], [75.43282, 12.58994], [75.43299, 12.58995], [75.43322, 12.59003], [75.43334, 12.59024], [75.4335, 12.59047], [75.43365, 12.59057], [75.43397, 12.59075], [75.43488, 12.59116], [75.43515, 12.59128], [75.43536, 12.59131], [75.43571, 12.59131], [75.43595, 12.59139], [75.43613, 12.59146], [75.43633, 12.59163], [75.43709, 12.5923], [75.43779, 12.59292], [75.43803, 12.59313], [75.43832, 12.59328], [75.43878, 12.5935], [75.43907, 12.59367], [75.43953, 12.59401], [75.43993, 12.59426], [75.44032, 12.59445], [75.44077, 12.59451], [75.44105, 12.59455], [75.44105, 12.59455], [75.44185, 12.59503], [75.44231, 12.59536], [75.44246, 12.5955], [75.44252, 12.5956], [75.44254, 12.59569], [75.44249, 12.59579], [75.44236, 12.59589], [75.44207, 12.59606], [75.44171, 12.59618], [75.44147, 12.59626], [75.44135, 12.59637], [75.44128, 12.59648], [75.44133, 12.5966], [75.44147, 12.59667], [75.44171, 12.59671], [75.44194, 12.59674], [75.44233, 12.59664], [75.44259, 12.59654], [75.44275, 12.59656], [75.44287, 12.59668], [75.44296, 12.59685], [75.44297, 12.597], [75.44301, 12.59714], [75.44325, 12.59723], [75.44346, 12.59733], [75.44353, 12.59745], [75.44361, 12.59769], [75.44369, 12.59776], [75.44369, 12.59776], [75.4438, 12.59776], [75.44401, 12.59761], [75.44411, 12.59757], [75.44434, 12.59754], [75.44478, 12.59759], [75.445, 12.59757], [75.44512, 12.59751], [75.4454, 12.59723], [75.44553, 12.59718], [75.44564, 12.59718], [75.44571, 12.59722], [75.44578, 12.59735], [75.44579, 12.59755], [75.44586, 12.59769], [75.446, 12.59771], [75.44609, 12.59769], [75.44634, 12.59752], [75.44644, 12.59749], [75.44655, 12.59749], [75.44661, 12.59762], [75.44671, 12.59787], [75.44704, 12.59808], [75.44722, 12.5981], [75.44755, 12.59802], [75.44777, 12.59788], [75.44789, 12.59792], [75.448, 12.59802], [75.44802, 12.59826], [75.44808, 12.5985], [75.44817, 12.59865], [75.44828, 12.59873], [75.44846, 12.59876], [75.44857, 12.59871], [75.44879, 12.59849], [75.44904, 12.59834], [75.44919, 12.59816], [75.44946, 12.59802], [75.44971, 12.59792], [75.45016, 12.59785], [75.45044, 12.59781], [75.45087, 12.59758], [75.45111, 12.59753], [75.45136, 12.59753], [75.45173, 12.59755], [75.45184, 12.59756], [75.45209, 12.59784], [75.45218, 12.59789], [75.45242, 12.59792], [75.4526, 12.59799], [75.4527, 12.59808], [75.45271, 12.59819], [75.45267, 12.59844], [75.45258, 12.59857], [75.45238, 12.59866], [75.45219, 12.59873], [75.45215, 12.59882], [75.45219, 12.59898], [75.45225, 12.59906], [75.45236, 12.59908], [75.45265, 12.59897], [75.45315, 12.59871], [75.4534, 12.59864], [75.45359, 12.59861], [75.45374, 12.59865], [75.4539, 12.59874], [75.45406, 12.59875], [75.45458, 12.59873], [75.45517, 12.59869], [75.45536, 12.59868], [75.45552, 12.59872], [75.45571, 12.59886], [75.45604, 12.59912], [75.45667, 12.59946], [75.45718, 12.59995], [75.45742, 12.60008], [75.45775, 12.60021], [75.45788, 12.60019], [75.45813, 12.6001], [75.45825, 12.59999], [75.45839, 12.59994], [75.4585, 12.59997], [75.45869, 12.60009], [75.4588, 12.60022], [75.45888, 12.60029], [75.45906, 12.6003], [75.45922, 12.60018], [75.45942, 12.59985], [75.45952, 12.59961], [75.45958, 12.59938], [75.45948, 12.59905], [75.45959, 12.59874], [75.45959, 12.5986], [75.45957, 12.59843], [75.45959, 12.59832], [75.45971, 12.59821], [75.45981, 12.5982], [75.45993, 12.59827], [75.46002, 12.59837], [75.46022, 12.59846], [75.46032, 12.59856], [75.46034, 12.59883], [75.46038, 12.59908], [75.46046, 12.59916], [75.46065, 12.59946], [75.46071, 12.59971], [75.4608, 12.59979], [75.46092, 12.59983], [75.46112, 12.59977], [75.4614, 12.59963], [75.46154, 12.59951], [75.46168, 12.59937], [75.46179, 12.5991], [75.46187, 12.59897], [75.46209, 12.59885], [75.46237, 12.59885], [75.4626, 12.59888], [75.4627, 12.59906], [75.4628, 12.59921], [75.46288, 12.59932], [75.46298, 12.59938], [75.46309, 12.59941], [75.46324, 12.59943], [75.46408, 12.59933], [75.46451, 12.59925], [75.46461, 12.59923], [75.46486, 12.59925], [75.46499, 12.59926], [75.46511, 12.59926], [75.46523, 12.59921], [75.46531, 12.59917], [75.46536, 12.59914], [75.46546, 12.59913], [75.46577, 12.59909], [75.46647, 12.59895], [75.46659, 12.59895], [75.4667, 12.599], [75.46691, 12.59908], [75.46707, 12.59911], [75.4677, 12.5991], [75.46811, 12.59915], [75.46851, 12.59924], [75.46867, 12.59928], [75.46881, 12.59927], [75.4689, 12.59922], [75.46909, 12.59902], [75.4693, 12.59892], [75.46941, 12.59887], [75.46953, 12.59886], [75.46974, 12.59891], [75.46994, 12.59897], [75.47004, 12.599], [75.47004, 12.599], [75.47013, 12.59904], [75.47024, 12.59904], [75.47072, 12.59901], [75.4709, 12.599], [75.47105, 12.59901], [75.4712, 12.59903], [75.47131, 12.59907], [75.47138, 12.59909], [75.47148, 12.5991], [75.47166, 12.59903], [75.47178, 12.59902], [75.47193, 12.59903], [75.47206, 12.59908], [75.47219, 12.59909], [75.47231, 12.59909], [75.47236, 12.5991], [75.4724, 12.59911], [75.47261, 12.59929], [75.47293, 12.5996], [75.47304, 12.59968], [75.47316, 12.59974], [75.47328, 12.59979], [75.47339, 12.5998], [75.47371, 12.59978], [75.47426, 12.59964], [75.47483, 12.59948], [75.47505, 12.59945], [75.47524, 12.59943], [75.4754, 12.59942], [75.47558, 12.59943], [75.47636, 12.5995], [75.47671, 12.59951], [75.47705, 12.59951], [75.4772, 12.59953], [75.47733, 12.59956], [75.47761, 12.59966], [75.47781, 12.59976], [75.47793, 12.5998], [75.47814, 12.59983], [75.47839, 12.59986], [75.47849, 12.59988], [75.4786, 12.59992], [75.4789, 12.60003], [75.47902, 12.60006], [75.47913, 12.60007], [75.47922, 12.60004], [75.47951, 12.59993], [75.48013, 12.59963], [75.48029, 12.59958], [75.48045, 12.59956], [75.48081, 12.59958], [75.48115, 12.5996], [75.48144, 12.59959], [75.48161, 12.59959], [75.48174, 12.59962], [75.48184, 12.59968], [75.48226, 12.6002], [75.48242, 12.60035], [75.48242, 12.60035], [75.48276, 12.60067], [75.48324, 12.60099], [75.48336, 12.60111], [75.48343, 12.60124], [75.48349, 12.60145], [75.48352, 12.60171], [75.48354, 12.60185], [75.4836, 12.60199], [75.48369, 12.60211], [75.48391, 12.60222], [75.4843, 12.60241], [75.48479, 12.60272], [75.48504, 12.6028], [75.48524, 12.60284], [75.48546, 12.60286], [75.48562, 12.60288], [75.48583, 12.6029], [75.48618, 12.60288], [75.48706, 12.60279], [75.48726, 12.60278], [75.48739, 12.60284], [75.48752, 12.60298], [75.48776, 12.60338], [75.4879, 12.60354], [75.48807, 12.60369], [75.48826, 12.6038], [75.48836, 12.60386], [75.48843, 12.60389], [75.48851, 12.60389], [75.48859, 12.60388], [75.48867, 12.60384], [75.48892, 12.60369], [75.48914, 12.60351], [75.48921, 12.60343], [75.48928, 12.60339], [75.48937, 12.60335], [75.48972, 12.60323], [75.48995, 12.6031], [75.49005, 12.60308], [75.49012, 12.60308], [75.49018, 12.60309], [75.49024, 12.60315], [75.49026, 12.60321], [75.49029, 12.60344], [75.49031, 12.60351], [75.49036, 12.60356], [75.49045, 12.60359], [75.4906, 12.60363], [75.49105, 12.60362], [75.49117, 12.60363], [75.49131, 12.60368], [75.49147, 12.60377], [75.492, 12.60412], [75.49218, 12.60421], [75.49232, 12.60426], [75.49249, 12.6043], [75.49266, 12.6043], [75.49276, 12.60431], [75.49287, 12.60437], [75.49335, 12.6046], [75.49379, 12.60476], [75.49397, 12.60482], [75.49407, 12.60485], [75.49415, 12.60486], [75.49425, 12.60486], [75.49439, 12.60482], [75.49455, 12.60471], [75.49463, 12.60469], [75.49469, 12.60469], [75.49476, 12.60472], [75.49483, 12.60479], [75.49488, 12.60483], [75.4951, 12.6053], [75.49535, 12.60586], [75.49564, 12.60642], [75.49571, 12.60654], [75.49582, 12.60664], [75.49596, 12.60671], [75.49606, 12.60675], [75.49638, 12.60685], [75.49688, 12.60703], [75.49701, 12.60712], [75.49708, 12.60727], [75.49722, 12.60768], [75.49727, 12.60777], [75.49734, 12.60785], [75.49746, 12.60792], [75.49757, 12.60796], [75.49814, 12.60816], [75.49839, 12.60819], [75.49901, 12.60829], [75.49918, 12.60835], [75.49935, 12.60842], [75.49949, 12.60851], [75.49978, 12.60872], [75.50003, 12.60894], [75.50039, 12.60934], [75.50053, 12.60954], [75.50056, 12.6097], [75.5005, 12.60994], [75.50038, 12.61022], [75.50038, 12.61037], [75.50044, 12.61067], [75.50043, 12.61084], [75.50036, 12.61091], [75.50027, 12.61099], [75.50008, 12.61123], [75.50001, 12.61136], [75.49999, 12.61147], [75.49999, 12.61159], [75.50021, 12.61197], [75.50035, 12.6122], [75.50046, 12.61249], [75.50054, 12.61278], [75.50065, 12.61289], [75.50081, 12.61298], [75.50108, 12.61314], [75.50123, 12.61324], [75.50133, 12.61331], [75.50139, 12.6134], [75.50152, 12.61382], [75.50156, 12.61391], [75.5016, 12.61397], [75.5017, 12.61404], [75.50182, 12.61408], [75.50205, 12.61421], [75.50227, 12.61432], [75.50238, 12.61439], [75.50245, 12.61445], [75.50256, 12.61461], [75.50273, 12.61485], [75.50283, 12.61495], [75.50293, 12.61501], [75.50308, 12.61501], [75.50326, 12.61497], [75.50345, 12.61496], [75.5036, 12.61496], [75.50377, 12.61501], [75.50393, 12.61509], [75.50413, 12.61518], [75.50431, 12.61521], [75.5045, 12.61521], [75.50483, 12.61518], [75.50496, 12.61518], [75.50509, 12.61516], [75.50518, 12.6151], [75.50584, 12.61451], [75.50608, 12.61426], [75.50617, 12.61408], [75.50635, 12.61369], [75.50647, 12.61352], [75.5066, 12.61342], [75.50674, 12.61333], [75.50686, 12.61332], [75.50707, 12.61332], [75.50742, 12.61338], [75.50754, 12.61343], [75.50765, 12.61351], [75.50769, 12.6136], [75.50776, 12.6139], [75.50775, 12.6142], [75.5078, 12.61436], [75.5079, 12.61452], [75.50802, 12.61466], [75.50819, 12.61482], [75.50842, 12.61497], [75.50854, 12.61506], [75.50871, 12.61534], [75.50877, 12.61546], [75.50877, 12.61559], [75.50875, 12.6157], [75.50862, 12.61588], [75.50837, 12.6163], [75.5083, 12.61638], [75.50824, 12.61643], [75.50818, 12.61644], [75.5081, 12.61645], [75.50802, 12.61646], [75.50795, 12.61648], [75.50785, 12.61662], [75.50777, 12.61678], [75.50776, 12.61685], [75.50778, 12.61696], [75.50786, 12.61718], [75.50788, 12.61733], [75.50782, 12.6175], [75.50778, 12.61763], [75.50777, 12.61772], [75.50778, 12.6178], [75.50795, 12.61811], [75.50812, 12.61851], [75.50817, 12.61865], [75.50822, 12.61881], [75.50824, 12.61898], [75.50823, 12.61912], [75.50816, 12.61936], [75.50814, 12.6195], [75.50819, 12.61981], [75.50823, 12.61994], [75.50832, 12.62007], [75.50846, 12.62015], [75.50869, 12.62026], [75.50891, 12.62032], [75.50925, 12.62036], [75.50955, 12.62047], [75.51017, 12.62079], [75.51042, 12.62101], [75.51055, 12.62108], [75.51065, 12.6211], [75.5108, 12.6211], [75.51092, 12.62099], [75.51131, 12.62039], [75.51144, 12.62025], [75.51158, 12.62017], [75.51176, 12.62011], [75.51202, 12.6201], [75.51222, 12.62014], [75.51238, 12.62022], [75.51247, 12.62032], [75.51264, 12.62092], [75.51275, 12.62144], [75.51282, 12.62163], [75.51293, 12.62173], [75.51305, 12.62179], [75.51333, 12.62192], [75.51372, 12.62212], [75.51464, 12.62257], [75.51479, 12.6227], [75.51487, 12.6228], [75.51494, 12.62293], [75.51494, 12.62306], [75.51479, 12.62365], [75.51452, 12.62431], [75.51449, 12.62444], [75.51447, 12.62462], [75.51455, 12.62543], [75.51457, 12.62555], [75.51467, 12.62567], [75.51478, 12.62575], [75.51504, 12.62588], [75.51575, 12.62607], [75.51596, 12.62612], [75.51642, 12.6261], [75.5165, 12.62611], [75.5166, 12.62612], [75.51672, 12.62617], [75.51685, 12.62636], [75.5171, 12.62669], [75.51725, 12.62681], [75.51737, 12.62687], [75.51772, 12.62699], [75.518, 12.62715], [75.51813, 12.62723], [75.5183, 12.62731], [75.51851, 12.62734], [75.51871, 12.62735], [75.51927, 12.62735], [75.51941, 12.62736], [75.51951, 12.6274], [75.52, 12.62764], [75.52056, 12.62803], [75.52068, 12.62808], [75.52079, 12.62809], [75.52148, 12.62809], [75.52174, 12.62811], [75.52195, 12.62814], [75.52222, 12.62822], [75.52256, 12.62839], [75.52358, 12.62898], [75.52375, 12.62907], [75.52387, 12.62913], [75.52399, 12.62914], [75.52415, 12.62914], [75.52442, 12.62915], [75.52496, 12.62919], [75.52517, 12.62926], [75.52534, 12.62934], [75.52552, 12.62942], [75.52574, 12.62947], [75.52588, 12.62948], [75.52596, 12.6295], [75.52607, 12.62953], [75.52615, 12.62959], [75.52685, 12.6302], [75.52719, 12.63052], [75.52745, 12.6307], [75.52752, 12.63077], [75.52762, 12.63092], [75.52782, 12.6312], [75.52793, 12.63131], [75.52803, 12.63135], [75.52812, 12.63137], [75.52824, 12.63138], [75.52852, 12.6313], [75.52864, 12.63129], [75.52885, 12.63132], [75.52934, 12.6314], [75.52984, 12.63154], [75.53044, 12.63173], [75.53059, 12.63177], [75.53073, 12.63176], [75.53104, 12.63178], [75.53188, 12.63178], [75.53258, 12.63185], [75.53297, 12.63188], [75.53395, 12.63183], [75.53427, 12.63181], [75.53452, 12.63183], [75.53553, 12.63199], [75.53591, 12.63207], [75.53615, 12.63214], [75.53615, 12.63214], [75.53631, 12.63217], [75.53654, 12.63218], [75.53671, 12.63214], [75.53684, 12.63207], [75.53712, 12.63188], [75.53744, 12.63162], [75.53758, 12.63147], [75.53766, 12.63137], [75.53776, 12.63129], [75.53787, 12.63121], [75.5383, 12.63101], [75.53899, 12.63068], [75.53941, 12.63047], [75.53959, 12.63033], [75.53971, 12.63021], [75.53983, 12.63011], [75.53999, 12.63002], [75.54029, 12.62997], [75.5405, 12.62997], [75.54072, 12.63004], [75.54082, 12.63007], [75.54093, 12.63009], [75.54103, 12.63009], [75.54115, 12.63006], [75.54143, 12.6299], [75.54183, 12.62977], [75.54205, 12.62975], [75.54226, 12.62975], [75.5424, 12.62976], [75.5424, 12.62976], [75.54253, 12.62981], [75.54263, 12.62989], [75.54271, 12.63006], [75.54278, 12.63012], [75.54288, 12.63013], [75.54298, 12.63012], [75.54341, 12.62997], [75.54357, 12.62993], [75.54373, 12.62996], [75.54386, 12.63], [75.54398, 12.63013], [75.54407, 12.63052], [75.54411, 12.63074], [75.54415, 12.63085], [75.54424, 12.63089], [75.54436, 12.63088], [75.54487, 12.63071], [75.54505, 12.63068], [75.54517, 12.63069], [75.54534, 12.63076], [75.5458, 12.6311], [75.54642, 12.63168], [75.54661, 12.63181], [75.54677, 12.63189], [75.54695, 12.63192], [75.54712, 12.63191], [75.54798, 12.63156], [75.54852, 12.63133], [75.54861, 12.63131], [75.54872, 12.63131], [75.54887, 12.63136], [75.54949, 12.63163], [75.54962, 12.63171], [75.54971, 12.63176], [75.5499, 12.63181], [75.55012, 12.63187], [75.55029, 12.63194], [75.55058, 12.63199], [75.55088, 12.63199], [75.551, 12.632], [75.55119, 12.63204], [75.55144, 12.63217], [75.55213, 12.63257], [75.55237, 12.63268], [75.55256, 12.63274], [75.55296, 12.63283], [75.5531, 12.63287], [75.55326, 12.63294], [75.55337, 12.63304], [75.55382, 12.63357], [75.55393, 12.63368], [75.55404, 12.63378], [75.55417, 12.63387], [75.55428, 12.63392], [75.55441, 12.63395], [75.55477, 12.63402], [75.55499, 12.63408], [75.55522, 12.63416], [75.55541, 12.63427], [75.55559, 12.63432], [75.55582, 12.63434], [75.55599, 12.63431], [75.55631, 12.63416], [75.55646, 12.6341], [75.55661, 12.63409], [75.55675, 12.63412], [75.55689, 12.63416], [75.55703, 12.63426], [75.55713, 12.63436], [75.55736, 12.63476], [75.55743, 12.63486], [75.55752, 12.63491], [75.55759, 12.63491], [75.55766, 12.63489], [75.5578, 12.63483], [75.55795, 12.63486], [75.55815, 12.63495], [75.55827, 12.63498], [75.55837, 12.63501], [75.55844, 12.63505], [75.55854, 12.63511], [75.55865, 12.63525], [75.55874, 12.63539], [75.55876, 12.63561], [75.55876, 12.63577], [75.55874, 12.63623], [75.55874, 12.6364], [75.55878, 12.63654], [75.55882, 12.63664], [75.55884, 12.63676], [75.55885, 12.63712], [75.55887, 12.63734], [75.55892, 12.63755], [75.55901, 12.63775], [75.5591, 12.63791], [75.5593, 12.63807], [75.55948, 12.63819], [75.5597, 12.63829], [75.56042, 12.6386], [75.56088, 12.63876], [75.56136, 12.63895], [75.56153, 12.63899], [75.56175, 12.63898], [75.56209, 12.63895], [75.56277, 12.63887], [75.56294, 12.63886], [75.56304, 12.6389], [75.56315, 12.63897], [75.56367, 12.6394], [75.56384, 12.6396], [75.56393, 12.6397], [75.56405, 12.63979], [75.56428, 12.6399], [75.56473, 12.64009], [75.56512, 12.64022], [75.56543, 12.64032], [75.56543, 12.64032], [75.56558, 12.64044], [75.5657, 12.64059], [75.5658, 12.64079], [75.56586, 12.64091], [75.56601, 12.64119], [75.56619, 12.64157], [75.56638, 12.64178], [75.5668, 12.64218], [75.56688, 12.6423], [75.56704, 12.6428], [75.56727, 12.64324], [75.56737, 12.64333], [75.56747, 12.64338], [75.56761, 12.6434], [75.56773, 12.64343], [75.5678, 12.64349], [75.56788, 12.64359], [75.56791, 12.64371], [75.56792, 12.64384], [75.5679, 12.64396], [75.56788, 12.64406], [75.56788, 12.64414], [75.5679, 12.6443], [75.56797, 12.64442], [75.56798, 12.64456], [75.56791, 12.64476], [75.56786, 12.64487], [75.56786, 12.64492], [75.56792, 12.64499], [75.56803, 12.64505], [75.56814, 12.6451], [75.56816, 12.64513], [75.56818, 12.64533], [75.56817, 12.64563], [75.56811, 12.64585], [75.56806, 12.64603], [75.56806, 12.64629], [75.56812, 12.6466], [75.56817, 12.64669], [75.56821, 12.64674], [75.56825, 12.64676], [75.56832, 12.64679], [75.56837, 12.64679], [75.56844, 12.64677], [75.56853, 12.64661], [75.56868, 12.64643], [75.56874, 12.6464], [75.5688, 12.64639], [75.56889, 12.64644], [75.56915, 12.6467], [75.56935, 12.64689], [75.56947, 12.64713], [75.56954, 12.64751], [75.56954, 12.64782], [75.56956, 12.64797], [75.56958, 12.64806], [75.56964, 12.64813], [75.56973, 12.64819], [75.56974, 12.64825], [75.56972, 12.64841], [75.56972, 12.64851], [75.56983, 12.64866], [75.56993, 12.64882], [75.56993, 12.64892], [75.56988, 12.64903], [75.56971, 12.64931], [75.56966, 12.64944], [75.56965, 12.64954], [75.5697, 12.64964], [75.56983, 12.64984], [75.57017, 12.65036], [75.57024, 12.65047], [75.5703, 12.65051], [75.5704, 12.65051], [75.57049, 12.6505], [75.57054, 12.65051], [75.57057, 12.65054], [75.57061, 12.65058], [75.57073, 12.65084], [75.57078, 12.6509], [75.57083, 12.65094], [75.57091, 12.651], [75.57101, 12.65114], [75.5711, 12.65119], [75.57124, 12.65123], [75.57133, 12.65123], [75.57143, 12.65121], [75.57152, 12.65122], [75.57161, 12.65125], [75.57168, 12.65127], [75.57172, 12.6513], [75.57189, 12.65135], [75.57205, 12.65131], [75.57218, 12.65122], [75.57233, 12.65118], [75.57245, 12.65118], [75.5725, 12.65118], [75.57263, 12.65103], [75.57265, 12.65083], [75.57266, 12.65058], [75.57268, 12.6505], [75.57274, 12.65034], [75.57281, 12.65027], [75.57291, 12.65025], [75.57303, 12.65022], [75.57312, 12.65019], [75.57336, 12.64984], [75.57344, 12.64969], [75.57364, 12.64943], [75.57375, 12.64936], [75.57381, 12.64935], [75.57388, 12.64936], [75.57393, 12.64939], [75.57397, 12.64945], [75.57389, 12.64996], [75.57386, 12.65024], [75.5739, 12.65031], [75.57396, 12.65036], [75.57406, 12.65045], [75.57411, 12.65052], [75.57412, 12.6506], [75.57398, 12.65082], [75.57397, 12.65098], [75.574, 12.65113], [75.57406, 12.6512], [75.5741, 12.65124], [75.57425, 12.65133], [75.57433, 12.65138], [75.57437, 12.65146], [75.57438, 12.65157], [75.57453, 12.65176], [75.57461, 12.65181], [75.57474, 12.65185], [75.57486, 12.65185], [75.57496, 12.65183], [75.57507, 12.65175], [75.57516, 12.65162], [75.57516, 12.65147], [75.57522, 12.65139], [75.57538, 12.65125], [75.57552, 12.65125], [75.57593, 12.65097], [75.57632, 12.65074], [75.57649, 12.6507], [75.57659, 12.65071], [75.57666, 12.65075], [75.57669, 12.65085], [75.57664, 12.65099], [75.5764, 12.65127], [75.57619, 12.65165], [75.57617, 12.65177], [75.57621, 12.65215], [75.57617, 12.65229], [75.57613, 12.65249], [75.57616, 12.65258], [75.57619, 12.65269], [75.57621, 12.65283], [75.57623, 12.65296], [75.57629, 12.65302], [75.57635, 12.65306], [75.57646, 12.65309], [75.57661, 12.65309], [75.57686, 12.65305], [75.57695, 12.65303], [75.57704, 12.65306], [75.57713, 12.65327], [75.57721, 12.65344], [75.57724, 12.65353], [75.57733, 12.65358], [75.5774, 12.65358], [75.5775, 12.65352], [75.57767, 12.6534], [75.57781, 12.65334], [75.57787, 12.65333], [75.57792, 12.65337], [75.57799, 12.65343], [75.57807, 12.65357], [75.5781, 12.6538], [75.57804, 12.65395], [75.5779, 12.65412], [75.57785, 12.65422], [75.57781, 12.65434], [75.57783, 12.65454], [75.57783, 12.65462], [75.57779, 12.65467], [75.5777, 12.65469], [75.57759, 12.65465], [75.57743, 12.65463], [75.57729, 12.65467], [75.5772, 12.65475], [75.57715, 12.65483], [75.57717, 12.65494], [75.57728, 12.65506], [75.57742, 12.65512], [75.57784, 12.65529], [75.57822, 12.65546], [75.57855, 12.65561], [75.57873, 12.65565], [75.57885, 12.65565], [75.57897, 12.65562], [75.57906, 12.65555], [75.57915, 12.65541], [75.57921, 12.65517], [75.57931, 12.65509], [75.57936, 12.65501], [75.57943, 12.6549], [75.5795, 12.65479], [75.57966, 12.65467], [75.58, 12.65434], [75.5803, 12.65396], [75.5805, 12.65382], [75.58072, 12.65376], [75.58107, 12.65373], [75.5819, 12.65399], [75.58257, 12.65419], [75.58289, 12.65429], [75.58301, 12.65431], [75.58312, 12.65429], [75.58342, 12.65412], [75.58389, 12.65397], [75.58407, 12.65394], [75.5842, 12.65396], [75.58442, 12.65401], [75.58457, 12.65409], [75.58464, 12.65427], [75.58466, 12.65452], [75.58472, 12.65467], [75.58479, 12.65472], [75.58485, 12.65472], [75.58495, 12.65471], [75.58503, 12.65459], [75.58527, 12.65411], [75.58557, 12.65356], [75.58578, 12.65338], [75.58592, 12.65335], [75.5861, 12.65333], [75.58617, 12.65331], [75.58622, 12.65329], [75.58634, 12.65317], [75.58642, 12.65309], [75.58663, 12.65302], [75.58745, 12.65293], [75.58782, 12.65288], [75.588, 12.65288], [75.58816, 12.6529], [75.58832, 12.65292], [75.58839, 12.65296], [75.58848, 12.65306], [75.58858, 12.65344], [75.58865, 12.65371], [75.58874, 12.6538], [75.58893, 12.65393], [75.58905, 12.65398], [75.58919, 12.65401], [75.58962, 12.65408], [75.58985, 12.65411], [75.59018, 12.65411], [75.59038, 12.65414], [75.59051, 12.65419], [75.59059, 12.65431], [75.59072, 12.65463], [75.59082, 12.65486], [75.59093, 12.65509], [75.59104, 12.6555], [75.59111, 12.65557], [75.59116, 12.65561], [75.5913, 12.65573], [75.59152, 12.65595], [75.59167, 12.65601], [75.59179, 12.65604], [75.59193, 12.65605], [75.5921, 12.65601], [75.59237, 12.65589], [75.5925, 12.65587], [75.5926, 12.65591], [75.59273, 12.65597], [75.59301, 12.65608], [75.59324, 12.65622], [75.59341, 12.65644], [75.59373, 12.65686], [75.59398, 12.65707], [75.59417, 12.65715], [75.59435, 12.65718], [75.59456, 12.65723], [75.59484, 12.6573], [75.59507, 12.65727], [75.59524, 12.65729], [75.59536, 12.6573], [75.59547, 12.65729], [75.5955, 12.65729], [75.59568, 12.6572], [75.596, 12.65705], [75.59624, 12.65703], [75.59645, 12.65684], [75.59675, 12.65665], [75.59685, 12.6565], [75.59702, 12.65605], [75.59719, 12.65586], [75.59738, 12.6557], [75.59767, 12.65551], [75.59779, 12.6554], [75.59782, 12.65529], [75.59786, 12.65519], [75.59789, 12.6551], [75.59794, 12.65505], [75.59801, 12.65502], [75.59804, 12.65501], [75.59804, 12.65501], [75.59812, 12.65499], [75.59833, 12.65503], [75.59853, 12.65509], [75.59865, 12.65513], [75.5988, 12.65514], [75.59907, 12.65514], [75.59948, 12.6551], [75.59961, 12.65513], [75.59983, 12.65521], [75.60002, 12.65525], [75.60058, 12.6554], [75.6008, 12.65545], [75.60091, 12.65548], [75.60119, 12.65565], [75.60136, 12.65584], [75.60164, 12.6561], [75.60185, 12.6563], [75.60199, 12.65653], [75.60206, 12.65668], [75.60216, 12.65678], [75.60254, 12.65712], [75.60264, 12.6572], [75.60286, 12.65738], [75.60295, 12.65755], [75.60311, 12.65781], [75.60324, 12.65813], [75.60331, 12.65824], [75.60337, 12.65834], [75.60348, 12.6586], [75.60354, 12.65866], [75.60362, 12.65871], [75.6037, 12.65875], [75.60379, 12.65877], [75.60392, 12.65877], [75.60415, 12.65873], [75.60425, 12.65867], [75.60433, 12.65856], [75.60439, 12.65835], [75.6044, 12.65824], [75.60441, 12.65819], [75.60445, 12.65808], [75.60453, 12.65803], [75.60461, 12.65801], [75.60482, 12.65805], [75.60492, 12.65809], [75.60498, 12.65811], [75.60504, 12.6581], [75.60511, 12.65805], [75.60519, 12.65796], [75.60548, 12.65749], [75.60552, 12.65746], [75.60557, 12.65745], [75.60571, 12.65748], [75.60583, 12.65755], [75.60603, 12.65771], [75.60609, 12.6579], [75.60606, 12.65822], [75.60613, 12.65837], [75.60622, 12.65847], [75.60636, 12.65856], [75.60666, 12.65869], [75.60717, 12.65895], [75.60742, 12.65906], [75.60758, 12.6591], [75.60773, 12.65913], [75.6079, 12.65919], [75.608, 12.65927], [75.60812, 12.65962], [75.60826, 12.66001], [75.6084, 12.6602], [75.60849, 12.66033], [75.60863, 12.66048], [75.60883, 12.66069], [75.60913, 12.66087], [75.60932, 12.66092], [75.60948, 12.66096], [75.60965, 12.66104], [75.60994, 12.6612], [75.61009, 12.66136], [75.61022, 12.66145], [75.61028, 12.66149], [75.61044, 12.66173], [75.61065, 12.66226], [75.61082, 12.66293], [75.6109, 12.66309], [75.61099, 12.66321], [75.61106, 12.6633], [75.61125, 12.66342], [75.61161, 12.66357], [75.61187, 12.66366], [75.61219, 12.66374], [75.61245, 12.66378], [75.6126, 12.6638], [75.61289, 12.66382], [75.61289, 12.66382], [75.61294, 12.66385], [75.613, 12.6639], [75.613, 12.6639], [75.61303, 12.66395], [75.61307, 12.66398], [75.61312, 12.66401], [75.61318, 12.66402], [75.61318, 12.66402], [75.61323, 12.66404], [75.61327, 12.66407], [75.61331, 12.66414], [75.61329, 12.66438], [75.61315, 12.66489], [75.61291, 12.66557], [75.61244, 12.6666], [75.61234, 12.66687], [75.61229, 12.66704], [75.61229, 12.66704], [75.61226, 12.66711], [75.61225, 12.66717], [75.61225, 12.66727], [75.61225, 12.66727], [75.61228, 12.66735], [75.61233, 12.66742], [75.61239, 12.66748], [75.61248, 12.66751], [75.61248, 12.66751], [75.61257, 12.66752], [75.61267, 12.6675], [75.61275, 12.66746], [75.61282, 12.66739], [75.61286, 12.66731], [75.61288, 12.66721], [75.61288, 12.66721], [75.61321, 12.66719], [75.61352, 12.66715], [75.61382, 12.66712], [75.61412, 12.6671], [75.61449, 12.6671], [75.61475, 12.66716], [75.61492, 12.66733], [75.61531, 12.66785]]}}, {"type": "Feature", "properties": {"kind": "aware", "hospital": "sullia_th", "incident": "subrahmanya", "minutes": 48.7, "mean_exposure": 0.023, "max_exposure": 0.122}, "geometry": {"type": "LineString", "coordinates": [[75.3906, 12.56035], [75.39074, 12.56002], [75.3908, 12.55989], [75.3908, 12.55989], [75.39106, 12.55927], [75.39154, 12.55834], [75.39257, 12.5567], [75.39298, 12.55599], [75.39298, 12.55599], [75.39309, 12.5558], [75.39354, 12.55548], [75.39388, 12.55528], [75.39388, 12.55528], [75.39454, 12.55492], [75.39502, 12.55451], [75.39502, 12.55451], [75.39575, 12.55373], [75.3966, 12.55298], [75.39679, 12.55269], [75.39681, 12.55222], [75.39698, 12.55194], [75.39753, 12.55157], [75.39776, 12.55137], [75.39789, 12.55115], [75.39809, 12.55055], [75.3981, 12.55053], [75.3981, 12.55053], [75.39843, 12.55054], [75.39858, 12.55051], [75.39884, 12.55044], [75.39906, 12.55038], [75.39932, 12.55028], [75.39972, 12.55027], [75.40018, 12.55036], [75.40086, 12.55045], [75.4013, 12.55046], [75.40164, 12.55048], [75.40197, 12.55064], [75.40229, 12.55073], [75.40277, 12.55079], [75.40399, 12.55095], [75.40441, 12.55104], [75.40456, 12.55112], [75.40466, 12.55121], [75.40483, 12.55156], [75.40529, 12.55249], [75.40533, 12.55272], [75.40535, 12.55296], [75.4053, 12.55313], [75.40517, 12.55328], [75.40486, 12.55354], [75.40453, 12.55382], [75.40439, 12.55395], [75.40426, 12.55395], [75.40409, 12.55388], [75.40384, 12.55388], [75.40367, 12.55395], [75.40349, 12.55412], [75.40333, 12.55434], [75.40327, 12.55451], [75.40329, 12.55471], [75.40336, 12.55523], [75.40349, 12.55554], [75.40395, 12.55649], [75.40416, 12.55682], [75.40437, 12.55704], [75.40466, 12.55723], [75.40495, 12.55741], [75.4051, 12.55757], [75.40525, 12.55776], [75.40561, 12.55832], [75.40576, 12.55842], [75.40586, 12.55842], [75.4062, 12.5584], [75.4066, 12.55837], [75.40675, 12.55841], [75.40692, 12.55858], [75.4074, 12.55913], [75.40756, 12.55914], [75.40779, 12.55907], [75.40812, 12.55886], [75.40858, 12.5583], [75.40873, 12.55819], [75.40888, 12.55812], [75.40904, 12.55809], [75.40924, 12.55808], [75.4093, 12.55804], [75.40939, 12.55794], [75.40941, 12.55777], [75.40942, 12.55759], [75.40949, 12.55746], [75.40963, 12.55733], [75.4098, 12.55734], [75.40994, 12.55746], [75.41002, 12.55759], [75.41007, 12.55797], [75.41016, 12.55823], [75.41029, 12.55832], [75.41046, 12.55834], [75.41055, 12.55834], [75.41073, 12.55831], [75.41086, 12.55823], [75.41103, 12.55815], [75.41118, 12.55801], [75.41137, 12.5579], [75.41152, 12.55783], [75.41175, 12.55783], [75.41196, 12.55788], [75.41235, 12.55813], [75.41287, 12.5585], [75.41307, 12.55861], [75.41327, 12.55861], [75.41427, 12.5584], [75.41451, 12.55837], [75.41469, 12.55839], [75.41489, 12.55851], [75.4154, 12.5588], [75.41552, 12.55889], [75.41571, 12.55923], [75.4159, 12.55951], [75.41613, 12.55973], [75.417, 12.56042], [75.4172, 12.56044], [75.41746, 12.56041], [75.41801, 12.56033], [75.41821, 12.56036], [75.41848, 12.56049], [75.41864, 12.56063], [75.4188, 12.5607], [75.41891, 12.56081], [75.419, 12.56104], [75.41909, 12.56112], [75.41929, 12.56119], [75.41963, 12.56124], [75.41976, 12.56131], [75.41988, 12.56144], [75.42002, 12.56165], [75.42011, 12.56173], [75.42023, 12.56174], [75.42049, 12.56174], [75.42065, 12.56176], [75.4207, 12.56183], [75.42076, 12.56192], [75.42068, 12.562], [75.42058, 12.56211], [75.42036, 12.5624], [75.42001, 12.56264], [75.41991, 12.56272], [75.4195, 12.56305], [75.41939, 12.56322], [75.41937, 12.56336], [75.41945, 12.56355], [75.41952, 12.56363], [75.41966, 12.56365], [75.41977, 12.56362], [75.42001, 12.5636], [75.42013, 12.56363], [75.42026, 12.56373], [75.42026, 12.56387], [75.42022, 12.56399], [75.42023, 12.56407], [75.42027, 12.56425], [75.42033, 12.56468], [75.42037, 12.56485], [75.42044, 12.56495], [75.4205, 12.56501], [75.42069, 12.56509], [75.42088, 12.56521], [75.42101, 12.56536], [75.42115, 12.56552], [75.42148, 12.56583], [75.42172, 12.56596], [75.42181, 12.56605], [75.42188, 12.56623], [75.4219, 12.56646], [75.42194, 12.56666], [75.42206, 12.56722], [75.42214, 12.56741], [75.42229, 12.56756], [75.42239, 12.56759], [75.4226, 12.56759], [75.42329, 12.56749], [75.42384, 12.56743], [75.42406, 12.56747], [75.42424, 12.56758], [75.42443, 12.56767], [75.42466, 12.56768], [75.42492, 12.56769], [75.42506, 12.56772], [75.42534, 12.5678], [75.42548, 12.56787], [75.42566, 12.56787], [75.426, 12.56787], [75.42633, 12.56787], [75.42655, 12.56791], [75.4268, 12.56802], [75.42698, 12.56818], [75.42781, 12.569], [75.42792, 12.56909], [75.42806, 12.56916], [75.42889, 12.56954], [75.429, 12.5696], [75.42913, 12.56969], [75.4293, 12.56976], [75.42982, 12.56995], [75.42995, 12.57001], [75.4302, 12.57014], [75.43051, 12.57026], [75.43077, 12.57038], [75.43111, 12.57043], [75.43134, 12.57045], [75.43151, 12.57055], [75.43163, 12.57066], [75.43203, 12.5712], [75.43244, 12.57154], [75.4329, 12.57174], [75.43312, 12.57182], [75.43343, 12.5718], [75.43387, 12.57178], [75.43405, 12.57184], [75.43425, 12.57194], [75.43447, 12.57209], [75.43488, 12.57249], [75.43524, 12.57281], [75.4354, 12.57289], [75.43571, 12.57287], [75.43605, 12.57277], [75.43667, 12.57258], [75.43691, 12.57253], [75.43699, 12.57256], [75.4371, 12.57265], [75.43731, 12.57294], [75.43796, 12.57412], [75.43823, 12.57476], [75.43833, 12.57504], [75.4387, 12.57567], [75.43873, 12.57577], [75.43873, 12.57591], [75.43864, 12.57657], [75.43848, 12.57714], [75.43829, 12.57751], [75.43783, 12.57839], [75.43766, 12.57872], [75.4376, 12.57896], [75.43753, 12.57929], [75.43741, 12.57983], [75.43745, 12.58007], [75.43754, 12.58033], [75.43774, 12.58056], [75.43812, 12.58088], [75.43887, 12.58147], [75.43928, 12.58168], [75.43939, 12.58168], [75.43951, 12.58167], [75.43966, 12.58161], [75.44057, 12.58135], [75.44074, 12.58145], [75.44099, 12.58155], [75.44153, 12.58164], [75.44187, 12.58163], [75.44234, 12.58141], [75.44248, 12.58143], [75.44264, 12.5816], [75.44296, 12.5819], [75.4431, 12.58218], [75.44306, 12.58241], [75.4429, 12.58288], [75.44268, 12.58319], [75.4424, 12.58346], [75.44231, 12.58379], [75.44236, 12.58429], [75.44237, 12.58454], [75.44224, 12.58485], [75.44199, 12.58578], [75.44192, 12.58607], [75.44148, 12.58663], [75.44116, 12.58729], [75.44052, 12.58799], [75.44028, 12.58807], [75.44004, 12.58814], [75.43993, 12.58837], [75.4398, 12.58883], [75.43986, 12.58935], [75.44003, 12.58974], [75.4403, 12.5902], [75.4403, 12.59036], [75.44022, 12.5906], [75.44022, 12.59087], [75.44026, 12.5913], [75.4405, 12.59224], [75.4407, 12.59288], [75.44088, 12.5932], [75.44106, 12.59348], [75.44117, 12.59395], [75.44118, 12.59422], [75.44111, 12.59441], [75.44105, 12.59455], [75.44105, 12.59455], [75.44185, 12.59503], [75.44231, 12.59536], [75.44246, 12.5955], [75.44252, 12.5956], [75.44254, 12.59569], [75.44249, 12.59579], [75.44236, 12.59589], [75.44207, 12.59606], [75.44171, 12.59618], [75.44147, 12.59626], [75.44135, 12.59637], [75.44128, 12.59648], [75.44133, 12.5966], [75.44147, 12.59667], [75.44171, 12.59671], [75.44194, 12.59674], [75.44233, 12.59664], [75.44259, 12.59654], [75.44275, 12.59656], [75.44287, 12.59668], [75.44296, 12.59685], [75.44297, 12.597], [75.44301, 12.59714], [75.44325, 12.59723], [75.44346, 12.59733], [75.44353, 12.59745], [75.44361, 12.59769], [75.44369, 12.59776], [75.44369, 12.59776], [75.4438, 12.59776], [75.44401, 12.59761], [75.44411, 12.59757], [75.44434, 12.59754], [75.44478, 12.59759], [75.445, 12.59757], [75.44512, 12.59751], [75.4454, 12.59723], [75.44553, 12.59718], [75.44564, 12.59718], [75.44571, 12.59722], [75.44578, 12.59735], [75.44579, 12.59755], [75.44586, 12.59769], [75.446, 12.59771], [75.44609, 12.59769], [75.44634, 12.59752], [75.44644, 12.59749], [75.44655, 12.59749], [75.44661, 12.59762], [75.44671, 12.59787], [75.44704, 12.59808], [75.44722, 12.5981], [75.44755, 12.59802], [75.44777, 12.59788], [75.44789, 12.59792], [75.448, 12.59802], [75.44802, 12.59826], [75.44808, 12.5985], [75.44817, 12.59865], [75.44828, 12.59873], [75.44846, 12.59876], [75.44857, 12.59871], [75.44879, 12.59849], [75.44904, 12.59834], [75.44919, 12.59816], [75.44946, 12.59802], [75.44971, 12.59792], [75.45016, 12.59785], [75.45044, 12.59781], [75.45087, 12.59758], [75.45111, 12.59753], [75.45136, 12.59753], [75.45173, 12.59755], [75.45184, 12.59756], [75.45209, 12.59784], [75.45218, 12.59789], [75.45242, 12.59792], [75.4526, 12.59799], [75.4527, 12.59808], [75.45271, 12.59819], [75.45267, 12.59844], [75.45258, 12.59857], [75.45238, 12.59866], [75.45219, 12.59873], [75.45215, 12.59882], [75.45219, 12.59898], [75.45225, 12.59906], [75.45236, 12.59908], [75.45265, 12.59897], [75.45315, 12.59871], [75.4534, 12.59864], [75.45359, 12.59861], [75.45374, 12.59865], [75.4539, 12.59874], [75.45406, 12.59875], [75.45458, 12.59873], [75.45517, 12.59869], [75.45536, 12.59868], [75.45552, 12.59872], [75.45571, 12.59886], [75.45604, 12.59912], [75.45667, 12.59946], [75.45718, 12.59995], [75.45742, 12.60008], [75.45775, 12.60021], [75.45788, 12.60019], [75.45813, 12.6001], [75.45825, 12.59999], [75.45839, 12.59994], [75.4585, 12.59997], [75.45869, 12.60009], [75.4588, 12.60022], [75.45888, 12.60029], [75.45906, 12.6003], [75.45922, 12.60018], [75.45942, 12.59985], [75.45952, 12.59961], [75.45958, 12.59938], [75.45948, 12.59905], [75.45959, 12.59874], [75.45959, 12.5986], [75.45957, 12.59843], [75.45959, 12.59832], [75.45971, 12.59821], [75.45981, 12.5982], [75.45993, 12.59827], [75.46002, 12.59837], [75.46022, 12.59846], [75.46032, 12.59856], [75.46034, 12.59883], [75.46038, 12.59908], [75.46046, 12.59916], [75.46065, 12.59946], [75.46071, 12.59971], [75.4608, 12.59979], [75.46092, 12.59983], [75.46112, 12.59977], [75.4614, 12.59963], [75.46154, 12.59951], [75.46168, 12.59937], [75.46179, 12.5991], [75.46187, 12.59897], [75.46209, 12.59885], [75.46237, 12.59885], [75.4626, 12.59888], [75.4627, 12.59906], [75.4628, 12.59921], [75.46288, 12.59932], [75.46298, 12.59938], [75.46309, 12.59941], [75.46324, 12.59943], [75.46408, 12.59933], [75.46451, 12.59925], [75.46461, 12.59923], [75.46486, 12.59925], [75.46499, 12.59926], [75.46511, 12.59926], [75.46523, 12.59921], [75.46531, 12.59917], [75.46536, 12.59914], [75.46546, 12.59913], [75.46577, 12.59909], [75.46647, 12.59895], [75.46659, 12.59895], [75.4667, 12.599], [75.46691, 12.59908], [75.46707, 12.59911], [75.4677, 12.5991], [75.46811, 12.59915], [75.46851, 12.59924], [75.46867, 12.59928], [75.46881, 12.59927], [75.4689, 12.59922], [75.46909, 12.59902], [75.4693, 12.59892], [75.46941, 12.59887], [75.46953, 12.59886], [75.46974, 12.59891], [75.46994, 12.59897], [75.47004, 12.599], [75.47004, 12.599], [75.47013, 12.59904], [75.47024, 12.59904], [75.47072, 12.59901], [75.4709, 12.599], [75.47105, 12.59901], [75.4712, 12.59903], [75.47131, 12.59907], [75.47138, 12.59909], [75.47148, 12.5991], [75.47166, 12.59903], [75.47178, 12.59902], [75.47193, 12.59903], [75.47206, 12.59908], [75.47219, 12.59909], [75.47231, 12.59909], [75.47236, 12.5991], [75.4724, 12.59911], [75.47261, 12.59929], [75.47293, 12.5996], [75.47304, 12.59968], [75.47316, 12.59974], [75.47328, 12.59979], [75.47339, 12.5998], [75.47371, 12.59978], [75.47426, 12.59964], [75.47483, 12.59948], [75.47505, 12.59945], [75.47524, 12.59943], [75.4754, 12.59942], [75.47558, 12.59943], [75.47636, 12.5995], [75.47671, 12.59951], [75.47705, 12.59951], [75.4772, 12.59953], [75.47733, 12.59956], [75.47761, 12.59966], [75.47781, 12.59976], [75.47793, 12.5998], [75.47814, 12.59983], [75.47839, 12.59986], [75.47849, 12.59988], [75.4786, 12.59992], [75.4789, 12.60003], [75.47902, 12.60006], [75.47913, 12.60007], [75.47922, 12.60004], [75.47951, 12.59993], [75.48013, 12.59963], [75.48029, 12.59958], [75.48045, 12.59956], [75.48081, 12.59958], [75.48115, 12.5996], [75.48144, 12.59959], [75.48161, 12.59959], [75.48174, 12.59962], [75.48184, 12.59968], [75.48226, 12.6002], [75.48242, 12.60035], [75.48242, 12.60035], [75.48276, 12.60067], [75.48324, 12.60099], [75.48336, 12.60111], [75.48343, 12.60124], [75.48349, 12.60145], [75.48352, 12.60171], [75.48354, 12.60185], [75.4836, 12.60199], [75.48369, 12.60211], [75.48391, 12.60222], [75.4843, 12.60241], [75.48479, 12.60272], [75.48504, 12.6028], [75.48524, 12.60284], [75.48546, 12.60286], [75.48562, 12.60288], [75.48583, 12.6029], [75.48618, 12.60288], [75.48706, 12.60279], [75.48726, 12.60278], [75.48739, 12.60284], [75.48752, 12.60298], [75.48776, 12.60338], [75.4879, 12.60354], [75.48807, 12.60369], [75.48826, 12.6038], [75.48836, 12.60386], [75.48843, 12.60389], [75.48851, 12.60389], [75.48859, 12.60388], [75.48867, 12.60384], [75.48892, 12.60369], [75.48914, 12.60351], [75.48921, 12.60343], [75.48928, 12.60339], [75.48937, 12.60335], [75.48972, 12.60323], [75.48995, 12.6031], [75.49005, 12.60308], [75.49012, 12.60308], [75.49018, 12.60309], [75.49024, 12.60315], [75.49026, 12.60321], [75.49029, 12.60344], [75.49031, 12.60351], [75.49036, 12.60356], [75.49045, 12.60359], [75.4906, 12.60363], [75.49105, 12.60362], [75.49117, 12.60363], [75.49131, 12.60368], [75.49147, 12.60377], [75.492, 12.60412], [75.49218, 12.60421], [75.49232, 12.60426], [75.49249, 12.6043], [75.49266, 12.6043], [75.49276, 12.60431], [75.49287, 12.60437], [75.49335, 12.6046], [75.49379, 12.60476], [75.49397, 12.60482], [75.49407, 12.60485], [75.49415, 12.60486], [75.49425, 12.60486], [75.49439, 12.60482], [75.49455, 12.60471], [75.49463, 12.60469], [75.49469, 12.60469], [75.49476, 12.60472], [75.49483, 12.60479], [75.49488, 12.60483], [75.4951, 12.6053], [75.49535, 12.60586], [75.49564, 12.60642], [75.49571, 12.60654], [75.49582, 12.60664], [75.49596, 12.60671], [75.49606, 12.60675], [75.49638, 12.60685], [75.49688, 12.60703], [75.49701, 12.60712], [75.49708, 12.60727], [75.49722, 12.60768], [75.49727, 12.60777], [75.49734, 12.60785], [75.49746, 12.60792], [75.49757, 12.60796], [75.49814, 12.60816], [75.49839, 12.60819], [75.49901, 12.60829], [75.49918, 12.60835], [75.49935, 12.60842], [75.49949, 12.60851], [75.49978, 12.60872], [75.50003, 12.60894], [75.50039, 12.60934], [75.50053, 12.60954], [75.50056, 12.6097], [75.5005, 12.60994], [75.50038, 12.61022], [75.50038, 12.61037], [75.50044, 12.61067], [75.50043, 12.61084], [75.50036, 12.61091], [75.50027, 12.61099], [75.50008, 12.61123], [75.50001, 12.61136], [75.49999, 12.61147], [75.49999, 12.61159], [75.50021, 12.61197], [75.50035, 12.6122], [75.50046, 12.61249], [75.50054, 12.61278], [75.50065, 12.61289], [75.50081, 12.61298], [75.50108, 12.61314], [75.50123, 12.61324], [75.50133, 12.61331], [75.50139, 12.6134], [75.50152, 12.61382], [75.50156, 12.61391], [75.5016, 12.61397], [75.5017, 12.61404], [75.50182, 12.61408], [75.50205, 12.61421], [75.50227, 12.61432], [75.50238, 12.61439], [75.50245, 12.61445], [75.50256, 12.61461], [75.50273, 12.61485], [75.50283, 12.61495], [75.50293, 12.61501], [75.50308, 12.61501], [75.50326, 12.61497], [75.50345, 12.61496], [75.5036, 12.61496], [75.50377, 12.61501], [75.50393, 12.61509], [75.50413, 12.61518], [75.50431, 12.61521], [75.5045, 12.61521], [75.50483, 12.61518], [75.50496, 12.61518], [75.50509, 12.61516], [75.50518, 12.6151], [75.50584, 12.61451], [75.50608, 12.61426], [75.50617, 12.61408], [75.50635, 12.61369], [75.50647, 12.61352], [75.5066, 12.61342], [75.50674, 12.61333], [75.50686, 12.61332], [75.50707, 12.61332], [75.50742, 12.61338], [75.50754, 12.61343], [75.50765, 12.61351], [75.50769, 12.6136], [75.50776, 12.6139], [75.50775, 12.6142], [75.5078, 12.61436], [75.5079, 12.61452], [75.50802, 12.61466], [75.50819, 12.61482], [75.50842, 12.61497], [75.50854, 12.61506], [75.50871, 12.61534], [75.50877, 12.61546], [75.50877, 12.61559], [75.50875, 12.6157], [75.50862, 12.61588], [75.50837, 12.6163], [75.5083, 12.61638], [75.50824, 12.61643], [75.50818, 12.61644], [75.5081, 12.61645], [75.50802, 12.61646], [75.50795, 12.61648], [75.50785, 12.61662], [75.50777, 12.61678], [75.50776, 12.61685], [75.50778, 12.61696], [75.50786, 12.61718], [75.50788, 12.61733], [75.50782, 12.6175], [75.50778, 12.61763], [75.50777, 12.61772], [75.50778, 12.6178], [75.50795, 12.61811], [75.50812, 12.61851], [75.50817, 12.61865], [75.50822, 12.61881], [75.50824, 12.61898], [75.50823, 12.61912], [75.50816, 12.61936], [75.50814, 12.6195], [75.50819, 12.61981], [75.50823, 12.61994], [75.50832, 12.62007], [75.50846, 12.62015], [75.50869, 12.62026], [75.50891, 12.62032], [75.50925, 12.62036], [75.50955, 12.62047], [75.51017, 12.62079], [75.51042, 12.62101], [75.51055, 12.62108], [75.51065, 12.6211], [75.5108, 12.6211], [75.51092, 12.62099], [75.51131, 12.62039], [75.51144, 12.62025], [75.51158, 12.62017], [75.51176, 12.62011], [75.51202, 12.6201], [75.51222, 12.62014], [75.51238, 12.62022], [75.51247, 12.62032], [75.51264, 12.62092], [75.51275, 12.62144], [75.51282, 12.62163], [75.51293, 12.62173], [75.51305, 12.62179], [75.51333, 12.62192], [75.51372, 12.62212], [75.51464, 12.62257], [75.51479, 12.6227], [75.51487, 12.6228], [75.51494, 12.62293], [75.51494, 12.62306], [75.51479, 12.62365], [75.51452, 12.62431], [75.51449, 12.62444], [75.51447, 12.62462], [75.51455, 12.62543], [75.51457, 12.62555], [75.51467, 12.62567], [75.51478, 12.62575], [75.51504, 12.62588], [75.51575, 12.62607], [75.51596, 12.62612], [75.51642, 12.6261], [75.5165, 12.62611], [75.5166, 12.62612], [75.51672, 12.62617], [75.51685, 12.62636], [75.5171, 12.62669], [75.51725, 12.62681], [75.51737, 12.62687], [75.51772, 12.62699], [75.518, 12.62715], [75.51813, 12.62723], [75.5183, 12.62731], [75.51851, 12.62734], [75.51871, 12.62735], [75.51927, 12.62735], [75.51941, 12.62736], [75.51951, 12.6274], [75.52, 12.62764], [75.52056, 12.62803], [75.52068, 12.62808], [75.52079, 12.62809], [75.52148, 12.62809], [75.52174, 12.62811], [75.52195, 12.62814], [75.52222, 12.62822], [75.52256, 12.62839], [75.52358, 12.62898], [75.52375, 12.62907], [75.52387, 12.62913], [75.52399, 12.62914], [75.52415, 12.62914], [75.52442, 12.62915], [75.52496, 12.62919], [75.52517, 12.62926], [75.52534, 12.62934], [75.52552, 12.62942], [75.52574, 12.62947], [75.52588, 12.62948], [75.52596, 12.6295], [75.52607, 12.62953], [75.52615, 12.62959], [75.52685, 12.6302], [75.52719, 12.63052], [75.52745, 12.6307], [75.52752, 12.63077], [75.52762, 12.63092], [75.52782, 12.6312], [75.52793, 12.63131], [75.52803, 12.63135], [75.52812, 12.63137], [75.52824, 12.63138], [75.52852, 12.6313], [75.52864, 12.63129], [75.52885, 12.63132], [75.52934, 12.6314], [75.52984, 12.63154], [75.53044, 12.63173], [75.53059, 12.63177], [75.53073, 12.63176], [75.53104, 12.63178], [75.53188, 12.63178], [75.53258, 12.63185], [75.53297, 12.63188], [75.53395, 12.63183], [75.53427, 12.63181], [75.53452, 12.63183], [75.53553, 12.63199], [75.53591, 12.63207], [75.53615, 12.63214], [75.53615, 12.63214], [75.53631, 12.63217], [75.53654, 12.63218], [75.53671, 12.63214], [75.53684, 12.63207], [75.53712, 12.63188], [75.53744, 12.63162], [75.53758, 12.63147], [75.53766, 12.63137], [75.53776, 12.63129], [75.53787, 12.63121], [75.5383, 12.63101], [75.53899, 12.63068], [75.53941, 12.63047], [75.53959, 12.63033], [75.53971, 12.63021], [75.53983, 12.63011], [75.53999, 12.63002], [75.54029, 12.62997], [75.5405, 12.62997], [75.54072, 12.63004], [75.54082, 12.63007], [75.54093, 12.63009], [75.54103, 12.63009], [75.54115, 12.63006], [75.54143, 12.6299], [75.54183, 12.62977], [75.54205, 12.62975], [75.54226, 12.62975], [75.5424, 12.62976], [75.5424, 12.62976], [75.54253, 12.62981], [75.54263, 12.62989], [75.54271, 12.63006], [75.54278, 12.63012], [75.54288, 12.63013], [75.54298, 12.63012], [75.54341, 12.62997], [75.54357, 12.62993], [75.54373, 12.62996], [75.54386, 12.63], [75.54398, 12.63013], [75.54407, 12.63052], [75.54411, 12.63074], [75.54415, 12.63085], [75.54424, 12.63089], [75.54436, 12.63088], [75.54487, 12.63071], [75.54505, 12.63068], [75.54517, 12.63069], [75.54534, 12.63076], [75.5458, 12.6311], [75.54642, 12.63168], [75.54661, 12.63181], [75.54677, 12.63189], [75.54695, 12.63192], [75.54712, 12.63191], [75.54798, 12.63156], [75.54852, 12.63133], [75.54861, 12.63131], [75.54872, 12.63131], [75.54887, 12.63136], [75.54949, 12.63163], [75.54962, 12.63171], [75.54971, 12.63176], [75.5499, 12.63181], [75.55012, 12.63187], [75.55029, 12.63194], [75.55058, 12.63199], [75.55088, 12.63199], [75.551, 12.632], [75.55119, 12.63204], [75.55144, 12.63217], [75.55213, 12.63257], [75.55237, 12.63268], [75.55256, 12.63274], [75.55296, 12.63283], [75.5531, 12.63287], [75.55326, 12.63294], [75.55337, 12.63304], [75.55382, 12.63357], [75.55393, 12.63368], [75.55404, 12.63378], [75.55417, 12.63387], [75.55428, 12.63392], [75.55441, 12.63395], [75.55477, 12.63402], [75.55499, 12.63408], [75.55522, 12.63416], [75.55541, 12.63427], [75.55559, 12.63432], [75.55582, 12.63434], [75.55599, 12.63431], [75.55631, 12.63416], [75.55646, 12.6341], [75.55661, 12.63409], [75.55675, 12.63412], [75.55689, 12.63416], [75.55703, 12.63426], [75.55713, 12.63436], [75.55736, 12.63476], [75.55743, 12.63486], [75.55752, 12.63491], [75.55759, 12.63491], [75.55766, 12.63489], [75.5578, 12.63483], [75.55795, 12.63486], [75.55815, 12.63495], [75.55827, 12.63498], [75.55837, 12.63501], [75.55844, 12.63505], [75.55854, 12.63511], [75.55865, 12.63525], [75.55874, 12.63539], [75.55876, 12.63561], [75.55876, 12.63577], [75.55874, 12.63623], [75.55874, 12.6364], [75.55878, 12.63654], [75.55882, 12.63664], [75.55884, 12.63676], [75.55885, 12.63712], [75.55887, 12.63734], [75.55892, 12.63755], [75.55901, 12.63775], [75.5591, 12.63791], [75.5593, 12.63807], [75.55948, 12.63819], [75.5597, 12.63829], [75.56042, 12.6386], [75.56088, 12.63876], [75.56136, 12.63895], [75.56153, 12.63899], [75.56175, 12.63898], [75.56209, 12.63895], [75.56277, 12.63887], [75.56294, 12.63886], [75.56304, 12.6389], [75.56315, 12.63897], [75.56367, 12.6394], [75.56384, 12.6396], [75.56393, 12.6397], [75.56405, 12.63979], [75.56428, 12.6399], [75.56473, 12.64009], [75.56512, 12.64022], [75.56543, 12.64032], [75.56543, 12.64032], [75.56558, 12.64044], [75.5657, 12.64059], [75.5658, 12.64079], [75.56586, 12.64091], [75.56601, 12.64119], [75.56619, 12.64157], [75.56638, 12.64178], [75.5668, 12.64218], [75.56688, 12.6423], [75.56704, 12.6428], [75.56727, 12.64324], [75.56737, 12.64333], [75.56747, 12.64338], [75.56761, 12.6434], [75.56773, 12.64343], [75.5678, 12.64349], [75.56788, 12.64359], [75.56791, 12.64371], [75.56792, 12.64384], [75.5679, 12.64396], [75.56788, 12.64406], [75.56788, 12.64414], [75.5679, 12.6443], [75.56797, 12.64442], [75.56798, 12.64456], [75.56791, 12.64476], [75.56786, 12.64487], [75.56786, 12.64492], [75.56792, 12.64499], [75.56803, 12.64505], [75.56814, 12.6451], [75.56816, 12.64513], [75.56818, 12.64533], [75.56817, 12.64563], [75.56811, 12.64585], [75.56806, 12.64603], [75.56806, 12.64629], [75.56812, 12.6466], [75.56817, 12.64669], [75.56821, 12.64674], [75.56825, 12.64676], [75.56832, 12.64679], [75.56837, 12.64679], [75.56844, 12.64677], [75.56853, 12.64661], [75.56868, 12.64643], [75.56874, 12.6464], [75.5688, 12.64639], [75.56889, 12.64644], [75.56915, 12.6467], [75.56935, 12.64689], [75.56947, 12.64713], [75.56954, 12.64751], [75.56954, 12.64782], [75.56956, 12.64797], [75.56958, 12.64806], [75.56964, 12.64813], [75.56973, 12.64819], [75.56974, 12.64825], [75.56972, 12.64841], [75.56972, 12.64851], [75.56983, 12.64866], [75.56993, 12.64882], [75.56993, 12.64892], [75.56988, 12.64903], [75.56971, 12.64931], [75.56966, 12.64944], [75.56965, 12.64954], [75.5697, 12.64964], [75.56983, 12.64984], [75.57017, 12.65036], [75.57024, 12.65047], [75.5703, 12.65051], [75.5704, 12.65051], [75.57049, 12.6505], [75.57054, 12.65051], [75.57057, 12.65054], [75.57061, 12.65058], [75.57073, 12.65084], [75.57078, 12.6509], [75.57083, 12.65094], [75.57091, 12.651], [75.57101, 12.65114], [75.5711, 12.65119], [75.57124, 12.65123], [75.57133, 12.65123], [75.57143, 12.65121], [75.57152, 12.65122], [75.57161, 12.65125], [75.57168, 12.65127], [75.57172, 12.6513], [75.57189, 12.65135], [75.57205, 12.65131], [75.57218, 12.65122], [75.57233, 12.65118], [75.57245, 12.65118], [75.5725, 12.65118], [75.57263, 12.65103], [75.57265, 12.65083], [75.57266, 12.65058], [75.57268, 12.6505], [75.57274, 12.65034], [75.57281, 12.65027], [75.57291, 12.65025], [75.57303, 12.65022], [75.57312, 12.65019], [75.57336, 12.64984], [75.57344, 12.64969], [75.57364, 12.64943], [75.57375, 12.64936], [75.57381, 12.64935], [75.57388, 12.64936], [75.57393, 12.64939], [75.57397, 12.64945], [75.57389, 12.64996], [75.57386, 12.65024], [75.5739, 12.65031], [75.57396, 12.65036], [75.57406, 12.65045], [75.57411, 12.65052], [75.57412, 12.6506], [75.57398, 12.65082], [75.57397, 12.65098], [75.574, 12.65113], [75.57406, 12.6512], [75.5741, 12.65124], [75.57425, 12.65133], [75.57433, 12.65138], [75.57437, 12.65146], [75.57438, 12.65157], [75.57453, 12.65176], [75.57461, 12.65181], [75.57474, 12.65185], [75.57486, 12.65185], [75.57496, 12.65183], [75.57507, 12.65175], [75.57516, 12.65162], [75.57516, 12.65147], [75.57522, 12.65139], [75.57538, 12.65125], [75.57552, 12.65125], [75.57593, 12.65097], [75.57632, 12.65074], [75.57649, 12.6507], [75.57659, 12.65071], [75.57666, 12.65075], [75.57669, 12.65085], [75.57664, 12.65099], [75.5764, 12.65127], [75.57619, 12.65165], [75.57617, 12.65177], [75.57621, 12.65215], [75.57617, 12.65229], [75.57613, 12.65249], [75.57616, 12.65258], [75.57619, 12.65269], [75.57621, 12.65283], [75.57623, 12.65296], [75.57629, 12.65302], [75.57635, 12.65306], [75.57646, 12.65309], [75.57661, 12.65309], [75.57686, 12.65305], [75.57695, 12.65303], [75.57704, 12.65306], [75.57713, 12.65327], [75.57721, 12.65344], [75.57724, 12.65353], [75.57733, 12.65358], [75.5774, 12.65358], [75.5775, 12.65352], [75.57767, 12.6534], [75.57781, 12.65334], [75.57787, 12.65333], [75.57792, 12.65337], [75.57799, 12.65343], [75.57807, 12.65357], [75.5781, 12.6538], [75.57804, 12.65395], [75.5779, 12.65412], [75.57785, 12.65422], [75.57781, 12.65434], [75.57783, 12.65454], [75.57783, 12.65462], [75.57779, 12.65467], [75.5777, 12.65469], [75.57759, 12.65465], [75.57743, 12.65463], [75.57729, 12.65467], [75.5772, 12.65475], [75.57715, 12.65483], [75.57717, 12.65494], [75.57728, 12.65506], [75.57742, 12.65512], [75.57784, 12.65529], [75.57822, 12.65546], [75.57855, 12.65561], [75.57873, 12.65565], [75.57885, 12.65565], [75.57897, 12.65562], [75.57906, 12.65555], [75.57915, 12.65541], [75.57921, 12.65517], [75.57931, 12.65509], [75.57936, 12.65501], [75.57943, 12.6549], [75.5795, 12.65479], [75.57966, 12.65467], [75.58, 12.65434], [75.5803, 12.65396], [75.5805, 12.65382], [75.58072, 12.65376], [75.58107, 12.65373], [75.5819, 12.65399], [75.58257, 12.65419], [75.58289, 12.65429], [75.58301, 12.65431], [75.58312, 12.65429], [75.58342, 12.65412], [75.58389, 12.65397], [75.58407, 12.65394], [75.5842, 12.65396], [75.58442, 12.65401], [75.58457, 12.65409], [75.58464, 12.65427], [75.58466, 12.65452], [75.58472, 12.65467], [75.58479, 12.65472], [75.58485, 12.65472], [75.58495, 12.65471], [75.58503, 12.65459], [75.58527, 12.65411], [75.58557, 12.65356], [75.58578, 12.65338], [75.58592, 12.65335], [75.5861, 12.65333], [75.58617, 12.65331], [75.58622, 12.65329], [75.58634, 12.65317], [75.58642, 12.65309], [75.58663, 12.65302], [75.58745, 12.65293], [75.58782, 12.65288], [75.588, 12.65288], [75.58816, 12.6529], [75.58832, 12.65292], [75.58839, 12.65296], [75.58848, 12.65306], [75.58858, 12.65344], [75.58865, 12.65371], [75.58874, 12.6538], [75.58893, 12.65393], [75.58905, 12.65398], [75.58919, 12.65401], [75.58962, 12.65408], [75.58985, 12.65411], [75.59018, 12.65411], [75.59038, 12.65414], [75.59051, 12.65419], [75.59059, 12.65431], [75.59072, 12.65463], [75.59082, 12.65486], [75.59093, 12.65509], [75.59104, 12.6555], [75.59111, 12.65557], [75.59116, 12.65561], [75.5913, 12.65573], [75.59152, 12.65595], [75.59167, 12.65601], [75.59179, 12.65604], [75.59193, 12.65605], [75.5921, 12.65601], [75.59237, 12.65589], [75.5925, 12.65587], [75.5926, 12.65591], [75.59273, 12.65597], [75.59301, 12.65608], [75.59324, 12.65622], [75.59341, 12.65644], [75.59373, 12.65686], [75.59398, 12.65707], [75.59417, 12.65715], [75.59435, 12.65718], [75.59456, 12.65723], [75.59484, 12.6573], [75.59507, 12.65727], [75.59524, 12.65729], [75.59536, 12.6573], [75.59547, 12.65729], [75.5955, 12.65729], [75.59568, 12.6572], [75.596, 12.65705], [75.59624, 12.65703], [75.59645, 12.65684], [75.59675, 12.65665], [75.59685, 12.6565], [75.59702, 12.65605], [75.59719, 12.65586], [75.59738, 12.6557], [75.59767, 12.65551], [75.59779, 12.6554], [75.59782, 12.65529], [75.59786, 12.65519], [75.59789, 12.6551], [75.59794, 12.65505], [75.59801, 12.65502], [75.59804, 12.65501], [75.59804, 12.65501], [75.59812, 12.65499], [75.59833, 12.65503], [75.59853, 12.65509], [75.59865, 12.65513], [75.5988, 12.65514], [75.59907, 12.65514], [75.59948, 12.6551], [75.59961, 12.65513], [75.59983, 12.65521], [75.60002, 12.65525], [75.60058, 12.6554], [75.6008, 12.65545], [75.60091, 12.65548], [75.60119, 12.65565], [75.60136, 12.65584], [75.60164, 12.6561], [75.60185, 12.6563], [75.60199, 12.65653], [75.60206, 12.65668], [75.60216, 12.65678], [75.60254, 12.65712], [75.60264, 12.6572], [75.60286, 12.65738], [75.60295, 12.65755], [75.60311, 12.65781], [75.60324, 12.65813], [75.60331, 12.65824], [75.60337, 12.65834], [75.60348, 12.6586], [75.60354, 12.65866], [75.60362, 12.65871], [75.6037, 12.65875], [75.60379, 12.65877], [75.60392, 12.65877], [75.60415, 12.65873], [75.60425, 12.65867], [75.60433, 12.65856], [75.60439, 12.65835], [75.6044, 12.65824], [75.60441, 12.65819], [75.60445, 12.65808], [75.60453, 12.65803], [75.60461, 12.65801], [75.60482, 12.65805], [75.60492, 12.65809], [75.60498, 12.65811], [75.60504, 12.6581], [75.60511, 12.65805], [75.60519, 12.65796], [75.60548, 12.65749], [75.60552, 12.65746], [75.60557, 12.65745], [75.60571, 12.65748], [75.60583, 12.65755], [75.60603, 12.65771], [75.60609, 12.6579], [75.60606, 12.65822], [75.60613, 12.65837], [75.60622, 12.65847], [75.60636, 12.65856], [75.60666, 12.65869], [75.60717, 12.65895], [75.60742, 12.65906], [75.60758, 12.6591], [75.60773, 12.65913], [75.6079, 12.65919], [75.608, 12.65927], [75.60812, 12.65962], [75.60826, 12.66001], [75.6084, 12.6602], [75.60849, 12.66033], [75.60863, 12.66048], [75.60883, 12.66069], [75.60913, 12.66087], [75.60932, 12.66092], [75.60948, 12.66096], [75.60965, 12.66104], [75.60994, 12.6612], [75.61009, 12.66136], [75.61022, 12.66145], [75.61028, 12.66149], [75.61044, 12.66173], [75.61065, 12.66226], [75.61082, 12.66293], [75.6109, 12.66309], [75.61099, 12.66321], [75.61106, 12.6633], [75.61125, 12.66342], [75.61161, 12.66357], [75.61187, 12.66366], [75.61219, 12.66374], [75.61245, 12.66378], [75.6126, 12.6638], [75.61289, 12.66382], [75.61289, 12.66382], [75.61294, 12.66385], [75.613, 12.6639], [75.613, 12.6639], [75.61303, 12.66395], [75.61307, 12.66398], [75.61312, 12.66401], [75.61318, 12.66402], [75.61318, 12.66402], [75.61323, 12.66404], [75.61327, 12.66407], [75.61331, 12.66414], [75.61329, 12.66438], [75.61315, 12.66489], [75.61291, 12.66557], [75.61244, 12.6666], [75.61234, 12.66687], [75.61229, 12.66704], [75.61229, 12.66704], [75.61226, 12.66711], [75.61225, 12.66717], [75.61225, 12.66727], [75.61225, 12.66727], [75.61228, 12.66735], [75.61233, 12.66742], [75.61239, 12.66748], [75.61248, 12.66751], [75.61248, 12.66751], [75.61257, 12.66752], [75.61267, 12.6675], [75.61275, 12.66746], [75.61282, 12.66739], [75.61286, 12.66731], [75.61288, 12.66721], [75.61288, 12.66721], [75.61321, 12.66719], [75.61352, 12.66715], [75.61382, 12.66712], [75.61412, 12.6671], [75.61449, 12.6671], [75.61475, 12.66716], [75.61492, 12.66733], [75.61531, 12.66785]]}}]}