{"type": "FeatureCollection", "features": [{"type": "Feature", "properties": {"kind": "blind", "hospital": "wenlock", "incident": "mulki", "minutes": 29.0, "mean_exposure": 0.257, "max_exposure": 0.848}, "geometry": {"type": "LineString", "coordinates": [[74.84269, 12.86774], [74.84268, 12.86779], [74.84268, 12.86779], [74.84275, 12.86779], [74.84319, 12.86777], [74.84319, 12.86777], [74.8435, 12.86778], [74.84413, 12.86783], [74.84434, 12.86783], [74.84434, 12.86783], [74.84442, 12.86783], [74.8445, 12.86783], [74.84488, 12.86783], [74.8455, 12.86783], [74.84585, 12.86783], [74.84615, 12.86784], [74.84664, 12.86788], [74.84715, 12.86794], [74.84715, 12.86794], [74.84743, 12.86795], [74.84743, 12.86795], [74.84755, 12.86794], [74.84755, 12.86794], [74.84757, 12.86821], [74.84758, 12.86832], [74.84764, 12.86842], [74.84789, 12.86882], [74.84848, 12.86977], [74.8486, 12.86997], [74.8486, 12.86997], [74.84866, 12.87008], [74.84866, 12.87008], [74.84883, 12.87039], [74.849, 12.87077], [74.84905, 12.87092], [74.84905, 12.87092], [74.84909, 12.8711], [74.84926, 12.87152], [74.84928, 12.87175], [74.84925, 12.87204], [74.84912, 12.87247], [74.84912, 12.87247], [74.84906, 12.87259], [74.84906, 12.87259], [74.84878, 12.8725], [74.84878, 12.8725], [74.84866, 12.87247], [74.84866, 12.87247], [74.84862, 12.87253], [74.84857, 12.87259], [74.84857, 12.87259], [74.84852, 12.8727], [74.84851, 12.87301], [74.84854, 12.87317], [74.84859, 12.87332], [74.84871, 12.87365], [74.84878, 12.87384], [74.84879, 12.87417], [74.84855, 12.8751], [74.84851, 12.8752], [74.84851, 12.8752], [74.84838, 12.87554], [74.84824, 12.876], [74.84817, 12.87618], [74.8481, 12.87635], [74.84799, 12.87655], [74.84799, 12.87655], [74.84795, 12.87662], [74.84795, 12.87662], [74.84801, 12.87666], [74.84803, 12.87667], [74.84803, 12.87667], [74.84816, 12.87675], [74.84854, 12.87702], [74.84854, 12.87702], [74.84888, 12.87725], [74.84918, 12.87741], [74.84944, 12.87752], [74.84944, 12.87752], [74.85007, 12.87774], [74.85025, 12.87781], [74.85025, 12.87781], [74.85027, 12.87803], [74.85032, 12.87842], [74.8503, 12.879], [74.85027, 12.87939], [74.85016, 12.87992], [74.85016, 12.87992], [74.85014, 12.88001], [74.85008, 12.8803], [74.85004, 12.88048], [74.84998, 12.88089], [74.84998, 12.88089], [74.84992, 12.88138], [74.8498, 12.8819], [74.84978, 12.88209], [74.84978, 12.88209], [74.84976, 12.88243], [74.84977, 12.88261], [74.84974, 12.88296], [74.84974, 12.88296], [74.84972, 12.88316], [74.84975, 12.88334], [74.8498, 12.88348], [74.84983, 12.88357], [74.85007, 12.88444], [74.8501, 12.88452], [74.85014, 12.88459], [74.85021, 12.88466], [74.85027, 12.88471], [74.85037, 12.88478], [74.85047, 12.88483], [74.85071, 12.88493], [74.85071, 12.88493], [74.85075, 12.88518], [74.85084, 12.88556], [74.85098, 12.88583], [74.85098, 12.88583], [74.851, 12.88586], [74.85111, 12.88602], [74.85122, 12.88626], [74.85137, 12.88652], [74.85144, 12.88667], [74.85146, 12.88678], [74.85147, 12.88682], [74.85147, 12.88682], [74.85148, 12.88689], [74.85147, 12.88702], [74.85142, 12.88717], [74.85131, 12.88733], [74.8512, 12.88748], [74.85109, 12.88759], [74.85109, 12.88759], [74.85102, 12.88768], [74.85102, 12.88768], [74.85102, 12.88772], [74.85097, 12.88798], [74.85094, 12.88811], [74.85093, 12.88823], [74.85099, 12.88833], [74.85107, 12.88839], [74.8512, 12.88846], [74.85137, 12.88849], [74.85151, 12.88853], [74.85163, 12.88861], [74.85194, 12.88907], [74.85209, 12.88934], [74.85221, 12.88951], [74.85254, 12.88974], [74.85267, 12.88981], [74.85267, 12.88981], [74.85266, 12.88986], [74.85267, 12.88989], [74.85269, 12.88991], [74.85271, 12.88992], [74.85274, 12.88994], [74.85277, 12.88994], [74.85277, 12.88994], [74.85293, 12.89002], [74.85318, 12.89018], [74.85345, 12.89035], [74.85357, 12.89047], [74.85357, 12.89047], [74.85359, 12.89058], [74.85361, 12.89065], [74.85361, 12.89071], [74.8536, 12.89077], [74.85358, 12.8908], [74.85353, 12.89087], [74.85353, 12.89087], [74.85331, 12.89098], [74.85272, 12.89123], [74.85201, 12.8915], [74.85129, 12.89172], [74.85089, 12.89185], [74.85089, 12.89185], [74.85072, 12.89193], [74.85053, 12.89202], [74.85026, 12.89217], [74.85006, 12.8923], [74.84991, 12.89241], [74.84959, 12.8927], [74.84946, 12.89284], [74.84938, 12.89296], [74.84924, 12.89314], [74.84908, 12.89341], [74.84902, 12.89351], [74.84894, 12.89363], [74.84874, 12.89391], [74.84862, 12.89405], [74.84851, 12.89415], [74.84802, 12.89464], [74.84781, 12.89486], [74.84767, 12.89504], [74.84744, 12.89534], [74.84712, 12.89575], [74.84698, 12.89593], [74.84687, 12.89606], [74.84687, 12.89606], [74.84665, 12.89632], [74.84647, 12.89651], [74.84647, 12.89651], [74.84633, 12.89665], [74.84592, 12.89708], [74.84557, 12.89743], [74.84524, 12.89782], [74.84456, 12.89858], [74.84361, 12.89971], [74.84346, 12.89987], [74.84327, 12.90007], [74.8431, 12.90023], [74.84286, 12.90041], [74.8426, 12.90057], [74.84238, 12.90071], [74.8421, 12.90088], [74.84172, 12.90117], [74.84157, 12.90131], [74.84145, 12.90143], [74.84136, 12.90154], [74.8412, 12.90175], [74.84105, 12.90197], [74.84088, 12.90225], [74.84076, 12.90246], [74.84072, 12.90253], [74.84072, 12.90253], [74.84063, 12.90271], [74.84049, 12.90296], [74.84022, 12.90344], [74.84009, 12.90366], [74.8398, 12.90419], [74.83964, 12.90448], [74.83937, 12.90495], [74.83905, 12.90553], [74.83881, 12.90596], [74.83865, 12.90624], [74.83839, 12.9067], [74.83831, 12.90685], [74.83831, 12.90685], [74.83805, 12.90729], [74.83796, 12.90746], [74.83796, 12.90746], [74.83794, 12.90748], [74.83783, 12.90767], [74.83768, 12.90793], [74.83748, 12.90827], [74.83743, 12.90833], [74.83726, 12.90861], [74.83711, 12.9088], [74.83683, 12.90919], [74.83656, 12.90961], [74.83648, 12.90972], [74.83629, 12.90999], [74.83597, 12.91053], [74.8358, 12.91095], [74.83535, 12.91232], [74.83529, 12.91254], [74.835, 12.91337], [74.83492, 12.9137], [74.83483, 12.91395], [74.83483, 12.91395], [74.83477, 12.91415], [74.83462, 12.91454], [74.83429, 12.91563], [74.83416, 12.91603], [74.83396, 12.91657], [74.83375, 12.91693], [74.83361, 12.91712], [74.83361, 12.91712], [74.83353, 12.91722], [74.83353, 12.91722], [74.83345, 12.91736], [74.83316, 12.91784], [74.83303, 12.91804], [74.83303, 12.91804], [74.83263, 12.91864], [74.83263, 12.91864], [74.83247, 12.91888], [74.83221, 12.9192], [74.83191, 12.91967], [74.83172, 12.91996], [74.83163, 12.92012], [74.8315, 12.9204], [74.83115, 12.92111], [74.8309, 12.92172], [74.83061, 12.92233], [74.83031, 12.92267], [74.82981, 12.92313], [74.82954, 12.92345], [74.82954, 12.92345], [74.82947, 12.92354], [74.82947, 12.92354], [74.82931, 12.92374], [74.82895, 12.92419], [74.82886, 12.92431], [74.82886, 12.92431], [74.82879, 12.92439], [74.82875, 12.92446], [74.8286, 12.92471], [74.82855, 12.92479], [74.82846, 12.92491], [74.82834, 12.92506], [74.82816, 12.92523], [74.82804, 12.92535], [74.82804, 12.92535], [74.82791, 12.92548], [74.82629, 12.92698], [74.82609, 12.92718], [74.82587, 12.9274], [74.82577, 12.92753], [74.82577, 12.92753], [74.82559, 12.92778], [74.82559, 12.92778], [74.82556, 12.92788], [74.82556, 12.92788], [74.8255, 12.92803], [74.82542, 12.92837], [74.82528, 12.92883], [74.82518, 12.92916], [74.82512, 12.92935], [74.82494, 12.92969], [74.82474, 12.92998], [74.82448, 12.93031], [74.82365, 12.93134], [74.82325, 12.93184], [74.82289, 12.93227], [74.82267, 12.93252], [74.82225, 12.93305], [74.822, 12.93335], [74.82144, 12.93403], [74.82069, 12.93497], [74.82018, 12.93552], [74.81917, 12.93655], [74.81914, 12.93657], [74.81907, 12.93664], [74.81907, 12.93664], [74.8187, 12.93702], [74.81829, 12.9374], [74.81814, 12.93753], [74.81734, 12.93831], [74.81618, 12.93943], [74.81598, 12.93968], [74.81591, 12.93977], [74.81591, 12.93977], [74.8157, 12.94012], [74.81557, 12.94039], [74.81517, 12.9411], [74.81477, 12.94181], [74.81458, 12.94219], [74.81411, 12.94305], [74.81388, 12.9435], [74.81388, 12.9435], [74.81385, 12.94356], [74.81385, 12.94356], [74.81381, 12.94364], [74.81359, 12.94405], [74.81323, 12.94471], [74.81302, 12.94509], [74.81297, 12.94519], [74.81297, 12.94519], [74.81265, 12.94576], [74.81249, 12.94604], [74.81221, 12.94652], [74.81199, 12.9469], [74.81147, 12.94781], [74.81096, 12.94868], [74.81066, 12.94919], [74.81037, 12.94968], [74.81014, 12.95008], [74.80991, 12.95047], [74.80977, 12.95071], [74.80977, 12.95071], [74.80938, 12.95142], [74.80938, 12.95142], [74.80926, 12.95163], [74.80915, 12.95186], [74.80907, 12.95209], [74.809, 12.95233], [74.80889, 12.95277], [74.80879, 12.9532], [74.80865, 12.95389], [74.80847, 12.95479], [74.80842, 12.95502], [74.80842, 12.95502], [74.80835, 12.95541], [74.80829, 12.9557], [74.80826, 12.95582], [74.80826, 12.95582], [74.80817, 12.95621], [74.80809, 12.95655], [74.80805, 12.95673], [74.80805, 12.95673], [74.80804, 12.95675], [74.80802, 12.95687], [74.80802, 12.95687], [74.80798, 12.9571], [74.80797, 12.95714], [74.80792, 12.95738], [74.80784, 12.9578], [74.80781, 12.95797], [74.80781, 12.95797], [74.80778, 12.95818], [74.8077, 12.95863], [74.8077, 12.95863], [74.80762, 12.95908], [74.8075, 12.95962], [74.80741, 12.96006], [74.80731, 12.96045], [74.80725, 12.96083], [74.80718, 12.96112], [74.80712, 12.96135], [74.80712, 12.96135], [74.80694, 12.96181], [74.80673, 12.96236], [74.80652, 12.96292], [74.80649, 12.96299], [74.80642, 12.9632], [74.80635, 12.96355], [74.80626, 12.9639], [74.80621, 12.96425], [74.8062, 12.96432], [74.80616, 12.96464], [74.80611, 12.96491], [74.80611, 12.96491], [74.80607, 12.96521], [74.80606, 12.96532], [74.80598, 12.96585], [74.80592, 12.9662], [74.80592, 12.9662], [74.80589, 12.9664], [74.80579, 12.96674], [74.80566, 12.96709], [74.80548, 12.96751], [74.80536, 12.96781], [74.80531, 12.96798], [74.80531, 12.96798], [74.80528, 12.96805], [74.80508, 12.96852], [74.80494, 12.96898], [74.80484, 12.96939], [74.8048, 12.9696], [74.8048, 12.9696], [74.80477, 12.96978], [74.80468, 12.97019], [74.80464, 12.97064], [74.80462, 12.97076], [74.80462, 12.97076], [74.80458, 12.97104], [74.80453, 12.9714], [74.80448, 12.97189], [74.80448, 12.97189], [74.80446, 12.97203], [74.80446, 12.97203], [74.80446, 12.97205], [74.80443, 12.97227], [74.80443, 12.97227], [74.80435, 12.97287], [74.80435, 12.97287], [74.80433, 12.97304], [74.80419, 12.97363], [74.80409, 12.97392], [74.804, 12.97419], [74.804, 12.97419], [74.80381, 12.97474], [74.80381, 12.97474], [74.80375, 12.9749], [74.80361, 12.97548], [74.80354, 12.97594], [74.80338, 12.97698], [74.80338, 12.977], [74.80338, 12.977], [74.80331, 12.97772], [74.80329, 12.97784], [74.80329, 12.97784], [74.8032, 12.97842], [74.8031, 12.97885], [74.80302, 12.97917], [74.80302, 12.97917], [74.80299, 12.97928], [74.80299, 12.97928], [74.80293, 12.97939], [74.80258, 12.98016], [74.80233, 12.98053], [74.80207, 12.98102], [74.80199, 12.98125], [74.80194, 12.98151], [74.80191, 12.98183], [74.80191, 12.98187], [74.8019, 12.98231], [74.8019, 12.98231], [74.80189, 12.98243], [74.80187, 12.9835], [74.80184, 12.984], [74.80184, 12.984], [74.80183, 12.98423], [74.80182, 12.98435], [74.80181, 12.98453], [74.80178, 12.98495], [74.80166, 12.98544], [74.80166, 12.98544], [74.80162, 12.98565], [74.80155, 12.98587], [74.80139, 12.98634], [74.8013, 12.9866], [74.80123, 12.9868], [74.80123, 12.9868], [74.80122, 12.98685], [74.80114, 12.98709], [74.80089, 12.98784], [74.80087, 12.98788], [74.80087, 12.98788], [74.80084, 12.98799], [74.80051, 12.98893], [74.80045, 12.98912], [74.80045, 12.98912], [74.80039, 12.98932], [74.80039, 12.98932], [74.80036, 12.98939], [74.80028, 12.98964], [74.80028, 12.98964], [74.80021, 12.98982], [74.80021, 12.98982], [74.79991, 12.99059], [74.79987, 12.99068], [74.79987, 12.99068], [74.79974, 12.99103], [74.79973, 12.99106], [74.79965, 12.99141], [74.79948, 12.99214], [74.79941, 12.99245], [74.79929, 12.99298], [74.79928, 12.99304], [74.79921, 12.99336], [74.79901, 12.99429], [74.7989, 12.99476], [74.79873, 12.9955], [74.79861, 12.99606], [74.79861, 12.99606], [74.79848, 12.99661], [74.79839, 12.99704], [74.79823, 12.99779], [74.79819, 12.99796], [74.79816, 12.99808], [74.79813, 12.99819], [74.79808, 12.99832], [74.79803, 12.99843], [74.79793, 12.99861], [74.79777, 12.99884], [74.79759, 12.99908], [74.79737, 12.99934], [74.79711, 12.99956], [74.79686, 12.99978], [74.79645, 13.00012], [74.79645, 13.00012], [74.79631, 13.00024], [74.79615, 13.00041], [74.79606, 13.00055], [74.79597, 13.00071], [74.7959, 13.00084], [74.79568, 13.00134], [74.79554, 13.00163], [74.79536, 13.00202], [74.7952, 13.00237], [74.79501, 13.00275], [74.79478, 13.00323], [74.79457, 13.00365], [74.79428, 13.00422], [74.79422, 13.00436], [74.79422, 13.00436], [74.79404, 13.00475], [74.79387, 13.0051], [74.79387, 13.0051], [74.79378, 13.00527], [74.79346, 13.00591], [74.79333, 13.00616], [74.79323, 13.00638], [74.79313, 13.00661], [74.79305, 13.00682], [74.793, 13.00698], [74.79293, 13.00727], [74.79288, 13.00755], [74.79285, 13.00779], [74.79284, 13.00813], [74.79284, 13.00833], [74.79284, 13.00907], [74.79284, 13.00918], [74.79284, 13.00921], [74.79284, 13.00971], [74.79285, 13.01061], [74.79285, 13.01088], [74.79286, 13.01155], [74.79285, 13.01249], [74.79285, 13.01249], [74.79278, 13.0133], [74.79279, 13.01352], [74.79281, 13.01397], [74.79277, 13.01434], [74.79269, 13.01473], [74.79262, 13.015], [74.79251, 13.01536], [74.79233, 13.01585], [74.79233, 13.01585], [74.79216, 13.01624], [74.79214, 13.01632], [74.7921, 13.01641], [74.79193, 13.01691], [74.79185, 13.01712], [74.79167, 13.01757], [74.79117, 13.01889], [74.79087, 13.01967], [74.79086, 13.01971], [74.79064, 13.0203], [74.79053, 13.02066], [74.79047, 13.02094], [74.79043, 13.02124], [74.79041, 13.02166], [74.79041, 13.02181], [74.79042, 13.02194], [74.79045, 13.02218], [74.79052, 13.02251], [74.79055, 13.02263], [74.79055, 13.02263], [74.79067, 13.02303], [74.79085, 13.02366], [74.79096, 13.02411], [74.79104, 13.02446], [74.7911, 13.02488], [74.79119, 13.02551], [74.79126, 13.026], [74.79134, 13.02634], [74.79149, 13.02685], [74.79153, 13.02696], [74.79153, 13.02696], [74.79165, 13.02722], [74.79165, 13.02722], [74.79171, 13.02735], [74.79204, 13.02812], [74.79225, 13.02878], [74.79235, 13.02916], [74.79242, 13.02952], [74.79242, 13.02952], [74.79251, 13.03002], [74.79259, 13.03042], [74.7927, 13.03102], [74.79284, 13.03177], [74.79307, 13.03306], [74.79316, 13.03353], [74.79316, 13.03353], [74.79334, 13.03454], [74.79351, 13.03547], [74.79358, 13.03573], [74.79369, 13.03609], [74.79369, 13.03609], [74.79374, 13.03623], [74.79385, 13.0365], [74.79406, 13.03698], [74.79418, 13.03719], [74.79418, 13.03719], [74.79426, 13.03734], [74.79463, 13.03796], [74.79476, 13.03817], [74.79476, 13.03817], [74.79525, 13.03898], [74.7957, 13.03971], [74.79617, 13.04046], [74.79665, 13.04125], [74.79698, 13.0418], [74.79724, 13.04225], [74.79744, 13.04269], [74.79755, 13.04302], [74.79759, 13.04323], [74.79765, 13.04367], [74.79764, 13.04432], [74.79763, 13.04463], [74.79758, 13.04533], [74.79756, 13.04569], [74.79756, 13.04569], [74.79752, 13.04617], [74.79749, 13.04679], [74.79737, 13.04851], [74.79729, 13.0497], [74.79724, 13.05054], [74.7972, 13.05106], [74.79714, 13.05208], [74.79713, 13.05224], [74.79711, 13.05241], [74.7971, 13.05254], [74.79708, 13.05292], [74.79707, 13.05308], [74.79707, 13.05308], [74.79701, 13.05401], [74.797, 13.05488], [74.797, 13.05572], [74.797, 13.05572], [74.79701, 13.05581], [74.79701, 13.05584], [74.79701, 13.05587], [74.79701, 13.05587], [74.79705, 13.05627], [74.79714, 13.05759], [74.79718, 13.05829], [74.79721, 13.05855], [74.79725, 13.05946], [74.79726, 13.0601], [74.79727, 13.06022], [74.79728, 13.0604], [74.79737, 13.06096], [74.79745, 13.06121], [74.79778, 13.06203], [74.798, 13.06266], [74.79814, 13.06319], [74.79818, 13.06359], [74.79816, 13.06411], [74.79812, 13.06447], [74.79809, 13.0647], [74.79802, 13.06505], [74.79778, 13.06563], [74.79752, 13.0662], [74.79719, 13.06692], [74.79708, 13.06719], [74.79699, 13.0675], [74.79692, 13.06775], [74.79687, 13.068], [74.79678, 13.06882], [74.7967, 13.06931], [74.79661, 13.06969], [74.7963, 13.07046], [74.79613, 13.07076], [74.79563, 13.07166], [74.79485, 13.07308], [74.79414, 13.07417], [74.79403, 13.07437], [74.79339, 13.07574], [74.79295, 13.07662], [74.79295, 13.07662], [74.79305, 13.07668], [74.79305, 13.07668], [74.79307, 13.07707], [74.79322, 13.07899], [74.79344, 13.08038], [74.79345, 13.08058], [74.79345, 13.08058], [74.79346, 13.08078], [74.79338, 13.08113], [74.79327, 13.08156], [74.79327, 13.08178], [74.79335, 13.08211], [74.79343, 13.08227], [74.79343, 13.08227], [74.79348, 13.08236], [74.79368, 13.08284], [74.79368, 13.08284], [74.79371, 13.08292], [74.79385, 13.08362], [74.79385, 13.08362], [74.79392, 13.08397], [74.79394, 13.08407], [74.79394, 13.08407], [74.79402, 13.08453], [74.79415, 13.08502], [74.79425, 13.08537], [74.79432, 13.08571], [74.79432, 13.08571], [74.7943, 13.08572], [74.79429, 13.08573], [74.79428, 13.08575], [74.79429, 13.08578], [74.7943, 13.08579], [74.7943, 13.08579], [74.79432, 13.08581], [74.79433, 13.08581], [74.79433, 13.08581], [74.79436, 13.08581], [74.79438, 13.0858], [74.79439, 13.08579], [74.7944, 13.08577], [74.7944, 13.08576], [74.7944, 13.08576], [74.79448, 13.08576], [74.79459, 13.08576], [74.79499, 13.08567], [74.79499, 13.08567], [74.79508, 13.08632], [74.79522, 13.08691], [74.79528, 13.08716], [74.79533, 13.08722], [74.79533, 13.08722], [74.79538, 13.08727], [74.79559, 13.08743], [74.79585, 13.08767], [74.79594, 13.08799], [74.79606, 13.08827], [74.79606, 13.08827], [74.79618, 13.08835], [74.79635, 13.08841], [74.79669, 13.08865], [74.79687, 13.08892], [74.79687, 13.08892], [74.79689, 13.08895], [74.79718, 13.08931], [74.79718, 13.08931], [74.79742, 13.08967], [74.79752, 13.08991], [74.79756, 13.0901], [74.79756, 13.0901], [74.79756, 13.09013], [74.79756, 13.09013], [74.79755, 13.09018], [74.79746, 13.09037], [74.79746, 13.09037], [74.79727, 13.09079], [74.79707, 13.09107], [74.79699, 13.09126], [74.79693, 13.09142], [74.79693, 13.09142], [74.79689, 13.09156], [74.79687, 13.09183], [74.79687, 13.09183], [74.79664, 13.09216], [74.79664, 13.09216], [74.79636, 13.0921], [74.79593, 13.09202], [74.79593, 13.09202], [74.79575, 13.09198], [74.79575, 13.09198], [74.79535, 13.09191], [74.79466, 13.09171], [74.79466, 13.09171], [74.79455, 13.09168], [74.79451, 13.09167], [74.79451, 13.09167], [74.79414, 13.09156], [74.79361, 13.09137]]}}, {"type": "Feature", "properties": {"kind": "aware", "hospital": "wenlock", "incident": "mulki", "minutes": 92.6, "mean_exposure": 0.09, "max_exposure": 0.58}, "geometry": {"type": "LineString", "coordinates": [[74.84269, 12.86774], [74.84268, 12.86779], [74.84268, 12.86779], [74.84275, 12.86779], [74.84319, 12.86777], [74.84319, 12.86777], [74.8435, 12.86778], [74.84413, 12.86783], [74.84434, 12.86783], [74.84434, 12.86783], [74.84442, 12.86783], [74.8445, 12.86783], [74.84488, 12.86783], [74.8455, 12.86783], [74.84585, 12.86783], [74.84615, 12.86784], [74.84664, 12.86788], [74.84715, 12.86794], [74.84715, 12.86794], [74.84743, 12.86795], [74.84743, 12.86795], [74.84755, 12.86794], [74.84755, 12.86794], [74.84757, 12.86821], [74.84758, 12.86832], [74.84764, 12.86842], [74.84789, 12.86882], [74.84848, 12.86977], [74.8486, 12.86997], [74.8486, 12.86997], [74.84866, 12.87008], [74.84866, 12.87008], [74.84883, 12.87039], [74.849, 12.87077], [74.84905, 12.87092], [74.84905, 12.87092], [74.84909, 12.8711], [74.84926, 12.87152], [74.84928, 12.87175], [74.84925, 12.87204], [74.84912, 12.87247], [74.84912, 12.87247], [74.84906, 12.87259], [74.84906, 12.87259], [74.84878, 12.8725], [74.84878, 12.8725], [74.84866, 12.87247], [74.84866, 12.87247], [74.84862, 12.87253], [74.84857, 12.87259], [74.84857, 12.87259], [74.84873, 12.87262], [74.84873, 12.87262], [74.84897, 12.87266], [74.84956, 12.87289], [74.84989, 12.873], [74.85029, 12.87311], [74.85067, 12.87319], [74.85106, 12.87328], [74.85148, 12.87337], [74.85148, 12.87337], [74.85154, 12.87338], [74.85154, 12.87338], [74.85179, 12.87344], [74.85212, 12.87346], [74.85212, 12.87346], [74.85233, 12.8736], [74.85233, 12.8736], [74.85247, 12.87366], [74.85307, 12.8739], [74.85379, 12.87425], [74.85379, 12.87425], [74.85388, 12.87432], [74.85402, 12.87439], [74.8543, 12.87454], [74.8543, 12.87454], [74.85462, 12.87471], [74.85467, 12.87473], [74.85467, 12.87473], [74.85477, 12.87479], [74.85553, 12.87522], [74.85583, 12.87538], [74.85597, 12.87541], [74.85597, 12.87541], [74.85601, 12.87551], [74.85643, 12.87611], [74.85661, 12.87642], [74.85683, 12.87678], [74.857, 12.87724], [74.857, 12.87724], [74.85713, 12.87764], [74.85726, 12.87785], [74.85726, 12.87785], [74.85734, 12.87795], [74.85734, 12.87795], [74.85766, 12.87842], [74.85838, 12.87928], [74.85861, 12.87947], [74.85863, 12.87951], [74.85863, 12.87951], [74.85866, 12.87956], [74.85887, 12.87993], [74.85903, 12.88023], [74.85913, 12.88045], [74.85913, 12.88045], [74.85908, 12.88051], [74.85908, 12.88051], [74.85917, 12.88056], [74.8592, 12.88058], [74.8592, 12.88058], [74.85962, 12.88098], [74.85974, 12.88107], [74.85974, 12.88107], [74.85991, 12.88119], [74.86021, 12.88136], [74.86047, 12.88147], [74.86075, 12.88154], [74.86081, 12.88154], [74.86081, 12.88154], [74.86105, 12.88154], [74.86113, 12.88152], [74.86113, 12.88152], [74.86135, 12.88144], [74.86165, 12.88128], [74.86165, 12.88128], [74.86199, 12.88113], [74.86217, 12.88106], [74.86236, 12.881], [74.86249, 12.88101], [74.86262, 12.88107], [74.86262, 12.88107], [74.86275, 12.88122], [74.86291, 12.88154], [74.86309, 12.88197], [74.86317, 12.88217], [74.86317, 12.88217], [74.86326, 12.88241], [74.8634, 12.88307], [74.86347, 12.88337], [74.86354, 12.88368], [74.86354, 12.88368], [74.86356, 12.88373], [74.86357, 12.88384], [74.86357, 12.88384], [74.86357, 12.88387], [74.86358, 12.88391], [74.86358, 12.88391], [74.8636, 12.88395], [74.86364, 12.88398], [74.86369, 12.884], [74.86374, 12.884], [74.86378, 12.88399], [74.86378, 12.88399], [74.86383, 12.88396], [74.86386, 12.88392], [74.86386, 12.88392], [74.864, 12.88396], [74.8642, 12.88406], [74.86495, 12.88456], [74.86529, 12.88471], [74.86549, 12.88478], [74.86549, 12.88478], [74.86588, 12.88487], [74.86614, 12.88492], [74.86635, 12.88494], [74.86635, 12.88494], [74.86656, 12.88494], [74.86668, 12.88494], [74.86668, 12.88494], [74.86683, 12.88494], [74.86706, 12.88492], [74.86726, 12.88489], [74.86726, 12.88489], [74.86737, 12.88486], [74.86747, 12.88484], [74.86767, 12.88478], [74.86792, 12.88468], [74.86795, 12.88467], [74.86795, 12.88467], [74.86835, 12.88445], [74.8689, 12.88426], [74.86918, 12.88415], [74.86918, 12.88415], [74.86944, 12.88405], [74.87029, 12.88378], [74.87029, 12.88378], [74.87066, 12.88366], [74.87146, 12.88345], [74.87228, 12.88322], [74.87324, 12.88296], [74.87396, 12.88275], [74.87464, 12.88256], [74.87533, 12.88237], [74.87608, 12.88216], [74.87654, 12.88204], [74.87654, 12.88204], [74.87699, 12.88187], [74.87739, 12.88165], [74.87823, 12.88119], [74.87831, 12.88115], [74.8792, 12.88066], [74.87938, 12.88053], [74.87938, 12.88053], [74.87946, 12.88045], [74.8798, 12.88009], [74.88006, 12.8798], [74.88018, 12.87959], [74.88023, 12.8794], [74.88034, 12.87896], [74.88036, 12.8789], [74.88036, 12.8789], [74.88041, 12.87901], [74.88071, 12.87928], [74.88125, 12.87968], [74.88249, 12.8806], [74.88254, 12.88064], [74.88254, 12.88064], [74.88254, 12.88074], [74.88267, 12.88245], [74.88267, 12.88245], [74.88288, 12.88246], [74.88318, 12.88244], [74.88338, 12.88243], [74.88363, 12.8824], [74.88378, 12.88238], [74.88389, 12.88236], [74.88389, 12.88236], [74.88422, 12.88233], [74.88429, 12.88237], [74.88429, 12.88237], [74.8846, 12.88247], [74.88505, 12.88259], [74.88506, 12.88301], [74.88506, 12.88301], [74.88512, 12.88302], [74.88526, 12.88307], [74.88555, 12.88323], [74.88555, 12.88323], [74.88566, 12.88329], [74.88592, 12.88346], [74.88592, 12.88346], [74.88594, 12.88347], [74.88617, 12.88371], [74.88617, 12.88371], [74.88632, 12.88361], [74.88644, 12.88352], [74.8865, 12.88347], [74.8865, 12.88347], [74.88683, 12.88335], [74.88694, 12.88336], [74.88694, 12.88336], [74.887, 12.88336], [74.88724, 12.88342], [74.88726, 12.88345], [74.88733, 12.88346], [74.88761, 12.88353], [74.88764, 12.88354], [74.88764, 12.88354], [74.88771, 12.88354], [74.88786, 12.88356], [74.88798, 12.88356], [74.88807, 12.88353], [74.88812, 12.8835], [74.88814, 12.88343], [74.88817, 12.88328], [74.88822, 12.88313], [74.88834, 12.88294], [74.88853, 12.8828], [74.88872, 12.88268], [74.8889, 12.88254], [74.889, 12.88254], [74.889, 12.88254], [74.8891, 12.88254], [74.88921, 12.88253], [74.88921, 12.88253], [74.88925, 12.88252], [74.8894, 12.88251], [74.88952, 12.88246], [74.88963, 12.88237], [74.88966, 12.8823], [74.88966, 12.8823], [74.88968, 12.88228], [74.8897, 12.88218], [74.88973, 12.88201], [74.88976, 12.88191], [74.88982, 12.88182], [74.8899, 12.88175], [74.88996, 12.8817], [74.89005, 12.88167], [74.89011, 12.88167], [74.89016, 12.88164], [74.89021, 12.88157], [74.8903, 12.88142], [74.89041, 12.8812], [74.89056, 12.88101], [74.89073, 12.88087], [74.89085, 12.88076], [74.89099, 12.88063], [74.89126, 12.88039], [74.89151, 12.88032], [74.89192, 12.88025], [74.89251, 12.88013], [74.89312, 12.87996], [74.8936, 12.87985], [74.8936, 12.87985], [74.89365, 12.87984], [74.89394, 12.87989], [74.89444, 12.88008], [74.8946, 12.88019], [74.89486, 12.88054], [74.89515, 12.88086], [74.89526, 12.88095], [74.8954, 12.88101], [74.89553, 12.88102], [74.89562, 12.881], [74.89571, 12.881], [74.89579, 12.88103], [74.89598, 12.88126], [74.89618, 12.88143], [74.8964, 12.88158], [74.8966, 12.88166], [74.89679, 12.88164], [74.897, 12.88152], [74.89713, 12.88142], [74.89721, 12.88138], [74.89721, 12.88138], [74.89726, 12.88142], [74.89731, 12.88149], [74.89732, 12.88158], [74.89729, 12.88163], [74.89711, 12.88174], [74.89666, 12.88201], [74.89624, 12.88217], [74.89616, 12.88225], [74.8962, 12.88235], [74.89628, 12.88294], [74.89629, 12.88304], [74.89633, 12.88323], [74.89633, 12.88323], [74.89637, 12.88342], [74.89638, 12.88353], [74.89638, 12.88353], [74.8964, 12.88372], [74.8964, 12.88372], [74.89641, 12.88377], [74.89646, 12.88392], [74.8965, 12.88401], [74.8965, 12.88401], [74.89657, 12.88416], [74.89664, 12.88428], [74.8967, 12.88438], [74.89693, 12.88463], [74.89716, 12.88486], [74.89729, 12.88503], [74.89729, 12.88503], [74.8974, 12.88515], [74.89742, 12.88522], [74.89743, 12.88532], [74.89744, 12.88539], [74.89744, 12.88539], [74.89744, 12.88551], [74.89746, 12.88563], [74.89746, 12.88563], [74.8975, 12.88574], [74.8976, 12.88599], [74.89776, 12.88639], [74.89783, 12.88658], [74.89789, 12.88671], [74.89803, 12.88684], [74.89844, 12.88715], [74.89847, 12.88717], [74.89848, 12.88722], [74.89847, 12.88728], [74.89837, 12.88742], [74.8983, 12.8876], [74.89825, 12.88774], [74.89814, 12.88793], [74.89805, 12.8881], [74.89797, 12.8883], [74.89804, 12.88852], [74.89823, 12.88888], [74.89833, 12.88912], [74.89835, 12.88925], [74.8983, 12.88936], [74.89818, 12.88944], [74.8979, 12.88946], [74.89781, 12.8895], [74.89768, 12.88966], [74.89729, 12.89042], [74.89697, 12.89089], [74.89697, 12.89089], [74.89694, 12.89113], [74.8969, 12.89135], [74.89686, 12.89158], [74.89686, 12.89158], [74.89675, 12.89168], [74.89638, 12.89218], [74.89622, 12.89232], [74.89614, 12.89248], [74.89611, 12.89271], [74.89601, 12.89302], [74.89575, 12.89342], [74.89575, 12.89342], [74.896, 12.89345], [74.89623, 12.89349], [74.89623, 12.89349], [74.8965, 12.89352], [74.89682, 12.89361], [74.89701, 12.89366], [74.89712, 12.89364], [74.89755, 12.89335], [74.8979, 12.89329], [74.89818, 12.89329], [74.89865, 12.89343], [74.89888, 12.8935], [74.89907, 12.89356], [74.8992, 12.89364], [74.89935, 12.89376], [74.89947, 12.89385], [74.89959, 12.89395], [74.89977, 12.89402], [74.90022, 12.89415], [74.90065, 12.89427], [74.90112, 12.89438], [74.90164, 12.89443], [74.90192, 12.89447], [74.90251, 12.8946], [74.90251, 12.8946], [74.90273, 12.89458], [74.90336, 12.89447], [74.90405, 12.89436], [74.90481, 12.89426], [74.90559, 12.89416], [74.9058, 12.89416], [74.906, 12.89424], [74.90616, 12.8944], [74.90628, 12.89457], [74.90628, 12.89457], [74.90634, 12.89474], [74.90642, 12.89487], [74.90653, 12.89508], [74.90664, 12.89514], [74.90676, 12.89524], [74.90693, 12.89528], [74.90716, 12.89529], [74.90734, 12.89528], [74.90751, 12.89535], [74.90763, 12.89545], [74.90775, 12.89548], [74.90788, 12.89547], [74.90802, 12.8954], [74.90832, 12.89511], [74.90848, 12.89499], [74.90878, 12.89479], [74.90929, 12.89448], [74.90939, 12.89438], [74.90951, 12.89405], [74.90961, 12.89376], [74.90961, 12.89376], [74.90977, 12.89327], [74.90988, 12.89293], [74.90988, 12.89293], [74.90993, 12.89275], [74.91001, 12.89255], [74.91013, 12.89226], [74.91018, 12.89207], [74.91029, 12.89184], [74.91039, 12.89159], [74.91043, 12.89155], [74.91043, 12.89155], [74.91053, 12.89144], [74.91075, 12.89133], [74.91105, 12.89127], [74.91134, 12.89118], [74.91169, 12.89114], [74.91187, 12.8911], [74.91199, 12.8911], [74.91209, 12.89115], [74.91218, 12.89126], [74.9123, 12.89145], [74.91248, 12.89159], [74.9127, 12.89177], [74.91286, 12.89184], [74.91305, 12.89185], [74.9132, 12.89183], [74.91335, 12.89184], [74.91353, 12.89189], [74.91366, 12.89195], [74.91375, 12.89195], [74.91385, 12.89195], [74.91403, 12.89189], [74.91419, 12.8919], [74.91433, 12.8919], [74.9144, 12.89188], [74.91445, 12.89184], [74.91448, 12.89179], [74.91456, 12.89161], [74.9147, 12.89148], [74.9149, 12.8914], [74.9151, 12.89138], [74.91524, 12.89145], [74.91533, 12.89154], [74.91533, 12.89154], [74.9155, 12.89164], [74.9157, 12.89174], [74.9159, 12.89176], [74.91605, 12.89176], [74.91628, 12.89173], [74.91648, 12.89173], [74.91668, 12.89177], [74.91679, 12.89183], [74.91692, 12.89184], [74.91699, 12.8918], [74.91706, 12.89171], [74.91709, 12.8916], [74.91708, 12.8914], [74.91708, 12.89135], [74.91708, 12.89135], [74.91711, 12.89132], [74.91714, 12.8913], [74.9172, 12.89131], [74.91732, 12.89137], [74.91743, 12.89143], [74.91754, 12.89154], [74.91762, 12.89168], [74.91769, 12.89173], [74.91783, 12.89177], [74.91807, 12.89185], [74.91821, 12.89189], [74.91838, 12.89193], [74.91846, 12.89193], [74.9186, 12.89188], [74.91872, 12.89182], [74.91896, 12.89173], [74.91919, 12.89165], [74.91934, 12.89159], [74.91945, 12.89155], [74.91954, 12.89154], [74.9196, 12.89157], [74.91966, 12.89161], [74.91969, 12.89169], [74.9197, 12.89175], [74.91969, 12.89192], [74.91964, 12.8921], [74.9196, 12.89228], [74.91958, 12.8924], [74.91959, 12.89252], [74.91965, 12.89258], [74.91987, 12.8927], [74.92007, 12.89279], [74.92026, 12.89285], [74.92045, 12.89285], [74.92057, 12.8928], [74.92072, 12.89272], [74.92087, 12.89264], [74.92114, 12.89259], [74.9213, 12.89259], [74.92143, 12.89257], [74.92162, 12.89231], [74.92179, 12.89216], [74.92179, 12.89216], [74.92197, 12.8921], [74.9222, 12.89211], [74.92235, 12.89219], [74.92254, 12.89232], [74.92267, 12.8924], [74.92278, 12.89247], [74.92284, 12.8925], [74.9229, 12.89258], [74.92299, 12.89266], [74.92307, 12.89271], [74.92316, 12.89271], [74.92343, 12.89266], [74.92356, 12.89267], [74.9238, 12.89274], [74.92393, 12.89275], [74.92408, 12.89275], [74.92424, 12.89272], [74.92446, 12.89267], [74.92481, 12.8926], [74.92504, 12.89254], [74.92507, 12.89254], [74.92507, 12.89254], [74.92522, 12.89255], [74.92536, 12.89257], [74.92546, 12.89264], [74.9257, 12.8928], [74.92583, 12.89292], [74.92583, 12.89292], [74.9259, 12.89298], [74.92625, 12.89316], [74.9265, 12.89325], [74.92704, 12.89344], [74.9273, 12.89351], [74.92746, 12.89355], [74.92774, 12.89352], [74.92796, 12.89355], [74.92803, 12.89363], [74.92803, 12.89363], [74.92805, 12.89372], [74.92802, 12.89391], [74.92802, 12.89408], [74.9281, 12.89425], [74.92835, 12.89444], [74.92841, 12.89453], [74.92849, 12.89462], [74.92862, 12.89478], [74.92865, 12.89489], [74.92864, 12.895], [74.92861, 12.89511], [74.92856, 12.89519], [74.9285, 12.8953], [74.92842, 12.89539], [74.92828, 12.89547], [74.92815, 12.89558], [74.92806, 12.89567], [74.92803, 12.89572], [74.92802, 12.89579], [74.92802, 12.89591], [74.92808, 12.89603], [74.92814, 12.8962], [74.92816, 12.89637], [74.9281, 12.89658], [74.92813, 12.89677], [74.92813, 12.89677], [74.92816, 12.89697], [74.92848, 12.89724], [74.92893, 12.89761], [74.92937, 12.89784], [74.92991, 12.89804], [74.9305, 12.89823], [74.9307, 12.89823], [74.93096, 12.89816], [74.93117, 12.89817], [74.93136, 12.89826], [74.93151, 12.89843], [74.93163, 12.89868], [74.93176, 12.89887], [74.93193, 12.899], [74.93225, 12.89911], [74.93264, 12.8992], [74.93287, 12.89925], [74.93318, 12.8993], [74.93338, 12.89928], [74.93352, 12.89928], [74.93352, 12.89928], [74.93364, 12.89937], [74.93378, 12.89949], [74.93392, 12.89961], [74.93419, 12.89972], [74.93435, 12.89984], [74.93439, 12.89992], [74.93438, 12.89998], [74.93434, 12.90004], [74.93418, 12.90011], [74.93404, 12.90022], [74.93396, 12.90039], [74.93392, 12.90064], [74.93388, 12.90096], [74.93394, 12.90114], [74.93406, 12.90136], [74.93425, 12.90158], [74.93456, 12.90175], [74.93484, 12.90175], [74.93496, 12.90164], [74.93513, 12.90139], [74.93537, 12.90128], [74.93557, 12.9012], [74.93569, 12.9011], [74.93582, 12.90109], [74.93593, 12.90114], [74.93597, 12.90126], [74.93596, 12.90147], [74.93599, 12.90173], [74.93612, 12.90232], [74.93624, 12.90271], [74.93636, 12.9029], [74.93655, 12.903], [74.93687, 12.90296], [74.93704, 12.90284], [74.93731, 12.90275], [74.93758, 12.90271], [74.93807, 12.90273], [74.9383, 12.90277], [74.9383, 12.90277], [74.93847, 12.9028], [74.93904, 12.90289], [74.93951, 12.90296], [74.9399, 12.9031], [74.94034, 12.90323], [74.94084, 12.90364], [74.94165, 12.90441], [74.94219, 12.90585], [74.94249, 12.90676], [74.94243, 12.90693], [74.94222, 12.90708], [74.94205, 12.90719], [74.94193, 12.90723], [74.94182, 12.9072], [74.94143, 12.90716], [74.94138, 12.90715], [74.94133, 12.90712], [74.94129, 12.90704], [74.94124, 12.90689], [74.9411, 12.90679], [74.9409, 12.90676], [74.94076, 12.90679], [74.94062, 12.90691], [74.94058, 12.90705], [74.94058, 12.90731], [74.94059, 12.90763], [74.94066, 12.90776], [74.94088, 12.90794], [74.94099, 12.9081], [74.94098, 12.90826], [74.94091, 12.90853], [74.9409, 12.90884], [74.94099, 12.90913], [74.94101, 12.90939], [74.94106, 12.90953], [74.94106, 12.90953], [74.94132, 12.90905], [74.94139, 12.90898], [74.94139, 12.90898], [74.9415, 12.90885], [74.9419, 12.90855], [74.94298, 12.90781], [74.94407, 12.90719], [74.94653, 12.90566], [74.94739, 12.90511], [74.94755, 12.90508], [74.94763, 12.9051], [74.9478, 12.90514], [74.94822, 12.9052], [74.94855, 12.90515], [74.94855, 12.90515], [74.94876, 12.90512], [74.94916, 12.90501], [74.94934, 12.9049], [74.94944, 12.90482], [74.94954, 12.90479], [74.94961, 12.90478], [74.94961, 12.90478], [74.94971, 12.90481], [74.94973, 12.90481], [74.94973, 12.90481], [74.94996, 12.90488], [74.95018, 12.90497], [74.95021, 12.90498], [74.95021, 12.90498], [74.95038, 12.90508], [74.95038, 12.90508], [74.95051, 12.90519], [74.95051, 12.90519], [74.95065, 12.90536], [74.95065, 12.90536], [74.95076, 12.90551], [74.95076, 12.90551], [74.95084, 12.90562], [74.95089, 12.90569], [74.95089, 12.90569], [74.951, 12.90586], [74.951, 12.90586], [74.95111, 12.90602], [74.95111, 12.90602], [74.95123, 12.9062], [74.95123, 12.9062], [74.95133, 12.90635], [74.95133, 12.90635], [74.95144, 12.90652], [74.95144, 12.90652], [74.95155, 12.90668], [74.95155, 12.90668], [74.95166, 12.90684], [74.95188, 12.907], [74.95202, 12.90705], [74.95217, 12.90709], [74.95237, 12.90708], [74.95237, 12.90708], [74.95249, 12.90704], [74.95249, 12.90704], [74.95282, 12.90692], [74.95344, 12.90674], [74.95357, 12.90674], [74.95368, 12.90679], [74.95373, 12.90689], [74.95379, 12.90704], [74.95386, 12.90712], [74.95392, 12.90714], [74.95402, 12.90716], [74.9541, 12.90717], [74.9541, 12.90717], [74.95414, 12.90718], [74.95442, 12.90709], [74.95482, 12.90691], [74.95511, 12.90665], [74.95519, 12.90651], [74.95519, 12.90629], [74.95519, 12.90617], [74.95519, 12.90617], [74.95518, 12.90602], [74.95513, 12.90569], [74.95515, 12.90556], [74.95519, 12.90546], [74.95529, 12.90539], [74.95537, 12.90537], [74.95545, 12.90538], [74.95553, 12.90541], [74.95559, 12.9054], [74.95565, 12.9054], [74.95576, 12.90537], [74.95586, 12.90518], [74.95595, 12.90488], [74.95605, 12.90478], [74.95615, 12.90472], [74.95615, 12.90472], [74.9562, 12.9047], [74.95642, 12.90464], [74.95719, 12.90425], [74.95786, 12.90387], [74.9581, 12.90375], [74.9581, 12.90375], [74.95839, 12.90361], [74.95862, 12.90352], [74.9588, 12.90353], [74.95897, 12.90355], [74.95912, 12.90364], [74.95926, 12.90369], [74.95926, 12.90369], [74.95931, 12.90371], [74.95931, 12.90371], [74.95935, 12.90372], [74.95944, 12.90371], [74.95957, 12.90365], [74.95961, 12.90352], [74.95957, 12.90331], [74.95955, 12.90315], [74.95965, 12.90283], [74.95969, 12.90274], [74.95975, 12.90268], [74.9598, 12.90264], [74.95988, 12.90261], [74.96029, 12.90252], [74.96052, 12.90254], [74.96068, 12.9026], [74.96142, 12.9028], [74.96166, 12.90286], [74.96175, 12.90291], [74.96177, 12.90294], [74.96177, 12.90294], [74.96187, 12.90306], [74.96211, 12.90336], [74.96224, 12.90343], [74.96236, 12.90349], [74.96246, 12.90355], [74.9626, 12.90361], [74.96265, 12.90368], [74.96266, 12.90376], [74.96264, 12.90386], [74.96248, 12.90415], [74.96243, 12.90429], [74.96242, 12.90452], [74.96243, 12.90488], [74.96254, 12.90525], [74.96258, 12.90554], [74.9628, 12.90602], [74.96293, 12.90666], [74.96298, 12.90688], [74.96302, 12.90695], [74.96307, 12.90701], [74.96307, 12.90701], [74.96314, 12.90705], [74.96323, 12.90708], [74.96341, 12.9071], [74.9637, 12.90712], [74.96414, 12.90714], [74.96426, 12.90717], [74.96443, 12.90724], [74.96478, 12.90737], [74.96488, 12.90738], [74.96504, 12.90738], [74.96522, 12.90735], [74.96549, 12.90727], [74.96563, 12.90717], [74.96581, 12.90695], [74.96585, 12.90684], [74.9659, 12.90678], [74.96598, 12.90675], [74.96618, 12.90674], [74.96627, 12.90669], [74.96627, 12.90669], [74.96634, 12.90666], [74.96656, 12.90642], [74.96678, 12.90622], [74.96688, 12.90612], [74.96703, 12.9059], [74.96721, 12.90558], [74.96732, 12.90542], [74.96734, 12.90526], [74.96726, 12.905], [74.96725, 12.90487], [74.9673, 12.90471], [74.96744, 12.90457], [74.96759, 12.90445], [74.96773, 12.90433], [74.9679, 12.90411], [74.96817, 12.90363], [74.96826, 12.90357], [74.96839, 12.90351], [74.9685, 12.90343], [74.9687, 12.90323], [74.96878, 12.90313], [74.96892, 12.90304], [74.96917, 12.90298], [74.96938, 12.90291], [74.96952, 12.90287], [74.96961, 12.9029], [74.96961, 12.9029], [74.96968, 12.903], [74.96975, 12.90307], [74.96985, 12.90307], [74.96998, 12.90301], [74.97009, 12.90294], [74.97029, 12.90288], [74.97053, 12.90285], [74.97067, 12.90282], [74.97087, 12.90273], [74.97099, 12.90269], [74.97109, 12.90269], [74.97129, 12.90271], [74.97137, 12.90275], [74.97153, 12.90289], [74.97162, 12.90297], [74.97174, 12.90305], [74.97185, 12.90309], [74.972, 12.90309], [74.97211, 12.9031], [74.97216, 12.90316], [74.97224, 12.90327], [74.97229, 12.90346], [74.97231, 12.90362], [74.97227, 12.90383], [74.97223, 12.90394], [74.97225, 12.90403], [74.97232, 12.90405], [74.97241, 12.90398], [74.97252, 12.90379], [74.97261, 12.90337], [74.97261, 12.90292], [74.97257, 12.90267], [74.97251, 12.90253], [74.97243, 12.90239], [74.97243, 12.90227], [74.97254, 12.90227], [74.97293, 12.90246], [74.9731, 12.90255], [74.9731, 12.90255], [74.97324, 12.90265], [74.97375, 12.90362], [74.97384, 12.90377], [74.97399, 12.90391], [74.97413, 12.90399], [74.97427, 12.90412], [74.97479, 12.90476], [74.97514, 12.90514], [74.97536, 12.90537], [74.97536, 12.90537], [74.97552, 12.90543], [74.97572, 12.90544], [74.97612, 12.90541], [74.97648, 12.9053], [74.97696, 12.90517], [74.97734, 12.90501], [74.97775, 12.90482], [74.97819, 12.90464], [74.97845, 12.9045], [74.97874, 12.90441], [74.97912, 12.90437], [74.97945, 12.90431], [74.98019, 12.90423], [74.98083, 12.90419], [74.98177, 12.90411], [74.98223, 12.90408], [74.98253, 12.90406], [74.98278, 12.90406], [74.98301, 12.90411], [74.98314, 12.90414], [74.98352, 12.90429], [74.98393, 12.90445], [74.98393, 12.90445], [74.98401, 12.90448], [74.98417, 12.90453], [74.98417, 12.90453], [74.9843, 12.90457], [74.98475, 12.90472], [74.98475, 12.90472], [74.98485, 12.90475], [74.98513, 12.90483], [74.98513, 12.90483], [74.98517, 12.90485], [74.98517, 12.90485], [74.98558, 12.90497], [74.98558, 12.90497], [74.98589, 12.90506], [74.98598, 12.90507], [74.98598, 12.90507], [74.9863, 12.90511], [74.98673, 12.9051], [74.98686, 12.90509], [74.98686, 12.90509], [74.9872, 12.90507], [74.98748, 12.90513], [74.98748, 12.90513], [74.98789, 12.90549], [74.98827, 12.90573], [74.98864, 12.90594], [74.98907, 12.9062], [74.99019, 12.90688], [74.99063, 12.90712], [74.99089, 12.90726], [74.99134, 12.90755], [74.99169, 12.90773], [74.99174, 12.90777], [74.99176, 12.90781], [74.9918, 12.90787], [74.99183, 12.90794], [74.99186, 12.90796], [74.99188, 12.90797], [74.99191, 12.90798], [74.99191, 12.90798], [74.99192, 12.908], [74.99199, 12.90809], [74.9921, 12.90815], [74.9925, 12.90831], [74.99261, 12.90838], [74.99268, 12.90848], [74.99271, 12.90861], [74.9928, 12.90921], [74.99285, 12.90954], [74.99293, 12.90976], [74.99305, 12.91013], [74.99306, 12.91026], [74.99306, 12.91041], [74.99303, 12.91063], [74.99294, 12.91085], [74.99293, 12.91094], [74.99294, 12.91103], [74.99303, 12.91123], [74.99305, 12.91135], [74.99306, 12.9115], [74.99316, 12.91186], [74.99316, 12.91186], [74.99356, 12.91191], [74.99384, 12.91192], [74.99394, 12.91189], [74.99402, 12.91185], [74.9941, 12.91179], [74.99431, 12.91157], [74.99456, 12.91135], [74.9946, 12.91133], [74.99466, 12.9113], [74.99493, 12.91128], [74.99498, 12.91128], [74.99505, 12.9113], [74.99509, 12.91133], [74.99515, 12.91139], [74.99518, 12.91143], [74.99518, 12.9115], [74.99518, 12.91155], [74.99518, 12.91162], [74.99515, 12.91192], [74.99514, 12.91215], [74.99515, 12.91233], [74.99516, 12.91237], [74.99522, 12.91244], [74.99534, 12.91252], [74.99545, 12.91256], [74.99588, 12.91254], [74.99596, 12.91255], [74.99603, 12.91256], [74.99609, 12.91261], [74.99617, 12.91271], [74.99632, 12.91297], [74.99637, 12.91305], [74.99637, 12.91305], [74.99633, 12.91313], [74.9965, 12.91334], [74.99703, 12.91382], [74.99715, 12.91397], [74.99712, 12.91406], [74.99711, 12.91414], [74.99703, 12.91428], [74.99636, 12.91519], [74.99624, 12.91541], [74.99623, 12.91552], [74.99626, 12.91562], [74.99639, 12.91579], [74.99643, 12.91589], [74.99644, 12.91599], [74.99644, 12.91599], [74.99675, 12.91653], [74.99689, 12.91662], [74.99732, 12.91691], [74.99749, 12.91695], [74.99769, 12.91694], [74.99808, 12.91697], [74.99864, 12.91721], [74.99927, 12.91754], [74.99985, 12.91795], [75.00014, 12.91809], [75.00057, 12.91834], [75.00064, 12.91843], [75.00066, 12.91849], [75.00068, 12.91858], [75.00067, 12.91866], [75.00064, 12.91872], [75.00051, 12.91883], [75.00029, 12.91899], [75.00026, 12.91913], [75.00022, 12.91942], [75.00024, 12.91954], [75.0004, 12.91976], [75.00061, 12.92002], [75.00113, 12.92041], [75.00122, 12.92066], [75.00156, 12.92136], [75.00168, 12.92154], [75.00184, 12.92167], [75.00194, 12.92184], [75.00224, 12.92242], [75.00251, 12.92289], [75.00254, 12.92297], [75.00259, 12.92303], [75.00264, 12.92304], [75.00269, 12.92302], [75.00273, 12.92299], [75.00278, 12.92298], [75.00284, 12.923], [75.0029, 12.92305], [75.00292, 12.9231], [75.0029, 12.92327], [75.00294, 12.92332], [75.00298, 12.92333], [75.00304, 12.9233], [75.00313, 12.92328], [75.00331, 12.92332], [75.00341, 12.9234], [75.00346, 12.92346], [75.00356, 12.92349], [75.0038, 12.92358], [75.00419, 12.92381], [75.00431, 12.92391], [75.00435, 12.92398], [75.00443, 12.92438], [75.00449, 12.92445], [75.00457, 12.9245], [75.00462, 12.92451], [75.00469, 12.92452], [75.00469, 12.92452], [75.00478, 12.92452], [75.00525, 12.92451], [75.0054, 12.92449], [75.00546, 12.92446], [75.0055, 12.92441], [75.00549, 12.92433], [75.00546, 12.92424], [75.00528, 12.92392], [75.00526, 12.92385], [75.0053, 12.9238], [75.00543, 12.9236], [75.00556, 12.92348], [75.00563, 12.92347], [75.00572, 12.92352], [75.00596, 12.92357], [75.00603, 12.92358], [75.0061, 12.92357], [75.00618, 12.92353], [75.00629, 12.92332], [75.00633, 12.9233], [75.0064, 12.92325], [75.00654, 12.92322], [75.00666, 12.92316], [75.00689, 12.92299], [75.007, 12.92295], [75.00708, 12.92294], [75.00713, 12.92295], [75.00725, 12.9231], [75.00767, 12.92369], [75.00773, 12.92386], [75.00781, 12.92422], [75.00779, 12.92437], [75.0077, 12.92465], [75.00769, 12.92474], [75.00773, 12.92478], [75.0078, 12.92484], [75.0079, 12.92486], [75.0081, 12.92491], [75.00823, 12.92489], [75.00852, 12.92482], [75.00867, 12.9248], [75.00877, 12.92483], [75.00888, 12.92493], [75.00905, 12.92523], [75.00907, 12.92535], [75.00904, 12.92553], [75.009, 12.92576], [75.00902, 12.92584], [75.00907, 12.9259], [75.00921, 12.92597], [75.00945, 12.92603], [75.00976, 12.92604], [75.00991, 12.92598], [75.01008, 12.92586], [75.01018, 12.92583], [75.01026, 12.92581], [75.01069, 12.92576], [75.01099, 12.92562], [75.01115, 12.92556], [75.01125, 12.92556], [75.01169, 12.92568], [75.01182, 12.92569], [75.01194, 12.92567], [75.01204, 12.92564], [75.01248, 12.92542], [75.01279, 12.92532], [75.01297, 12.92526], [75.01302, 12.92525], [75.01309, 12.92526], [75.01315, 12.92527], [75.0132, 12.92526], [75.01324, 12.92525], [75.01328, 12.92521], [75.01332, 12.9251], [75.01339, 12.92505], [75.01376, 12.92489], [75.01395, 12.92477], [75.01436, 12.9245], [75.01456, 12.92429], [75.01464, 12.92421], [75.0147, 12.92417], [75.01476, 12.92417], [75.01485, 12.92417], [75.0149, 12.92419], [75.0149, 12.92419], [75.01502, 12.92422], [75.01517, 12.92431], [75.01528, 12.92433], [75.01538, 12.9243], [75.01574, 12.92425], [75.01582, 12.92425], [75.01588, 12.92425], [75.01592, 12.92427], [75.01592, 12.92427], [75.01598, 12.92429], [75.0163, 12.92474], [75.01638, 12.92492], [75.01643, 12.92498], [75.0165, 12.92502], [75.01659, 12.92506], [75.01699, 12.92524], [75.01727, 12.9254], [75.01743, 12.92555], [75.01775, 12.9259], [75.01799, 12.92625], [75.01803, 12.9264], [75.01803, 12.9266], [75.01804, 12.92684], [75.01808, 12.92692], [75.01826, 12.92718], [75.0187, 12.92793], [75.01887, 12.92829], [75.01892, 12.92851], [75.01892, 12.92851], [75.01893, 12.92904], [75.01893, 12.92904], [75.01894, 12.92921], [75.01893, 12.92954], [75.01898, 12.92967], [75.01913, 12.93006], [75.01929, 12.93048], [75.0195, 12.93081], [75.01957, 12.93089], [75.0196, 12.9309], [75.0196, 12.9309], [75.0194, 12.93111], [75.01934, 12.93117], [75.01922, 12.93118], [75.01915, 12.93117], [75.01893, 12.93103], [75.0188, 12.93093], [75.01874, 12.93092], [75.01871, 12.93096], [75.01865, 12.93107], [75.01852, 12.93125], [75.01847, 12.93127], [75.01842, 12.93127], [75.01834, 12.93126], [75.01824, 12.93121], [75.01788, 12.93102], [75.01781, 12.93101], [75.01775, 12.93103], [75.01771, 12.9311], [75.01767, 12.93129], [75.01755, 12.93164], [75.01721, 12.93242], [75.01706, 12.93236], [75.01688, 12.93223], [75.01669, 12.93222], [75.01642, 12.9323], [75.01612, 12.93239], [75.01606, 12.93243], [75.016, 12.9325], [75.01595, 12.93262], [75.01586, 12.93278], [75.0157, 12.93294], [75.01561, 12.93311], [75.0155, 12.93345], [75.01521, 12.93395], [75.01514, 12.93416], [75.01507, 12.93469], [75.01501, 12.9349], [75.01492, 12.93509], [75.01476, 12.93525], [75.01459, 12.9356], [75.01457, 12.93568], [75.0145, 12.93573], [75.014, 12.93588], [75.01379, 12.93594], [75.01317, 12.93596], [75.01303, 12.93596], [75.0129, 12.93592], [75.01271, 12.93579], [75.01257, 12.93572], [75.01257, 12.93572], [75.0124, 12.93568], [75.0124, 12.93568], [75.01237, 12.93604], [75.01237, 12.93604], [75.01231, 12.93634], [75.01218, 12.93666], [75.01207, 12.93683], [75.01206, 12.93694], [75.01207, 12.93705], [75.01211, 12.93712], [75.01225, 12.93733], [75.01227, 12.93746], [75.01212, 12.93764], [75.01183, 12.93799], [75.01161, 12.93812], [75.01161, 12.93812], [75.01156, 12.93821], [75.01149, 12.93845], [75.01144, 12.9385], [75.01133, 12.93852], [75.01116, 12.93853], [75.01091, 12.93865], [75.01069, 12.93885], [75.01052, 12.93908], [75.01042, 12.93919], [75.0104, 12.93925], [75.01042, 12.93931], [75.01049, 12.93936], [75.01054, 12.93937], [75.01065, 12.93936], [75.01128, 12.93912], [75.01147, 12.93908], [75.01177, 12.93907], [75.01215, 12.93905], [75.01229, 12.93907], [75.01237, 12.93911], [75.01242, 12.93919], [75.01236, 12.93975], [75.01242, 12.93989], [75.01242, 12.93989], [75.01228, 12.93994], [75.01188, 12.94012], [75.0116, 12.9403], [75.01143, 12.94042], [75.01127, 12.94058], [75.01106, 12.94081], [75.01086, 12.94104], [75.01061, 12.9414], [75.01039, 12.9417], [75.01017, 12.94195], [75.00978, 12.94243], [75.00966, 12.9426], [75.00962, 12.94269], [75.00961, 12.9428], [75.00963, 12.94291], [75.00973, 12.94314], [75.00977, 12.94324], [75.00976, 12.9433], [75.00973, 12.94333], [75.00967, 12.94332], [75.00956, 12.94328], [75.00947, 12.94324], [75.0094, 12.94323], [75.00928, 12.94327], [75.0092, 12.94332], [75.00901, 12.94344], [75.00878, 12.9436], [75.00825, 12.94399], [75.0081, 12.9441], [75.00802, 12.94421], [75.00798, 12.94444], [75.00793, 12.94487], [75.00793, 12.94503], [75.00787, 12.94523], [75.00789, 12.94546], [75.00789, 12.94559], [75.00784, 12.94572], [75.00767, 12.94585], [75.00754, 12.94601], [75.00741, 12.94621], [75.00725, 12.94648], [75.00712, 12.94662], [75.00712, 12.94662], [75.00682, 12.94694], [75.00646, 12.9473], [75.00611, 12.9477], [75.00599, 12.94781], [75.00582, 12.94796], [75.00563, 12.94803], [75.00549, 12.94811], [75.00523, 12.94816], [75.005, 12.94823], [75.00487, 12.94826], [75.00476, 12.94833], [75.00465, 12.9484], [75.00446, 12.9485], [75.00411, 12.94861], [75.0038, 12.94872], [75.00351, 12.94883], [75.003, 12.94895], [75.00269, 12.94905], [75.00253, 12.94915], [75.00237, 12.94924], [75.0022, 12.94936], [75.00199, 12.94946], [75.00181, 12.94953], [75.00158, 12.94963], [75.00136, 12.94977], [75.00105, 12.94998], [75.00078, 12.95012], [74.99993, 12.95045], [74.9998, 12.95051], [74.99975, 12.95064], [74.99971, 12.95077], [74.9996, 12.95107], [74.99952, 12.95123], [74.99944, 12.95131], [74.99931, 12.95137], [74.99918, 12.95138], [74.99897, 12.95138], [74.99877, 12.95145], [74.99865, 12.95155], [74.99853, 12.9517], [74.9985, 12.95198], [74.99847, 12.95216], [74.9984, 12.95225], [74.99832, 12.95228], [74.99815, 12.95227], [74.99774, 12.9523], [74.99746, 12.95229], [74.99723, 12.95239], [74.99708, 12.95249], [74.99695, 12.95261], [74.99675, 12.95275], [74.99651, 12.95291], [74.99632, 12.95306], [74.99618, 12.9532], [74.9961, 12.95333], [74.99603, 12.95345], [74.9959, 12.95352], [74.99571, 12.95359], [74.9955, 12.95363], [74.99506, 12.95379], [74.99453, 12.954], [74.99435, 12.95408], [74.99426, 12.95416], [74.99418, 12.95424], [74.99408, 12.95435], [74.99346, 12.95458], [74.99297, 12.95473], [74.9913, 12.95531], [74.99121, 12.95534], [74.99067, 12.95552], [74.99037, 12.95567], [74.98993, 12.95578], [74.98968, 12.95579], [74.98908, 12.95579], [74.9885, 12.9558], [74.98811, 12.9558], [74.98789, 12.95587], [74.98734, 12.95621], [74.98692, 12.95651], [74.98646, 12.95686], [74.98618, 12.95711], [74.98604, 12.95727], [74.98582, 12.95753], [74.98582, 12.95753], [74.98584, 12.95755], [74.98588, 12.95758], [74.98591, 12.95759], [74.98596, 12.95759], [74.98603, 12.95758], [74.9861, 12.95758], [74.98634, 12.95757], [74.98655, 12.9576], [74.98667, 12.95765], [74.98678, 12.95782], [74.98684, 12.95808], [74.98684, 12.95821], [74.98676, 12.95832], [74.98653, 12.95846], [74.98631, 12.95867], [74.98605, 12.95903], [74.98592, 12.95928], [74.98574, 12.95965], [74.98565, 12.95992], [74.98554, 12.96016], [74.98539, 12.96043], [74.98535, 12.96065], [74.98542, 12.9611], [74.98551, 12.96137], [74.98584, 12.96197], [74.98599, 12.96224], [74.98611, 12.96235], [74.9862, 12.9624], [74.98625, 12.96243], [74.98635, 12.9625], [74.98639, 12.96264], [74.98637, 12.96284], [74.98639, 12.96315], [74.98632, 12.96336], [74.98616, 12.96374], [74.98607, 12.96407], [74.98607, 12.96435], [74.98623, 12.96561], [74.98629, 12.96629], [74.98635, 12.96659], [74.98647, 12.96694], [74.9865, 12.96717], [74.98644, 12.96734], [74.98624, 12.9675], [74.98606, 12.9677], [74.98596, 12.96783], [74.98589, 12.96804], [74.98588, 12.96817], [74.98586, 12.96826], [74.98575, 12.96833], [74.9856, 12.96845], [74.98557, 12.96848], [74.98555, 12.96851], [74.98554, 12.96854], [74.98555, 12.96856], [74.98557, 12.96858], [74.98561, 12.96859], [74.98564, 12.96857], [74.98569, 12.96854], [74.98576, 12.9685], [74.98584, 12.96846], [74.98603, 12.96846], [74.9861, 12.96847], [74.9861, 12.96847], [74.98626, 12.96848], [74.98639, 12.96859], [74.98646, 12.96874], [74.98662, 12.9693], [74.98667, 12.96948], [74.98667, 12.96948], [74.98673, 12.96972], [74.98676, 12.96997], [74.98677, 12.97026], [74.98674, 12.97091], [74.98673, 12.97121], [74.98676, 12.9714], [74.98676, 12.9714], [74.9868, 12.97175], [74.9869, 12.97211], [74.98716, 12.97295], [74.98725, 12.97327], [74.98728, 12.97338], [74.98741, 12.97355], [74.98757, 12.97364], [74.98757, 12.97364], [74.98758, 12.97364], [74.98777, 12.9737], [74.98777, 12.9737], [74.98775, 12.97395], [74.98785, 12.97495], [74.98791, 12.97604], [74.98786, 12.97621], [74.98774, 12.97639], [74.98754, 12.97644], [74.98704, 12.97646], [74.98691, 12.97653], [74.98674, 12.97666], [74.98665, 12.97678], [74.98647, 12.97689], [74.98617, 12.97691], [74.98589, 12.97689], [74.98576, 12.97697], [74.98527, 12.97736], [74.98512, 12.97743], [74.98487, 12.97743], [74.98452, 12.97736], [74.98437, 12.9774], [74.98424, 12.97749], [74.98408, 12.97775], [74.98397, 12.97781], [74.98385, 12.97779], [74.98373, 12.97773], [74.98348, 12.97771], [74.98328, 12.97781], [74.98313, 12.978], [74.98302, 12.97824], [74.98299, 12.97848], [74.98297, 12.97864], [74.98294, 12.97877], [74.9828, 12.97889], [74.98259, 12.97903], [74.98226, 12.97918], [74.9822, 12.97934], [74.98221, 12.9795], [74.98225, 12.97957], [74.98238, 12.97965], [74.98243, 12.97978], [74.98243, 12.97991], [74.98237, 12.98003], [74.98175, 12.98091], [74.98159, 12.98116], [74.98133, 12.98142], [74.98114, 12.98172], [74.98105, 12.98174], [74.98094, 12.98174], [74.98052, 12.98165], [74.98022, 12.98163], [74.97963, 12.98172], [74.97944, 12.98179], [74.97936, 12.98194], [74.97935, 12.98218], [74.9794, 12.98267], [74.97936, 12.98283], [74.97924, 12.98295], [74.97889, 12.98314], [74.97889, 12.98314], [74.97871, 12.98329], [74.97862, 12.98342], [74.97861, 12.98352], [74.97863, 12.98367], [74.97871, 12.98376], [74.97882, 12.98388], [74.97886, 12.98399], [74.97891, 12.98411], [74.97896, 12.98426], [74.97897, 12.98433], [74.97892, 12.98438], [74.97881, 12.98438], [74.97875, 12.98431], [74.97861, 12.98416], [74.97856, 12.98413], [74.97856, 12.98413], [74.97837, 12.98397], [74.97815, 12.98391], [74.97804, 12.98386], [74.97794, 12.98394], [74.97784, 12.98404], [74.97778, 12.98421], [74.97767, 12.98426], [74.97756, 12.98426], [74.97736, 12.9842], [74.97719, 12.98413], [74.97688, 12.98393], [74.97656, 12.9838], [74.9764, 12.98376], [74.97624, 12.98378], [74.97603, 12.98386], [74.97561, 12.98417], [74.97533, 12.98434], [74.97455, 12.98467], [74.97455, 12.98467], [74.97428, 12.98478], [74.9739, 12.9849], [74.97351, 12.98499], [74.97351, 12.98499], [74.9732, 12.98506], [74.97253, 12.98514], [74.97225, 12.98511], [74.97201, 12.98503], [74.97187, 12.98503], [74.97178, 12.98509], [74.97173, 12.98521], [74.97174, 12.98536], [74.97182, 12.98573], [74.97186, 12.98605], [74.97186, 12.98614], [74.97176, 12.98627], [74.97154, 12.9864], [74.97101, 12.98682], [74.97101, 12.98682], [74.97082, 12.98703], [74.97073, 12.98713], [74.9706, 12.98722], [74.97053, 12.98739], [74.97052, 12.9875], [74.97047, 12.98758], [74.97035, 12.98763], [74.97024, 12.98763], [74.969, 12.98777], [74.96864, 12.98782], [74.96864, 12.98782], [74.9685, 12.98786], [74.96848, 12.98788], [74.96848, 12.98788], [74.96834, 12.98805], [74.96827, 12.98814], [74.96827, 12.98814], [74.96823, 12.98819], [74.96809, 12.98827], [74.96787, 12.98839], [74.96722, 12.98883], [74.96722, 12.98883], [74.96711, 12.9889], [74.96658, 12.9892], [74.96596, 12.98969], [74.96508, 12.99041], [74.96471, 12.99073], [74.96465, 12.9908], [74.96465, 12.9908], [74.96451, 12.99097], [74.96413, 12.99145], [74.96377, 12.99223], [74.96342, 12.99287], [74.96333, 12.99298], [74.96329, 12.99305], [74.96329, 12.99305], [74.96308, 12.99296], [74.96287, 12.99287], [74.96264, 12.99279], [74.96252, 12.99275], [74.96233, 12.9927], [74.96233, 12.9927], [74.96235, 12.99303], [74.96233, 12.9935], [74.96235, 12.99404], [74.9623, 12.99454], [74.96237, 12.99512], [74.96246, 12.99533], [74.96246, 12.99533], [74.96262, 12.9956], [74.96289, 12.99584], [74.96305, 12.99622], [74.96311, 12.99637], [74.96316, 12.99659], [74.96308, 12.99715], [74.96308, 12.99733], [74.96315, 12.9974], [74.96315, 12.9974], [74.96314, 12.99772], [74.96291, 12.99786], [74.96274, 12.99805], [74.96264, 12.9982], [74.9625, 12.99836], [74.96234, 12.99848], [74.96194, 12.99867], [74.96167, 12.99887], [74.96135, 12.99912], [74.96112, 12.99935], [74.96069, 12.99969], [74.96023, 13.00003], [74.96004, 13.00009], [74.95969, 13.00025], [74.9591, 13.00032], [74.95891, 13.00034], [74.95863, 13.00033], [74.95825, 13.0003], [74.95779, 13.00031], [74.95742, 13.00032], [74.95676, 13.00036], [74.95612, 13.00035], [74.95548, 13.00035], [74.955, 13.00035], [74.95463, 13.00031], [74.95408, 13.0003], [74.95336, 13.00027], [74.95327, 13.00026], [74.95318, 13.00024], [74.95308, 13.00019], [74.95288, 13.00004], [74.95232, 12.9997], [74.95204, 12.99954], [74.95197, 12.99951], [74.95183, 12.99948], [74.95156, 12.99946], [74.95145, 12.99944], [74.95135, 12.99941], [74.95127, 12.99931], [74.95119, 12.99915], [74.95113, 12.99897], [74.95108, 12.99891], [74.95102, 12.9989], [74.95091, 12.9989], [74.9506, 12.99899], [74.95048, 12.999], [74.9504, 12.999], [74.95029, 12.99899], [74.95008, 12.99892], [74.94982, 12.9988], [74.94936, 12.99863], [74.94926, 12.99859], [74.94919, 12.99858], [74.94919, 12.99858], [74.94912, 12.99858], [74.94903, 12.99859], [74.94847, 12.99866], [74.94817, 12.99869], [74.94781, 12.9987], [74.9477, 12.9987], [74.94756, 12.99873], [74.94732, 12.99879], [74.9472, 12.99882], [74.9469, 12.99883], [74.94663, 12.99883], [74.94663, 12.99883], [74.94609, 12.99875], [74.94609, 12.99875], [74.94618, 12.99886], [74.94633, 12.99895], [74.9464, 12.99902], [74.9464, 12.99902], [74.94643, 12.99905], [74.9465, 12.99916], [74.94657, 12.99928], [74.94676, 12.99971], [74.94706, 13.00054], [74.94727, 13.00125], [74.94735, 13.00152], [74.94737, 13.00175], [74.94739, 13.00192], [74.94744, 13.00237], [74.94745, 13.00255], [74.94738, 13.00277], [74.94727, 13.0031], [74.94705, 13.00398], [74.94705, 13.00398], [74.94702, 13.00413], [74.94676, 13.00516], [74.94668, 13.00574], [74.94663, 13.00596], [74.94656, 13.00608], [74.94648, 13.00616], [74.9464, 13.00622], [74.94627, 13.00636], [74.94609, 13.00661], [74.94574, 13.00704], [74.94564, 13.00713], [74.94542, 13.00723], [74.94517, 13.00734], [74.94499, 13.00736], [74.94499, 13.00736], [74.94457, 13.0074], [74.94419, 13.00748], [74.94383, 13.00758], [74.9436, 13.00768], [74.94343, 13.00782], [74.94323, 13.00798], [74.943, 13.00821], [74.94282, 13.00833], [74.94268, 13.00839], [74.94268, 13.00839], [74.94247, 13.00838], [74.94227, 13.00835], [74.94212, 13.00825], [74.94195, 13.00813], [74.94195, 13.00813], [74.94191, 13.0081], [74.94169, 13.00797], [74.9415, 13.00791], [74.94135, 13.0079], [74.94135, 13.0079], [74.94124, 13.00788], [74.941, 13.00787], [74.94083, 13.00785], [74.94055, 13.00771], [74.94043, 13.0076], [74.94001, 13.00731], [74.93956, 13.007], [74.93956, 13.007], [74.93927, 13.0068], [74.93912, 13.00677], [74.93888, 13.00678], [74.93873, 13.00683], [74.93873, 13.00683], [74.9387, 13.00684], [74.93835, 13.00702], [74.93767, 13.00747], [74.93743, 13.00756], [74.93711, 13.00765], [74.93685, 13.00769], [74.93642, 13.00772], [74.93607, 13.00774], [74.9359, 13.00773], [74.93574, 13.00766], [74.93549, 13.00753], [74.9353, 13.00744], [74.93514, 13.00741], [74.93502, 13.00741], [74.93452, 13.00759], [74.93425, 13.00766], [74.93404, 13.00766], [74.93378, 13.00764], [74.93358, 13.00763], [74.93332, 13.00755], [74.93322, 13.00753], [74.93311, 13.00757], [74.93311, 13.00757], [74.93297, 13.00766], [74.93283, 13.00776], [74.93236, 13.00819], [74.932, 13.0084], [74.93166, 13.00855], [74.9313, 13.00867], [74.93105, 13.00868], [74.93065, 13.0087], [74.93024, 13.00876], [74.92995, 13.00885], [74.9297, 13.00897], [74.92956, 13.00912], [74.92953, 13.00921], [74.92952, 13.00931], [74.92948, 13.00951], [74.92943, 13.00962], [74.9294, 13.00968], [74.92935, 13.00973], [74.92929, 13.00975], [74.92929, 13.00975], [74.92919, 13.00975], [74.92912, 13.00974], [74.92903, 13.00972], [74.9287, 13.00966], [74.92833, 13.00955], [74.92812, 13.0095], [74.92797, 13.00953], [74.92771, 13.00962], [74.92741, 13.00979], [74.92722, 13.00985], [74.92722, 13.00985], [74.92698, 13.00994], [74.92659, 13.01008], [74.92637, 13.0102], [74.92618, 13.01031], [74.92594, 13.01047], [74.9256, 13.01061], [74.92547, 13.01066], [74.92547, 13.01066], [74.92538, 13.0107], [74.9251, 13.01087], [74.9248, 13.01101], [74.9246, 13.01109], [74.92425, 13.01119], [74.92395, 13.01125], [74.9237, 13.01132], [74.92342, 13.01146], [74.92317, 13.01163], [74.92247, 13.01209], [74.92228, 13.01224], [74.92228, 13.01224], [74.9222, 13.0123], [74.92157, 13.01302], [74.92081, 13.01387], [74.92036, 13.01448], [74.91962, 13.01541], [74.91945, 13.01571], [74.91934, 13.01603], [74.91934, 13.01603], [74.9191, 13.01661], [74.91908, 13.01691], [74.91909, 13.01716], [74.91909, 13.01747], [74.91908, 13.01769], [74.919, 13.01786], [74.91893, 13.01798], [74.91883, 13.01813], [74.91878, 13.0183], [74.91878, 13.01843], [74.91885, 13.01851], [74.91895, 13.01859], [74.91909, 13.01869], [74.91923, 13.01882], [74.91939, 13.01888], [74.91952, 13.01892], [74.91961, 13.01895], [74.91968, 13.01902], [74.91973, 13.01908], [74.91976, 13.01921], [74.91976, 13.01935], [74.91973, 13.01952], [74.9197, 13.01966], [74.91966, 13.01988], [74.91966, 13.02001], [74.91962, 13.02011], [74.91953, 13.02023], [74.91945, 13.02038], [74.91938, 13.02056], [74.91929, 13.02082], [74.9192, 13.02119], [74.91913, 13.02152], [74.9191, 13.02183], [74.91912, 13.02194], [74.91928, 13.02227], [74.91934, 13.02243], [74.91935, 13.0225], [74.91935, 13.0225], [74.91937, 13.02266], [74.91937, 13.02283], [74.91937, 13.02314], [74.91933, 13.02383], [74.91927, 13.02441], [74.91927, 13.02506], [74.91925, 13.02525], [74.9192, 13.02559], [74.91913, 13.02619], [74.91913, 13.02619], [74.91912, 13.02659], [74.91907, 13.02721], [74.91899, 13.02777], [74.91885, 13.02846], [74.91864, 13.02919], [74.91852, 13.02973], [74.91843, 13.02991], [74.91825, 13.03019], [74.91767, 13.03155], [74.91754, 13.03198], [74.91728, 13.03267], [74.91707, 13.03302], [74.91707, 13.03302], [74.91686, 13.03339], [74.91671, 13.03368], [74.91659, 13.0339], [74.91658, 13.03398], [74.91658, 13.03407], [74.9166, 13.03419], [74.91663, 13.0344], [74.91666, 13.03484], [74.91665, 13.03508], [74.91662, 13.03519], [74.91662, 13.03531], [74.91665, 13.03556], [74.91666, 13.03567], [74.91665, 13.03573], [74.91662, 13.03579], [74.91656, 13.03583], [74.91645, 13.03585], [74.91635, 13.03587], [74.91622, 13.03586], [74.91607, 13.03586], [74.91597, 13.03586], [74.91586, 13.03589], [74.91577, 13.03594], [74.91577, 13.03594], [74.91574, 13.03606], [74.91573, 13.03653], [74.91575, 13.03688], [74.91576, 13.03719], [74.91574, 13.03736], [74.91567, 13.03744], [74.91567, 13.03744], [74.91565, 13.03748], [74.91556, 13.03754], [74.91527, 13.03775], [74.91499, 13.03795], [74.91472, 13.03816], [74.91456, 13.03827], [74.91441, 13.03835], [74.9141, 13.03844], [74.91358, 13.03866], [74.91316, 13.03888], [74.91271, 13.03906], [74.91226, 13.03919], [74.91206, 13.03925], [74.91194, 13.0393], [74.91176, 13.03941], [74.9114, 13.03954], [74.91115, 13.03965], [74.91089, 13.0398], [74.91078, 13.03985], [74.91064, 13.03988], [74.91049, 13.03988], [74.91018, 13.03988], [74.91003, 13.03991], [74.90991, 13.04001], [74.90982, 13.04017], [74.90981, 13.04034], [74.90978, 13.04089], [74.90972, 13.04121], [74.90964, 13.04143], [74.90955, 13.04152], [74.9094, 13.04161], [74.90929, 13.04173], [74.90911, 13.04199], [74.90896, 13.04222], [74.90893, 13.04239], [74.90897, 13.04252], [74.90903, 13.04262], [74.90903, 13.04271], [74.90896, 13.04281], [74.90879, 13.04294], [74.90856, 13.04304], [74.90838, 13.0431], [74.90829, 13.04321], [74.90819, 13.04336], [74.90791, 13.04385], [74.90791, 13.044], [74.90793, 13.04412], [74.90799, 13.04416], [74.90812, 13.0442], [74.90828, 13.04425], [74.90842, 13.04432], [74.90862, 13.04447], [74.90946, 13.04507], [74.90965, 13.04525], [74.90987, 13.04542], [74.91014, 13.04557], [74.91075, 13.04595], [74.91075, 13.04595], [74.91085, 13.04601], [74.91097, 13.0462], [74.91103, 13.04647], [74.91103, 13.04668], [74.91101, 13.0469], [74.9109, 13.04722], [74.91083, 13.04741], [74.91069, 13.04753], [74.91056, 13.04757], [74.91034, 13.04762], [74.91016, 13.04773], [74.91003, 13.04782], [74.90996, 13.04799], [74.90979, 13.04839], [74.90963, 13.04865], [74.90936, 13.049], [74.909, 13.04936], [74.90897, 13.04945], [74.90897, 13.04945], [74.90896, 13.04948], [74.9089, 13.04972], [74.90884, 13.05002], [74.90879, 13.05029], [74.90879, 13.05029], [74.90874, 13.05059], [74.9087, 13.05074], [74.9086, 13.05088], [74.90846, 13.05099], [74.90792, 13.05141], [74.90768, 13.05166], [74.90751, 13.05191], [74.90736, 13.05221], [74.90725, 13.0525], [74.90716, 13.05263], [74.90697, 13.05278], [74.90673, 13.05291], [74.90662, 13.05306], [74.90658, 13.05318], [74.90658, 13.05331], [74.90652, 13.05373], [74.90645, 13.054], [74.90632, 13.05427], [74.90607, 13.05472], [74.90589, 13.05496], [74.90571, 13.05521], [74.90538, 13.05577], [74.90528, 13.05598], [74.90525, 13.05622], [74.90526, 13.05637], [74.90533, 13.05653], [74.90543, 13.05672], [74.90562, 13.05702], [74.90575, 13.05721], [74.9058, 13.0574], [74.90581, 13.05759], [74.90572, 13.05784], [74.90559, 13.05821], [74.90543, 13.0589], [74.90533, 13.05958], [74.90528, 13.06049], [74.90525, 13.06091], [74.90523, 13.06124], [74.90515, 13.06151], [74.90508, 13.06177], [74.90502, 13.06201], [74.90502, 13.06201], [74.90491, 13.06202], [74.90491, 13.06202], [74.90463, 13.06211], [74.90426, 13.0622], [74.9038, 13.06236], [74.90359, 13.06248], [74.90333, 13.06258], [74.90303, 13.06258], [74.90288, 13.06258], [74.90272, 13.06265], [74.90249, 13.06284], [74.90223, 13.06301], [74.90204, 13.06307], [74.90173, 13.06308], [74.90151, 13.06306], [74.90127, 13.06304], [74.9009, 13.06301], [74.90058, 13.063], [74.90038, 13.06297], [74.90008, 13.06288], [74.8997, 13.06281], [74.89945, 13.06278], [74.89918, 13.06273], [74.89899, 13.06268], [74.89879, 13.06267], [74.8986, 13.06271], [74.89843, 13.06281], [74.89826, 13.06291], [74.89812, 13.06294], [74.89791, 13.06294], [74.89765, 13.06295], [74.8975, 13.06302], [74.89734, 13.06318], [74.89722, 13.06334], [74.89711, 13.06369], [74.89697, 13.06413], [74.89689, 13.06429], [74.8968, 13.06435], [74.89667, 13.0644], [74.89651, 13.06441], [74.89642, 13.06447], [74.89622, 13.06464], [74.89609, 13.06479], [74.89581, 13.06526], [74.89572, 13.06541], [74.89554, 13.06551], [74.8954, 13.06562], [74.89528, 13.06573], [74.8952, 13.06595], [74.89507, 13.06631], [74.89495, 13.0665], [74.89481, 13.06664], [74.89469, 13.06671], [74.89446, 13.06679], [74.89422, 13.0668], [74.89395, 13.06684], [74.89379, 13.06689], [74.89361, 13.06702], [74.89347, 13.06721], [74.89329, 13.06752], [74.89316, 13.06767], [74.89296, 13.06779], [74.89249, 13.06812], [74.89231, 13.06829], [74.89213, 13.06848], [74.89205, 13.06861], [74.89197, 13.06884], [74.8918, 13.06917], [74.89163, 13.06941], [74.89144, 13.06963], [74.89135, 13.06974], [74.89122, 13.06978], [74.89111, 13.06976], [74.89098, 13.06973], [74.89086, 13.06973], [74.8907, 13.06973], [74.89053, 13.06978], [74.8904, 13.06981], [74.89023, 13.0698], [74.89001, 13.06974], [74.88977, 13.06968], [74.88956, 13.06965], [74.88928, 13.06968], [74.88895, 13.06968], [74.88895, 13.06968], [74.88882, 13.06966], [74.88864, 13.06972], [74.8884, 13.06984], [74.88823, 13.06997], [74.88756, 13.0703], [74.8866, 13.07066], [74.88645, 13.07071], [74.88635, 13.0707], [74.88626, 13.07066], [74.88621, 13.07054], [74.88606, 13.07042], [74.88591, 13.07034], [74.88576, 13.07029], [74.8856, 13.07025], [74.88541, 13.07025], [74.8852, 13.07026], [74.88505, 13.07026], [74.88489, 13.07024], [74.88465, 13.07009], [74.88432, 13.06988], [74.88412, 13.06978], [74.88392, 13.06972], [74.88372, 13.06962], [74.8836, 13.0695], [74.8835, 13.06932], [74.88326, 13.06913], [74.883, 13.06899], [74.88282, 13.06891], [74.88271, 13.06879], [74.88265, 13.06865], [74.88257, 13.06845], [74.88249, 13.06833], [74.88235, 13.06824], [74.88165, 13.06803], [74.88133, 13.06791], [74.881, 13.06782], [74.88077, 13.0678], [74.88041, 13.06781], [74.88041, 13.06781], [74.88025, 13.06787], [74.8801, 13.06785], [74.88001, 13.06779], [74.87989, 13.06763], [74.87967, 13.0674], [74.87942, 13.06702], [74.87927, 13.06676], [74.87905, 13.06663], [74.87882, 13.06646], [74.87865, 13.06631], [74.87854, 13.06611], [74.87823, 13.06522], [74.87817, 13.0651], [74.87806, 13.06502], [74.87793, 13.06501], [74.87776, 13.0651], [74.87751, 13.06528], [74.87737, 13.0653], [74.87725, 13.06531], [74.87707, 13.0653], [74.87668, 13.06515], [74.8765, 13.06502], [74.87619, 13.06491], [74.87597, 13.06477], [74.87578, 13.06463], [74.87519, 13.0644], [74.87494, 13.06435], [74.87467, 13.06435], [74.87442, 13.06434], [74.87415, 13.06427], [74.874, 13.06421], [74.87383, 13.06406], [74.87377, 13.06391], [74.87357, 13.06311], [74.87357, 13.06311], [74.87356, 13.06304], [74.87349, 13.06289], [74.87329, 13.06275], [74.87309, 13.06275], [74.87295, 13.06281], [74.87273, 13.06299], [74.87258, 13.06307], [74.87239, 13.06309], [74.87221, 13.06305], [74.87202, 13.06302], [74.87099, 13.06316], [74.87072, 13.06327], [74.87044, 13.06345], [74.87029, 13.06354], [74.87029, 13.06354], [74.8698, 13.06384], [74.86885, 13.06422], [74.8679, 13.06452], [74.86764, 13.06459], [74.86764, 13.06459], [74.86757, 13.06461], [74.86719, 13.06468], [74.86681, 13.06469], [74.86648, 13.06466], [74.86648, 13.06466], [74.8659, 13.06461], [74.86528, 13.06457], [74.86489, 13.0646], [74.86447, 13.06468], [74.86377, 13.06487], [74.86377, 13.06487], [74.86309, 13.06506], [74.8611, 13.06566], [74.8611, 13.06566], [74.86064, 13.06577], [74.86064, 13.06577], [74.85991, 13.066], [74.85991, 13.066], [74.85837, 13.06644], [74.85779, 13.06656], [74.8573, 13.06659], [74.85682, 13.06658], [74.85633, 13.06653], [74.85576, 13.06636], [74.85518, 13.06613], [74.85484, 13.06608], [74.85441, 13.06604], [74.85396, 13.06592], [74.85343, 13.06562], [74.85337, 13.06559], [74.85337, 13.06559], [74.85203, 13.06491], [74.85107, 13.06453], [74.85017, 13.06407], [74.85017, 13.06407], [74.85013, 13.06405], [74.84942, 13.06384], [74.84902, 13.06371], [74.84902, 13.06371], [74.84854, 13.06355], [74.84791, 13.06333], [74.84791, 13.06333], [74.84721, 13.0631], [74.84716, 13.06308], [74.84716, 13.06308], [74.84645, 13.06281], [74.84584, 13.06253], [74.84563, 13.06242], [74.84563, 13.06242], [74.84471, 13.06191], [74.84366, 13.06126], [74.84174, 13.06002], [74.84154, 13.05988], [74.84131, 13.05975], [74.841, 13.05966], [74.84072, 13.05966], [74.84072, 13.05966], [74.84013, 13.05977], [74.83944, 13.05992], [74.83944, 13.05992], [74.83868, 13.06009], [74.83834, 13.06013], [74.83804, 13.0601], [74.83764, 13.06008], [74.83764, 13.06008], [74.83656, 13.06002], [74.83628, 13.05999], [74.836, 13.05993], [74.8357, 13.05982], [74.83537, 13.05963], [74.8347, 13.05926], [74.83454, 13.05921], [74.83454, 13.05921], [74.83439, 13.05917], [74.83399, 13.05921], [74.83363, 13.05927], [74.83363, 13.05927], [74.83355, 13.05928], [74.83342, 13.05933], [74.83342, 13.05933], [74.83306, 13.05945], [74.83283, 13.0595], [74.83263, 13.0595], [74.83223, 13.05944], [74.83207, 13.05941], [74.83207, 13.05941], [74.83197, 13.05939], [74.83181, 13.0594], [74.83166, 13.05947], [74.83147, 13.05958], [74.83106, 13.05984], [74.83084, 13.05999], [74.83061, 13.06011], [74.8304, 13.06021], [74.83017, 13.06034], [74.82999, 13.06043], [74.82999, 13.06043], [74.82985, 13.06044], [74.82972, 13.06036], [74.82955, 13.06022], [74.8294, 13.06014], [74.82921, 13.06008], [74.82889, 13.06008], [74.82785, 13.06026], [74.82742, 13.06032], [74.82737, 13.06033], [74.82737, 13.06033], [74.82626, 13.06058], [74.82614, 13.06058], [74.82614, 13.06058], [74.82586, 13.06059], [74.82511, 13.06059], [74.82511, 13.06059], [74.82506, 13.06059], [74.82494, 13.06057], [74.8248, 13.06053], [74.8248, 13.06053], [74.82471, 13.06049], [74.8243, 13.06032], [74.8243, 13.06032], [74.82369, 13.06005], [74.8235, 13.05998], [74.8235, 13.05998], [74.82335, 13.05998], [74.82318, 13.06003], [74.82318, 13.06003], [74.82315, 13.06004], [74.82272, 13.06051], [74.82214, 13.06093], [74.82186, 13.06112], [74.82179, 13.06125], [74.82179, 13.06125], [74.82169, 13.06141], [74.82166, 13.06149], [74.82166, 13.06149], [74.8213, 13.06244], [74.8213, 13.06244], [74.82125, 13.06259], [74.82113, 13.063], [74.82114, 13.06336], [74.82127, 13.06386], [74.82132, 13.06404], [74.82132, 13.06404], [74.82135, 13.06414], [74.82136, 13.06441], [74.8213, 13.06465], [74.82124, 13.06485], [74.8211, 13.06503], [74.82095, 13.06523], [74.82083, 13.06532], [74.82083, 13.06532], [74.82027, 13.06571], [74.82009, 13.06588], [74.81945, 13.06656], [74.81891, 13.06719], [74.81882, 13.06731], [74.81882, 13.06731], [74.81872, 13.06743], [74.81847, 13.06765], [74.81847, 13.06765], [74.81822, 13.06799], [74.81815, 13.06813], [74.81801, 13.06851], [74.81797, 13.06868], [74.81797, 13.06868], [74.81796, 13.06872], [74.81789, 13.06889], [74.81779, 13.06909], [74.81779, 13.06909], [74.81729, 13.0696], [74.81729, 13.0696], [74.81718, 13.06972], [74.81702, 13.06987], [74.81702, 13.06987], [74.81682, 13.07008], [74.81665, 13.07024], [74.81609, 13.07065], [74.81589, 13.07074], [74.81589, 13.07074], [74.81557, 13.07088], [74.81548, 13.07097], [74.81533, 13.07108], [74.81521, 13.07128], [74.81506, 13.07146], [74.81487, 13.07165], [74.81477, 13.07183], [74.81474, 13.07192], [74.81468, 13.07203], [74.81461, 13.07206], [74.81454, 13.07204], [74.81446, 13.07199], [74.81436, 13.07184], [74.81416, 13.07168], [74.81394, 13.07162], [74.81377, 13.07159], [74.81355, 13.07158], [74.81331, 13.07167], [74.81283, 13.07206], [74.81273, 13.07212], [74.81263, 13.07213], [74.81211, 13.07208], [74.81193, 13.07214], [74.81177, 13.07219], [74.81164, 13.07222], [74.81151, 13.07221], [74.81136, 13.07215], [74.8112, 13.07203], [74.81105, 13.07199], [74.81046, 13.07187], [74.81035, 13.0719], [74.81027, 13.07197], [74.81027, 13.07197], [74.81009, 13.07213], [74.80999, 13.07224], [74.80979, 13.07231], [74.80957, 13.07239], [74.80912, 13.07273], [74.80893, 13.07283], [74.80878, 13.07286], [74.80863, 13.07286], [74.80828, 13.07275], [74.8081, 13.07275], [74.80791, 13.07282], [74.80777, 13.07291], [74.80777, 13.07291], [74.80769, 13.07297], [74.80753, 13.07314], [74.80743, 13.07333], [74.80727, 13.07384], [74.80727, 13.07384], [74.80699, 13.07469], [74.80699, 13.07469], [74.80681, 13.07527], [74.8068, 13.07548], [74.8069, 13.07575], [74.80699, 13.07605], [74.80712, 13.07654], [74.80712, 13.07673], [74.80706, 13.07696], [74.80697, 13.07712], [74.80668, 13.07741], [74.80654, 13.07758], [74.80651, 13.07777], [74.80656, 13.07823], [74.80653, 13.07841], [74.80643, 13.07859], [74.80631, 13.07877], [74.80623, 13.07885], [74.80623, 13.07885], [74.80602, 13.07906], [74.8057, 13.07931], [74.80543, 13.07944], [74.80512, 13.07956], [74.80478, 13.07965], [74.80453, 13.07974], [74.80428, 13.08002], [74.80407, 13.08045], [74.80393, 13.08074], [74.80393, 13.08074], [74.80378, 13.0809], [74.80369, 13.08104], [74.80369, 13.08104], [74.80363, 13.0812], [74.80356, 13.08158], [74.80356, 13.08158], [74.80344, 13.08196], [74.80331, 13.08219], [74.80318, 13.08236], [74.80246, 13.08299], [74.80214, 13.08319], [74.80176, 13.08339], [74.80176, 13.08339], [74.80137, 13.08359], [74.80137, 13.08359], [74.80116, 13.08369], [74.80116, 13.08369], [74.8011, 13.08372], [74.8011, 13.08372], [74.80083, 13.08422], [74.80083, 13.08422], [74.80079, 13.08427], [74.80055, 13.08488], [74.80055, 13.08488], [74.80044, 13.08516], [74.80044, 13.08516], [74.80038, 13.0853], [74.80032, 13.08544], [74.80032, 13.08544], [74.79992, 13.0864], [74.79954, 13.08707], [74.79954, 13.08707], [74.79953, 13.08709], [74.79886, 13.08777], [74.79852, 13.08815], [74.79838, 13.08842], [74.79838, 13.08842], [74.79819, 13.08878], [74.79779, 13.08962], [74.79767, 13.08989], [74.79767, 13.08989], [74.79756, 13.09013], [74.79756, 13.09013], [74.79755, 13.09018], [74.79746, 13.09037], [74.79746, 13.09037], [74.79727, 13.09079], [74.79707, 13.09107], [74.79699, 13.09126], [74.79693, 13.09142], [74.79693, 13.09142], [74.79689, 13.09156], [74.79687, 13.09183], [74.79687, 13.09183], [74.79664, 13.09216], [74.79664, 13.09216], [74.79636, 13.0921], [74.79593, 13.09202], [74.79593, 13.09202], [74.79575, 13.09198], [74.79575, 13.09198], [74.79535, 13.09191], [74.79466, 13.09171], [74.79466, 13.09171], [74.79455, 13.09168], [74.79451, 13.09167], [74.79451, 13.09167], [74.79414, 13.09156], [74.79361, 13.09137]]}}, {"type": "Feature", "properties": {"kind": "blind", "hospital": "puttur_gh", "incident": "belthangady", "minutes": 48.8, "mean_exposure": 0.128, "max_exposure": 0.847}, "geometry": {"type": "LineString", "coordinates": [[75.20018, 12.75812], [75.20056, 12.75802], [75.20062, 12.75803], [75.20097, 12.75855], [75.20094, 12.75858], [75.20073, 12.75871], [75.20069, 12.75876], [75.20068, 12.75881], [75.20084, 12.75926], [75.20084, 12.75926], [75.20104, 12.75918], [75.20104, 12.75918], [75.2014, 12.75901], [75.20183, 12.75893], [75.20332, 12.75869], [75.20336, 12.75876], [75.20336, 12.75876], [75.20392, 12.7596], [75.20409, 12.76004], [75.20413, 12.76061], [75.20416, 12.76069], [75.20423, 12.76082], [75.20416, 12.76175], [75.20412, 12.76183], [75.20412, 12.76183], [75.20429, 12.7619], [75.20442, 12.76195], [75.20442, 12.76195], [75.20465, 12.76205], [75.20478, 12.76211], [75.2051, 12.76223], [75.2051, 12.76223], [75.20535, 12.76216], [75.20558, 12.76209], [75.20583, 12.76207], [75.20602, 12.76202], [75.20623, 12.76197], [75.20638, 12.76187], [75.20652, 12.76176], [75.2066, 12.7617], [75.2066, 12.7617], [75.20728, 12.76267], [75.20747, 12.7631], [75.20748, 12.76314], [75.20748, 12.76314], [75.20758, 12.76347], [75.20768, 12.76484], [75.20768, 12.76484], [75.20781, 12.76553], [75.20781, 12.76553], [75.20783, 12.76564], [75.20797, 12.76635], [75.20806, 12.76652], [75.20847, 12.76698], [75.20866, 12.76737], [75.20868, 12.76741], [75.20869, 12.76745], [75.20886, 12.76797], [75.20886, 12.76797], [75.2092, 12.76837], [75.2092, 12.76837], [75.20935, 12.76869], [75.20943, 12.76922], [75.2095, 12.76944], [75.2095, 12.76944], [75.2104, 12.771], [75.21049, 12.77137], [75.21049, 12.77137], [75.21053, 12.77154], [75.21053, 12.77154], [75.21055, 12.77167], [75.21072, 12.77212], [75.21075, 12.77241], [75.2108, 12.77275], [75.21079, 12.77289], [75.21042, 12.77406], [75.21034, 12.77419], [75.21034, 12.77419], [75.21012, 12.77422], [75.20913, 12.77425], [75.20913, 12.77425], [75.20875, 12.77426], [75.20875, 12.77426], [75.208, 12.77436], [75.20781, 12.77441], [75.20763, 12.77455], [75.20749, 12.77462], [75.2071, 12.77476], [75.20695, 12.77484], [75.20695, 12.77484], [75.20718, 12.77541], [75.20718, 12.77541], [75.20737, 12.77591], [75.20749, 12.77608], [75.20749, 12.77608], [75.2076, 12.77624], [75.20775, 12.7764], [75.20775, 12.7764], [75.208, 12.77669], [75.2082, 12.77688], [75.2082, 12.77688], [75.20844, 12.77709], [75.20867, 12.77731], [75.20882, 12.77753], [75.2089, 12.77777], [75.20885, 12.77814], [75.20878, 12.77835], [75.20878, 12.77835], [75.20865, 12.77874], [75.20862, 12.77889], [75.20863, 12.77925], [75.20876, 12.77975], [75.20876, 12.77975], [75.20879, 12.77986], [75.20884, 12.78022], [75.20883, 12.78041], [75.20883, 12.78041], [75.20877, 12.78067], [75.20877, 12.78067], [75.20875, 12.78074], [75.20873, 12.7808], [75.20873, 12.7808], [75.20859, 12.78112], [75.20849, 12.78138], [75.20841, 12.78198], [75.20826, 12.78244], [75.20788, 12.78321], [75.20782, 12.78342], [75.20789, 12.78359], [75.20819, 12.78414], [75.2084, 12.7846], [75.20847, 12.78472], [75.20847, 12.78472], [75.20866, 12.78508], [75.20877, 12.78538], [75.20885, 12.78572], [75.20891, 12.78621], [75.20899, 12.78647], [75.20902, 12.78652], [75.20902, 12.78652], [75.2092, 12.78678], [75.20982, 12.78734], [75.20999, 12.78757], [75.21004, 12.7878], [75.20998, 12.78809], [75.2099, 12.7887], [75.20971, 12.78977], [75.2096, 12.79035], [75.20953, 12.7907], [75.20949, 12.79117], [75.20951, 12.79141], [75.20972, 12.79219], [75.20978, 12.79251], [75.2098, 12.79296], [75.20977, 12.7935], [75.20985, 12.79387], [75.21011, 12.79454], [75.21021, 12.79481], [75.21017, 12.79526], [75.21018, 12.79556], [75.21027, 12.79577], [75.21037, 12.79598], [75.21078, 12.79648], [75.21093, 12.79667], [75.21093, 12.79667], [75.21119, 12.79723], [75.21123, 12.79748], [75.21113, 12.79769], [75.21093, 12.79796], [75.21072, 12.79824], [75.21055, 12.7986], [75.21038, 12.79904], [75.21033, 12.7994], [75.21035, 12.79961], [75.2104, 12.79986], [75.21046, 12.80001], [75.21051, 12.80013], [75.21055, 12.80022], [75.21054, 12.80038], [75.21052, 12.80049], [75.2105, 12.80061], [75.21052, 12.80067], [75.21058, 12.80073], [75.21058, 12.80073], [75.21064, 12.80074], [75.21075, 12.80076], [75.21091, 12.8008], [75.21134, 12.80099], [75.2117, 12.80117], [75.21199, 12.80139], [75.21221, 12.80167], [75.21236, 12.80196], [75.21244, 12.8023], [75.21245, 12.80256], [75.21244, 12.80305], [75.21239, 12.80338], [75.21237, 12.80348], [75.21236, 12.80354], [75.21244, 12.80364], [75.21252, 12.80368], [75.21268, 12.80377], [75.21309, 12.80399], [75.2132, 12.80411], [75.21323, 12.8042], [75.21323, 12.80428], [75.21323, 12.80439], [75.21324, 12.80452], [75.21333, 12.80483], [75.21336, 12.80497], [75.21338, 12.80506], [75.21338, 12.80514], [75.21336, 12.80521], [75.21329, 12.80531], [75.21321, 12.80542], [75.21309, 12.80554], [75.21296, 12.80575], [75.21285, 12.80588], [75.21273, 12.80606], [75.21262, 12.80621], [75.21256, 12.80626], [75.21248, 12.80629], [75.21235, 12.80633], [75.21204, 12.80637], [75.21189, 12.80641], [75.2118, 12.80645], [75.21174, 12.80651], [75.2117, 12.80658], [75.21168, 12.80672], [75.21169, 12.80696], [75.21174, 12.80729], [75.21174, 12.80729], [75.21181, 12.80757], [75.2119, 12.80782], [75.21199, 12.80798], [75.21207, 12.80807], [75.21214, 12.80812], [75.21232, 12.8082], [75.21241, 12.80826], [75.21249, 12.80834], [75.21268, 12.80865], [75.21286, 12.80893], [75.21296, 12.80916], [75.21306, 12.80932], [75.21314, 12.80944], [75.21331, 12.80957], [75.2134, 12.80965], [75.21346, 12.80973], [75.21352, 12.80987], [75.21379, 12.81041], [75.21399, 12.81083], [75.21405, 12.81089], [75.2141, 12.81093], [75.21423, 12.81098], [75.21437, 12.81104], [75.21443, 12.8111], [75.21465, 12.8113], [75.21477, 12.81139], [75.21502, 12.81149], [75.21519, 12.81154], [75.21537, 12.81164], [75.2157, 12.81189], [75.21588, 12.81203], [75.21594, 12.81215], [75.21604, 12.81236], [75.21608, 12.81276], [75.21608, 12.81276], [75.21617, 12.81292], [75.21627, 12.81305], [75.21642, 12.81317], [75.21665, 12.81334], [75.21682, 12.81346], [75.21708, 12.81365], [75.21725, 12.81381], [75.21749, 12.81403], [75.21773, 12.81417], [75.21793, 12.81428], [75.21812, 12.81436], [75.21826, 12.81439], [75.21826, 12.81439], [75.21843, 12.81438], [75.21853, 12.81438], [75.21853, 12.81438], [75.21897, 12.81433], [75.21916, 12.81436], [75.21934, 12.81444], [75.21942, 12.81456], [75.21945, 12.81476], [75.21948, 12.81488], [75.21958, 12.81504], [75.21971, 12.81512], [75.21986, 12.81515], [75.22004, 12.81518], [75.22015, 12.81521], [75.22027, 12.81531], [75.22035, 12.81543], [75.22042, 12.81558], [75.22044, 12.81572], [75.22046, 12.81588], [75.22046, 12.816], [75.22053, 12.81616], [75.22064, 12.81637], [75.22081, 12.81678], [75.22094, 12.8171], [75.22099, 12.81732], [75.221, 12.81736], [75.22101, 12.81741], [75.22103, 12.81745], [75.2211, 12.81756], [75.22128, 12.81765], [75.22159, 12.8178], [75.22184, 12.81791], [75.22201, 12.81798], [75.22201, 12.81798], [75.22226, 12.81806], [75.2226, 12.81817], [75.22287, 12.8182], [75.22312, 12.8182], [75.22326, 12.8182], [75.22326, 12.8182], [75.2235, 12.81817], [75.22363, 12.81814], [75.22363, 12.81814], [75.22384, 12.81808], [75.22411, 12.81797], [75.22429, 12.81793], [75.22451, 12.81797], [75.22498, 12.8181], [75.22508, 12.81817], [75.22519, 12.81827], [75.22535, 12.81844], [75.22543, 12.81854], [75.22543, 12.81854], [75.2257, 12.81878], [75.22589, 12.81894], [75.22602, 12.81909], [75.22611, 12.81929], [75.22612, 12.81943], [75.22607, 12.81951], [75.22596, 12.81963], [75.22587, 12.81976], [75.2258, 12.81991], [75.22577, 12.82005], [75.22576, 12.82023], [75.22576, 12.82041], [75.22577, 12.82056], [75.22586, 12.82083], [75.22598, 12.82111], [75.22609, 12.82137], [75.22629, 12.82177], [75.22643, 12.82196], [75.22669, 12.82216], [75.22696, 12.82235], [75.22715, 12.82253], [75.2273, 12.82271], [75.2274, 12.8229], [75.22757, 12.82311], [75.2278, 12.82334], [75.22798, 12.82357], [75.22807, 12.82377], [75.22807, 12.82377], [75.2282, 12.82399], [75.22846, 12.82452], [75.22853, 12.82461], [75.22853, 12.82461], [75.22862, 12.82472], [75.22862, 12.82472], [75.22891, 12.8249], [75.22909, 12.82503], [75.22931, 12.82529], [75.22954, 12.82555], [75.22973, 12.82585], [75.22999, 12.82619], [75.23011, 12.82639], [75.23022, 12.82678], [75.23033, 12.82699], [75.23051, 12.82723], [75.23056, 12.82731], [75.23066, 12.82747], [75.23099, 12.82805], [75.23108, 12.8283], [75.23115, 12.82845], [75.23127, 12.82853], [75.23142, 12.82859], [75.23162, 12.82859], [75.23181, 12.82859], [75.23194, 12.82859], [75.23205, 12.82864], [75.23215, 12.82876], [75.23222, 12.82894], [75.23224, 12.82916], [75.23229, 12.82929], [75.2323, 12.82932], [75.23236, 12.82942], [75.23262, 12.82973], [75.23285, 12.82995], [75.23312, 12.83004], [75.23334, 12.8301], [75.23334, 12.8301], [75.23349, 12.83013], [75.23382, 12.83017], [75.234, 12.83024], [75.23408, 12.83032], [75.23416, 12.83048], [75.23424, 12.83059], [75.23424, 12.83059], [75.23438, 12.83066], [75.23456, 12.8307], [75.23456, 12.8307], [75.23472, 12.83078], [75.23485, 12.8309], [75.23503, 12.83099], [75.23517, 12.83104], [75.23528, 12.83105], [75.2354, 12.83104], [75.23559, 12.831], [75.23568, 12.83103], [75.23575, 12.83108], [75.23589, 12.83132], [75.23609, 12.83161], [75.23617, 12.83174], [75.23619, 12.83184], [75.23619, 12.83204], [75.23622, 12.83214], [75.23626, 12.83217], [75.23631, 12.83221], [75.23642, 12.83227], [75.23658, 12.83232], [75.23677, 12.83238], [75.23684, 12.83242], [75.23697, 12.8325], [75.23723, 12.83266], [75.23742, 12.83279], [75.23752, 12.8329], [75.23761, 12.83303], [75.23769, 12.83312], [75.23803, 12.83336], [75.23809, 12.83344], [75.23809, 12.83344], [75.23812, 12.83356], [75.23812, 12.83356], [75.23813, 12.83365], [75.23815, 12.83375], [75.2382, 12.83381], [75.2382, 12.83381], [75.23823, 12.83386], [75.23834, 12.83396], [75.23851, 12.83406], [75.23878, 12.83421], [75.23887, 12.83425], [75.239, 12.83437], [75.23915, 12.8346], [75.23939, 12.83496], [75.2395, 12.83514], [75.23959, 12.83527], [75.23966, 12.83536], [75.23966, 12.83536], [75.23981, 12.83539], [75.24015, 12.83548], [75.24039, 12.83555], [75.24059, 12.83565], [75.24079, 12.83576], [75.24092, 12.83586], [75.24103, 12.83599], [75.24109, 12.83608], [75.24122, 12.83631], [75.24138, 12.8366], [75.24147, 12.83678], [75.24147, 12.83678], [75.24151, 12.83687], [75.24151, 12.83687], [75.24193, 12.83703], [75.24231, 12.83719], [75.24401, 12.8378], [75.24436, 12.83792], [75.24436, 12.83792], [75.24484, 12.83805], [75.24533, 12.83809], [75.24595, 12.83807], [75.24749, 12.83803], [75.24749, 12.83803], [75.24791, 12.83814], [75.24805, 12.83813], [75.24914, 12.83804], [75.24914, 12.83804], [75.24898, 12.83873], [75.24898, 12.83873], [75.24884, 12.83942], [75.24884, 12.83942], [75.2488, 12.83961], [75.24848, 12.84069], [75.24798, 12.84241], [75.24757, 12.84368], [75.24753, 12.84396], [75.24753, 12.84404], [75.24757, 12.84421], [75.24771, 12.84444], [75.24779, 12.84459], [75.24779, 12.84475], [75.24774, 12.84507], [75.24759, 12.84581], [75.2476, 12.84611], [75.24764, 12.84671], [75.24764, 12.84671], [75.24762, 12.847], [75.24754, 12.84727], [75.24732, 12.84751], [75.24709, 12.84761], [75.24678, 12.84769], [75.24656, 12.84769], [75.24638, 12.84761], [75.24622, 12.84739], [75.24616, 12.84732], [75.24607, 12.84728], [75.24601, 12.84726], [75.24595, 12.84727], [75.24589, 12.84732], [75.24585, 12.84738], [75.24584, 12.84744], [75.24574, 12.8476], [75.24548, 12.84778], [75.24535, 12.84785], [75.2452, 12.84789], [75.24504, 12.84785], [75.24487, 12.84781], [75.24487, 12.84781], [75.24476, 12.84786], [75.24464, 12.84794], [75.24453, 12.84809], [75.2445, 12.84825], [75.24452, 12.84841], [75.24464, 12.84867], [75.24476, 12.84897], [75.24482, 12.84916], [75.24489, 12.84958], [75.24503, 12.84999], [75.24531, 12.85059], [75.24545, 12.85078], [75.24559, 12.85098], [75.24575, 12.85121], [75.24587, 12.85149], [75.24594, 12.85188], [75.24594, 12.85188], [75.24591, 12.85194], [75.24592, 12.85218], [75.24585, 12.85242], [75.24579, 12.85258], [75.24575, 12.85276], [75.24575, 12.85293], [75.24571, 12.85325], [75.24565, 12.85345], [75.2455, 12.85374], [75.24523, 12.85404], [75.24512, 12.85424], [75.24507, 12.85441], [75.24483, 12.85509], [75.24473, 12.85544], [75.24462, 12.85591], [75.24454, 12.85603], [75.24438, 12.85608], [75.24426, 12.85613], [75.24416, 12.85623], [75.24382, 12.85659], [75.24363, 12.85668], [75.24349, 12.8568], [75.24341, 12.85694], [75.24341, 12.85707], [75.24349, 12.8572], [75.24366, 12.85731], [75.24388, 12.85743], [75.24402, 12.85754], [75.24432, 12.85782], [75.24454, 12.85799], [75.2446, 12.85806], [75.24465, 12.85818], [75.24465, 12.85836], [75.24465, 12.85855], [75.24471, 12.85876], [75.24485, 12.859], [75.24493, 12.85926], [75.24493, 12.85942], [75.24489, 12.85948], [75.24483, 12.85954], [75.24475, 12.85955], [75.24463, 12.85954], [75.24434, 12.85949], [75.24415, 12.85945], [75.24395, 12.85946], [75.24381, 12.85946], [75.24356, 12.85944], [75.24333, 12.85944], [75.24315, 12.85952], [75.24304, 12.85963], [75.24299, 12.85974], [75.24302, 12.85986], [75.24313, 12.85999], [75.24336, 12.86012], [75.24361, 12.86035], [75.24383, 12.86072], [75.24397, 12.86099], [75.24408, 12.86132], [75.24404, 12.86145], [75.24393, 12.86162], [75.24379, 12.86177], [75.24372, 12.86193], [75.24372, 12.86213], [75.24371, 12.86227], [75.24365, 12.86243], [75.24358, 12.86256], [75.24329, 12.86321], [75.24275, 12.86418], [75.24275, 12.86418], [75.24238, 12.8649], [75.24212, 12.86532], [75.24191, 12.86565], [75.24184, 12.86571], [75.24173, 12.86575], [75.24156, 12.86575], [75.24127, 12.86574], [75.24097, 12.86576], [75.24065, 12.86582], [75.24047, 12.866], [75.24032, 12.86625], [75.24022, 12.86652], [75.24022, 12.86678], [75.24027, 12.86706], [75.24035, 12.86738], [75.2404, 12.86766], [75.24036, 12.86786], [75.24033, 12.868], [75.24022, 12.86818], [75.24004, 12.86846], [75.2399, 12.8687], [75.23971, 12.86898], [75.23945, 12.86929], [75.23932, 12.86954], [75.23918, 12.8699], [75.23907, 12.8703], [75.23907, 12.87048], [75.23907, 12.87068], [75.23913, 12.87085], [75.2393, 12.87096], [75.23942, 12.87109], [75.23951, 12.87124], [75.23954, 12.87142], [75.23954, 12.87163], [75.23954, 12.87181], [75.23958, 12.872], [75.23966, 12.87217], [75.23982, 12.87229], [75.24303, 12.87532], [75.2433, 12.87564], [75.24341, 12.87595], [75.24351, 12.87626], [75.24351, 12.87667], [75.24352, 12.87719], [75.24355, 12.87806], [75.2436, 12.87829], [75.24381, 12.87868], [75.24394, 12.87893], [75.24398, 12.87914], [75.24399, 12.8794], [75.24391, 12.8797], [75.24382, 12.87995], [75.24371, 12.88032], [75.24359, 12.88054], [75.24345, 12.88077], [75.24337, 12.8809], [75.24337, 12.8809], [75.24325, 12.88111], [75.24314, 12.88139], [75.24306, 12.88166], [75.24306, 12.88183], [75.24314, 12.882], [75.24328, 12.88214], [75.24352, 12.88224], [75.24388, 12.88239], [75.24459, 12.88266], [75.24506, 12.88276], [75.24524, 12.88286], [75.24546, 12.88303], [75.24574, 12.88334], [75.24605, 12.88355], [75.24643, 12.88376], [75.24663, 12.88397], [75.24688, 12.88441], [75.247, 12.88459], [75.24724, 12.8847], [75.24757, 12.88477], [75.24862, 12.88492], [75.24906, 12.88515], [75.24935, 12.88534], [75.24962, 12.88549], [75.25015, 12.8857], [75.25049, 12.88578], [75.25081, 12.88588], [75.25109, 12.88607], [75.25116, 12.88615], [75.2514, 12.88639], [75.25144, 12.88651], [75.25144, 12.88651], [75.25144, 12.88664], [75.25137, 12.88677], [75.25118, 12.88698], [75.25103, 12.88716], [75.25081, 12.88751], [75.25075, 12.88768], [75.25064, 12.88812], [75.25045, 12.88904], [75.25028, 12.88958], [75.25018, 12.88988], [75.24994, 12.89023], [75.24965, 12.89059], [75.24946, 12.89083], [75.24924, 12.89116], [75.24891, 12.89153], [75.24839, 12.89209], [75.24827, 12.89246], [75.24815, 12.89292], [75.24815, 12.89318], [75.24823, 12.89333], [75.24836, 12.89346], [75.24848, 12.8936], [75.24866, 12.89388], [75.24886, 12.89412], [75.24893, 12.89436], [75.24893, 12.89458], [75.24893, 12.89483], [75.24897, 12.895], [75.24902, 12.89509], [75.24912, 12.89518], [75.2492, 12.89528], [75.24921, 12.89541], [75.24921, 12.89553], [75.24929, 12.8957], [75.24939, 12.89587], [75.24953, 12.89598], [75.24975, 12.89611], [75.25001, 12.8962], [75.25022, 12.8962], [75.25037, 12.8962], [75.25058, 12.89616], [75.2507, 12.89622], [75.25083, 12.89631], [75.25098, 12.89651], [75.25119, 12.89681], [75.25148, 12.89712], [75.25176, 12.89737], [75.25198, 12.89754], [75.25213, 12.89765], [75.25222, 12.89781], [75.25228, 12.89805], [75.2524, 12.8986], [75.2525, 12.899], [75.25258, 12.8993], [75.25258, 12.89951], [75.25258, 12.89983], [75.25266, 12.90011], [75.2528, 12.90043], [75.25286, 12.90065], [75.25288, 12.90105], [75.25285, 12.90145], [75.25273, 12.9017], [75.25268, 12.90192], [75.25269, 12.90206], [75.25278, 12.90218], [75.25291, 12.90228], [75.25339, 12.90251], [75.25351, 12.90265], [75.25356, 12.9028], [75.25357, 12.90302], [75.25357, 12.90327], [75.25346, 12.90355], [75.25336, 12.90383], [75.25336, 12.90405], [75.25336, 12.9043], [75.25344, 12.90471], [75.25351, 12.90489], [75.25361, 12.90507], [75.25373, 12.9053], [75.25381, 12.90557], [75.25388, 12.90609], [75.25392, 12.90651], [75.25395, 12.90679], [75.25393, 12.90699], [75.2538, 12.9072], [75.25373, 12.90746], [75.25371, 12.90774], [75.25379, 12.90802], [75.2539, 12.90825], [75.25406, 12.90876], [75.25422, 12.90908], [75.25429, 12.90933], [75.25426, 12.90948], [75.25412, 12.90965], [75.2539, 12.91], [75.25376, 12.91021], [75.25376, 12.91021], [75.25353, 12.91067], [75.25331, 12.91119], [75.25321, 12.9113], [75.25301, 12.9115], [75.25275, 12.9118], [75.25235, 12.91231], [75.25221, 12.91252], [75.25214, 12.91274], [75.25193, 12.91344], [75.25186, 12.9136], [75.25155, 12.91489], [75.25152, 12.91522], [75.25152, 12.91533], [75.25159, 12.9155], [75.25177, 12.91572], [75.25229, 12.91619], [75.25258, 12.91646], [75.2527, 12.91667], [75.2527, 12.91693], [75.25265, 12.91723], [75.25264, 12.91737], [75.25265, 12.91752], [75.25277, 12.9178], [75.253, 12.91806], [75.25324, 12.91825], [75.25348, 12.91841], [75.25389, 12.91894], [75.25477, 12.91999], [75.25501, 12.9202], [75.25517, 12.9204], [75.25531, 12.92069], [75.25547, 12.921], [75.25559, 12.92112], [75.25579, 12.92119], [75.25609, 12.9212], [75.25623, 12.92125], [75.25637, 12.92135], [75.25684, 12.92187], [75.25701, 12.92199], [75.25711, 12.92202], [75.25729, 12.92211], [75.25736, 12.92217], [75.25744, 12.92247], [75.25742, 12.92267], [75.25733, 12.92296], [75.2573, 12.92328], [75.25734, 12.92346], [75.25747, 12.92367], [75.25764, 12.92403], [75.25766, 12.92427], [75.25776, 12.92514], [75.25787, 12.92545], [75.25802, 12.92567], [75.25822, 12.92593], [75.25849, 12.92622], [75.25871, 12.92644], [75.25885, 12.92654], [75.259, 12.92659], [75.259, 12.92659], [75.25906, 12.92664], [75.2591, 12.92669], [75.25912, 12.92674], [75.25913, 12.92679], [75.25912, 12.92684], [75.25911, 12.92688], [75.2591, 12.92695], [75.25874, 12.92791], [75.25872, 12.92821], [75.25876, 12.92841], [75.25876, 12.92895], [75.2587, 12.92968], [75.25869, 12.93037], [75.25871, 12.93079], [75.25877, 12.93112], [75.25893, 12.93173], [75.25893, 12.93173], [75.25894, 12.93178], [75.25897, 12.93207], [75.25903, 12.93242], [75.25913, 12.9327], [75.25922, 12.93297], [75.25924, 12.93336], [75.25921, 12.93371], [75.25916, 12.93433], [75.25916, 12.93462], [75.25927, 12.93522], [75.2594, 12.93569], [75.25947, 12.9362], [75.25945, 12.93635], [75.25934, 12.93771], [75.25927, 12.93839], [75.25929, 12.93858], [75.25943, 12.93878], [75.25969, 12.93896], [75.25997, 12.93914], [75.26014, 12.93918], [75.2603, 12.93922], [75.26044, 12.93926], [75.26052, 12.93934], [75.26059, 12.93973], [75.26058, 12.93983], [75.26057, 12.9399], [75.26055, 12.93994], [75.26053, 12.93998], [75.2605, 12.94001], [75.26047, 12.94004], [75.26042, 12.94005], [75.26029, 12.94008], [75.26012, 12.94012], [75.26003, 12.94023], [75.25993, 12.94045], [75.25944, 12.94181], [75.25928, 12.94228], [75.25927, 12.94253], [75.25934, 12.94273], [75.2595, 12.94294], [75.25961, 12.9431], [75.25973, 12.94328], [75.25991, 12.9441], [75.25991, 12.9441], [75.26032, 12.94511], [75.2607, 12.946], [75.26094, 12.9469], [75.26112, 12.94734], [75.26152, 12.9483], [75.26209, 12.94999], [75.2624, 12.95085], [75.26258, 12.95146], [75.26261, 12.95196], [75.26261, 12.95196], [75.26256, 12.95257], [75.26244, 12.95302], [75.26244, 12.95302], [75.26223, 12.95353], [75.26208, 12.95376], [75.26173, 12.95446], [75.26147, 12.95544], [75.26125, 12.95613], [75.26089, 12.95706], [75.26061, 12.95751], [75.26018, 12.95812], [75.25954, 12.95901], [75.25939, 12.95915], [75.25923, 12.95931], [75.2591, 12.95944], [75.25898, 12.9596], [75.25892, 12.9597], [75.25886, 12.95986], [75.25881, 12.9601], [75.2587, 12.96048], [75.25863, 12.96063], [75.25856, 12.96078], [75.25851, 12.96088], [75.25844, 12.96094], [75.25835, 12.96101], [75.25821, 12.96108], [75.258, 12.96119], [75.25783, 12.96133], [75.2578, 12.96139], [75.25777, 12.96148], [75.25777, 12.96159], [75.25777, 12.9617], [75.25777, 12.9617], [75.25779, 12.96182], [75.25787, 12.9623], [75.25791, 12.96266], [75.25793, 12.96303], [75.25791, 12.96314], [75.25788, 12.96325], [75.25788, 12.96325], [75.2578, 12.96342], [75.25769, 12.96362], [75.25769, 12.96362], [75.25747, 12.964], [75.25718, 12.96449], [75.25689, 12.96502], [75.25683, 12.96513], [75.25679, 12.96526], [75.25676, 12.96544], [75.25676, 12.96562], [75.25681, 12.96582], [75.25698, 12.96619], [75.25704, 12.96631], [75.25716, 12.9665], [75.25731, 12.96673], [75.25738, 12.96683], [75.25742, 12.96693], [75.25746, 12.96704], [75.25748, 12.96716], [75.25758, 12.96736], [75.25772, 12.96754], [75.25812, 12.96802], [75.25817, 12.96824], [75.25818, 12.96845], [75.25807, 12.9687], [75.25794, 12.96894], [75.25794, 12.96894], [75.25767, 12.96958], [75.25761, 12.96977], [75.25754, 12.96998], [75.25743, 12.97016], [75.25728, 12.97029], [75.25707, 12.97047], [75.25653, 12.97094], [75.25632, 12.97128], [75.25624, 12.97159], [75.25617, 12.97183], [75.25603, 12.97192], [75.25587, 12.97202], [75.2557, 12.9721], [75.25562, 12.97225], [75.25557, 12.97245], [75.25559, 12.97261], [75.25562, 12.97289], [75.25562, 12.97316], [75.25556, 12.9736], [75.25543, 12.97385], [75.25543, 12.97385], [75.25539, 12.97393], [75.25516, 12.97416], [75.25506, 12.97424], [75.25506, 12.97424], [75.25463, 12.97461], [75.25419, 12.97503], [75.25383, 12.97537], [75.25372, 12.97553], [75.25368, 12.97561], [75.25362, 12.97574], [75.25359, 12.97585], [75.25359, 12.97585], [75.25355, 12.97596], [75.25337, 12.9764], [75.25315, 12.97696], [75.25305, 12.97732], [75.25301, 12.9775], [75.25296, 12.97771], [75.25288, 12.97798], [75.25284, 12.97809], [75.25278, 12.97823], [75.25273, 12.97833], [75.2527, 12.97842], [75.25267, 12.97851], [75.25269, 12.97864], [75.25271, 12.97877], [75.25271, 12.97887], [75.2527, 12.97901], [75.25267, 12.97912], [75.2526, 12.97924], [75.25238, 12.97947], [75.25224, 12.97959], [75.25219, 12.9797], [75.25214, 12.97996], [75.2521, 12.98032], [75.2521, 12.98032], [75.25209, 12.98045], [75.25213, 12.98085], [75.25222, 12.9811], [75.25222, 12.9811], [75.25236, 12.98128], [75.25253, 12.98153], [75.25262, 12.98167], [75.25262, 12.98167], [75.25268, 12.98185], [75.25274, 12.982], [75.25275, 12.98215], [75.25275, 12.98215], [75.25277, 12.98242], [75.25278, 12.98286], [75.25278, 12.98286], [75.25272, 12.98326], [75.25262, 12.98359], [75.25242, 12.98419], [75.25229, 12.98445], [75.25225, 12.98465], [75.25225, 12.98465], [75.25247, 12.98475], [75.25286, 12.98492], [75.25286, 12.98492], [75.25301, 12.98501], [75.25314, 12.98509], [75.25314, 12.98509], [75.25321, 12.98516], [75.25331, 12.98525], [75.25359, 12.98545], [75.25388, 12.98564], [75.25445, 12.98595], [75.25491, 12.98617], [75.25533, 12.98633], [75.25562, 12.98644], [75.25591, 12.98653], [75.25622, 12.98659], [75.25642, 12.98665], [75.25654, 12.98671], [75.2566, 12.98676], [75.25664, 12.98683], [75.25665, 12.98694], [75.25665, 12.98702], [75.25663, 12.98711], [75.25658, 12.98733], [75.25654, 12.98758], [75.25653, 12.98768], [75.25655, 12.98779], [75.25655, 12.98779], [75.2566, 12.9879], [75.25671, 12.98799], [75.2569, 12.98811], [75.25763, 12.98853], [75.25813, 12.98878], [75.25887, 12.98904], [75.25887, 12.98904], [75.26008, 12.98938], [75.26035, 12.98942], [75.26059, 12.98941], [75.26121, 12.98931], [75.26139, 12.98928], [75.26178, 12.98935], [75.2621, 12.98946], [75.2621, 12.98946], [75.26222, 12.9895], [75.26246, 12.98968], [75.26246, 12.98968], [75.2625, 12.98971], [75.26287, 12.98997], [75.26328, 12.99014], [75.26373, 12.99025], [75.26391, 12.99029], [75.26391, 12.99029], [75.26464, 12.99043], [75.26548, 12.99025], [75.26565, 12.99024], [75.26565, 12.99024], [75.26755, 12.9901], [75.26881, 12.98989], [75.26881, 12.98989], [75.26915, 12.98982], [75.26915, 12.98982], [75.26966, 12.98977], [75.2701, 12.98969], [75.27098, 12.98958], [75.27151, 12.98961], [75.27151, 12.98961], [75.27154, 12.98961], [75.27187, 12.98959], [75.27202, 12.98956], [75.27299, 12.98937], [75.27361, 12.98919], [75.27361, 12.98919], [75.27378, 12.98914], [75.27431, 12.98912], [75.27431, 12.98912], [75.27523, 12.9891], [75.27523, 12.9891], [75.27545, 12.98909], [75.27559, 12.98909], [75.27559, 12.98909], [75.27602, 12.98908], [75.27602, 12.98908], [75.27642, 12.98907], [75.27642, 12.98907], [75.27653, 12.98907], [75.27751, 12.98908], [75.27766, 12.98908], [75.27766, 12.98908], [75.27815, 12.98909], [75.27864, 12.9891], [75.27952, 12.98916], [75.28019, 12.98925], [75.28038, 12.98931], [75.28038, 12.98931], [75.28048, 12.98934], [75.28063, 12.98943], [75.28063, 12.98943], [75.28078, 12.98958], [75.28151, 12.9906], [75.28158, 12.99069], [75.28158, 12.99069], [75.28179, 12.99089], [75.28199, 12.99102], [75.2822, 12.9911], [75.28257, 12.99119], [75.2827, 12.99122], [75.2827, 12.99122], [75.28278, 12.99124], [75.28296, 12.99132], [75.28296, 12.99132], [75.28327, 12.99144], [75.28397, 12.99182], [75.28418, 12.99192], [75.28418, 12.99192], [75.28462, 12.99214], [75.28512, 12.99236], [75.28536, 12.99244], [75.28536, 12.99244], [75.28543, 12.99247], [75.2862, 12.99274], [75.28663, 12.99285], [75.28663, 12.99285], [75.28737, 12.99296], [75.28754, 12.99299], [75.28754, 12.99299], [75.28793, 12.99307], [75.28838, 12.99316], [75.28868, 12.99319], [75.28868, 12.99319], [75.28881, 12.9932], [75.28881, 12.9932], [75.28926, 12.99318], [75.29005, 12.99311], [75.29028, 12.99312], [75.29056, 12.99317], [75.29093, 12.99322], [75.29093, 12.99322], [75.29109, 12.99325], [75.29126, 12.99326], [75.29144, 12.99326], [75.29158, 12.99323], [75.29185, 12.99308], [75.2921, 12.9929], [75.29245, 12.99273], [75.29287, 12.99258], [75.29338, 12.99248], [75.2938, 12.99248], [75.29426, 12.99257], [75.29426, 12.99257], [75.29444, 12.99196], [75.29454, 12.99135], [75.29456, 12.99092], [75.29459, 12.99071], [75.29458, 12.99052], [75.29456, 12.99039], [75.29437, 12.99013], [75.29405, 12.98984], [75.29306, 12.98882], [75.29255, 12.98832], [75.29255, 12.98832], [75.29282, 12.9882], [75.29328, 12.98805], [75.29345, 12.988], [75.29355, 12.98795], [75.29363, 12.98793], [75.29379, 12.98793], [75.29379, 12.98793], [75.29389, 12.98792], [75.29401, 12.98791], [75.29406, 12.98786], [75.29417, 12.98778], [75.2942, 12.98773], [75.29427, 12.98769], [75.2944, 12.98766], [75.29454, 12.98765], [75.2947, 12.98763], [75.29484, 12.98759], [75.29501, 12.98752], [75.29521, 12.98742], [75.29539, 12.98732], [75.29562, 12.98727], [75.29577, 12.98723], [75.29594, 12.98716], [75.29607, 12.9871], [75.29615, 12.98703], [75.29625, 12.98697], [75.29635, 12.98694], [75.29647, 12.98697], [75.29659, 12.98703], [75.29687, 12.98725], [75.29698, 12.98729], [75.29713, 12.98737], [75.29727, 12.98744], [75.29733, 12.98756], [75.29733, 12.98771], [75.29733, 12.98792], [75.29733, 12.9881], [75.29733, 12.98819], [75.29741, 12.98826], [75.2975, 12.98828]]}}, {"type": "Feature", "properties": {"kind": "aware", "hospital": "puttur_gh", "incident": "belthangady", "minutes": 121.0, "mean_exposure": 0.055, "max_exposure": 0.429}, "geometry": {"type": "LineString", "coordinates": [[75.20018, 12.75812], [75.20056, 12.75802], [75.20062, 12.75803], [75.20097, 12.75855], [75.20094, 12.75858], [75.20073, 12.75871], [75.20069, 12.75876], [75.20068, 12.75881], [75.20084, 12.75926], [75.20084, 12.75926], [75.20104, 12.75918], [75.20104, 12.75918], [75.2014, 12.75901], [75.20183, 12.75893], [75.20332, 12.75869], [75.20336, 12.75876], [75.20336, 12.75876], [75.20392, 12.7596], [75.20409, 12.76004], [75.20413, 12.76061], [75.20416, 12.76069], [75.20423, 12.76082], [75.20416, 12.76175], [75.20412, 12.76183], [75.20412, 12.76183], [75.20429, 12.7619], [75.20442, 12.76195], [75.20442, 12.76195], [75.20465, 12.76205], [75.20478, 12.76211], [75.2051, 12.76223], [75.2051, 12.76223], [75.20546, 12.76249], [75.20568, 12.76272], [75.20584, 12.7629], [75.20591, 12.76312], [75.20596, 12.76331], [75.20596, 12.76331], [75.2061, 12.7633], [75.20623, 12.76332], [75.20635, 12.76335], [75.20653, 12.76336], [75.20682, 12.76333], [75.2072, 12.76325], [75.20748, 12.76314], [75.20748, 12.76314], [75.20758, 12.76347], [75.20768, 12.76484], [75.20768, 12.76484], [75.20781, 12.76553], [75.20781, 12.76553], [75.20783, 12.76564], [75.20797, 12.76635], [75.20806, 12.76652], [75.20847, 12.76698], [75.20866, 12.76737], [75.20868, 12.76741], [75.20869, 12.76745], [75.20886, 12.76797], [75.20886, 12.76797], [75.2092, 12.76837], [75.2092, 12.76837], [75.20935, 12.76869], [75.20943, 12.76922], [75.2095, 12.76944], [75.2095, 12.76944], [75.20968, 12.76952], [75.20968, 12.76952], [75.21018, 12.76977], [75.21077, 12.77001], [75.21117, 12.77034], [75.21127, 12.77041], [75.21127, 12.77041], [75.21166, 12.77049], [75.21198, 12.77053], [75.2124, 12.7706], [75.21272, 12.7707], [75.21297, 12.77075], [75.21297, 12.77075], [75.21331, 12.77086], [75.21368, 12.77093], [75.21368, 12.77093], [75.21422, 12.771], [75.2147, 12.77109], [75.21481, 12.77114], [75.21481, 12.77114], [75.21517, 12.77115], [75.21548, 12.7712], [75.21596, 12.77129], [75.21627, 12.77134], [75.21678, 12.77152], [75.21707, 12.77157], [75.21741, 12.77166], [75.21758, 12.77176], [75.21776, 12.77197], [75.21782, 12.77208], [75.21782, 12.77216], [75.21782, 12.77216], [75.21797, 12.7722], [75.21813, 12.77229], [75.21824, 12.77238], [75.21832, 12.77247], [75.21839, 12.77255], [75.21845, 12.77258], [75.21851, 12.7726], [75.21855, 12.7726], [75.21865, 12.77259], [75.21873, 12.77253], [75.21887, 12.77232], [75.21895, 12.7722], [75.21906, 12.77209], [75.21916, 12.77198], [75.21931, 12.77176], [75.21941, 12.77165], [75.21954, 12.77159], [75.2197, 12.77159], [75.21984, 12.77165], [75.21991, 12.77167], [75.21991, 12.77167], [75.22008, 12.77172], [75.22034, 12.77177], [75.22048, 12.77183], [75.2206, 12.7719], [75.22067, 12.77195], [75.22087, 12.77214], [75.221, 12.77229], [75.22109, 12.77246], [75.22111, 12.77254], [75.22122, 12.77268], [75.2213, 12.77272], [75.22151, 12.7728], [75.2217, 12.77284], [75.2218, 12.77285], [75.22189, 12.77284], [75.22189, 12.77284], [75.22195, 12.7728], [75.22201, 12.77274], [75.22212, 12.77266], [75.22232, 12.77255], [75.22249, 12.7725], [75.22263, 12.77246], [75.22287, 12.77245], [75.22299, 12.77245], [75.2231, 12.77246], [75.22326, 12.77251], [75.22335, 12.77256], [75.2235, 12.77268], [75.22357, 12.77272], [75.22371, 12.77278], [75.22394, 12.77289], [75.22405, 12.77293], [75.22413, 12.77293], [75.22421, 12.77293], [75.2244, 12.77289], [75.22453, 12.77284], [75.22464, 12.77278], [75.22469, 12.77272], [75.22479, 12.77269], [75.22491, 12.77259], [75.22522, 12.77244], [75.22534, 12.77235], [75.2255, 12.77228], [75.22565, 12.77223], [75.22586, 12.77222], [75.22614, 12.77227], [75.22628, 12.77228], [75.22641, 12.77212], [75.22658, 12.77194], [75.22669, 12.77182], [75.22671, 12.77164], [75.22685, 12.77137], [75.22695, 12.77116], [75.22711, 12.77104], [75.22725, 12.77097], [75.22752, 12.77092], [75.22803, 12.7708], [75.2285, 12.77067], [75.22877, 12.77067], [75.22892, 12.77063], [75.22899, 12.77057], [75.22903, 12.77051], [75.22906, 12.77041], [75.22907, 12.77029], [75.22907, 12.77013], [75.22909, 12.77002], [75.22908, 12.76991], [75.22902, 12.76961], [75.22901, 12.76947], [75.22898, 12.76932], [75.22897, 12.76913], [75.22897, 12.76899], [75.22905, 12.76871], [75.22905, 12.76851], [75.2291, 12.76831], [75.22917, 12.76808], [75.22919, 12.76791], [75.22922, 12.76777], [75.22934, 12.76742], [75.22944, 12.76703], [75.22955, 12.76682], [75.22971, 12.76652], [75.22986, 12.7662], [75.22996, 12.76602], [75.23001, 12.76594], [75.23013, 12.76568], [75.23022, 12.76536], [75.23031, 12.76503], [75.23028, 12.76481], [75.23035, 12.76447], [75.23044, 12.76432], [75.23046, 12.76422], [75.2305, 12.7641], [75.2305, 12.76399], [75.2305, 12.76393], [75.2306, 12.76387], [75.23068, 12.7638], [75.23073, 12.76367], [75.23074, 12.76353], [75.23066, 12.76334], [75.23056, 12.7632], [75.23049, 12.76305], [75.23044, 12.76294], [75.23039, 12.76286], [75.23039, 12.76286], [75.23062, 12.76286], [75.231, 12.76279], [75.2314, 12.76262], [75.23188, 12.76241], [75.23255, 12.76218], [75.23331, 12.76198], [75.23383, 12.76183], [75.23424, 12.76159], [75.23458, 12.76121], [75.23489, 12.76069], [75.23498, 12.76036], [75.23505, 12.76022], [75.23531, 12.76002], [75.23674, 12.75944], [75.23756, 12.75913], [75.23778, 12.75911], [75.23813, 12.75915], [75.23891, 12.75925], [75.2397, 12.7594], [75.24032, 12.75953], [75.24068, 12.75953], [75.24215, 12.75948], [75.24364, 12.75936], [75.24388, 12.75928], [75.24409, 12.75904], [75.24427, 12.75865], [75.2443, 12.75832], [75.24482, 12.75726], [75.24494, 12.75705], [75.24494, 12.75705], [75.24503, 12.75688], [75.24531, 12.75653], [75.24553, 12.75633], [75.24575, 12.75619], [75.24601, 12.75605], [75.24622, 12.75594], [75.24622, 12.75594], [75.24642, 12.75591], [75.24663, 12.75591], [75.2469, 12.75593], [75.24719, 12.75594], [75.24749, 12.75598], [75.24768, 12.75599], [75.2479, 12.75598], [75.24814, 12.75595], [75.24848, 12.75587], [75.24902, 12.75576], [75.24902, 12.75576], [75.24921, 12.75569], [75.24943, 12.75559], [75.2497, 12.75544], [75.24997, 12.75526], [75.25033, 12.75502], [75.25038, 12.75499], [75.25038, 12.75499], [75.25073, 12.75479], [75.25118, 12.75467], [75.25314, 12.7535], [75.25336, 12.75343], [75.25379, 12.75349], [75.2543, 12.75359], [75.25554, 12.75381], [75.25607, 12.75381], [75.25648, 12.75371], [75.25691, 12.75365], [75.25717, 12.75368], [75.2576, 12.75388], [75.25787, 12.75403], [75.25813, 12.75405], [75.25866, 12.75385], [75.25908, 12.7537], [75.25979, 12.75353], [75.26014, 12.75348], [75.26047, 12.75335], [75.26079, 12.75317], [75.26133, 12.75304], [75.26175, 12.75297], [75.26211, 12.75297], [75.26246, 12.75292], [75.26263, 12.75282], [75.26304, 12.75245], [75.26347, 12.75214], [75.26401, 12.75189], [75.26458, 12.7517], [75.26507, 12.7516], [75.26554, 12.75159], [75.26582, 12.75171], [75.26618, 12.7519], [75.26672, 12.75202], [75.26703, 12.75202], [75.26725, 12.75198], [75.2675, 12.75182], [75.26779, 12.75161], [75.2681, 12.75143], [75.26846, 12.75128], [75.26873, 12.75125], [75.26909, 12.75125], [75.26962, 12.75134], [75.26991, 12.75135], [75.27021, 12.75122], [75.27041, 12.75111], [75.27143, 12.75038], [75.27167, 12.75033], [75.27192, 12.75033], [75.2722, 12.75035], [75.27243, 12.75027], [75.27258, 12.75016], [75.27278, 12.74994], [75.27282, 12.74992], [75.27302, 12.74975], [75.27345, 12.74952], [75.27422, 12.74922], [75.27503, 12.74898], [75.27529, 12.74902], [75.27581, 12.74902], [75.27657, 12.74901], [75.27711, 12.74899], [75.27711, 12.74899], [75.27723, 12.74896], [75.27743, 12.74896], [75.27765, 12.74882], [75.27803, 12.74843], [75.27814, 12.74817], [75.27814, 12.74779], [75.27815, 12.74746], [75.27809, 12.747], [75.27787, 12.74634], [75.27773, 12.7458], [75.2777, 12.74536], [75.2777, 12.74536], [75.27783, 12.74522], [75.27809, 12.74505], [75.27865, 12.74465], [75.27898, 12.74441], [75.27941, 12.74426], [75.27983, 12.74418], [75.28026, 12.74415], [75.2814, 12.74425], [75.28333, 12.74438], [75.28451, 12.74438], [75.28519, 12.7443], [75.28561, 12.74425], [75.28599, 12.74409], [75.28646, 12.74366], [75.28676, 12.7434], [75.28694, 12.74331], [75.28716, 12.74328], [75.28733, 12.74331], [75.28754, 12.74342], [75.28851, 12.74396], [75.28906, 12.74404], [75.28927, 12.74398], [75.28972, 12.74346], [75.29002, 12.74326], [75.29108, 12.74292], [75.29142, 12.74271], [75.29275, 12.74155], [75.29314, 12.74137], [75.29339, 12.74138], [75.29486, 12.7416], [75.29521, 12.74178], [75.29607, 12.74253], [75.29631, 12.74263], [75.2965, 12.74257], [75.29701, 12.74239], [75.29715, 12.74237], [75.29728, 12.74237], [75.29741, 12.74241], [75.29758, 12.74254], [75.29783, 12.74276], [75.29811, 12.74299], [75.29879, 12.74344], [75.29895, 12.74357], [75.29913, 12.74379], [75.29928, 12.74421], [75.29933, 12.74469], [75.29936, 12.74515], [75.29942, 12.74531], [75.29955, 12.74539], [75.29967, 12.7454], [75.29994, 12.74542], [75.30123, 12.74536], [75.3023, 12.7454], [75.30267, 12.74552], [75.30302, 12.74574], [75.30376, 12.74644], [75.30423, 12.74663], [75.30436, 12.74666], [75.30456, 12.74665], [75.30477, 12.74659], [75.30563, 12.74609], [75.30611, 12.74587], [75.30629, 12.74577], [75.30638, 12.74565], [75.30658, 12.74518], [75.30671, 12.74505], [75.30795, 12.74392], [75.30889, 12.74323], [75.30916, 12.74306], [75.31072, 12.74247], [75.31088, 12.74237], [75.31153, 12.74191], [75.31318, 12.74044], [75.31332, 12.74025], [75.31343, 12.74005], [75.31362, 12.73948], [75.31378, 12.73921], [75.31381, 12.73906], [75.31362, 12.73833], [75.31357, 12.73762], [75.31361, 12.73741], [75.31369, 12.73727], [75.31385, 12.73716], [75.31482, 12.73696], [75.31523, 12.73681], [75.31546, 12.73663], [75.31559, 12.73645], [75.3161, 12.73482], [75.31618, 12.73465], [75.31618, 12.73465], [75.31624, 12.73452], [75.31633, 12.73442], [75.31647, 12.73435], [75.31846, 12.73439], [75.31994, 12.73425], [75.32044, 12.73429], [75.32067, 12.73434], [75.32089, 12.73446], [75.32121, 12.73469], [75.32163, 12.73484], [75.32191, 12.73488], [75.32244, 12.73494], [75.3234, 12.73525], [75.32396, 12.73552], [75.32446, 12.73568], [75.32484, 12.73591], [75.32498, 12.73597], [75.32546, 12.73603], [75.32557, 12.73611], [75.32561, 12.73623], [75.32559, 12.7372], [75.32556, 12.73806], [75.32555, 12.73817], [75.32563, 12.73833], [75.32591, 12.73855], [75.32613, 12.73868], [75.32628, 12.73871], [75.32753, 12.73869], [75.32835, 12.73877], [75.32887, 12.73875], [75.32918, 12.73872], [75.32918, 12.73872], [75.32976, 12.73866], [75.33051, 12.73867], [75.33105, 12.73863], [75.33215, 12.73841], [75.33237, 12.73841], [75.33325, 12.73858], [75.33343, 12.73868], [75.33354, 12.73876], [75.33417, 12.73941], [75.33428, 12.73947], [75.33537, 12.73945], [75.33644, 12.73951], [75.33644, 12.73951], [75.33635, 12.74006], [75.33627, 12.74029], [75.33618, 12.74058], [75.33622, 12.74085], [75.33635, 12.74111], [75.33648, 12.74138], [75.33659, 12.74174], [75.33669, 12.74205], [75.33682, 12.74238], [75.3369, 12.74263], [75.33705, 12.74274], [75.33719, 12.74278], [75.33738, 12.74285], [75.33774, 12.74295], [75.33789, 12.74307], [75.33798, 12.74323], [75.33808, 12.74377], [75.33818, 12.74401], [75.33825, 12.74414], [75.33832, 12.74432], [75.33834, 12.74447], [75.3383, 12.74471], [75.33822, 12.74498], [75.3382, 12.74517], [75.3382, 12.74536], [75.33823, 12.74553], [75.33832, 12.74569], [75.33847, 12.7458], [75.3387, 12.74583], [75.33885, 12.74585], [75.33905, 12.74594], [75.33923, 12.74605], [75.33943, 12.74619], [75.3396, 12.74636], [75.33974, 12.74658], [75.33987, 12.74678], [75.33999, 12.74696], [75.34009, 12.74718], [75.34063, 12.74929], [75.34063, 12.74929], [75.34071, 12.74951], [75.3408, 12.74969], [75.34095, 12.74987], [75.34134, 12.75005], [75.34173, 12.7501], [75.34195, 12.75015], [75.34224, 12.75029], [75.34248, 12.75036], [75.34287, 12.75045], [75.34331, 12.75052], [75.34387, 12.75053], [75.34419, 12.75059], [75.34454, 12.75078], [75.34482, 12.75105], [75.34509, 12.75135], [75.34528, 12.75157], [75.34592, 12.75188], [75.34649, 12.7522], [75.34726, 12.75255], [75.34805, 12.75284], [75.34841, 12.75301], [75.34862, 12.75323], [75.3489, 12.75372], [75.34896, 12.75416], [75.349, 12.75471], [75.34896, 12.75585], [75.34901, 12.75598], [75.3491, 12.75603], [75.34945, 12.75611], [75.34954, 12.75618], [75.34967, 12.75629], [75.34983, 12.75675], [75.34986, 12.75681], [75.34986, 12.75681], [75.34993, 12.75696], [75.35015, 12.75741], [75.35035, 12.75767], [75.35046, 12.7579], [75.35059, 12.75825], [75.35096, 12.75872], [75.35113, 12.75885], [75.35129, 12.75885], [75.35159, 12.75885], [75.35186, 12.75888], [75.352, 12.75894], [75.35209, 12.75921], [75.3522, 12.7597], [75.35231, 12.76006], [75.35244, 12.76024], [75.35248, 12.76036], [75.35248, 12.76051], [75.3524, 12.76086], [75.35239, 12.76108], [75.35246, 12.7612], [75.35273, 12.76189], [75.35282, 12.76202], [75.35294, 12.7621], [75.35307, 12.76213], [75.35321, 12.76216], [75.35335, 12.7622], [75.35344, 12.76226], [75.35357, 12.76241], [75.35368, 12.76252], [75.35392, 12.76282], [75.35409, 12.76309], [75.35415, 12.76335], [75.35416, 12.76357], [75.35412, 12.76379], [75.35405, 12.76409], [75.35378, 12.76459], [75.3534, 12.76546], [75.35285, 12.76647], [75.35242, 12.76727], [75.352, 12.7681], [75.35178, 12.76851], [75.35166, 12.76871], [75.35142, 12.76899], [75.35105, 12.76946], [75.35099, 12.76966], [75.35097, 12.76994], [75.351, 12.77022], [75.35105, 12.7704], [75.35132, 12.77118], [75.35161, 12.77204], [75.35185, 12.77283], [75.35206, 12.77344], [75.3522, 12.77366], [75.35232, 12.77403], [75.35251, 12.77479], [75.35261, 12.77533], [75.35271, 12.77632], [75.35274, 12.77676], [75.35281, 12.77714], [75.35299, 12.77745], [75.35318, 12.77761], [75.35335, 12.7777], [75.35354, 12.77779], [75.35354, 12.77779], [75.35368, 12.77777], [75.35405, 12.77771], [75.35473, 12.77762], [75.35506, 12.77751], [75.35519, 12.77742], [75.35529, 12.77729], [75.35541, 12.777], [75.35551, 12.77679], [75.35557, 12.77666], [75.35562, 12.7766], [75.35573, 12.77656], [75.35605, 12.77649], [75.35619, 12.77644], [75.35633, 12.77629], [75.35659, 12.77602], [75.35675, 12.7759], [75.35695, 12.77581], [75.35713, 12.77582], [75.35733, 12.77583], [75.35756, 12.77584], [75.35779, 12.77574], [75.35852, 12.77532], [75.35892, 12.77508], [75.35907, 12.775], [75.35923, 12.77494], [75.35937, 12.7749], [75.35957, 12.7749], [75.35984, 12.77487], [75.36012, 12.77484], [75.36094, 12.77467], [75.36144, 12.77455], [75.36172, 12.77448], [75.3619, 12.77448], [75.36219, 12.77452], [75.3625, 12.77456], [75.36327, 12.77461], [75.36388, 12.77458], [75.36425, 12.77452], [75.36457, 12.77437], [75.36515, 12.77409], [75.36562, 12.77391], [75.36585, 12.77384], [75.36605, 12.77385], [75.36631, 12.77385], [75.36654, 12.77382], [75.36684, 12.77371], [75.36737, 12.77355], [75.36774, 12.77348], [75.3681, 12.77339], [75.36848, 12.7733], [75.36915, 12.77306], [75.36968, 12.77287], [75.37004, 12.77271], [75.37031, 12.77261], [75.37061, 12.77254], [75.37089, 12.77254], [75.37114, 12.77262], [75.37132, 12.77272], [75.37147, 12.77287], [75.3716, 12.77311], [75.37166, 12.7733], [75.37184, 12.77409], [75.37189, 12.77431], [75.37191, 12.77461], [75.37199, 12.77477], [75.37217, 12.77507], [75.37244, 12.77531], [75.37264, 12.77549], [75.37287, 12.77562], [75.37307, 12.77565], [75.37336, 12.7757], [75.37431, 12.7758], [75.37494, 12.77584], [75.37535, 12.77584], [75.37593, 12.77579], [75.37648, 12.77581], [75.37696, 12.77581], [75.37757, 12.77584], [75.3781, 12.77593], [75.37877, 12.77608], [75.37935, 12.77614], [75.38014, 12.77617], [75.38046, 12.77615], [75.38071, 12.77609], [75.38083, 12.77601], [75.38099, 12.77585], [75.38109, 12.77564], [75.38125, 12.77524], [75.38132, 12.77514], [75.38142, 12.77504], [75.38157, 12.77491], [75.38168, 12.77484], [75.38191, 12.77481], [75.38225, 12.77473], [75.38245, 12.77462], [75.38279, 12.77441], [75.3836, 12.77388], [75.38396, 12.77367], [75.38429, 12.77358], [75.38458, 12.77354], [75.38518, 12.77347], [75.38601, 12.77334], [75.38627, 12.77327], [75.38655, 12.77317], [75.38682, 12.77305], [75.38804, 12.77249], [75.38975, 12.77174], [75.39033, 12.77147], [75.39048, 12.77142], [75.39064, 12.77142], [75.39085, 12.7714], [75.39104, 12.77136], [75.3912, 12.77131], [75.39144, 12.77118], [75.39163, 12.77101], [75.39176, 12.77095], [75.3919, 12.7709], [75.3922, 12.7709], [75.39392, 12.7708], [75.39424, 12.7708], [75.39451, 12.77077], [75.39484, 12.7707], [75.39647, 12.77032], [75.39667, 12.77025], [75.39684, 12.77015], [75.39708, 12.76999], [75.39789, 12.76946], [75.39819, 12.76923], [75.39839, 12.76912], [75.3985, 12.76895], [75.3987, 12.76855], [75.39882, 12.76839], [75.39893, 12.76835], [75.39901, 12.76833], [75.39927, 12.76838], [75.40083, 12.76875], [75.40122, 12.76897], [75.40161, 12.76925], [75.4025, 12.76996], [75.40312, 12.77051], [75.40349, 12.77078], [75.40366, 12.77085], [75.40383, 12.7709], [75.4046, 12.77098], [75.40579, 12.7711], [75.40613, 12.77118], [75.4066, 12.77131], [75.409, 12.77214], [75.41044, 12.77266], [75.41066, 12.77271], [75.4109, 12.77273], [75.41111, 12.77274], [75.41127, 12.77269], [75.41148, 12.77259], [75.41215, 12.77219], [75.41271, 12.77192], [75.41313, 12.77184], [75.41348, 12.77186], [75.41382, 12.77197], [75.41443, 12.77225], [75.41474, 12.77238], [75.41517, 12.77246], [75.41565, 12.7725], [75.41608, 12.77258], [75.41652, 12.77271], [75.41718, 12.7729], [75.41747, 12.77294], [75.41804, 12.77299], [75.41862, 12.77299], [75.41899, 12.77293], [75.41966, 12.77272], [75.42001, 12.77253], [75.42032, 12.77233], [75.42052, 12.7722], [75.42088, 12.77204], [75.42113, 12.77196], [75.42152, 12.77188], [75.42185, 12.77185], [75.42193, 12.77185], [75.42193, 12.77185], [75.42172, 12.77219], [75.42159, 12.77242], [75.42154, 12.77264], [75.42156, 12.77299], [75.42153, 12.77318], [75.42146, 12.77336], [75.42133, 12.77369], [75.42123, 12.77411], [75.42117, 12.77456], [75.42117, 12.77511], [75.4211, 12.77534], [75.42097, 12.77559], [75.42085, 12.77585], [75.42074, 12.77603], [75.42056, 12.77618], [75.42048, 12.77628], [75.42045, 12.77642], [75.42046, 12.77664], [75.42052, 12.77685], [75.42052, 12.77714], [75.42051, 12.7774], [75.42049, 12.77754], [75.42048, 12.77775], [75.42046, 12.77787], [75.42045, 12.77798], [75.42042, 12.77832], [75.42044, 12.77871], [75.42041, 12.77884], [75.42034, 12.77904], [75.42024, 12.77924], [75.42017, 12.7795], [75.42011, 12.77982], [75.42007, 12.77999], [75.41996, 12.78013], [75.41983, 12.78025], [75.41967, 12.7804], [75.41956, 12.78051], [75.41933, 12.78081], [75.41916, 12.78101], [75.41896, 12.78115], [75.41886, 12.78123], [75.41876, 12.78138], [75.41872, 12.78149], [75.41869, 12.78167], [75.41862, 12.78185], [75.41851, 12.78203], [75.4183, 12.78223], [75.41809, 12.78242], [75.41783, 12.78251], [75.41774, 12.78255], [75.41767, 12.78264], [75.41761, 12.78277], [75.41756, 12.78296], [75.41741, 12.78335], [75.41748, 12.7835], [75.41753, 12.78371], [75.41763, 12.78397], [75.41776, 12.78433], [75.4178, 12.78457], [75.4178, 12.78481], [75.41774, 12.78507], [75.41769, 12.78525], [75.41777, 12.78544], [75.41803, 12.7857], [75.41806, 12.78587], [75.41803, 12.7862], [75.41801, 12.78637], [75.41807, 12.78654], [75.41821, 12.78678], [75.41829, 12.78691], [75.41847, 12.78702], [75.4186, 12.78713], [75.4188, 12.78732], [75.4189, 12.78749], [75.41905, 12.78768], [75.4192, 12.78777], [75.41945, 12.78791], [75.41961, 12.78802], [75.41972, 12.78814], [75.41982, 12.78833], [75.41995, 12.78842], [75.4202, 12.7884], [75.4204, 12.78841], [75.42056, 12.78848], [75.42088, 12.7887], [75.42111, 12.78881], [75.42131, 12.78883], [75.42168, 12.78884], [75.422, 12.78877], [75.4222, 12.78876], [75.42237, 12.78877], [75.42263, 12.78891], [75.42285, 12.78908], [75.42289, 12.78922], [75.42284, 12.78938], [75.42269, 12.78963], [75.42261, 12.78984], [75.4226, 12.79003], [75.42264, 12.79026], [75.42264, 12.79038], [75.42259, 12.79049], [75.4226, 12.79066], [75.42271, 12.79077], [75.42291, 12.79091], [75.42305, 12.79104], [75.42309, 12.79114], [75.42309, 12.79131], [75.42307, 12.79185], [75.42305, 12.79193], [75.42297, 12.79196], [75.42287, 12.79196], [75.42274, 12.79193], [75.42255, 12.79186], [75.42233, 12.79173], [75.42219, 12.79167], [75.42197, 12.79168], [75.42176, 12.79171], [75.42154, 12.79168], [75.4214, 12.79164], [75.42126, 12.79166], [75.4211, 12.79173], [75.42093, 12.79188], [75.42071, 12.7921], [75.42058, 12.79226], [75.42048, 12.7925], [75.42036, 12.79266], [75.42017, 12.79286], [75.4201, 12.79298], [75.42007, 12.79316], [75.42004, 12.79333], [75.41992, 12.7935], [75.41976, 12.79365], [75.41941, 12.79381], [75.41921, 12.79387], [75.41907, 12.79385], [75.41851, 12.79363], [75.41836, 12.79356], [75.41821, 12.79356], [75.4173, 12.79373], [75.41704, 12.79379], [75.41693, 12.79393], [75.41685, 12.79417], [75.41682, 12.79435], [75.41685, 12.79456], [75.41681, 12.79485], [75.4167, 12.79528], [75.41669, 12.79565], [75.41666, 12.79588], [75.41657, 12.79607], [75.41638, 12.79651], [75.41634, 12.79665], [75.41635, 12.79681], [75.41644, 12.79713], [75.41645, 12.79726], [75.41643, 12.79735], [75.41637, 12.79744], [75.41626, 12.79755], [75.41621, 12.79768], [75.41614, 12.79784], [75.41608, 12.79793], [75.41599, 12.79798], [75.41584, 12.79804], [75.41558, 12.79808], [75.41537, 12.79813], [75.41515, 12.79821], [75.41435, 12.79864], [75.41412, 12.79876], [75.414, 12.79889], [75.4139, 12.79907], [75.41376, 12.79936], [75.41364, 12.79949], [75.41333, 12.79966], [75.41306, 12.79983], [75.41269, 12.80019], [75.41224, 12.80057], [75.41216, 12.80069], [75.41215, 12.80081], [75.41215, 12.80105], [75.41216, 12.80139], [75.4121, 12.8016], [75.41201, 12.80179], [75.41203, 12.80208], [75.41217, 12.8023], [75.41236, 12.80247], [75.41259, 12.80256], [75.41278, 12.80259], [75.41285, 12.80264], [75.41292, 12.80277], [75.41296, 12.80302], [75.413, 12.80343], [75.41298, 12.80361], [75.41287, 12.80381], [75.41263, 12.8042], [75.41249, 12.80435], [75.41234, 12.80445], [75.41206, 12.80454], [75.41183, 12.80464], [75.41166, 12.8048], [75.41158, 12.80491], [75.41156, 12.80501], [75.41158, 12.80513], [75.41162, 12.80524], [75.41169, 12.80537], [75.41173, 12.80559], [75.4119, 12.8062], [75.41198, 12.80653], [75.41197, 12.80671], [75.41191, 12.80685], [75.41179, 12.80702], [75.41147, 12.8075], [75.41114, 12.80809], [75.41098, 12.80829], [75.41083, 12.80838], [75.4106, 12.80851], [75.41041, 12.80866], [75.41029, 12.80885], [75.41012, 12.80925], [75.40985, 12.80963], [75.40972, 12.80976], [75.40953, 12.80992], [75.40932, 12.81014], [75.40922, 12.81045], [75.4091, 12.81086], [75.40902, 12.81103], [75.40878, 12.81149], [75.40858, 12.81192], [75.40843, 12.81218], [75.40818, 12.81247], [75.40791, 12.81274], [75.40758, 12.81313], [75.40734, 12.81348], [75.40722, 12.81374], [75.40715, 12.81399], [75.40709, 12.81485], [75.40699, 12.81567], [75.40701, 12.81611], [75.40705, 12.81621], [75.40713, 12.81626], [75.40731, 12.81628], [75.40763, 12.81632], [75.40807, 12.81637], [75.40839, 12.81647], [75.40869, 12.81652], [75.40913, 12.81652], [75.40958, 12.81654], [75.40977, 12.81653], [75.41012, 12.81644], [75.41032, 12.81644], [75.41048, 12.81649], [75.41069, 12.81655], [75.41088, 12.81664], [75.41106, 12.81681], [75.41123, 12.817], [75.41139, 12.81714], [75.41157, 12.81731], [75.41165, 12.81744], [75.41169, 12.81757], [75.41173, 12.81769], [75.41181, 12.81784], [75.41198, 12.8181], [75.41214, 12.8184], [75.4124, 12.81892], [75.41271, 12.81954], [75.41275, 12.81971], [75.41281, 12.82003], [75.41295, 12.82063], [75.41304, 12.82098], [75.41303, 12.82104], [75.41298, 12.8211], [75.41287, 12.82117], [75.4127, 12.82128], [75.41261, 12.82137], [75.41253, 12.82152], [75.41244, 12.82167], [75.41226, 12.82195], [75.41221, 12.82209], [75.4122, 12.82225], [75.4122, 12.8224], [75.41215, 12.82254], [75.41209, 12.82267], [75.41194, 12.82282], [75.41178, 12.82297], [75.41166, 12.82313], [75.41155, 12.82335], [75.41141, 12.82357], [75.41131, 12.82374], [75.41124, 12.82399], [75.41123, 12.82431], [75.41128, 12.82474], [75.41128, 12.82487], [75.41121, 12.82505], [75.41114, 12.82528], [75.41113, 12.82565], [75.41118, 12.82598], [75.41129, 12.82637], [75.41143, 12.8267], [75.41159, 12.82699], [75.41182, 12.82734], [75.41217, 12.82788], [75.41263, 12.82855], [75.41281, 12.82888], [75.41298, 12.8292], [75.41311, 12.82963], [75.41317, 12.82989], [75.41319, 12.83012], [75.41319, 12.83026], [75.41316, 12.83037], [75.4131, 12.83051], [75.41304, 12.83064], [75.41298, 12.83087], [75.41294, 12.83115], [75.41296, 12.83135], [75.41296, 12.83156], [75.41296, 12.83156], [75.41227, 12.83216], [75.41174, 12.83255], [75.41099, 12.83307], [75.40905, 12.83448], [75.40875, 12.83462], [75.40785, 12.83519], [75.40718, 12.83549], [75.40654, 12.83576], [75.40651, 12.83577], [75.40651, 12.83577], [75.40568, 12.83606], [75.40495, 12.83629], [75.40495, 12.83629], [75.40438, 12.83649], [75.40395, 12.8366], [75.40365, 12.83666], [75.40334, 12.83668], [75.40304, 12.83668], [75.40301, 12.83667], [75.40301, 12.83667], [75.40297, 12.83697], [75.40297, 12.83697], [75.40312, 12.83698], [75.4035, 12.83697], [75.40375, 12.83695], [75.40375, 12.83695], [75.40385, 12.83763], [75.40392, 12.83777], [75.4041, 12.8379], [75.4045, 12.83811], [75.40494, 12.83833], [75.40515, 12.83849], [75.40535, 12.83867], [75.40571, 12.8391], [75.40611, 12.84025], [75.40631, 12.84172], [75.40642, 12.84263], [75.40653, 12.84288], [75.40709, 12.84412], [75.40705, 12.8443], [75.40696, 12.84446], [75.40658, 12.84461], [75.40627, 12.84482], [75.40616, 12.84495], [75.40612, 12.84509], [75.40617, 12.84526], [75.40615, 12.84554], [75.40613, 12.84583], [75.40613, 12.84593], [75.40607, 12.84616], [75.40615, 12.84657], [75.40608, 12.84684], [75.40609, 12.84744], [75.40606, 12.84826], [75.40606, 12.84879], [75.40612, 12.84914], [75.40628, 12.84944], [75.40631, 12.84955], [75.40627, 12.84972], [75.40616, 12.85022], [75.4061, 12.85036], [75.40596, 12.8505], [75.40502, 12.85139], [75.40407, 12.85229], [75.40386, 12.85252], [75.4035, 12.85313], [75.40342, 12.85337], [75.40304, 12.85474], [75.40287, 12.85513], [75.40256, 12.8558], [75.40191, 12.85707], [75.40131, 12.85836], [75.40122, 12.85864], [75.40114, 12.85944], [75.40113, 12.85998], [75.40113, 12.85998], [75.4025, 12.86013], [75.40327, 12.86022], [75.40407, 12.86027], [75.40457, 12.8602], [75.40481, 12.86011], [75.40481, 12.86011], [75.40496, 12.86001], [75.4057, 12.85985], [75.40761, 12.85955], [75.40832, 12.85941], [75.40859, 12.85941], [75.4088, 12.85941], [75.40931, 12.85954], [75.40978, 12.85967], [75.40978, 12.85967], [75.41029, 12.85982], [75.41029, 12.85982], [75.41047, 12.85991], [75.41154, 12.86033], [75.41266, 12.86078], [75.4129, 12.86088], [75.41305, 12.86101], [75.41318, 12.86119], [75.41338, 12.86167], [75.41353, 12.86196], [75.41375, 12.86218], [75.41409, 12.86253], [75.41424, 12.86262], [75.41424, 12.86262], [75.41447, 12.86277], [75.41514, 12.86306], [75.41557, 12.86324], [75.41587, 12.86347], [75.4164, 12.86392], [75.41682, 12.86433], [75.41703, 12.86449], [75.41726, 12.86459], [75.41804, 12.86472], [75.41863, 12.86478], [75.41929, 12.86476], [75.41968, 12.86475], [75.41993, 12.86479], [75.42123, 12.86523], [75.42141, 12.86534], [75.42141, 12.86534], [75.42143, 12.86553], [75.42132, 12.86611], [75.42121, 12.86706], [75.42129, 12.86752], [75.42129, 12.86778], [75.4213, 12.86831], [75.42126, 12.86848], [75.42114, 12.86872], [75.42066, 12.86989], [75.42038, 12.87046], [75.4203, 12.8708], [75.42028, 12.87106], [75.42027, 12.87134], [75.42027, 12.87168], [75.4203, 12.87203], [75.42019, 12.87256], [75.42, 12.87301], [75.41959, 12.87352], [75.41948, 12.8737], [75.41943, 12.8739], [75.41943, 12.87414], [75.4196, 12.87589], [75.41975, 12.87683], [75.41993, 12.87724], [75.42008, 12.87763], [75.42012, 12.87783], [75.42012, 12.87797], [75.42004, 12.87812], [75.41991, 12.87831], [75.41957, 12.87856], [75.4193, 12.87872], [75.41855, 12.87925], [75.41828, 12.87949], [75.41809, 12.87979], [75.41802, 12.88005], [75.41803, 12.88043], [75.41797, 12.88079], [75.41788, 12.88126], [75.41771, 12.88227], [75.41766, 12.88254], [75.41766, 12.88276], [75.41784, 12.88397], [75.41783, 12.88411], [75.41779, 12.88423], [75.41768, 12.88434], [75.41756, 12.88439], [75.41654, 12.88451], [75.41618, 12.88462], [75.4157, 12.88477], [75.41539, 12.88496], [75.41519, 12.88507], [75.41492, 12.88512], [75.41458, 12.88513], [75.41431, 12.8851], [75.41399, 12.88501], [75.41376, 12.88492], [75.41339, 12.88483], [75.41282, 12.88482], [75.41252, 12.88482], [75.41229, 12.88471], [75.41176, 12.88444], [75.4111, 12.88411], [75.41085, 12.88402], [75.41069, 12.88402], [75.41045, 12.88413], [75.41019, 12.88431], [75.40959, 12.88465], [75.40926, 12.88479], [75.40897, 12.88487], [75.40878, 12.885], [75.40849, 12.88529], [75.40811, 12.88578], [75.40787, 12.88595], [75.40761, 12.88612], [75.407, 12.88634], [75.40669, 12.88641], [75.40636, 12.88636], [75.40616, 12.88624], [75.4059, 12.88602], [75.40567, 12.88587], [75.40542, 12.8858], [75.40507, 12.88576], [75.40463, 12.88576], [75.40435, 12.88586], [75.40421, 12.88612], [75.40409, 12.88649], [75.40408, 12.88694], [75.40405, 12.88724], [75.404, 12.88745], [75.40384, 12.8877], [75.4036, 12.88811], [75.40356, 12.88827], [75.40348, 12.88849], [75.40337, 12.88877], [75.40316, 12.88904], [75.40306, 12.88918], [75.40231, 12.89044], [75.4021, 12.89099], [75.40188, 12.89141], [75.40187, 12.89161], [75.40188, 12.89198], [75.40196, 12.89221], [75.4021, 12.89248], [75.40229, 12.8927], [75.40248, 12.8929], [75.40263, 12.89307], [75.40263, 12.89324], [75.4026, 12.89338], [75.40251, 12.89348], [75.40167, 12.89407], [75.40156, 12.89423], [75.40149, 12.89447], [75.40146, 12.89471], [75.40147, 12.89492], [75.40151, 12.89516], [75.40172, 12.89614], [75.40179, 12.89628], [75.40198, 12.89645], [75.40236, 12.89674], [75.40245, 12.89689], [75.40247, 12.89705], [75.40251, 12.89769], [75.40257, 12.89783], [75.40266, 12.89795], [75.4028, 12.898], [75.40354, 12.89825], [75.40392, 12.89846], [75.40411, 12.89862], [75.40429, 12.8989], [75.40475, 12.89978], [75.40489, 12.90006], [75.40495, 12.90031], [75.40499, 12.90106], [75.40499, 12.90106], [75.40509, 12.90131], [75.40521, 12.90163], [75.40535, 12.902], [75.40548, 12.90271], [75.40547, 12.90301], [75.40537, 12.9033], [75.40467, 12.90465], [75.40451, 12.90486], [75.40435, 12.90495], [75.40411, 12.90502], [75.40359, 12.90524], [75.40333, 12.90541], [75.40305, 12.90565], [75.40194, 12.90674], [75.40184, 12.90685], [75.40179, 12.90699], [75.40177, 12.90717], [75.40172, 12.90842], [75.40176, 12.90865], [75.40185, 12.90881], [75.40253, 12.90961], [75.40261, 12.90981], [75.40263, 12.90997], [75.40268, 12.91008], [75.40274, 12.91015], [75.40289, 12.91017], [75.40303, 12.91021], [75.40312, 12.91025], [75.40323, 12.91031], [75.40329, 12.9104], [75.40332, 12.91051], [75.40335, 12.91094], [75.40343, 12.91149], [75.40352, 12.91181], [75.4036, 12.912], [75.40365, 12.91228], [75.40356, 12.91282], [75.40347, 12.91314], [75.40337, 12.9134], [75.40298, 12.91398], [75.40275, 12.91419], [75.40252, 12.91431], [75.40194, 12.91477], [75.40165, 12.91499], [75.40143, 12.91517], [75.40116, 12.91533], [75.40096, 12.91547], [75.40074, 12.91565], [75.40048, 12.91596], [75.40048, 12.91596], [75.40015, 12.91639], [75.4001, 12.91661], [75.40003, 12.91705], [75.39996, 12.91741], [75.39981, 12.91818], [75.39981, 12.91818], [75.39982, 12.91843], [75.39993, 12.91872], [75.40012, 12.91896], [75.40038, 12.91912], [75.40064, 12.9192], [75.4009, 12.91922], [75.40113, 12.91916], [75.4013, 12.91909], [75.40144, 12.91909], [75.40163, 12.91917], [75.4018, 12.91929], [75.40206, 12.91951], [75.40213, 12.91966], [75.40213, 12.91983], [75.40205, 12.92016], [75.40208, 12.9204], [75.4022, 12.9207], [75.40237, 12.92087], [75.40261, 12.92119], [75.40341, 12.92226], [75.40364, 12.92266], [75.40371, 12.92285], [75.40374, 12.92306], [75.40384, 12.92344], [75.40394, 12.92371], [75.40407, 12.92415], [75.40407, 12.92435], [75.40408, 12.92459], [75.40408, 12.92481], [75.40409, 12.92501], [75.40413, 12.92571], [75.40419, 12.92648], [75.40421, 12.92662], [75.40432, 12.9267], [75.40445, 12.92673], [75.40463, 12.92675], [75.40475, 12.92675], [75.40486, 12.92678], [75.40495, 12.92682], [75.40505, 12.92694], [75.40514, 12.92709], [75.40519, 12.9272], [75.40532, 12.92725], [75.40545, 12.92725], [75.40572, 12.92719], [75.40589, 12.92717], [75.406, 12.92715], [75.40616, 12.92715], [75.40626, 12.9272], [75.40661, 12.92757], [75.40685, 12.92791], [75.40688, 12.92813], [75.40696, 12.92857], [75.40696, 12.92857], [75.40699, 12.92896], [75.4071, 12.92984], [75.40712, 12.92999], [75.40701, 12.93028], [75.40679, 12.93057], [75.40649, 12.9309], [75.40581, 12.9315], [75.40524, 12.93195], [75.40467, 12.93239], [75.40429, 12.93261], [75.40413, 12.93271], [75.40384, 12.93305], [75.40371, 12.93339], [75.40342, 12.9342], [75.40319, 12.93513], [75.40313, 12.93537], [75.40306, 12.93552], [75.40277, 12.93595], [75.4026, 12.93622], [75.40249, 12.93646], [75.40234, 12.93692], [75.40224, 12.93724], [75.40206, 12.93839], [75.40206, 12.93859], [75.40214, 12.93878], [75.4023, 12.93894], [75.40267, 12.93936], [75.40273, 12.93955], [75.40273, 12.93967], [75.40246, 12.94049], [75.40238, 12.94061], [75.40226, 12.94073], [75.40112, 12.94156], [75.39952, 12.94285], [75.399, 12.94323], [75.39882, 12.94342], [75.39851, 12.94393], [75.39829, 12.94429], [75.39818, 12.94464], [75.39794, 12.9456], [75.39786, 12.94574], [75.39778, 12.94585], [75.39677, 12.9466], [75.39665, 12.94681], [75.39659, 12.94711], [75.3966, 12.94755], [75.39659, 12.9478], [75.39652, 12.94801], [75.39648, 12.94816], [75.39642, 12.94829], [75.3961, 12.94902], [75.39604, 12.94912], [75.39604, 12.94912], [75.39617, 12.94914], [75.39629, 12.94911], [75.39663, 12.94894], [75.39678, 12.94882], [75.39723, 12.94842], [75.39769, 12.9482], [75.39786, 12.94811], [75.39812, 12.94785], [75.39844, 12.94769], [75.39928, 12.94733], [75.39956, 12.94725], [75.3998, 12.94709], [75.39989, 12.94698], [75.3999, 12.94664], [75.40004, 12.94641], [75.40023, 12.94626], [75.40034, 12.9462], [75.40047, 12.94619], [75.40077, 12.94633], [75.40086, 12.94634], [75.40093, 12.94628], [75.40115, 12.94596], [75.40152, 12.94557], [75.40168, 12.94547], [75.40177, 12.94544], [75.40184, 12.94542], [75.40194, 12.94546], [75.40211, 12.94622], [75.40219, 12.94634], [75.4023, 12.94644], [75.40242, 12.9465], [75.40255, 12.94651], [75.40274, 12.94642], [75.40285, 12.94626], [75.40315, 12.94601], [75.4034, 12.94587], [75.40373, 12.94584], [75.4039, 12.94587], [75.404, 12.94592], [75.4041, 12.94592], [75.40414, 12.94591], [75.40418, 12.94582], [75.40437, 12.94552], [75.40447, 12.94545], [75.40463, 12.94542], [75.4048, 12.94542], [75.40494, 12.94547], [75.4051, 12.94561], [75.40529, 12.94587], [75.40538, 12.94596], [75.4055, 12.94595], [75.40565, 12.94592], [75.4058, 12.94592], [75.4059, 12.94597], [75.40637, 12.94639], [75.40662, 12.94646], [75.40676, 12.94651], [75.40721, 12.94689], [75.40773, 12.94733], [75.40831, 12.94771], [75.40898, 12.94824], [75.40945, 12.94874], [75.40963, 12.94894], [75.40972, 12.94931], [75.40993, 12.94972], [75.41028, 12.95039], [75.41058, 12.9512], [75.41082, 12.95155], [75.41101, 12.95172], [75.41133, 12.95186], [75.4121, 12.95217], [75.41239, 12.95239], [75.41287, 12.9529], [75.41311, 12.95324], [75.41335, 12.95365], [75.41357, 12.95407], [75.41378, 12.95433], [75.41382, 12.95447], [75.41376, 12.95469], [75.41362, 12.955], [75.41362, 12.95511], [75.41365, 12.95523], [75.41372, 12.95576], [75.41362, 12.95667], [75.41345, 12.95761], [75.41334, 12.95847], [75.41328, 12.9591], [75.41325, 12.95934], [75.41312, 12.95955], [75.41297, 12.96014], [75.41278, 12.96082], [75.41261, 12.96113], [75.41258, 12.96126], [75.41257, 12.96135], [75.41248, 12.96173], [75.41239, 12.96214], [75.41228, 12.96295], [75.41222, 12.96405], [75.41223, 12.96453], [75.41227, 12.96484], [75.4125, 12.9655], [75.41267, 12.96568], [75.41306, 12.96616], [75.41402, 12.96707], [75.41446, 12.96764], [75.41472, 12.96827], [75.41509, 12.96882], [75.41548, 12.96932], [75.41565, 12.96947], [75.41582, 12.96956], [75.41596, 12.96962], [75.41606, 12.96967], [75.41623, 12.96989], [75.41635, 12.97029], [75.41633, 12.97046], [75.41637, 12.97062], [75.41651, 12.9708], [75.41669, 12.97116], [75.41669, 12.97123], [75.41665, 12.97132], [75.41658, 12.97139], [75.41655, 12.97149], [75.4166, 12.97158], [75.4167, 12.97169], [75.41688, 12.97217], [75.41703, 12.97229], [75.41726, 12.9724], [75.41752, 12.97263], [75.41766, 12.97339], [75.41779, 12.97446], [75.4179, 12.97477], [75.41817, 12.97541], [75.41835, 12.97565], [75.41855, 12.9758], [75.41868, 12.97597], [75.41907, 12.97673], [75.41955, 12.97759], [75.41989, 12.97801], [75.42041, 12.97854], [75.42062, 12.97866], [75.42078, 12.97874], [75.42092, 12.97877], [75.42106, 12.97879], [75.42122, 12.97884], [75.42145, 12.97897], [75.42154, 12.97913], [75.42152, 12.97939], [75.42152, 12.97963], [75.4215, 12.97981], [75.42138, 12.98022], [75.42135, 12.98041], [75.42138, 12.98056], [75.42145, 12.98083], [75.42141, 12.98133], [75.42136, 12.98143], [75.42127, 12.98152], [75.42118, 12.98171], [75.42111, 12.98193], [75.42114, 12.98209], [75.42124, 12.98231], [75.42152, 12.98272], [75.42189, 12.98339], [75.42204, 12.98364], [75.42206, 12.98384], [75.42198, 12.98399], [75.42185, 12.98409], [75.42164, 12.98413], [75.42139, 12.98413], [75.42113, 12.98417], [75.42101, 12.98421], [75.42096, 12.98439], [75.42073, 12.98489], [75.42053, 12.98509], [75.42027, 12.98535], [75.41994, 12.98558], [75.41972, 12.98571], [75.41962, 12.98584], [75.41948, 12.98611], [75.41909, 12.98683], [75.41887, 12.98706], [75.41848, 12.98749], [75.41837, 12.98766], [75.41827, 12.9879], [75.41819, 12.98817], [75.41816, 12.98874], [75.4181, 12.98889], [75.41793, 12.98904], [75.41775, 12.98923], [75.41766, 12.98938], [75.4176, 12.98951], [75.41757, 12.98975], [75.4176, 12.98986], [75.41776, 12.99005], [75.41792, 12.99044], [75.418, 12.99081], [75.41802, 12.99096], [75.41798, 12.99107], [75.41779, 12.99142], [75.41759, 12.99167], [75.41721, 12.9921], [75.41692, 12.99239], [75.41686, 12.99244], [75.41677, 12.99248], [75.41657, 12.99255], [75.41649, 12.9926], [75.4164, 12.99265], [75.41631, 12.99267], [75.41609, 12.99265], [75.41585, 12.99269], [75.41574, 12.99276], [75.41567, 12.99282], [75.41562, 12.99297], [75.41556, 12.99346], [75.41541, 12.99392], [75.41539, 12.99445], [75.41541, 12.99496], [75.41537, 12.99511], [75.41528, 12.99521], [75.41499, 12.99563], [75.41466, 12.99611], [75.4145, 12.99641], [75.41431, 12.99699], [75.41414, 12.99752], [75.41407, 12.99793], [75.41408, 12.99858], [75.41423, 12.99913], [75.41441, 12.99965], [75.41456, 13.00025], [75.41453, 13.00079], [75.41447, 13.00128], [75.41443, 13.00164], [75.41442, 13.00203], [75.41453, 13.00236], [75.41476, 13.00273], [75.41493, 13.00308], [75.41525, 13.00342], [75.41536, 13.00353], [75.41552, 13.00359], [75.41564, 13.00362], [75.41574, 13.00362], [75.41623, 13.00362], [75.41631, 13.00364], [75.41638, 13.00366], [75.41645, 13.00372], [75.4166, 13.00386], [75.41678, 13.00406], [75.4169, 13.00413], [75.41742, 13.00431], [75.41755, 13.00434], [75.41773, 13.00437], [75.41804, 13.00441], [75.41818, 13.00443], [75.4184, 13.00457], [75.41883, 13.00496], [75.41915, 13.00522], [75.41936, 13.00533], [75.41952, 13.0054], [75.41969, 13.00546], [75.41993, 13.00554], [75.42006, 13.00556], [75.42018, 13.00557], [75.42024, 13.00558], [75.42029, 13.00561], [75.42034, 13.00565], [75.42045, 13.00576], [75.42058, 13.00598], [75.42068, 13.00636], [75.42086, 13.00728], [75.42093, 13.00773], [75.42097, 13.00787], [75.42108, 13.00804], [75.4215, 13.00879], [75.4216, 13.0089], [75.42183, 13.00904], [75.42242, 13.00942], [75.42256, 13.00947], [75.42305, 13.00965], [75.42333, 13.0098], [75.42341, 13.00986], [75.42357, 13.01002], [75.42385, 13.01015], [75.42412, 13.01026], [75.42452, 13.01043], [75.42478, 13.01048], [75.42494, 13.01052], [75.42513, 13.01055], [75.42524, 13.01059], [75.42532, 13.01063], [75.42549, 13.01091], [75.42557, 13.01095], [75.42564, 13.01095], [75.42634, 13.0109], [75.42657, 13.0109], [75.42665, 13.0109], [75.42677, 13.011], [75.42677, 13.011], [75.42662, 13.01108], [75.42619, 13.01141], [75.42585, 13.01174], [75.4256, 13.01192], [75.42535, 13.01209], [75.4252, 13.0122], [75.42496, 13.01245], [75.42483, 13.01256], [75.42471, 13.01262], [75.42438, 13.0127], [75.42415, 13.01278], [75.42404, 13.01288], [75.42394, 13.01303], [75.42388, 13.0132], [75.4237, 13.01361], [75.42347, 13.01406], [75.4233, 13.01429], [75.42316, 13.01452], [75.42308, 13.0146], [75.4229, 13.01466], [75.4227, 13.01471], [75.42255, 13.01475], [75.42236, 13.01482], [75.42198, 13.01509], [75.42152, 13.01539], [75.42114, 13.01571], [75.42094, 13.01592], [75.42061, 13.01643], [75.42032, 13.01696], [75.41999, 13.01753], [75.41984, 13.01781], [75.41963, 13.01806], [75.4193, 13.0183], [75.41916, 13.0184], [75.41894, 13.01846], [75.41863, 13.01855], [75.41852, 13.01856], [75.41849, 13.01868], [75.41848, 13.01886], [75.41845, 13.01898], [75.4184, 13.01914], [75.41826, 13.01935], [75.41792, 13.01984], [75.41773, 13.02012], [75.41758, 13.02031], [75.4174, 13.02041], [75.41694, 13.02064], [75.41681, 13.02072], [75.41672, 13.02074], [75.4166, 13.02079], [75.41645, 13.02085], [75.41634, 13.02093], [75.41626, 13.02101], [75.41607, 13.0215], [75.41597, 13.02167], [75.41587, 13.02183], [75.41555, 13.02259], [75.41547, 13.0229], [75.41519, 13.02335], [75.4147, 13.02394], [75.41459, 13.02419], [75.4144, 13.02497], [75.4143, 13.02552], [75.4144, 13.02614], [75.41442, 13.02645], [75.41441, 13.02692], [75.41433, 13.0274], [75.41429, 13.02759], [75.41419, 13.02802], [75.4142, 13.02817], [75.41424, 13.0283], [75.41423, 13.02851], [75.4143, 13.02864], [75.41453, 13.02889], [75.41471, 13.0291], [75.41475, 13.02936], [75.41477, 13.03038], [75.41487, 13.03105], [75.41473, 13.03193], [75.41466, 13.03221], [75.4146, 13.0324], [75.41445, 13.03264], [75.41408, 13.03313], [75.41344, 13.03401], [75.41312, 13.03441], [75.41262, 13.0352], [75.41227, 13.03591], [75.41196, 13.03655], [75.41186, 13.03676], [75.4117, 13.03711], [75.41156, 13.03731], [75.41146, 13.03743], [75.41139, 13.03755], [75.41132, 13.03762], [75.41126, 13.03771], [75.41123, 13.03774], [75.41123, 13.03774], [75.41119, 13.03777], [75.411, 13.03791], [75.4107, 13.0381], [75.41058, 13.03823], [75.41058, 13.03823], [75.41051, 13.03831], [75.41, 13.03875], [75.40975, 13.03901], [75.40945, 13.03939], [75.40937, 13.03959], [75.40925, 13.04005], [75.40912, 13.04037], [75.40912, 13.04037], [75.40899, 13.04017], [75.40884, 13.04002], [75.40865, 13.03989], [75.40852, 13.03984], [75.40839, 13.03982], [75.40801, 13.03988], [75.40778, 13.03993], [75.40778, 13.03993], [75.4073, 13.04003], [75.40682, 13.04009], [75.4065, 13.04009], [75.40632, 13.04004], [75.4062, 13.03997], [75.40607, 13.03984], [75.4059, 13.03966], [75.40561, 13.03939], [75.40561, 13.03939], [75.40533, 13.03918], [75.40514, 13.03909], [75.40496, 13.03904], [75.40454, 13.03889], [75.40411, 13.03869], [75.40367, 13.03842], [75.4031, 13.03802], [75.40286, 13.03786], [75.40269, 13.03785], [75.4025, 13.03786], [75.40229, 13.03789], [75.4021, 13.0379], [75.4019, 13.03792], [75.4013, 13.03797], [75.40057, 13.03788], [75.39973, 13.03779], [75.39951, 13.03776], [75.39951, 13.03776], [75.3992, 13.03772], [75.39887, 13.03763], [75.39836, 13.03748], [75.39768, 13.03724], [75.39684, 13.0369], [75.39651, 13.03672], [75.39619, 13.03653], [75.39586, 13.03627], [75.39564, 13.03615], [75.39551, 13.03614], [75.39527, 13.03617], [75.39504, 13.03619], [75.39431, 13.03639], [75.39358, 13.03654], [75.39298, 13.03664], [75.39253, 13.03665], [75.39223, 13.03663], [75.39193, 13.03661], [75.3918, 13.03661], [75.3916, 13.03666], [75.39144, 13.03672], [75.39126, 13.03673], [75.39111, 13.0367], [75.39095, 13.03662], [75.39071, 13.03643], [75.39048, 13.03622], [75.39031, 13.03598], [75.39021, 13.03568], [75.39013, 13.03531], [75.39005, 13.035], [75.38993, 13.03491], [75.3898, 13.03491], [75.38967, 13.03498], [75.38945, 13.03509], [75.3891, 13.03529], [75.38887, 13.03534], [75.38853, 13.03536], [75.38825, 13.03534], [75.38807, 13.03538], [75.38795, 13.0354], [75.38783, 13.03536], [75.38774, 13.03529], [75.3877, 13.0352], [75.38753, 13.03501], [75.38737, 13.03489], [75.38698, 13.03462], [75.38678, 13.03452], [75.3866, 13.03436], [75.38638, 13.03413], [75.3861, 13.03371], [75.38583, 13.03339], [75.38548, 13.03301], [75.38491, 13.03251], [75.38428, 13.03203], [75.38399, 13.03183], [75.38383, 13.03169], [75.38373, 13.03155], [75.38368, 13.03143], [75.38366, 13.03131], [75.38357, 13.03115], [75.38344, 13.03111], [75.38323, 13.03106], [75.38282, 13.03101], [75.38245, 13.03102], [75.38214, 13.03102], [75.38214, 13.03102], [75.3818, 13.03103], [75.38162, 13.03101], [75.3814, 13.03097], [75.38114, 13.03083], [75.38091, 13.03071], [75.38054, 13.03059], [75.38033, 13.03058], [75.38011, 13.03057], [75.37994, 13.03055], [75.37982, 13.03052], [75.37971, 13.03046], [75.37958, 13.03036], [75.37946, 13.03027], [75.3792, 13.03018], [75.37861, 13.03006], [75.37816, 13.03001], [75.37787, 13.02995], [75.37743, 13.02988], [75.37721, 13.02993], [75.37711, 13.02999], [75.37699, 13.03007], [75.37658, 13.03031], [75.37641, 13.03038], [75.37627, 13.03038], [75.37606, 13.0303], [75.37595, 13.03023], [75.37587, 13.03012], [75.37579, 13.02998], [75.37567, 13.02975], [75.37554, 13.02948], [75.37545, 13.02938], [75.37538, 13.02933], [75.37533, 13.02932], [75.37521, 13.02935], [75.37516, 13.02946], [75.37518, 13.02967], [75.3752, 13.02994], [75.37519, 13.03012], [75.37511, 13.03023], [75.37496, 13.03037], [75.37483, 13.03043], [75.37473, 13.03047], [75.37449, 13.03049], [75.37425, 13.03049], [75.3739, 13.03048], [75.37365, 13.03048], [75.37351, 13.03045], [75.37341, 13.03039], [75.37333, 13.03029], [75.37329, 13.03016], [75.37325, 13.02995], [75.37319, 13.02975], [75.37295, 13.02915], [75.37288, 13.0288], [75.37288, 13.0288], [75.37282, 13.02854], [75.37262, 13.02793], [75.37234, 13.02744], [75.37165, 13.02712], [75.37115, 13.02662], [75.3709, 13.02591], [75.37059, 13.0252], [75.36997, 13.02457], [75.36956, 13.02403], [75.36932, 13.02333], [75.36876, 13.02275], [75.36835, 13.02216], [75.3683, 13.02132], [75.36798, 13.02059], [75.36772, 13.01982], [75.36656, 13.01867], [75.36533, 13.01726], [75.36412, 13.01685], [75.36283, 13.01646], [75.36188, 13.01634], [75.36108, 13.01629], [75.36021, 13.01611], [75.35931, 13.01571], [75.35855, 13.01536], [75.35737, 13.01486], [75.35601, 13.01433], [75.35469, 13.01345], [75.3541, 13.01307], [75.35328, 13.01257], [75.35314, 13.01234], [75.35304, 13.01202], [75.35282, 13.01124], [75.35269, 13.01066], [75.35258, 13.01022], [75.35239, 13.00981], [75.3516, 13.00868], [75.35141, 13.0085], [75.35085, 13.00786], [75.35045, 13.00753], [75.34991, 13.00714], [75.34847, 13.00674], [75.34791, 13.00633], [75.3477, 13.00573], [75.34767, 13.00513], [75.3473, 13.00473], [75.3468, 13.00457], [75.34634, 13.00446], [75.3455, 13.00446], [75.34486, 13.00437], [75.34441, 13.00423], [75.34441, 13.00423], [75.34411, 13.00413], [75.34196, 13.00298], [75.34196, 13.00298], [75.3419, 13.00295], [75.3419, 13.00295], [75.34157, 13.00277], [75.34029, 13.00212], [75.34029, 13.00212], [75.33954, 13.00173], [75.33901, 13.0014], [75.33862, 13.0009], [75.33862, 13.0009], [75.33839, 13.00061], [75.33779, 12.99982], [75.33754, 12.99947], [75.33754, 12.99947], [75.33723, 12.99893], [75.33678, 12.998], [75.33594, 12.99666], [75.33591, 12.99663], [75.33591, 12.99663], [75.33564, 12.99636], [75.33564, 12.99636], [75.33519, 12.99595], [75.33481, 12.99565], [75.33447, 12.99547], [75.33417, 12.99534], [75.334, 12.99529], [75.33382, 12.99528], [75.33359, 12.99529], [75.33289, 12.99537], [75.33243, 12.99542], [75.33228, 12.99544], [75.332, 12.99547], [75.33133, 12.99556], [75.33086, 12.99561], [75.33061, 12.99561], [75.33061, 12.99561], [75.33056, 12.99561], [75.33056, 12.99561], [75.33022, 12.99561], [75.32975, 12.99561], [75.32964, 12.99562], [75.32964, 12.99562], [75.32953, 12.9956], [75.32944, 12.99557], [75.32938, 12.99547], [75.32938, 12.99547], [75.32943, 12.99526], [75.32943, 12.99526], [75.32961, 12.9948], [75.32961, 12.9948], [75.32973, 12.99463], [75.32985, 12.99404], [75.32991, 12.9936], [75.32993, 12.99348], [75.32997, 12.99317], [75.33001, 12.99293], [75.33008, 12.99264], [75.3302, 12.9922], [75.3302, 12.9922], [75.33014, 12.99215], [75.33014, 12.99215], [75.32988, 12.99166], [75.32852, 12.98912], [75.32822, 12.98837], [75.32811, 12.98816], [75.32811, 12.98816], [75.32801, 12.98797], [75.3279, 12.98784], [75.32778, 12.98775], [75.3274, 12.98752], [75.32719, 12.9874], [75.327, 12.98723], [75.32688, 12.98705], [75.32637, 12.98619], [75.32607, 12.98578], [75.32592, 12.98563], [75.32576, 12.98548], [75.32576, 12.98548], [75.32558, 12.98532], [75.32535, 12.98504], [75.32535, 12.98504], [75.32521, 12.98482], [75.32473, 12.98403], [75.32465, 12.98383], [75.32465, 12.98383], [75.32387, 12.98191], [75.32382, 12.98179], [75.32348, 12.98092], [75.32348, 12.98092], [75.32345, 12.98084], [75.32338, 12.98067], [75.32338, 12.98067], [75.32324, 12.98032], [75.32302, 12.97992], [75.32262, 12.97949], [75.3222, 12.97911], [75.32199, 12.97891], [75.32192, 12.9788], [75.32188, 12.97871], [75.32185, 12.97859], [75.32184, 12.97846], [75.32184, 12.97832], [75.32191, 12.9775], [75.32191, 12.9775], [75.32198, 12.97693], [75.32206, 12.97651], [75.32207, 12.97627], [75.32204, 12.97611], [75.32197, 12.97598], [75.32187, 12.97588], [75.32163, 12.97567], [75.32136, 12.97544], [75.32136, 12.97544], [75.32093, 12.97536], [75.32082, 12.97533], [75.32072, 12.97534], [75.32064, 12.97535], [75.32055, 12.97538], [75.32045, 12.97549], [75.31993, 12.97637], [75.31981, 12.97647], [75.31961, 12.97658], [75.31948, 12.97668], [75.3193, 12.97687], [75.31921, 12.97693], [75.31875, 12.9771], [75.31845, 12.9773], [75.31819, 12.97742], [75.31805, 12.97751], [75.31805, 12.97751], [75.31803, 12.97752], [75.31793, 12.97756], [75.31783, 12.97757], [75.31772, 12.97758], [75.31767, 12.97758], [75.31763, 12.97758], [75.31757, 12.97757], [75.31751, 12.97755], [75.31746, 12.97752], [75.31742, 12.97748], [75.31702, 12.97697], [75.31697, 12.97685], [75.31686, 12.9764], [75.31679, 12.97627], [75.31674, 12.97622], [75.31666, 12.97618], [75.31653, 12.97613], [75.31646, 12.9761], [75.31631, 12.97605], [75.31616, 12.97599], [75.31607, 12.97592], [75.31595, 12.97582], [75.3152, 12.97511], [75.31495, 12.97489], [75.31452, 12.97468], [75.31429, 12.97454], [75.31418, 12.97451], [75.31408, 12.9745], [75.31364, 12.97451], [75.31348, 12.9745], [75.31338, 12.97448], [75.31333, 12.97446], [75.31327, 12.97441], [75.31314, 12.97414], [75.31307, 12.97407], [75.31301, 12.97404], [75.31292, 12.97398], [75.3126, 12.97382], [75.31247, 12.97376], [75.31239, 12.9737], [75.31227, 12.97352], [75.31222, 12.97345], [75.31216, 12.97342], [75.31208, 12.9734], [75.31197, 12.97341], [75.31142, 12.97345], [75.31132, 12.97348], [75.31126, 12.97351], [75.31107, 12.97363], [75.31092, 12.97366], [75.31074, 12.9737], [75.31061, 12.97369], [75.3105, 12.97365], [75.31032, 12.97363], [75.31018, 12.97364], [75.31011, 12.97363], [75.31001, 12.9736], [75.30991, 12.97355], [75.30972, 12.97344], [75.30847, 12.97264], [75.30829, 12.97253], [75.3082, 12.97241], [75.30809, 12.97214], [75.30798, 12.97208], [75.30792, 12.97204], [75.30783, 12.97201], [75.30774, 12.97197], [75.3076, 12.97192], [75.30748, 12.97185], [75.30726, 12.97171], [75.30714, 12.97162], [75.3067, 12.97128], [75.30631, 12.97106], [75.30604, 12.97089], [75.30579, 12.97068], [75.30534, 12.9703], [75.30519, 12.97016], [75.30513, 12.97006], [75.30513, 12.96996], [75.30508, 12.96904], [75.30497, 12.96863], [75.30493, 12.96852], [75.30482, 12.96836], [75.30453, 12.96789], [75.30453, 12.96789], [75.30385, 12.96824], [75.30232, 12.969], [75.30107, 12.96969], [75.30046, 12.97002], [75.30029, 12.97005], [75.30004, 12.97004], [75.29977, 12.97005], [75.2993, 12.97008], [75.29908, 12.97004], [75.29899, 12.97], [75.29878, 12.96988], [75.29867, 12.96988], [75.29849, 12.96999], [75.29834, 12.97019], [75.29824, 12.97035], [75.29819, 12.97054], [75.29809, 12.97144], [75.29811, 12.97173], [75.29808, 12.97189], [75.29798, 12.97211], [75.2978, 12.9723], [75.2975, 12.97254], [75.29742, 12.97262], [75.29723, 12.97293], [75.29712, 12.9731], [75.29703, 12.97321], [75.29692, 12.97325], [75.29659, 12.97334], [75.29646, 12.97339], [75.29637, 12.97345], [75.29626, 12.97357], [75.29604, 12.97377], [75.29583, 12.97392], [75.29498, 12.97427], [75.29445, 12.97454], [75.29427, 12.97466], [75.29419, 12.97471], [75.29404, 12.97471], [75.2937, 12.97471], [75.29341, 12.97473], [75.29324, 12.97479], [75.29306, 12.97498], [75.29287, 12.97545], [75.2928, 12.9761], [75.29283, 12.97664], [75.29292, 12.97721], [75.29296, 12.97757], [75.29284, 12.97816], [75.29271, 12.97846], [75.29261, 12.97857], [75.2925, 12.9786], [75.29212, 12.97864], [75.29206, 12.9787], [75.29197, 12.97884], [75.29193, 12.97911], [75.29196, 12.9795], [75.29197, 12.97964], [75.29192, 12.9798], [75.2917, 12.98016], [75.2916, 12.98041], [75.29158, 12.98115], [75.29159, 12.9816], [75.29162, 12.98193], [75.2917, 12.98216], [75.29179, 12.98239], [75.29198, 12.98273], [75.29222, 12.9832], [75.29236, 12.9835], [75.29237, 12.98456], [75.29239, 12.98477], [75.29242, 12.98491], [75.29283, 12.98545], [75.29296, 12.98564], [75.29294, 12.98577], [75.29286, 12.98592], [75.2928, 12.98612], [75.29263, 12.98644], [75.29241, 12.98698], [75.29228, 12.98732], [75.29224, 12.98752], [75.29221, 12.98781], [75.29226, 12.98794], [75.29226, 12.98794], [75.29228, 12.988], [75.29252, 12.98829], [75.29255, 12.98832], [75.29255, 12.98832], [75.29282, 12.9882], [75.29328, 12.98805], [75.29345, 12.988], [75.29355, 12.98795], [75.29363, 12.98793], [75.29379, 12.98793], [75.29379, 12.98793], [75.29389, 12.98792], [75.29401, 12.98791], [75.29406, 12.98786], [75.29417, 12.98778], [75.2942, 12.98773], [75.29427, 12.98769], [75.2944, 12.98766], [75.29454, 12.98765], [75.2947, 12.98763], [75.29484, 12.98759], [75.29501, 12.98752], [75.29521, 12.98742], [75.29539, 12.98732], [75.29562, 12.98727], [75.29577, 12.98723], [75.29594, 12.98716], [75.29607, 12.9871], [75.29615, 12.98703], [75.29625, 12.98697], [75.29635, 12.98694], [75.29647, 12.98697], [75.29659, 12.98703], [75.29687, 12.98725], [75.29698, 12.98729], [75.29713, 12.98737], [75.29727, 12.98744], [75.29733, 12.98756], [75.29733, 12.98771], [75.29733, 12.98792], [75.29733, 12.9881], [75.29733, 12.98819], [75.29741, 12.98826], [75.2975, 12.98828]]}}, {"type": "Feature", "properties": {"kind": "blind", "hospital": "sullia_th", "incident": "subrahmanya", "minutes": 47.0, "mean_exposure": 0.128, "max_exposure": 0.78}, "geometry": {"type": "LineString", "coordinates": [[75.3906, 12.56035], [75.39053, 12.56079], [75.39057, 12.56114], [75.39066, 12.56159], [75.39065, 12.56205], [75.39061, 12.56228], [75.39041, 12.56289], [75.39031, 12.56391], [75.39018, 12.56457], [75.39014, 12.56466], [75.39014, 12.56466], [75.38992, 12.56525], [75.38994, 12.56577], [75.38998, 12.56667], [75.39, 12.56715], [75.38995, 12.56728], [75.38908, 12.56816], [75.38891, 12.56851], [75.38881, 12.56881], [75.38874, 12.56907], [75.38874, 12.56932], [75.38901, 12.56992], [75.38924, 12.57031], [75.38929, 12.5705], [75.38919, 12.57078], [75.38919, 12.57078], [75.38887, 12.57126], [75.38887, 12.57126], [75.3887, 12.57151], [75.38845, 12.57217], [75.38838, 12.57227], [75.38838, 12.57227], [75.38828, 12.57237], [75.38734, 12.57311], [75.38734, 12.57311], [75.38676, 12.57344], [75.38653, 12.57366], [75.38624, 12.57402], [75.38584, 12.57475], [75.38573, 12.57503], [75.38561, 12.57545], [75.38562, 12.57561], [75.38566, 12.57601], [75.38576, 12.57639], [75.38577, 12.5765], [75.38577, 12.5765], [75.38584, 12.57694], [75.38583, 12.57723], [75.38572, 12.57766], [75.38532, 12.57858], [75.38507, 12.57896], [75.38475, 12.57941], [75.38449, 12.58035], [75.38428, 12.58099], [75.38407, 12.5813], [75.38402, 12.58142], [75.38395, 12.5815], [75.38395, 12.5815], [75.38435, 12.58208], [75.38474, 12.58261], [75.38511, 12.58311], [75.38521, 12.58343], [75.38513, 12.58381], [75.38505, 12.58421], [75.38482, 12.58462], [75.38484, 12.58493], [75.3849, 12.5852], [75.3853, 12.58596], [75.38554, 12.58624], [75.38584, 12.58643], [75.38648, 12.58658], [75.38684, 12.58663], [75.38725, 12.58676], [75.38757, 12.58695], [75.38785, 12.58734], [75.38829, 12.58795], [75.38857, 12.58811], [75.38906, 12.58828], [75.38959, 12.58848], [75.38982, 12.58865], [75.39, 12.58893], [75.39008, 12.58926], [75.39023, 12.59033], [75.39012, 12.59114], [75.39012, 12.59147], [75.39018, 12.59172], [75.39051, 12.59199], [75.39067, 12.5921], [75.39087, 12.59224], [75.39087, 12.59224], [75.39108, 12.59235], [75.39127, 12.59252], [75.39139, 12.59292], [75.39141, 12.59303], [75.39143, 12.59313], [75.39143, 12.59313], [75.39153, 12.59321], [75.39163, 12.59326], [75.39175, 12.59329], [75.39186, 12.5933], [75.39198, 12.59327], [75.39219, 12.59314], [75.39244, 12.59299], [75.39268, 12.59282], [75.39299, 12.59274], [75.39313, 12.5927], [75.39331, 12.59258], [75.3935, 12.59252], [75.39365, 12.59251], [75.39379, 12.59256], [75.3939, 12.59267], [75.39404, 12.59279], [75.39421, 12.59282], [75.3944, 12.59282], [75.39459, 12.59275], [75.3948, 12.59268], [75.39503, 12.5926], [75.39532, 12.59254], [75.39553, 12.59252], [75.3957, 12.59248], [75.39593, 12.59236], [75.39615, 12.59226], [75.39644, 12.59219], [75.39679, 12.59213], [75.39709, 12.59213], [75.39742, 12.59213], [75.39764, 12.59212], [75.39782, 12.59213], [75.39799, 12.59217], [75.39835, 12.59235], [75.39863, 12.59247], [75.39887, 12.59258], [75.39914, 12.59255], [75.3993, 12.59246], [75.39944, 12.5923], [75.39958, 12.5922], [75.39978, 12.59213], [75.40014, 12.59209], [75.40037, 12.5921], [75.40057, 12.59221], [75.40072, 12.59229], [75.40089, 12.59236], [75.40106, 12.59238], [75.40132, 12.59242], [75.40148, 12.5925], [75.40161, 12.59253], [75.40173, 12.59248], [75.40188, 12.59231], [75.40204, 12.5921], [75.40207, 12.59198], [75.40209, 12.59178], [75.40204, 12.59149], [75.40199, 12.59127], [75.40197, 12.59107], [75.40204, 12.59082], [75.40212, 12.5907], [75.40224, 12.5906], [75.40242, 12.59057], [75.40266, 12.59048], [75.40294, 12.59037], [75.40309, 12.59029], [75.40324, 12.59021], [75.40351, 12.59009], [75.40369, 12.59004], [75.40388, 12.59], [75.40405, 12.58994], [75.40422, 12.58984], [75.40436, 12.58972], [75.40455, 12.58965], [75.40479, 12.58969], [75.40499, 12.58979], [75.40523, 12.58996], [75.40545, 12.59012], [75.4056, 12.59021], [75.40572, 12.59022], [75.40607, 12.59015], [75.40626, 12.59006], [75.4066, 12.59003], [75.4072, 12.59003], [75.40783, 12.59005], [75.40886, 12.59013], [75.40899, 12.59013], [75.40919, 12.59021], [75.40943, 12.59029], [75.40961, 12.59036], [75.40987, 12.59039], [75.41012, 12.59039], [75.41032, 12.59039], [75.41045, 12.59043], [75.4106, 12.59055], [75.41076, 12.5906], [75.41095, 12.5906], [75.41135, 12.5906], [75.41162, 12.59064], [75.41176, 12.59068], [75.41202, 12.59084], [75.41212, 12.59092], [75.41227, 12.591], [75.41234, 12.59103], [75.41245, 12.59102], [75.41266, 12.59102], [75.41299, 12.59098], [75.41345, 12.59098], [75.41365, 12.59098], [75.41397, 12.59095], [75.41419, 12.59089], [75.41449, 12.59072], [75.41474, 12.59063], [75.41506, 12.59054], [75.41527, 12.59051], [75.41546, 12.59052], [75.41599, 12.59062], [75.41677, 12.59075], [75.41713, 12.59081], [75.41744, 12.59085], [75.41776, 12.59086], [75.41793, 12.59086], [75.41804, 12.59086], [75.41826, 12.59093], [75.41885, 12.59112], [75.41926, 12.59124], [75.41948, 12.5913], [75.41966, 12.5913], [75.41979, 12.59125], [75.41988, 12.59119], [75.42003, 12.591], [75.42015, 12.59102], [75.42029, 12.59111], [75.42082, 12.59145], [75.42087, 12.59153], [75.42093, 12.59167], [75.42102, 12.59181], [75.4211, 12.59191], [75.42117, 12.59197], [75.42142, 12.59209], [75.42166, 12.5922], [75.4219, 12.59227], [75.42219, 12.59227], [75.42265, 12.59227], [75.42301, 12.59227], [75.42348, 12.59233], [75.42384, 12.59239], [75.42394, 12.59239], [75.42408, 12.59239], [75.42429, 12.59245], [75.42453, 12.59253], [75.42464, 12.59257], [75.42484, 12.59257], [75.42503, 12.5926], [75.42503, 12.5926], [75.42521, 12.59248], [75.42543, 12.59232], [75.42568, 12.59204], [75.42579, 12.59196], [75.42588, 12.5919], [75.42631, 12.59187], [75.42686, 12.59187], [75.42722, 12.59184], [75.42771, 12.5916], [75.42811, 12.59138], [75.42835, 12.59129], [75.42862, 12.59128], [75.42915, 12.59129], [75.42951, 12.59125], [75.42997, 12.59121], [75.43047, 12.59123], [75.43072, 12.59119], [75.43103, 12.59107], [75.43155, 12.59068], [75.43266, 12.59001], [75.43282, 12.58994], [75.43299, 12.58995], [75.43322, 12.59003], [75.43334, 12.59024], [75.4335, 12.59047], [75.43365, 12.59057], [75.43397, 12.59075], [75.43488, 12.59116], [75.43515, 12.59128], [75.43536, 12.59131], [75.43571, 12.59131], [75.43595, 12.59139], [75.43613, 12.59146], [75.43633, 12.59163], [75.43709, 12.5923], [75.43779, 12.59292], [75.43803, 12.59313], [75.43832, 12.59328], [75.43878, 12.5935], [75.43907, 12.59367], [75.43953, 12.59401], [75.43993, 12.59426], [75.44032, 12.59445], [75.44077, 12.59451], [75.44105, 12.59455], [75.44105, 12.59455], [75.44185, 12.59503], [75.44231, 12.59536], [75.44246, 12.5955], [75.44252, 12.5956], [75.44254, 12.59569], [75.44249, 12.59579], [75.44236, 12.59589], [75.44207, 12.59606], [75.44171, 12.59618], [75.44147, 12.59626], [75.44135, 12.59637], [75.44128, 12.59648], [75.44133, 12.5966], [75.44147, 12.59667], [75.44171, 12.59671], [75.44194, 12.59674], [75.44233, 12.59664], [75.44259, 12.59654], [75.44275, 12.59656], [75.44287, 12.59668], [75.44296, 12.59685], [75.44297, 12.597], [75.44301, 12.59714], [75.44325, 12.59723], [75.44346, 12.59733], [75.44353, 12.59745], [75.44361, 12.59769], [75.44369, 12.59776], [75.44369, 12.59776], [75.4438, 12.59776], [75.44401, 12.59761], [75.44411, 12.59757], [75.44434, 12.59754], [75.44478, 12.59759], [75.445, 12.59757], [75.44512, 12.59751], [75.4454, 12.59723], [75.44553, 12.59718], [75.44564, 12.59718], [75.44571, 12.59722], [75.44578, 12.59735], [75.44579, 12.59755], [75.44586, 12.59769], [75.446, 12.59771], [75.44609, 12.59769], [75.44634, 12.59752], [75.44644, 12.59749], [75.44655, 12.59749], [75.44661, 12.59762], [75.44671, 12.59787], [75.44704, 12.59808], [75.44722, 12.5981], [75.44755, 12.59802], [75.44777, 12.59788], [75.44789, 12.59792], [75.448, 12.59802], [75.44802, 12.59826], [75.44808, 12.5985], [75.44817, 12.59865], [75.44828, 12.59873], [75.44846, 12.59876], [75.44857, 12.59871], [75.44879, 12.59849], [75.44904, 12.59834], [75.44919, 12.59816], [75.44946, 12.59802], [75.44971, 12.59792], [75.45016, 12.59785], [75.45044, 12.59781], [75.45087, 12.59758], [75.45111, 12.59753], [75.45136, 12.59753], [75.45173, 12.59755], [75.45184, 12.59756], [75.45209, 12.59784], [75.45218, 12.59789], [75.45242, 12.59792], [75.4526, 12.59799], [75.4527, 12.59808], [75.45271, 12.59819], [75.45267, 12.59844], [75.45258, 12.59857], [75.45238, 12.59866], [75.45219, 12.59873], [75.45215, 12.59882], [75.45219, 12.59898], [75.45225, 12.59906], [75.45236, 12.59908], [75.45265, 12.59897], [75.45315, 12.59871], [75.4534, 12.59864], [75.45359, 12.59861], [75.45374, 12.59865], [75.4539, 12.59874], [75.45406, 12.59875], [75.45458, 12.59873], [75.45517, 12.59869], [75.45536, 12.59868], [75.45552, 12.59872], [75.45571, 12.59886], [75.45604, 12.59912], [75.45667, 12.59946], [75.45718, 12.59995], [75.45742, 12.60008], [75.45775, 12.60021], [75.45788, 12.60019], [75.45813, 12.6001], [75.45825, 12.59999], [75.45839, 12.59994], [75.4585, 12.59997], [75.45869, 12.60009], [75.4588, 12.60022], [75.45888, 12.60029], [75.45906, 12.6003], [75.45922, 12.60018], [75.45942, 12.59985], [75.45952, 12.59961], [75.45958, 12.59938], [75.45948, 12.59905], [75.45959, 12.59874], [75.45959, 12.5986], [75.45957, 12.59843], [75.45959, 12.59832], [75.45971, 12.59821], [75.45981, 12.5982], [75.45993, 12.59827], [75.46002, 12.59837], [75.46022, 12.59846], [75.46032, 12.59856], [75.46034, 12.59883], [75.46038, 12.59908], [75.46046, 12.59916], [75.46065, 12.59946], [75.46071, 12.59971], [75.4608, 12.59979], [75.46092, 12.59983], [75.46112, 12.59977], [75.4614, 12.59963], [75.46154, 12.59951], [75.46168, 12.59937], [75.46179, 12.5991], [75.46187, 12.59897], [75.46209, 12.59885], [75.46237, 12.59885], [75.4626, 12.59888], [75.4627, 12.59906], [75.4628, 12.59921], [75.46288, 12.59932], [75.46298, 12.59938], [75.46309, 12.59941], [75.46324, 12.59943], [75.46408, 12.59933], [75.46451, 12.59925], [75.46461, 12.59923], [75.46486, 12.59925], [75.46499, 12.59926], [75.46511, 12.59926], [75.46523, 12.59921], [75.46531, 12.59917], [75.46536, 12.59914], [75.46546, 12.59913], [75.46577, 12.59909], [75.46647, 12.59895], [75.46659, 12.59895], [75.4667, 12.599], [75.46691, 12.59908], [75.46707, 12.59911], [75.4677, 12.5991], [75.46811, 12.59915], [75.46851, 12.59924], [75.46867, 12.59928], [75.46881, 12.59927], [75.4689, 12.59922], [75.46909, 12.59902], [75.4693, 12.59892], [75.46941, 12.59887], [75.46953, 12.59886], [75.46974, 12.59891], [75.46994, 12.59897], [75.47004, 12.599], [75.47004, 12.599], [75.47013, 12.59904], [75.47024, 12.59904], [75.47072, 12.59901], [75.4709, 12.599], [75.47105, 12.59901], [75.4712, 12.59903], [75.47131, 12.59907], [75.47138, 12.59909], [75.47148, 12.5991], [75.47166, 12.59903], [75.47178, 12.59902], [75.47193, 12.59903], [75.47206, 12.59908], [75.47219, 12.59909], [75.47231, 12.59909], [75.47236, 12.5991], [75.4724, 12.59911], [75.47261, 12.59929], [75.47293, 12.5996], [75.47304, 12.59968], [75.47316, 12.59974], [75.47328, 12.59979], [75.47339, 12.5998], [75.47371, 12.59978], [75.47426, 12.59964], [75.47483, 12.59948], [75.47505, 12.59945], [75.47524, 12.59943], [75.4754, 12.59942], [75.47558, 12.59943], [75.47636, 12.5995], [75.47671, 12.59951], [75.47705, 12.59951], [75.4772, 12.59953], [75.47733, 12.59956], [75.47761, 12.59966], [75.47781, 12.59976], [75.47793, 12.5998], [75.47814, 12.59983], [75.47839, 12.59986], [75.47849, 12.59988], [75.4786, 12.59992], [75.4789, 12.60003], [75.47902, 12.60006], [75.47913, 12.60007], [75.47922, 12.60004], [75.47951, 12.59993], [75.48013, 12.59963], [75.48029, 12.59958], [75.48045, 12.59956], [75.48081, 12.59958], [75.48115, 12.5996], [75.48144, 12.59959], [75.48161, 12.59959], [75.48174, 12.59962], [75.48184, 12.59968], [75.48226, 12.6002], [75.48242, 12.60035], [75.48242, 12.60035], [75.48276, 12.60067], [75.48324, 12.60099], [75.48336, 12.60111], [75.48343, 12.60124], [75.48349, 12.60145], [75.48352, 12.60171], [75.48354, 12.60185], [75.4836, 12.60199], [75.48369, 12.60211], [75.48391, 12.60222], [75.4843, 12.60241], [75.48479, 12.60272], [75.48504, 12.6028], [75.48524, 12.60284], [75.48546, 12.60286], [75.48562, 12.60288], [75.48583, 12.6029], [75.48618, 12.60288], [75.48706, 12.60279], [75.48726, 12.60278], [75.48739, 12.60284], [75.48752, 12.60298], [75.48776, 12.60338], [75.4879, 12.60354], [75.48807, 12.60369], [75.48826, 12.6038], [75.48836, 12.60386], [75.48843, 12.60389], [75.48851, 12.60389], [75.48859, 12.60388], [75.48867, 12.60384], [75.48892, 12.60369], [75.48914, 12.60351], [75.48921, 12.60343], [75.48928, 12.60339], [75.48937, 12.60335], [75.48972, 12.60323], [75.48995, 12.6031], [75.49005, 12.60308], [75.49012, 12.60308], [75.49018, 12.60309], [75.49024, 12.60315], [75.49026, 12.60321], [75.49029, 12.60344], [75.49031, 12.60351], [75.49036, 12.60356], [75.49045, 12.60359], [75.4906, 12.60363], [75.49105, 12.60362], [75.49117, 12.60363], [75.49131, 12.60368], [75.49147, 12.60377], [75.492, 12.60412], [75.49218, 12.60421], [75.49232, 12.60426], [75.49249, 12.6043], [75.49266, 12.6043], [75.49276, 12.60431], [75.49287, 12.60437], [75.49335, 12.6046], [75.49379, 12.60476], [75.49397, 12.60482], [75.49407, 12.60485], [75.49415, 12.60486], [75.49425, 12.60486], [75.49439, 12.60482], [75.49455, 12.60471], [75.49463, 12.60469], [75.49469, 12.60469], [75.49476, 12.60472], [75.49483, 12.60479], [75.49488, 12.60483], [75.4951, 12.6053], [75.49535, 12.60586], [75.49564, 12.60642], [75.49571, 12.60654], [75.49582, 12.60664], [75.49596, 12.60671], [75.49606, 12.60675], [75.49638, 12.60685], [75.49688, 12.60703], [75.49701, 12.60712], [75.49708, 12.60727], [75.49722, 12.60768], [75.49727, 12.60777], [75.49734, 12.60785], [75.49746, 12.60792], [75.49757, 12.60796], [75.49814, 12.60816], [75.49839, 12.60819], [75.49901, 12.60829], [75.49918, 12.60835], [75.49935, 12.60842], [75.49949, 12.60851], [75.49978, 12.60872], [75.50003, 12.60894], [75.50039, 12.60934], [75.50053, 12.60954], [75.50056, 12.6097], [75.5005, 12.60994], [75.50038, 12.61022], [75.50038, 12.61037], [75.50044, 12.61067], [75.50043, 12.61084], [75.50036, 12.61091], [75.50027, 12.61099], [75.50008, 12.61123], [75.50001, 12.61136], [75.49999, 12.61147], [75.49999, 12.61159], [75.50021, 12.61197], [75.50035, 12.6122], [75.50046, 12.61249], [75.50054, 12.61278], [75.50065, 12.61289], [75.50081, 12.61298], [75.50108, 12.61314], [75.50123, 12.61324], [75.50133, 12.61331], [75.50139, 12.6134], [75.50152, 12.61382], [75.50156, 12.61391], [75.5016, 12.61397], [75.5017, 12.61404], [75.50182, 12.61408], [75.50205, 12.61421], [75.50227, 12.61432], [75.50238, 12.61439], [75.50245, 12.61445], [75.50256, 12.61461], [75.50273, 12.61485], [75.50283, 12.61495], [75.50293, 12.61501], [75.50308, 12.61501], [75.50326, 12.61497], [75.50345, 12.61496], [75.5036, 12.61496], [75.50377, 12.61501], [75.50393, 12.61509], [75.50413, 12.61518], [75.50431, 12.61521], [75.5045, 12.61521], [75.50483, 12.61518], [75.50496, 12.61518], [75.50509, 12.61516], [75.50518, 12.6151], [75.50584, 12.61451], [75.50608, 12.61426], [75.50617, 12.61408], [75.50635, 12.61369], [75.50647, 12.61352], [75.5066, 12.61342], [75.50674, 12.61333], [75.50686, 12.61332], [75.50707, 12.61332], [75.50742, 12.61338], [75.50754, 12.61343], [75.50765, 12.61351], [75.50769, 12.6136], [75.50776, 12.6139], [75.50775, 12.6142], [75.5078, 12.61436], [75.5079, 12.61452], [75.50802, 12.61466], [75.50819, 12.61482], [75.50842, 12.61497], [75.50854, 12.61506], [75.50871, 12.61534], [75.50877, 12.61546], [75.50877, 12.61559], [75.50875, 12.6157], [75.50862, 12.61588], [75.50837, 12.6163], [75.5083, 12.61638], [75.50824, 12.61643], [75.50818, 12.61644], [75.5081, 12.61645], [75.50802, 12.61646], [75.50795, 12.61648], [75.50785, 12.61662], [75.50777, 12.61678], [75.50776, 12.61685], [75.50778, 12.61696], [75.50786, 12.61718], [75.50788, 12.61733], [75.50782, 12.6175], [75.50778, 12.61763], [75.50777, 12.61772], [75.50778, 12.6178], [75.50795, 12.61811], [75.50812, 12.61851], [75.50817, 12.61865], [75.50822, 12.61881], [75.50824, 12.61898], [75.50823, 12.61912], [75.50816, 12.61936], [75.50814, 12.6195], [75.50819, 12.61981], [75.50823, 12.61994], [75.50832, 12.62007], [75.50846, 12.62015], [75.50869, 12.62026], [75.50891, 12.62032], [75.50925, 12.62036], [75.50955, 12.62047], [75.51017, 12.62079], [75.51042, 12.62101], [75.51055, 12.62108], [75.51065, 12.6211], [75.5108, 12.6211], [75.51092, 12.62099], [75.51131, 12.62039], [75.51144, 12.62025], [75.51158, 12.62017], [75.51176, 12.62011], [75.51202, 12.6201], [75.51222, 12.62014], [75.51238, 12.62022], [75.51247, 12.62032], [75.51264, 12.62092], [75.51275, 12.62144], [75.51282, 12.62163], [75.51293, 12.62173], [75.51305, 12.62179], [75.51333, 12.62192], [75.51372, 12.62212], [75.51464, 12.62257], [75.51479, 12.6227], [75.51487, 12.6228], [75.51494, 12.62293], [75.51494, 12.62306], [75.51479, 12.62365], [75.51452, 12.62431], [75.51449, 12.62444], [75.51447, 12.62462], [75.51455, 12.62543], [75.51457, 12.62555], [75.51467, 12.62567], [75.51478, 12.62575], [75.51504, 12.62588], [75.51575, 12.62607], [75.51596, 12.62612], [75.51642, 12.6261], [75.5165, 12.62611], [75.5166, 12.62612], [75.51672, 12.62617], [75.51685, 12.62636], [75.5171, 12.62669], [75.51725, 12.62681], [75.51737, 12.62687], [75.51772, 12.62699], [75.518, 12.62715], [75.51813, 12.62723], [75.5183, 12.62731], [75.51851, 12.62734], [75.51871, 12.62735], [75.51927, 12.62735], [75.51941, 12.62736], [75.51951, 12.6274], [75.52, 12.62764], [75.52056, 12.62803], [75.52068, 12.62808], [75.52079, 12.62809], [75.52148, 12.62809], [75.52174, 12.62811], [75.52195, 12.62814], [75.52222, 12.62822], [75.52256, 12.62839], [75.52358, 12.62898], [75.52375, 12.62907], [75.52387, 12.62913], [75.52399, 12.62914], [75.52415, 12.62914], [75.52442, 12.62915], [75.52496, 12.62919], [75.52517, 12.62926], [75.52534, 12.62934], [75.52552, 12.62942], [75.52574, 12.62947], [75.52588, 12.62948], [75.52596, 12.6295], [75.52607, 12.62953], [75.52615, 12.62959], [75.52685, 12.6302], [75.52719, 12.63052], [75.52745, 12.6307], [75.52752, 12.63077], [75.52762, 12.63092], [75.52782, 12.6312], [75.52793, 12.63131], [75.52803, 12.63135], [75.52812, 12.63137], [75.52824, 12.63138], [75.52852, 12.6313], [75.52864, 12.63129], [75.52885, 12.63132], [75.52934, 12.6314], [75.52984, 12.63154], [75.53044, 12.63173], [75.53059, 12.63177], [75.53073, 12.63176], [75.53104, 12.63178], [75.53188, 12.63178], [75.53258, 12.63185], [75.53297, 12.63188], [75.53395, 12.63183], [75.53427, 12.63181], [75.53452, 12.63183], [75.53553, 12.63199], [75.53591, 12.63207], [75.53615, 12.63214], [75.53615, 12.63214], [75.53631, 12.63217], [75.53654, 12.63218], [75.53671, 12.63214], [75.53684, 12.63207], [75.53712, 12.63188], [75.53744, 12.63162], [75.53758, 12.63147], [75.53766, 12.63137], [75.53776, 12.63129], [75.53787, 12.63121], [75.5383, 12.63101], [75.53899, 12.63068], [75.53941, 12.63047], [75.53959, 12.63033], [75.53971, 12.63021], [75.53983, 12.63011], [75.53999, 12.63002], [75.54029, 12.62997], [75.5405, 12.62997], [75.54072, 12.63004], [75.54082, 12.63007], [75.54093, 12.63009], [75.54103, 12.63009], [75.54115, 12.63006], [75.54143, 12.6299], [75.54183, 12.62977], [75.54205, 12.62975], [75.54226, 12.62975], [75.5424, 12.62976], [75.5424, 12.62976], [75.54253, 12.62981], [75.54263, 12.62989], [75.54271, 12.63006], [75.54278, 12.63012], [75.54288, 12.63013], [75.54298, 12.63012], [75.54341, 12.62997], [75.54357, 12.62993], [75.54373, 12.62996], [75.54386, 12.63], [75.54398, 12.63013], [75.54407, 12.63052], [75.54411, 12.63074], [75.54415, 12.63085], [75.54424, 12.63089], [75.54436, 12.63088], [75.54487, 12.63071], [75.54505, 12.63068], [75.54517, 12.63069], [75.54534, 12.63076], [75.5458, 12.6311], [75.54642, 12.63168], [75.54661, 12.63181], [75.54677, 12.63189], [75.54695, 12.63192], [75.54712, 12.63191], [75.54798, 12.63156], [75.54852, 12.63133], [75.54861, 12.63131], [75.54872, 12.63131], [75.54887, 12.63136], [75.54949, 12.63163], [75.54962, 12.63171], [75.54971, 12.63176], [75.5499, 12.63181], [75.55012, 12.63187], [75.55029, 12.63194], [75.55058, 12.63199], [75.55088, 12.63199], [75.551, 12.632], [75.55119, 12.63204], [75.55144, 12.63217], [75.55213, 12.63257], [75.55237, 12.63268], [75.55256, 12.63274], [75.55296, 12.63283], [75.5531, 12.63287], [75.55326, 12.63294], [75.55337, 12.63304], [75.55382, 12.63357], [75.55393, 12.63368], [75.55404, 12.63378], [75.55417, 12.63387], [75.55428, 12.63392], [75.55441, 12.63395], [75.55477, 12.63402], [75.55499, 12.63408], [75.55522, 12.63416], [75.55541, 12.63427], [75.55559, 12.63432], [75.55582, 12.63434], [75.55599, 12.63431], [75.55631, 12.63416], [75.55646, 12.6341], [75.55661, 12.63409], [75.55675, 12.63412], [75.55689, 12.63416], [75.55703, 12.63426], [75.55713, 12.63436], [75.55736, 12.63476], [75.55743, 12.63486], [75.55752, 12.63491], [75.55759, 12.63491], [75.55766, 12.63489], [75.5578, 12.63483], [75.55795, 12.63486], [75.55815, 12.63495], [75.55827, 12.63498], [75.55837, 12.63501], [75.55844, 12.63505], [75.55854, 12.63511], [75.55865, 12.63525], [75.55874, 12.63539], [75.55876, 12.63561], [75.55876, 12.63577], [75.55874, 12.63623], [75.55874, 12.6364], [75.55878, 12.63654], [75.55882, 12.63664], [75.55884, 12.63676], [75.55885, 12.63712], [75.55887, 12.63734], [75.55892, 12.63755], [75.55901, 12.63775], [75.5591, 12.63791], [75.5593, 12.63807], [75.55948, 12.63819], [75.5597, 12.63829], [75.56042, 12.6386], [75.56088, 12.63876], [75.56136, 12.63895], [75.56153, 12.63899], [75.56175, 12.63898], [75.56209, 12.63895], [75.56277, 12.63887], [75.56294, 12.63886], [75.56304, 12.6389], [75.56315, 12.63897], [75.56367, 12.6394], [75.56384, 12.6396], [75.56393, 12.6397], [75.56405, 12.63979], [75.56428, 12.6399], [75.56473, 12.64009], [75.56512, 12.64022], [75.56543, 12.64032], [75.56543, 12.64032], [75.56558, 12.64044], [75.5657, 12.64059], [75.5658, 12.64079], [75.56586, 12.64091], [75.56601, 12.64119], [75.56619, 12.64157], [75.56638, 12.64178], [75.5668, 12.64218], [75.56688, 12.6423], [75.56704, 12.6428], [75.56727, 12.64324], [75.56737, 12.64333], [75.56747, 12.64338], [75.56761, 12.6434], [75.56773, 12.64343], [75.5678, 12.64349], [75.56788, 12.64359], [75.56791, 12.64371], [75.56792, 12.64384], [75.5679, 12.64396], [75.56788, 12.64406], [75.56788, 12.64414], [75.5679, 12.6443], [75.56797, 12.64442], [75.56798, 12.64456], [75.56791, 12.64476], [75.56786, 12.64487], [75.56786, 12.64492], [75.56792, 12.64499], [75.56803, 12.64505], [75.56814, 12.6451], [75.56816, 12.64513], [75.56818, 12.64533], [75.56817, 12.64563], [75.56811, 12.64585], [75.56806, 12.64603], [75.56806, 12.64629], [75.56812, 12.6466], [75.56817, 12.64669], [75.56821, 12.64674], [75.56825, 12.64676], [75.56832, 12.64679], [75.56837, 12.64679], [75.56844, 12.64677], [75.56853, 12.64661], [75.56868, 12.64643], [75.56874, 12.6464], [75.5688, 12.64639], [75.56889, 12.64644], [75.56915, 12.6467], [75.56935, 12.64689], [75.56947, 12.64713], [75.56954, 12.64751], [75.56954, 12.64782], [75.56956, 12.64797], [75.56958, 12.64806], [75.56964, 12.64813], [75.56973, 12.64819], [75.56974, 12.64825], [75.56972, 12.64841], [75.56972, 12.64851], [75.56983, 12.64866], [75.56993, 12.64882], [75.56993, 12.64892], [75.56988, 12.64903], [75.56971, 12.64931], [75.56966, 12.64944], [75.56965, 12.64954], [75.5697, 12.64964], [75.56983, 12.64984], [75.57017, 12.65036], [75.57024, 12.65047], [75.5703, 12.65051], [75.5704, 12.65051], [75.57049, 12.6505], [75.57054, 12.65051], [75.57057, 12.65054], [75.57061, 12.65058], [75.57073, 12.65084], [75.57078, 12.6509], [75.57083, 12.65094], [75.57091, 12.651], [75.57101, 12.65114], [75.5711, 12.65119], [75.57124, 12.65123], [75.57133, 12.65123], [75.57143, 12.65121], [75.57152, 12.65122], [75.57161, 12.65125], [75.57168, 12.65127], [75.57172, 12.6513], [75.57189, 12.65135], [75.57205, 12.65131], [75.57218, 12.65122], [75.57233, 12.65118], [75.57245, 12.65118], [75.5725, 12.65118], [75.57263, 12.65103], [75.57265, 12.65083], [75.57266, 12.65058], [75.57268, 12.6505], [75.57274, 12.65034], [75.57281, 12.65027], [75.57291, 12.65025], [75.57303, 12.65022], [75.57312, 12.65019], [75.57336, 12.64984], [75.57344, 12.64969], [75.57364, 12.64943], [75.57375, 12.64936], [75.57381, 12.64935], [75.57388, 12.64936], [75.57393, 12.64939], [75.57397, 12.64945], [75.57389, 12.64996], [75.57386, 12.65024], [75.5739, 12.65031], [75.57396, 12.65036], [75.57406, 12.65045], [75.57411, 12.65052], [75.57412, 12.6506], [75.57398, 12.65082], [75.57397, 12.65098], [75.574, 12.65113], [75.57406, 12.6512], [75.5741, 12.65124], [75.57425, 12.65133], [75.57433, 12.65138], [75.57437, 12.65146], [75.57438, 12.65157], [75.57453, 12.65176], [75.57461, 12.65181], [75.57474, 12.65185], [75.57486, 12.65185], [75.57496, 12.65183], [75.57507, 12.65175], [75.57516, 12.65162], [75.57516, 12.65147], [75.57522, 12.65139], [75.57538, 12.65125], [75.57552, 12.65125], [75.57593, 12.65097], [75.57632, 12.65074], [75.57649, 12.6507], [75.57659, 12.65071], [75.57666, 12.65075], [75.57669, 12.65085], [75.57664, 12.65099], [75.5764, 12.65127], [75.57619, 12.65165], [75.57617, 12.65177], [75.57621, 12.65215], [75.57617, 12.65229], [75.57613, 12.65249], [75.57616, 12.65258], [75.57619, 12.65269], [75.57621, 12.65283], [75.57623, 12.65296], [75.57629, 12.65302], [75.57635, 12.65306], [75.57646, 12.65309], [75.57661, 12.65309], [75.57686, 12.65305], [75.57695, 12.65303], [75.57704, 12.65306], [75.57713, 12.65327], [75.57721, 12.65344], [75.57724, 12.65353], [75.57733, 12.65358], [75.5774, 12.65358], [75.5775, 12.65352], [75.57767, 12.6534], [75.57781, 12.65334], [75.57787, 12.65333], [75.57792, 12.65337], [75.57799, 12.65343], [75.57807, 12.65357], [75.5781, 12.6538], [75.57804, 12.65395], [75.5779, 12.65412], [75.57785, 12.65422], [75.57781, 12.65434], [75.57783, 12.65454], [75.57783, 12.65462], [75.57779, 12.65467], [75.5777, 12.65469], [75.57759, 12.65465], [75.57743, 12.65463], [75.57729, 12.65467], [75.5772, 12.65475], [75.57715, 12.65483], [75.57717, 12.65494], [75.57728, 12.65506], [75.57742, 12.65512], [75.57784, 12.65529], [75.57822, 12.65546], [75.57855, 12.65561], [75.57873, 12.65565], [75.57885, 12.65565], [75.57897, 12.65562], [75.57906, 12.65555], [75.57915, 12.65541], [75.57921, 12.65517], [75.57931, 12.65509], [75.57936, 12.65501], [75.57943, 12.6549], [75.5795, 12.65479], [75.57966, 12.65467], [75.58, 12.65434], [75.5803, 12.65396], [75.5805, 12.65382], [75.58072, 12.65376], [75.58107, 12.65373], [75.5819, 12.65399], [75.58257, 12.65419], [75.58289, 12.65429], [75.58301, 12.65431], [75.58312, 12.65429], [75.58342, 12.65412], [75.58389, 12.65397], [75.58407, 12.65394], [75.5842, 12.65396], [75.58442, 12.65401], [75.58457, 12.65409], [75.58464, 12.65427], [75.58466, 12.65452], [75.58472, 12.65467], [75.58479, 12.65472], [75.58485, 12.65472], [75.58495, 12.65471], [75.58503, 12.65459], [75.58527, 12.65411], [75.58557, 12.65356], [75.58578, 12.65338], [75.58592, 12.65335], [75.5861, 12.65333], [75.58617, 12.65331], [75.58622, 12.65329], [75.58634, 12.65317], [75.58642, 12.65309], [75.58663, 12.65302], [75.58745, 12.65293], [75.58782, 12.65288], [75.588, 12.65288], [75.58816, 12.6529], [75.58832, 12.65292], [75.58839, 12.65296], [75.58848, 12.65306], [75.58858, 12.65344], [75.58865, 12.65371], [75.58874, 12.6538], [75.58893, 12.65393], [75.58905, 12.65398], [75.58919, 12.65401], [75.58962, 12.65408], [75.58985, 12.65411], [75.59018, 12.65411], [75.59038, 12.65414], [75.59051, 12.65419], [75.59059, 12.65431], [75.59072, 12.65463], [75.59082, 12.65486], [75.59093, 12.65509], [75.59104, 12.6555], [75.59111, 12.65557], [75.59116, 12.65561], [75.5913, 12.65573], [75.59152, 12.65595], [75.59167, 12.65601], [75.59179, 12.65604], [75.59193, 12.65605], [75.5921, 12.65601], [75.59237, 12.65589], [75.5925, 12.65587], [75.5926, 12.65591], [75.59273, 12.65597], [75.59301, 12.65608], [75.59324, 12.65622], [75.59341, 12.65644], [75.59373, 12.65686], [75.59398, 12.65707], [75.59417, 12.65715], [75.59435, 12.65718], [75.59456, 12.65723], [75.59484, 12.6573], [75.59507, 12.65727], [75.59524, 12.65729], [75.59536, 12.6573], [75.59547, 12.65729], [75.5955, 12.65729], [75.59568, 12.6572], [75.596, 12.65705], [75.59624, 12.65703], [75.59645, 12.65684], [75.59675, 12.65665], [75.59685, 12.6565], [75.59702, 12.65605], [75.59719, 12.65586], [75.59738, 12.6557], [75.59767, 12.65551], [75.59779, 12.6554], [75.59782, 12.65529], [75.59786, 12.65519], [75.59789, 12.6551], [75.59794, 12.65505], [75.59801, 12.65502], [75.59804, 12.65501], [75.59804, 12.65501], [75.59812, 12.65499], [75.59833, 12.65503], [75.59853, 12.65509], [75.59865, 12.65513], [75.5988, 12.65514], [75.59907, 12.65514], [75.59948, 12.6551], [75.59961, 12.65513], [75.59983, 12.65521], [75.60002, 12.65525], [75.60058, 12.6554], [75.6008, 12.65545], [75.60091, 12.65548], [75.60119, 12.65565], [75.60136, 12.65584], [75.60164, 12.6561], [75.60185, 12.6563], [75.60199, 12.65653], [75.60206, 12.65668], [75.60216, 12.65678], [75.60254, 12.65712], [75.60264, 12.6572], [75.60286, 12.65738], [75.60295, 12.65755], [75.60311, 12.65781], [75.60324, 12.65813], [75.60331, 12.65824], [75.60337, 12.65834], [75.60348, 12.6586], [75.60354, 12.65866], [75.60362, 12.65871], [75.6037, 12.65875], [75.60379, 12.65877], [75.60392, 12.65877], [75.60415, 12.65873], [75.60425, 12.65867], [75.60433, 12.65856], [75.60439, 12.65835], [75.6044, 12.65824], [75.60441, 12.65819], [75.60445, 12.65808], [75.60453, 12.65803], [75.60461, 12.65801], [75.60482, 12.65805], [75.60492, 12.65809], [75.60498, 12.65811], [75.60504, 12.6581], [75.60511, 12.65805], [75.60519, 12.65796], [75.60548, 12.65749], [75.60552, 12.65746], [75.60557, 12.65745], [75.60571, 12.65748], [75.60583, 12.65755], [75.60603, 12.65771], [75.60609, 12.6579], [75.60606, 12.65822], [75.60613, 12.65837], [75.60622, 12.65847], [75.60636, 12.65856], [75.60666, 12.65869], [75.60717, 12.65895], [75.60742, 12.65906], [75.60758, 12.6591], [75.60773, 12.65913], [75.6079, 12.65919], [75.608, 12.65927], [75.60812, 12.65962], [75.60826, 12.66001], [75.6084, 12.6602], [75.60849, 12.66033], [75.60863, 12.66048], [75.60883, 12.66069], [75.60913, 12.66087], [75.60932, 12.66092], [75.60948, 12.66096], [75.60965, 12.66104], [75.60994, 12.6612], [75.61009, 12.66136], [75.61022, 12.66145], [75.61028, 12.66149], [75.61044, 12.66173], [75.61065, 12.66226], [75.61082, 12.66293], [75.6109, 12.66309], [75.61099, 12.66321], [75.61106, 12.6633], [75.61125, 12.66342], [75.61161, 12.66357], [75.61187, 12.66366], [75.61219, 12.66374], [75.61245, 12.66378], [75.6126, 12.6638], [75.61289, 12.66382], [75.61289, 12.66382], [75.61294, 12.66385], [75.613, 12.6639], [75.613, 12.6639], [75.61303, 12.66395], [75.61307, 12.66398], [75.61312, 12.66401], [75.61318, 12.66402], [75.61318, 12.66402], [75.61323, 12.66404], [75.61327, 12.66407], [75.61331, 12.66414], [75.61329, 12.66438], [75.61315, 12.66489], [75.61291, 12.66557], [75.61244, 12.6666], [75.61234, 12.66687], [75.61229, 12.66704], [75.61229, 12.66704], [75.61226, 12.66711], [75.61225, 12.66717], [75.61225, 12.66727], [75.61225, 12.66727], [75.61228, 12.66735], [75.61233, 12.66742], [75.61239, 12.66748], [75.61248, 12.66751], [75.61248, 12.66751], [75.61257, 12.66752], [75.61267, 12.6675], [75.61275, 12.66746], [75.61282, 12.66739], [75.61286, 12.66731], [75.61288, 12.66721], [75.61288, 12.66721], [75.61321, 12.66719], [75.61352, 12.66715], [75.61382, 12.66712], [75.61412, 12.6671], [75.61449, 12.6671], [75.61475, 12.66716], [75.61492, 12.66733], [75.61531, 12.66785]]}}, {"type": "Feature", "properties": {"kind": "aware", "hospital": "sullia_th", "incident": "subrahmanya", "minutes": 53.8, "mean_exposure": 0.03, "max_exposure": 0.265}, "geometry": {"type": "LineString", "coordinates": [[75.3906, 12.56035], [75.39074, 12.56002], [75.3908, 12.55989], [75.3908, 12.55989], [75.39106, 12.55927], [75.39154, 12.55834], [75.39257, 12.5567], [75.39298, 12.55599], [75.39298, 12.55599], [75.39309, 12.5558], [75.39354, 12.55548], [75.39388, 12.55528], [75.39388, 12.55528], [75.39454, 12.55492], [75.39502, 12.55451], [75.39502, 12.55451], [75.39575, 12.55373], [75.3966, 12.55298], [75.39679, 12.55269], [75.39681, 12.55222], [75.39698, 12.55194], [75.39753, 12.55157], [75.39776, 12.55137], [75.39789, 12.55115], [75.39809, 12.55055], [75.3981, 12.55053], [75.3981, 12.55053], [75.39843, 12.55054], [75.39858, 12.55051], [75.39884, 12.55044], [75.39906, 12.55038], [75.39932, 12.55028], [75.39972, 12.55027], [75.40018, 12.55036], [75.40086, 12.55045], [75.4013, 12.55046], [75.40164, 12.55048], [75.40197, 12.55064], [75.40229, 12.55073], [75.40277, 12.55079], [75.40399, 12.55095], [75.40441, 12.55104], [75.40456, 12.55112], [75.40466, 12.55121], [75.40483, 12.55156], [75.40529, 12.55249], [75.40533, 12.55272], [75.40535, 12.55296], [75.4053, 12.55313], [75.40517, 12.55328], [75.40486, 12.55354], [75.40453, 12.55382], [75.40439, 12.55395], [75.40426, 12.55395], [75.40409, 12.55388], [75.40384, 12.55388], [75.40367, 12.55395], [75.40349, 12.55412], [75.40333, 12.55434], [75.40327, 12.55451], [75.40329, 12.55471], [75.40336, 12.55523], [75.40349, 12.55554], [75.40395, 12.55649], [75.40416, 12.55682], [75.40437, 12.55704], [75.40466, 12.55723], [75.40495, 12.55741], [75.4051, 12.55757], [75.40525, 12.55776], [75.40561, 12.55832], [75.40576, 12.55842], [75.40586, 12.55842], [75.4062, 12.5584], [75.4066, 12.55837], [75.40675, 12.55841], [75.40692, 12.55858], [75.4074, 12.55913], [75.40756, 12.55914], [75.40779, 12.55907], [75.40812, 12.55886], [75.40858, 12.5583], [75.40873, 12.55819], [75.40888, 12.55812], [75.40904, 12.55809], [75.40924, 12.55808], [75.4093, 12.55804], [75.40939, 12.55794], [75.40941, 12.55777], [75.40942, 12.55759], [75.40949, 12.55746], [75.40963, 12.55733], [75.4098, 12.55734], [75.40994, 12.55746], [75.41002, 12.55759], [75.41007, 12.55797], [75.41016, 12.55823], [75.41029, 12.55832], [75.41046, 12.55834], [75.41055, 12.55834], [75.41073, 12.55831], [75.41086, 12.55823], [75.41103, 12.55815], [75.41118, 12.55801], [75.41137, 12.5579], [75.41152, 12.55783], [75.41175, 12.55783], [75.41196, 12.55788], [75.41235, 12.55813], [75.41287, 12.5585], [75.41307, 12.55861], [75.41327, 12.55861], [75.41427, 12.5584], [75.41451, 12.55837], [75.41469, 12.55839], [75.41489, 12.55851], [75.4154, 12.5588], [75.41552, 12.55889], [75.41571, 12.55923], [75.4159, 12.55951], [75.41613, 12.55973], [75.417, 12.56042], [75.4172, 12.56044], [75.41746, 12.56041], [75.41801, 12.56033], [75.41821, 12.56036], [75.41848, 12.56049], [75.41864, 12.56063], [75.4188, 12.5607], [75.41891, 12.56081], [75.419, 12.56104], [75.41909, 12.56112], [75.41929, 12.56119], [75.41963, 12.56124], [75.41976, 12.56131], [75.41988, 12.56144], [75.42002, 12.56165], [75.42011, 12.56173], [75.42023, 12.56174], [75.42049, 12.56174], [75.42065, 12.56176], [75.4207, 12.56183], [75.42076, 12.56192], [75.42068, 12.562], [75.42058, 12.56211], [75.42036, 12.5624], [75.42001, 12.56264], [75.41991, 12.56272], [75.4195, 12.56305], [75.41939, 12.56322], [75.41937, 12.56336], [75.41945, 12.56355], [75.41952, 12.56363], [75.41966, 12.56365], [75.41977, 12.56362], [75.42001, 12.5636], [75.42013, 12.56363], [75.42026, 12.56373], [75.42026, 12.56387], [75.42022, 12.56399], [75.42023, 12.56407], [75.42027, 12.56425], [75.42033, 12.56468], [75.42037, 12.56485], [75.42044, 12.56495], [75.4205, 12.56501], [75.42069, 12.56509], [75.42088, 12.56521], [75.42101, 12.56536], [75.42115, 12.56552], [75.42148, 12.56583], [75.42172, 12.56596], [75.42181, 12.56605], [75.42188, 12.56623], [75.4219, 12.56646], [75.42194, 12.56666], [75.42206, 12.56722], [75.42214, 12.56741], [75.42229, 12.56756], [75.42239, 12.56759], [75.4226, 12.56759], [75.42329, 12.56749], [75.42384, 12.56743], [75.42406, 12.56747], [75.42424, 12.56758], [75.42443, 12.56767], [75.42466, 12.56768], [75.42492, 12.56769], [75.42506, 12.56772], [75.42534, 12.5678], [75.42548, 12.56787], [75.42566, 12.56787], [75.426, 12.56787], [75.42633, 12.56787], [75.42655, 12.56791], [75.4268, 12.56802], [75.42698, 12.56818], [75.42781, 12.569], [75.42792, 12.56909], [75.42806, 12.56916], [75.42889, 12.56954], [75.429, 12.5696], [75.42913, 12.56969], [75.4293, 12.56976], [75.42982, 12.56995], [75.42995, 12.57001], [75.4302, 12.57014], [75.43051, 12.57026], [75.43077, 12.57038], [75.43111, 12.57043], [75.43134, 12.57045], [75.43151, 12.57055], [75.43163, 12.57066], [75.43203, 12.5712], [75.43244, 12.57154], [75.4329, 12.57174], [75.43312, 12.57182], [75.43343, 12.5718], [75.43387, 12.57178], [75.43405, 12.57184], [75.43425, 12.57194], [75.43447, 12.57209], [75.43488, 12.57249], [75.43524, 12.57281], [75.4354, 12.57289], [75.43571, 12.57287], [75.43605, 12.57277], [75.43667, 12.57258], [75.43691, 12.57253], [75.43699, 12.57256], [75.4371, 12.57265], [75.43731, 12.57294], [75.43796, 12.57412], [75.43823, 12.57476], [75.43833, 12.57504], [75.4387, 12.57567], [75.43873, 12.57577], [75.43873, 12.57591], [75.43864, 12.57657], [75.43848, 12.57714], [75.43829, 12.57751], [75.43783, 12.57839], [75.43766, 12.57872], [75.4376, 12.57896], [75.43753, 12.57929], [75.43741, 12.57983], [75.43745, 12.58007], [75.43754, 12.58033], [75.43774, 12.58056], [75.43812, 12.58088], [75.43887, 12.58147], [75.43928, 12.58168], [75.43939, 12.58168], [75.43951, 12.58167], [75.43966, 12.58161], [75.44057, 12.58135], [75.44074, 12.58145], [75.44099, 12.58155], [75.44153, 12.58164], [75.44187, 12.58163], [75.44234, 12.58141], [75.44248, 12.58143], [75.44264, 12.5816], [75.44296, 12.5819], [75.4431, 12.58218], [75.44306, 12.58241], [75.4429, 12.58288], [75.44268, 12.58319], [75.4424, 12.58346], [75.44231, 12.58379], [75.44236, 12.58429], [75.44237, 12.58454], [75.44224, 12.58485], [75.44199, 12.58578], [75.44192, 12.58607], [75.44148, 12.58663], [75.44116, 12.58729], [75.44052, 12.58799], [75.44028, 12.58807], [75.44004, 12.58814], [75.43993, 12.58837], [75.4398, 12.58883], [75.43986, 12.58935], [75.44003, 12.58974], [75.4403, 12.5902], [75.4403, 12.59036], [75.44022, 12.5906], [75.44022, 12.59087], [75.44026, 12.5913], [75.4405, 12.59224], [75.4407, 12.59288], [75.44088, 12.5932], [75.44106, 12.59348], [75.44117, 12.59395], [75.44118, 12.59422], [75.44111, 12.59441], [75.44105, 12.59455], [75.44105, 12.59455], [75.44185, 12.59503], [75.44231, 12.59536], [75.44246, 12.5955], [75.44252, 12.5956], [75.44254, 12.59569], [75.44249, 12.59579], [75.44236, 12.59589], [75.44207, 12.59606], [75.44171, 12.59618], [75.44147, 12.59626], [75.44135, 12.59637], [75.44128, 12.59648], [75.44133, 12.5966], [75.44147, 12.59667], [75.44171, 12.59671], [75.44194, 12.59674], [75.44233, 12.59664], [75.44259, 12.59654], [75.44275, 12.59656], [75.44287, 12.59668], [75.44296, 12.59685], [75.44297, 12.597], [75.44301, 12.59714], [75.44325, 12.59723], [75.44346, 12.59733], [75.44353, 12.59745], [75.44361, 12.59769], [75.44369, 12.59776], [75.44369, 12.59776], [75.4438, 12.59776], [75.44401, 12.59761], [75.44411, 12.59757], [75.44434, 12.59754], [75.44478, 12.59759], [75.445, 12.59757], [75.44512, 12.59751], [75.4454, 12.59723], [75.44553, 12.59718], [75.44564, 12.59718], [75.44571, 12.59722], [75.44578, 12.59735], [75.44579, 12.59755], [75.44586, 12.59769], [75.446, 12.59771], [75.44609, 12.59769], [75.44634, 12.59752], [75.44644, 12.59749], [75.44655, 12.59749], [75.44661, 12.59762], [75.44671, 12.59787], [75.44704, 12.59808], [75.44722, 12.5981], [75.44755, 12.59802], [75.44777, 12.59788], [75.44789, 12.59792], [75.448, 12.59802], [75.44802, 12.59826], [75.44808, 12.5985], [75.44817, 12.59865], [75.44828, 12.59873], [75.44846, 12.59876], [75.44857, 12.59871], [75.44879, 12.59849], [75.44904, 12.59834], [75.44919, 12.59816], [75.44946, 12.59802], [75.44971, 12.59792], [75.45016, 12.59785], [75.45044, 12.59781], [75.45087, 12.59758], [75.45111, 12.59753], [75.45136, 12.59753], [75.45173, 12.59755], [75.45184, 12.59756], [75.45209, 12.59784], [75.45218, 12.59789], [75.45242, 12.59792], [75.4526, 12.59799], [75.4527, 12.59808], [75.45271, 12.59819], [75.45267, 12.59844], [75.45258, 12.59857], [75.45238, 12.59866], [75.45219, 12.59873], [75.45215, 12.59882], [75.45219, 12.59898], [75.45225, 12.59906], [75.45236, 12.59908], [75.45265, 12.59897], [75.45315, 12.59871], [75.4534, 12.59864], [75.45359, 12.59861], [75.45374, 12.59865], [75.4539, 12.59874], [75.45406, 12.59875], [75.45458, 12.59873], [75.45517, 12.59869], [75.45536, 12.59868], [75.45552, 12.59872], [75.45571, 12.59886], [75.45604, 12.59912], [75.45667, 12.59946], [75.45718, 12.59995], [75.45742, 12.60008], [75.45775, 12.60021], [75.45788, 12.60019], [75.45813, 12.6001], [75.45825, 12.59999], [75.45839, 12.59994], [75.4585, 12.59997], [75.45869, 12.60009], [75.4588, 12.60022], [75.45888, 12.60029], [75.45906, 12.6003], [75.45922, 12.60018], [75.45942, 12.59985], [75.45952, 12.59961], [75.45958, 12.59938], [75.45948, 12.59905], [75.45959, 12.59874], [75.45959, 12.5986], [75.45957, 12.59843], [75.45959, 12.59832], [75.45971, 12.59821], [75.45981, 12.5982], [75.45993, 12.59827], [75.46002, 12.59837], [75.46022, 12.59846], [75.46032, 12.59856], [75.46034, 12.59883], [75.46038, 12.59908], [75.46046, 12.59916], [75.46065, 12.59946], [75.46071, 12.59971], [75.4608, 12.59979], [75.46092, 12.59983], [75.46112, 12.59977], [75.4614, 12.59963], [75.46154, 12.59951], [75.46168, 12.59937], [75.46179, 12.5991], [75.46187, 12.59897], [75.46209, 12.59885], [75.46237, 12.59885], [75.4626, 12.59888], [75.4627, 12.59906], [75.4628, 12.59921], [75.46288, 12.59932], [75.46298, 12.59938], [75.46309, 12.59941], [75.46324, 12.59943], [75.46408, 12.59933], [75.46451, 12.59925], [75.46461, 12.59923], [75.46486, 12.59925], [75.46499, 12.59926], [75.46511, 12.59926], [75.46523, 12.59921], [75.46531, 12.59917], [75.46536, 12.59914], [75.46546, 12.59913], [75.46577, 12.59909], [75.46647, 12.59895], [75.46659, 12.59895], [75.4667, 12.599], [75.46691, 12.59908], [75.46707, 12.59911], [75.4677, 12.5991], [75.46811, 12.59915], [75.46851, 12.59924], [75.46867, 12.59928], [75.46881, 12.59927], [75.4689, 12.59922], [75.46909, 12.59902], [75.4693, 12.59892], [75.46941, 12.59887], [75.46953, 12.59886], [75.46974, 12.59891], [75.46994, 12.59897], [75.47004, 12.599], [75.47004, 12.599], [75.47013, 12.59904], [75.47024, 12.59904], [75.47072, 12.59901], [75.4709, 12.599], [75.47105, 12.59901], [75.4712, 12.59903], [75.47131, 12.59907], [75.47138, 12.59909], [75.47148, 12.5991], [75.47166, 12.59903], [75.47178, 12.59902], [75.47193, 12.59903], [75.47206, 12.59908], [75.47219, 12.59909], [75.47231, 12.59909], [75.47236, 12.5991], [75.4724, 12.59911], [75.47261, 12.59929], [75.47293, 12.5996], [75.47304, 12.59968], [75.47316, 12.59974], [75.47328, 12.59979], [75.47339, 12.5998], [75.47371, 12.59978], [75.47426, 12.59964], [75.47483, 12.59948], [75.47505, 12.59945], [75.47524, 12.59943], [75.4754, 12.59942], [75.47558, 12.59943], [75.47636, 12.5995], [75.47671, 12.59951], [75.47705, 12.59951], [75.4772, 12.59953], [75.47733, 12.59956], [75.47761, 12.59966], [75.47781, 12.59976], [75.47793, 12.5998], [75.47814, 12.59983], [75.47839, 12.59986], [75.47849, 12.59988], [75.4786, 12.59992], [75.4789, 12.60003], [75.47902, 12.60006], [75.47913, 12.60007], [75.47922, 12.60004], [75.47951, 12.59993], [75.48013, 12.59963], [75.48029, 12.59958], [75.48045, 12.59956], [75.48081, 12.59958], [75.48115, 12.5996], [75.48144, 12.59959], [75.48161, 12.59959], [75.48174, 12.59962], [75.48184, 12.59968], [75.48226, 12.6002], [75.48242, 12.60035], [75.48242, 12.60035], [75.48276, 12.60067], [75.48324, 12.60099], [75.48336, 12.60111], [75.48343, 12.60124], [75.48349, 12.60145], [75.48352, 12.60171], [75.48354, 12.60185], [75.4836, 12.60199], [75.48369, 12.60211], [75.48391, 12.60222], [75.4843, 12.60241], [75.48479, 12.60272], [75.48504, 12.6028], [75.48524, 12.60284], [75.48546, 12.60286], [75.48562, 12.60288], [75.48583, 12.6029], [75.48618, 12.60288], [75.48706, 12.60279], [75.48726, 12.60278], [75.48739, 12.60284], [75.48752, 12.60298], [75.48776, 12.60338], [75.4879, 12.60354], [75.48807, 12.60369], [75.48826, 12.6038], [75.48836, 12.60386], [75.48843, 12.60389], [75.48851, 12.60389], [75.48859, 12.60388], [75.48867, 12.60384], [75.48892, 12.60369], [75.48914, 12.60351], [75.48921, 12.60343], [75.48928, 12.60339], [75.48937, 12.60335], [75.48972, 12.60323], [75.48995, 12.6031], [75.49005, 12.60308], [75.49012, 12.60308], [75.49018, 12.60309], [75.49024, 12.60315], [75.49026, 12.60321], [75.49029, 12.60344], [75.49031, 12.60351], [75.49036, 12.60356], [75.49045, 12.60359], [75.4906, 12.60363], [75.49105, 12.60362], [75.49117, 12.60363], [75.49131, 12.60368], [75.49147, 12.60377], [75.492, 12.60412], [75.49218, 12.60421], [75.49232, 12.60426], [75.49249, 12.6043], [75.49266, 12.6043], [75.49276, 12.60431], [75.49287, 12.60437], [75.49335, 12.6046], [75.49379, 12.60476], [75.49397, 12.60482], [75.49407, 12.60485], [75.49415, 12.60486], [75.49425, 12.60486], [75.49439, 12.60482], [75.49455, 12.60471], [75.49463, 12.60469], [75.49469, 12.60469], [75.49476, 12.60472], [75.49483, 12.60479], [75.49488, 12.60483], [75.4951, 12.6053], [75.49535, 12.60586], [75.49564, 12.60642], [75.49571, 12.60654], [75.49582, 12.60664], [75.49596, 12.60671], [75.49606, 12.60675], [75.49638, 12.60685], [75.49688, 12.60703], [75.49701, 12.60712], [75.49708, 12.60727], [75.49722, 12.60768], [75.49727, 12.60777], [75.49734, 12.60785], [75.49746, 12.60792], [75.49757, 12.60796], [75.49814, 12.60816], [75.49839, 12.60819], [75.49901, 12.60829], [75.49918, 12.60835], [75.49935, 12.60842], [75.49949, 12.60851], [75.49978, 12.60872], [75.50003, 12.60894], [75.50039, 12.60934], [75.50053, 12.60954], [75.50056, 12.6097], [75.5005, 12.60994], [75.50038, 12.61022], [75.50038, 12.61037], [75.50044, 12.61067], [75.50043, 12.61084], [75.50036, 12.61091], [75.50027, 12.61099], [75.50008, 12.61123], [75.50001, 12.61136], [75.49999, 12.61147], [75.49999, 12.61159], [75.50021, 12.61197], [75.50035, 12.6122], [75.50046, 12.61249], [75.50054, 12.61278], [75.50065, 12.61289], [75.50081, 12.61298], [75.50108, 12.61314], [75.50123, 12.61324], [75.50133, 12.61331], [75.50139, 12.6134], [75.50152, 12.61382], [75.50156, 12.61391], [75.5016, 12.61397], [75.5017, 12.61404], [75.50182, 12.61408], [75.50205, 12.61421], [75.50227, 12.61432], [75.50238, 12.61439], [75.50245, 12.61445], [75.50256, 12.61461], [75.50273, 12.61485], [75.50283, 12.61495], [75.50293, 12.61501], [75.50308, 12.61501], [75.50326, 12.61497], [75.50345, 12.61496], [75.5036, 12.61496], [75.50377, 12.61501], [75.50393, 12.61509], [75.50413, 12.61518], [75.50431, 12.61521], [75.5045, 12.61521], [75.50483, 12.61518], [75.50496, 12.61518], [75.50509, 12.61516], [75.50518, 12.6151], [75.50584, 12.61451], [75.50608, 12.61426], [75.50617, 12.61408], [75.50635, 12.61369], [75.50647, 12.61352], [75.5066, 12.61342], [75.50674, 12.61333], [75.50686, 12.61332], [75.50707, 12.61332], [75.50742, 12.61338], [75.50754, 12.61343], [75.50765, 12.61351], [75.50769, 12.6136], [75.50776, 12.6139], [75.50775, 12.6142], [75.5078, 12.61436], [75.5079, 12.61452], [75.50802, 12.61466], [75.50819, 12.61482], [75.50842, 12.61497], [75.50854, 12.61506], [75.50871, 12.61534], [75.50877, 12.61546], [75.50877, 12.61559], [75.50875, 12.6157], [75.50862, 12.61588], [75.50837, 12.6163], [75.5083, 12.61638], [75.50824, 12.61643], [75.50818, 12.61644], [75.5081, 12.61645], [75.50802, 12.61646], [75.50795, 12.61648], [75.50785, 12.61662], [75.50777, 12.61678], [75.50776, 12.61685], [75.50778, 12.61696], [75.50786, 12.61718], [75.50788, 12.61733], [75.50782, 12.6175], [75.50778, 12.61763], [75.50777, 12.61772], [75.50778, 12.6178], [75.50795, 12.61811], [75.50812, 12.61851], [75.50817, 12.61865], [75.50822, 12.61881], [75.50824, 12.61898], [75.50823, 12.61912], [75.50816, 12.61936], [75.50814, 12.6195], [75.50819, 12.61981], [75.50823, 12.61994], [75.50832, 12.62007], [75.50846, 12.62015], [75.50869, 12.62026], [75.50891, 12.62032], [75.50925, 12.62036], [75.50955, 12.62047], [75.51017, 12.62079], [75.51042, 12.62101], [75.51055, 12.62108], [75.51065, 12.6211], [75.5108, 12.6211], [75.51092, 12.62099], [75.51131, 12.62039], [75.51144, 12.62025], [75.51158, 12.62017], [75.51176, 12.62011], [75.51202, 12.6201], [75.51222, 12.62014], [75.51238, 12.62022], [75.51247, 12.62032], [75.51264, 12.62092], [75.51275, 12.62144], [75.51282, 12.62163], [75.51293, 12.62173], [75.51305, 12.62179], [75.51333, 12.62192], [75.51372, 12.62212], [75.51464, 12.62257], [75.51479, 12.6227], [75.51487, 12.6228], [75.51494, 12.62293], [75.51494, 12.62306], [75.51479, 12.62365], [75.51452, 12.62431], [75.51449, 12.62444], [75.51447, 12.62462], [75.51455, 12.62543], [75.51457, 12.62555], [75.51467, 12.62567], [75.51478, 12.62575], [75.51504, 12.62588], [75.51575, 12.62607], [75.51596, 12.62612], [75.51642, 12.6261], [75.5165, 12.62611], [75.5166, 12.62612], [75.51672, 12.62617], [75.51685, 12.62636], [75.5171, 12.62669], [75.51725, 12.62681], [75.51737, 12.62687], [75.51772, 12.62699], [75.518, 12.62715], [75.51813, 12.62723], [75.5183, 12.62731], [75.51851, 12.62734], [75.51871, 12.62735], [75.51927, 12.62735], [75.51941, 12.62736], [75.51951, 12.6274], [75.52, 12.62764], [75.52056, 12.62803], [75.52068, 12.62808], [75.52079, 12.62809], [75.52148, 12.62809], [75.52174, 12.62811], [75.52195, 12.62814], [75.52222, 12.62822], [75.52256, 12.62839], [75.52358, 12.62898], [75.52375, 12.62907], [75.52387, 12.62913], [75.52399, 12.62914], [75.52415, 12.62914], [75.52442, 12.62915], [75.52496, 12.62919], [75.52517, 12.62926], [75.52534, 12.62934], [75.52552, 12.62942], [75.52574, 12.62947], [75.52588, 12.62948], [75.52596, 12.6295], [75.52607, 12.62953], [75.52615, 12.62959], [75.52685, 12.6302], [75.52719, 12.63052], [75.52745, 12.6307], [75.52752, 12.63077], [75.52762, 12.63092], [75.52782, 12.6312], [75.52793, 12.63131], [75.52803, 12.63135], [75.52812, 12.63137], [75.52824, 12.63138], [75.52852, 12.6313], [75.52864, 12.63129], [75.52885, 12.63132], [75.52934, 12.6314], [75.52984, 12.63154], [75.53044, 12.63173], [75.53059, 12.63177], [75.53073, 12.63176], [75.53104, 12.63178], [75.53188, 12.63178], [75.53258, 12.63185], [75.53297, 12.63188], [75.53395, 12.63183], [75.53427, 12.63181], [75.53452, 12.63183], [75.53553, 12.63199], [75.53591, 12.63207], [75.53615, 12.63214], [75.53615, 12.63214], [75.53611, 12.6326], [75.53606, 12.63288], [75.53599, 12.63309], [75.53589, 12.63323], [75.53574, 12.63346], [75.53565, 12.63388], [75.53562, 12.63409], [75.53564, 12.63417], [75.53572, 12.63425], [75.5361, 12.63454], [75.53626, 12.63461], [75.53643, 12.63465], [75.53663, 12.63467], [75.53671, 12.63469], [75.53676, 12.63477], [75.53669, 12.63551], [75.53671, 12.63598], [75.5367, 12.63628], [75.53658, 12.63649], [75.53652, 12.63664], [75.5365, 12.63675], [75.53671, 12.63712], [75.53678, 12.63723], [75.53701, 12.63732], [75.53717, 12.63738], [75.53722, 12.63749], [75.53721, 12.63794], [75.53722, 12.6382], [75.53703, 12.63874], [75.53696, 12.63904], [75.53695, 12.63947], [75.537, 12.63957], [75.5371, 12.63962], [75.53751, 12.63974], [75.53756, 12.63977], [75.53758, 12.63982], [75.53755, 12.63989], [75.53694, 12.64052], [75.53655, 12.64079], [75.53617, 12.6412], [75.53597, 12.64136], [75.53561, 12.64145], [75.53517, 12.64159], [75.53507, 12.64165], [75.5349, 12.6418], [75.53478, 12.64202], [75.53468, 12.64231], [75.53465, 12.64264], [75.53468, 12.64294], [75.53466, 12.64311], [75.53463, 12.64321], [75.53454, 12.6433], [75.53441, 12.64337], [75.53432, 12.6435], [75.534, 12.64425], [75.53381, 12.64457], [75.53341, 12.64521], [75.53322, 12.6455], [75.53296, 12.64574], [75.53264, 12.64598], [75.53256, 12.64603], [75.53239, 12.64609], [75.53216, 12.64623], [75.53139, 12.64684], [75.531, 12.64715], [75.53084, 12.64719], [75.53061, 12.64723], [75.53047, 12.64729], [75.53038, 12.64733], [75.53025, 12.64744], [75.53016, 12.64757], [75.52977, 12.64822], [75.52927, 12.64897], [75.52851, 12.65021], [75.52826, 12.65057], [75.52786, 12.65092], [75.52759, 12.65105], [75.52742, 12.65119], [75.52713, 12.65157], [75.52702, 12.65169], [75.52686, 12.65178], [75.52674, 12.65182], [75.52616, 12.65186], [75.52589, 12.65194], [75.52581, 12.65197], [75.52572, 12.65203], [75.52543, 12.65241], [75.52528, 12.6525], [75.52517, 12.65254], [75.525, 12.65255], [75.52477, 12.65255], [75.52455, 12.65254], [75.52436, 12.65255], [75.52429, 12.65258], [75.52422, 12.65263], [75.52418, 12.65275], [75.52405, 12.65288], [75.52386, 12.65297], [75.52353, 12.65295], [75.52338, 12.65295], [75.52322, 12.6529], [75.52286, 12.65287], [75.52275, 12.6529], [75.52247, 12.65298], [75.52212, 12.65312], [75.52183, 12.65324], [75.52172, 12.65339], [75.52165, 12.65365], [75.52169, 12.65417], [75.52168, 12.65445], [75.52157, 12.65492], [75.52158, 12.65507], [75.52161, 12.65531], [75.52172, 12.65556], [75.52192, 12.65584], [75.52195, 12.65613], [75.52196, 12.65636], [75.52193, 12.6568], [75.52191, 12.65713], [75.52181, 12.65778], [75.52173, 12.65796], [75.52159, 12.65824], [75.52149, 12.65849], [75.52145, 12.65863], [75.52146, 12.65874], [75.52163, 12.65898], [75.52239, 12.65995], [75.52317, 12.6614], [75.524, 12.66255], [75.5243, 12.66307], [75.52432, 12.66325], [75.52423, 12.66375], [75.52422, 12.66399], [75.5244, 12.66495], [75.52451, 12.66525], [75.52471, 12.66539], [75.52492, 12.66549], [75.52544, 12.66586], [75.52578, 12.66625], [75.52622, 12.66703], [75.52651, 12.66754], [75.52667, 12.6678], [75.52667, 12.6678], [75.52673, 12.66773], [75.52689, 12.6676], [75.52709, 12.66752], [75.52729, 12.66753], [75.52826, 12.66763], [75.52877, 12.66766], [75.52915, 12.66766], [75.52939, 12.66768], [75.52985, 12.66779], [75.53003, 12.66785], [75.53031, 12.66785], [75.53043, 12.66782], [75.53076, 12.6677], [75.53113, 12.66755], [75.53137, 12.66742], [75.53247, 12.66672], [75.53275, 12.66659], [75.53292, 12.66652], [75.53333, 12.66647], [75.53385, 12.66642], [75.53411, 12.66642], [75.53447, 12.66647], [75.53463, 12.66656], [75.53519, 12.667], [75.5353, 12.66709], [75.53546, 12.66715], [75.53557, 12.66722], [75.53571, 12.66725], [75.53595, 12.66721], [75.53674, 12.66715], [75.53734, 12.6671], [75.5376, 12.66709], [75.53788, 12.66712], [75.53828, 12.66722], [75.53865, 12.66729], [75.53931, 12.66737], [75.54003, 12.66745], [75.54072, 12.66758], [75.54258, 12.66804], [75.5429, 12.6681], [75.54312, 12.66814], [75.54359, 12.66817], [75.54373, 12.66819], [75.54383, 12.66823], [75.54393, 12.66829], [75.54409, 12.66835], [75.54447, 12.66846], [75.54512, 12.66858], [75.54525, 12.66858], [75.54541, 12.66858], [75.54658, 12.66842], [75.54685, 12.66837], [75.54699, 12.66836], [75.54709, 12.66837], [75.54727, 12.66846], [75.54798, 12.66896], [75.54841, 12.66933], [75.5485, 12.66943], [75.54859, 12.66943], [75.54866, 12.66938], [75.54879, 12.66934], [75.54891, 12.66934], [75.54968, 12.66951], [75.54977, 12.66954], [75.54985, 12.66962], [75.55, 12.66978], [75.55014, 12.67007], [75.55024, 12.67027], [75.55036, 12.67039], [75.55057, 12.67045], [75.55071, 12.67045], [75.55106, 12.67039], [75.55118, 12.67031], [75.55156, 12.67008], [75.55174, 12.66997], [75.55258, 12.66986], [75.55301, 12.66982], [75.55371, 12.66987], [75.55445, 12.66989], [75.55475, 12.66992], [75.55505, 12.67], [75.55534, 12.6701], [75.5556, 12.67022], [75.55594, 12.67044], [75.55635, 12.67074], [75.55671, 12.6709], [75.55685, 12.67097], [75.55709, 12.67098], [75.55726, 12.67098], [75.55752, 12.67085], [75.55772, 12.67077], [75.55786, 12.67077], [75.55802, 12.67082], [75.55817, 12.67089], [75.55845, 12.67105], [75.55869, 12.67128], [75.55938, 12.67188], [75.5595, 12.67194], [75.55971, 12.67196], [75.56005, 12.67195], [75.5603, 12.6719], [75.56064, 12.67173], [75.56086, 12.67161], [75.56104, 12.67158], [75.56176, 12.67141], [75.56194, 12.67136], [75.56212, 12.67131], [75.56228, 12.67131], [75.56238, 12.67131], [75.56262, 12.67144], [75.5638, 12.67219], [75.56498, 12.673], [75.56515, 12.6731], [75.5654, 12.67313], [75.56562, 12.67313], [75.56591, 12.67302], [75.56626, 12.67283], [75.56652, 12.67268], [75.56682, 12.67245], [75.56705, 12.67214], [75.56742, 12.67169], [75.56775, 12.67137], [75.56798, 12.67125], [75.56819, 12.67114], [75.56844, 12.67106], [75.56856, 12.67102], [75.56866, 12.67092], [75.56881, 12.67078], [75.56905, 12.67062], [75.56934, 12.67047], [75.56952, 12.67032], [75.56977, 12.67005], [75.57013, 12.66976], [75.57024, 12.6696], [75.57042, 12.66927], [75.57059, 12.66887], [75.57084, 12.66823], [75.57098, 12.66766], [75.57105, 12.66743], [75.57114, 12.66729], [75.57126, 12.66717], [75.5714, 12.66711], [75.57162, 12.66708], [75.57261, 12.66712], [75.57267, 12.66712], [75.57275, 12.66715], [75.57277, 12.66721], [75.57286, 12.66728], [75.57295, 12.66729], [75.57302, 12.66718], [75.57312, 12.66693], [75.57324, 12.66654], [75.57329, 12.66637], [75.57345, 12.66628], [75.57373, 12.6662], [75.57393, 12.66619], [75.57411, 12.66624], [75.57424, 12.66627], [75.57436, 12.66625], [75.5747, 12.6661], [75.57496, 12.666], [75.57506, 12.666], [75.57527, 12.66601], [75.57538, 12.666], [75.57551, 12.66594], [75.57566, 12.66586], [75.57582, 12.66581], [75.57616, 12.66582], [75.57642, 12.66584], [75.57654, 12.6659], [75.5767, 12.66601], [75.57681, 12.66606], [75.57694, 12.66602], [75.57702, 12.66594], [75.57719, 12.66567], [75.57736, 12.6655], [75.57765, 12.66519], [75.57785, 12.66497], [75.57805, 12.6648], [75.57824, 12.66474], [75.57846, 12.66474], [75.57863, 12.66479], [75.57878, 12.66488], [75.57911, 12.66516], [75.57922, 12.66535], [75.57935, 12.66569], [75.57949, 12.66607], [75.57974, 12.6672], [75.57978, 12.66747], [75.5798, 12.66767], [75.57978, 12.6679], [75.57978, 12.66805], [75.57986, 12.66818], [75.58026, 12.66871], [75.58068, 12.6692], [75.58142, 12.66982], [75.58157, 12.66997], [75.58169, 12.67014], [75.58201, 12.6707], [75.58245, 12.6715], [75.58256, 12.67168], [75.5828, 12.67182], [75.58336, 12.6721], [75.58356, 12.67216], [75.5838, 12.67218], [75.58499, 12.67208], [75.58566, 12.67199], [75.58584, 12.67195], [75.58611, 12.67186], [75.5864, 12.67179], [75.58662, 12.67179], [75.58679, 12.67184], [75.58755, 12.67206], [75.58768, 12.67208], [75.58781, 12.67211], [75.588, 12.67212], [75.58811, 12.67216], [75.58822, 12.67222], [75.58832, 12.67234], [75.58836, 12.67259], [75.58839, 12.67273], [75.58854, 12.67306], [75.5886, 12.67323], [75.58869, 12.67407], [75.58871, 12.67425], [75.58868, 12.67463], [75.58868, 12.67492], [75.58868, 12.67512], [75.58875, 12.67525], [75.58892, 12.67539], [75.58907, 12.67544], [75.58925, 12.67544], [75.58977, 12.67546], [75.59015, 12.67548], [75.59048, 12.67553], [75.59073, 12.67557], [75.59104, 12.67566], [75.59129, 12.67575], [75.59166, 12.67605], [75.59195, 12.67632], [75.5921, 12.67657], [75.59217, 12.67674], [75.5922, 12.67699], [75.59222, 12.67723], [75.59225, 12.67732], [75.59237, 12.67741], [75.59251, 12.67748], [75.5929, 12.67752], [75.59323, 12.67752], [75.5934, 12.67752], [75.59349, 12.67749], [75.59355, 12.67744], [75.59369, 12.67733], [75.59385, 12.67726], [75.59397, 12.67723], [75.5941, 12.67723], [75.59421, 12.67729], [75.59436, 12.67742], [75.59453, 12.6779], [75.59458, 12.67802], [75.59462, 12.67807], [75.5947, 12.67811], [75.59478, 12.67811], [75.59507, 12.6781], [75.59533, 12.67813], [75.59554, 12.67816], [75.59574, 12.67813], [75.59598, 12.678], [75.59622, 12.67791], [75.59688, 12.67779], [75.59746, 12.67761], [75.5978, 12.67753], [75.59807, 12.6775], [75.5984, 12.6775], [75.59881, 12.67754], [75.59906, 12.67754], [75.59939, 12.6775], [75.60006, 12.67731], [75.60044, 12.67718], [75.60105, 12.67712], [75.60144, 12.67707], [75.6017, 12.677], [75.60194, 12.67691], [75.6023, 12.67665], [75.60268, 12.67629], [75.60302, 12.67594], [75.6034, 12.67542], [75.60371, 12.67501], [75.60383, 12.67495], [75.60396, 12.67488], [75.60411, 12.67489], [75.6045, 12.67513], [75.6047, 12.67526], [75.60489, 12.67531], [75.60502, 12.67532], [75.60536, 12.67527], [75.60564, 12.67527], [75.6058, 12.67529], [75.6058, 12.67529], [75.60601, 12.67496], [75.6062, 12.67465], [75.6065, 12.67414], [75.60687, 12.67363], [75.60687, 12.67363], [75.607, 12.67354], [75.60804, 12.67224], [75.60804, 12.67224], [75.60851, 12.67162], [75.60874, 12.67124], [75.60959, 12.66969], [75.60981, 12.6694], [75.61, 12.66921], [75.61043, 12.66887], [75.61075, 12.66862], [75.61075, 12.66862], [75.61207, 12.66768], [75.61217, 12.66761], [75.61227, 12.66757], [75.61234, 12.66755], [75.61248, 12.66751], [75.61248, 12.66751], [75.61257, 12.66752], [75.61267, 12.6675], [75.61275, 12.66746], [75.61282, 12.66739], [75.61286, 12.66731], [75.61288, 12.66721], [75.61288, 12.66721], [75.61321, 12.66719], [75.61352, 12.66715], [75.61382, 12.66712], [75.61412, 12.6671], [75.61449, 12.6671], [75.61475, 12.66716], [75.61492, 12.66733], [75.61531, 12.66785]]}}]}